ISO-10303-21;
HEADER;
FILE_DESCRIPTION(('Open CASCADE Model'),'2;1');
FILE_NAME('Open CASCADE Shape Model','2026-09-01T07:37:41',('Author'),(
    'Open CASCADE'),'Open CASCADE STEP processor 7.9','build123d',
  'Unknown');
FILE_SCHEMA(('AUTOMOTIVE_DESIGN { 1 0 10303 214 1 1 1 1 }'));
ENDSEC;
DATA;
#1 = APPLICATION_PROTOCOL_DEFINITION('international standard',
  'automotive_design',2000,#2);
#2 = APPLICATION_CONTEXT(
  'core data for automotive mechanical design processes');
#3 = SHAPE_DEFINITION_REPRESENTATION(#4,#10);
#4 = PRODUCT_DEFINITION_SHAPE('','',#5);
#5 = PRODUCT_DEFINITION('design','',#6,#9);
#6 = PRODUCT_DEFINITION_FORMATION('','',#7);
#7 = PRODUCT('COMPOUND','COMPOUND','',(#8));
#8 = PRODUCT_CONTEXT('',#2,'mechanical');
#9 = PRODUCT_DEFINITION_CONTEXT('part definition',#2,'design');
#10 = ADVANCED_BREP_SHAPE_REPRESENTATION('',(#11,#15),#7603);
#11 = AXIS2_PLACEMENT_3D('',#12,#13,#14);
#12 = CARTESIAN_POINT('',(0.,0.,0.));
#13 = DIRECTION('',(0.,0.,1.));
#14 = DIRECTION('',(1.,0.,-0.));
#15 = MANIFOLD_SOLID_BREP('',#16);
#16 = CLOSED_SHELL('',(#17,#477,#551,#720,#796,#1315,#2181,#2302,#2710,
    #3116,#3858,#3979,#4536,#4634,#4755,#4857,#4953,#5023,#5174,#5287,
    #5445,#5452,#5506,#5561,#5596,#5651,#5686,#5741,#5745,#5770,#5797,
    #5822,#5847,#5872,#5880,#5915,#6032,#6112,#6148,#6316,#6322,#6398,
    #6556,#6629,#6832,#6887,#7077,#7120,#7163,#7206,#7233,#7260,#7267,
    #7314,#7341,#7368,#7375,#7420,#7451,#7476,#7508,#7534,#7565,#7590));
#17 = ADVANCED_FACE('',(#18,#257,#367),#32,.F.);
#18 = FACE_BOUND('',#19,.F.);
#19 = EDGE_LOOP('',(#20,#55,#84,#112,#141,#169,#198,#226));
#20 = ORIENTED_EDGE('',*,*,#21,.T.);
#21 = EDGE_CURVE('',#22,#24,#26,.T.);
#22 = VERTEX_POINT('',#23);
#23 = CARTESIAN_POINT('',(18.988283229402,6.5,-1.));
#24 = VERTEX_POINT('',#25);
#25 = CARTESIAN_POINT('',(14.587354112381,6.5,-1.));
#26 = SURFACE_CURVE('',#27,(#31,#43),.PCURVE_S1.);
#27 = LINE('',#28,#29);
#28 = CARTESIAN_POINT('',(18.988283229402,6.5,-1.));
#29 = VECTOR('',#30,1.);
#30 = DIRECTION('',(-1.,0.,0.));
#31 = PCURVE('',#32,#37);
#32 = PLANE('',#33);
#33 = AXIS2_PLACEMENT_3D('',#34,#35,#36);
#34 = CARTESIAN_POINT('',(0.,0.,-1.));
#35 = DIRECTION('',(0.,0.,1.));
#36 = DIRECTION('',(1.,0.,-0.));
#37 = DEFINITIONAL_REPRESENTATION('',(#38),#42);
#38 = LINE('',#39,#40);
#39 = CARTESIAN_POINT('',(18.988283229402,6.5));
#40 = VECTOR('',#41,1.);
#41 = DIRECTION('',(-1.,0.));
#42 = ( GEOMETRIC_REPRESENTATION_CONTEXT(2) 
PARAMETRIC_REPRESENTATION_CONTEXT() REPRESENTATION_CONTEXT('2D SPACE',''
  ) );
#43 = PCURVE('',#44,#49);
#44 = PLANE('',#45);
#45 = AXIS2_PLACEMENT_3D('',#46,#47,#48);
#46 = CARTESIAN_POINT('',(12.8,6.5,-1.));
#47 = DIRECTION('',(-0.,1.,0.));
#48 = DIRECTION('',(0.,0.,1.));
#49 = DEFINITIONAL_REPRESENTATION('',(#50),#54);
#50 = LINE('',#51,#52);
#51 = CARTESIAN_POINT('',(0.,6.188283229402));
#52 = VECTOR('',#53,1.);
#53 = DIRECTION('',(0.,-1.));
#54 = ( GEOMETRIC_REPRESENTATION_CONTEXT(2) 
PARAMETRIC_REPRESENTATION_CONTEXT() REPRESENTATION_CONTEXT('2D SPACE',''
  ) );
#55 = ORIENTED_EDGE('',*,*,#56,.T.);
#56 = EDGE_CURVE('',#24,#57,#59,.T.);
#57 = VERTEX_POINT('',#58);
#58 = CARTESIAN_POINT('',(-14.58735411238,6.5,-1.));
#59 = SURFACE_CURVE('',#60,(#65,#72),.PCURVE_S1.);
#60 = CIRCLE('',#61,15.97);
#61 = AXIS2_PLACEMENT_3D('',#62,#63,#64);
#62 = CARTESIAN_POINT('',(0.,0.,-1.));
#63 = DIRECTION('',(0.,0.,1.));
#64 = DIRECTION('',(1.,0.,-0.));
#65 = PCURVE('',#32,#66);
#66 = DEFINITIONAL_REPRESENTATION('',(#67),#71);
#67 = CIRCLE('',#68,15.97);
#68 = AXIS2_PLACEMENT_2D('',#69,#70);
#69 = CARTESIAN_POINT('',(0.,0.));
#70 = DIRECTION('',(1.,0.));
#71 = ( GEOMETRIC_REPRESENTATION_CONTEXT(2) 
PARAMETRIC_REPRESENTATION_CONTEXT() REPRESENTATION_CONTEXT('2D SPACE',''
  ) );
#72 = PCURVE('',#73,#78);
#73 = CYLINDRICAL_SURFACE('',#74,15.97);
#74 = AXIS2_PLACEMENT_3D('',#75,#76,#77);
#75 = CARTESIAN_POINT('',(0.,0.,-1.));
#76 = DIRECTION('',(0.,0.,1.));
#77 = DIRECTION('',(1.,0.,-0.));
#78 = DEFINITIONAL_REPRESENTATION('',(#79),#83);
#79 = LINE('',#80,#81);
#80 = CARTESIAN_POINT('',(0.,0.));
#81 = VECTOR('',#82,1.);
#82 = DIRECTION('',(1.,0.));
#83 = ( GEOMETRIC_REPRESENTATION_CONTEXT(2) 
PARAMETRIC_REPRESENTATION_CONTEXT() REPRESENTATION_CONTEXT('2D SPACE',''
  ) );
#84 = ORIENTED_EDGE('',*,*,#85,.T.);
#85 = EDGE_CURVE('',#57,#86,#88,.T.);
#86 = VERTEX_POINT('',#87);
#87 = CARTESIAN_POINT('',(-18.9882832294,6.5,-1.));
#88 = SURFACE_CURVE('',#89,(#93,#100),.PCURVE_S1.);
#89 = LINE('',#90,#91);
#90 = CARTESIAN_POINT('',(-12.8,6.5,-1.));
#91 = VECTOR('',#92,1.);
#92 = DIRECTION('',(-1.,0.,0.));
#93 = PCURVE('',#32,#94);
#94 = DEFINITIONAL_REPRESENTATION('',(#95),#99);
#95 = LINE('',#96,#97);
#96 = CARTESIAN_POINT('',(-12.8,6.5));
#97 = VECTOR('',#98,1.);
#98 = DIRECTION('',(-1.,0.));
#99 = ( GEOMETRIC_REPRESENTATION_CONTEXT(2) 
PARAMETRIC_REPRESENTATION_CONTEXT() REPRESENTATION_CONTEXT('2D SPACE',''
  ) );
#100 = PCURVE('',#101,#106);
#101 = PLANE('',#102);
#102 = AXIS2_PLACEMENT_3D('',#103,#104,#105);
#103 = CARTESIAN_POINT('',(-15.97,6.5,-1.));
#104 = DIRECTION('',(-0.,1.,0.));
#105 = DIRECTION('',(0.,0.,1.));
#106 = DEFINITIONAL_REPRESENTATION('',(#107),#111);
#107 = LINE('',#108,#109);
#108 = CARTESIAN_POINT('',(0.,3.17));
#109 = VECTOR('',#110,1.);
#110 = DIRECTION('',(0.,-1.));
#111 = ( GEOMETRIC_REPRESENTATION_CONTEXT(2) 
PARAMETRIC_REPRESENTATION_CONTEXT() REPRESENTATION_CONTEXT('2D SPACE',''
  ) );
#112 = ORIENTED_EDGE('',*,*,#113,.T.);
#113 = EDGE_CURVE('',#86,#114,#116,.T.);
#114 = VERTEX_POINT('',#115);
#115 = CARTESIAN_POINT('',(-18.9882832294,-6.5,-1.));
#116 = SURFACE_CURVE('',#117,(#122,#129),.PCURVE_S1.);
#117 = CIRCLE('',#118,20.07);
#118 = AXIS2_PLACEMENT_3D('',#119,#120,#121);
#119 = CARTESIAN_POINT('',(0.,0.,-1.));
#120 = DIRECTION('',(0.,0.,1.));
#121 = DIRECTION('',(-0.946102801664,0.323866467364,0.));
#122 = PCURVE('',#32,#123);
#123 = DEFINITIONAL_REPRESENTATION('',(#124),#128);
#124 = CIRCLE('',#125,20.07);
#125 = AXIS2_PLACEMENT_2D('',#126,#127);
#126 = CARTESIAN_POINT('',(0.,0.));
#127 = DIRECTION('',(-0.946102801664,0.323866467364));
#128 = ( GEOMETRIC_REPRESENTATION_CONTEXT(2) 
PARAMETRIC_REPRESENTATION_CONTEXT() REPRESENTATION_CONTEXT('2D SPACE',''
  ) );
#129 = PCURVE('',#130,#135);
#130 = CYLINDRICAL_SURFACE('',#131,20.07);
#131 = AXIS2_PLACEMENT_3D('',#132,#133,#134);
#132 = CARTESIAN_POINT('',(0.,0.,-2.));
#133 = DIRECTION('',(0.,0.,1.));
#134 = DIRECTION('',(1.,0.,-0.));
#135 = DEFINITIONAL_REPRESENTATION('',(#136),#140);
#136 = LINE('',#137,#138);
#137 = CARTESIAN_POINT('',(2.81177927884,1.));
#138 = VECTOR('',#139,1.);
#139 = DIRECTION('',(1.,0.));
#140 = ( GEOMETRIC_REPRESENTATION_CONTEXT(2) 
PARAMETRIC_REPRESENTATION_CONTEXT() REPRESENTATION_CONTEXT('2D SPACE',''
  ) );
#141 = ORIENTED_EDGE('',*,*,#142,.T.);
#142 = EDGE_CURVE('',#114,#143,#145,.T.);
#143 = VERTEX_POINT('',#144);
#144 = CARTESIAN_POINT('',(-14.58735411238,-6.5,-1.));
#145 = SURFACE_CURVE('',#146,(#150,#157),.PCURVE_S1.);
#146 = LINE('',#147,#148);
#147 = CARTESIAN_POINT('',(-18.9882832294,-6.5,-1.));
#148 = VECTOR('',#149,1.);
#149 = DIRECTION('',(1.,0.,0.));
#150 = PCURVE('',#32,#151);
#151 = DEFINITIONAL_REPRESENTATION('',(#152),#156);
#152 = LINE('',#153,#154);
#153 = CARTESIAN_POINT('',(-18.9882832294,-6.5));
#154 = VECTOR('',#155,1.);
#155 = DIRECTION('',(1.,0.));
#156 = ( GEOMETRIC_REPRESENTATION_CONTEXT(2) 
PARAMETRIC_REPRESENTATION_CONTEXT() REPRESENTATION_CONTEXT('2D SPACE',''
  ) );
#157 = PCURVE('',#158,#163);
#158 = PLANE('',#159);
#159 = AXIS2_PLACEMENT_3D('',#160,#161,#162);
#160 = CARTESIAN_POINT('',(-15.97,-6.5,-1.));
#161 = DIRECTION('',(-0.,1.,0.));
#162 = DIRECTION('',(0.,0.,1.));
#163 = DEFINITIONAL_REPRESENTATION('',(#164),#168);
#164 = LINE('',#165,#166);
#165 = CARTESIAN_POINT('',(0.,-3.018283229402));
#166 = VECTOR('',#167,1.);
#167 = DIRECTION('',(0.,1.));
#168 = ( GEOMETRIC_REPRESENTATION_CONTEXT(2) 
PARAMETRIC_REPRESENTATION_CONTEXT() REPRESENTATION_CONTEXT('2D SPACE',''
  ) );
#169 = ORIENTED_EDGE('',*,*,#170,.T.);
#170 = EDGE_CURVE('',#143,#171,#173,.T.);
#171 = VERTEX_POINT('',#172);
#172 = CARTESIAN_POINT('',(14.587354112381,-6.5,-1.));
#173 = SURFACE_CURVE('',#174,(#179,#186),.PCURVE_S1.);
#174 = CIRCLE('',#175,15.97);
#175 = AXIS2_PLACEMENT_3D('',#176,#177,#178);
#176 = CARTESIAN_POINT('',(0.,0.,-1.));
#177 = DIRECTION('',(0.,0.,1.));
#178 = DIRECTION('',(1.,0.,-0.));
#179 = PCURVE('',#32,#180);
#180 = DEFINITIONAL_REPRESENTATION('',(#181),#185);
#181 = CIRCLE('',#182,15.97);
#182 = AXIS2_PLACEMENT_2D('',#183,#184);
#183 = CARTESIAN_POINT('',(0.,0.));
#184 = DIRECTION('',(1.,0.));
#185 = ( GEOMETRIC_REPRESENTATION_CONTEXT(2) 
PARAMETRIC_REPRESENTATION_CONTEXT() REPRESENTATION_CONTEXT('2D SPACE',''
  ) );
#186 = PCURVE('',#187,#192);
#187 = CYLINDRICAL_SURFACE('',#188,15.97);
#188 = AXIS2_PLACEMENT_3D('',#189,#190,#191);
#189 = CARTESIAN_POINT('',(0.,0.,-1.));
#190 = DIRECTION('',(0.,0.,1.));
#191 = DIRECTION('',(1.,0.,-0.));
#192 = DEFINITIONAL_REPRESENTATION('',(#193),#197);
#193 = LINE('',#194,#195);
#194 = CARTESIAN_POINT('',(0.,0.));
#195 = VECTOR('',#196,1.);
#196 = DIRECTION('',(1.,0.));
#197 = ( GEOMETRIC_REPRESENTATION_CONTEXT(2) 
PARAMETRIC_REPRESENTATION_CONTEXT() REPRESENTATION_CONTEXT('2D SPACE',''
  ) );
#198 = ORIENTED_EDGE('',*,*,#199,.T.);
#199 = EDGE_CURVE('',#171,#200,#202,.T.);
#200 = VERTEX_POINT('',#201);
#201 = CARTESIAN_POINT('',(18.988283229402,-6.5,-1.));
#202 = SURFACE_CURVE('',#203,(#207,#214),.PCURVE_S1.);
#203 = LINE('',#204,#205);
#204 = CARTESIAN_POINT('',(12.8,-6.5,-1.));
#205 = VECTOR('',#206,1.);
#206 = DIRECTION('',(1.,0.,0.));
#207 = PCURVE('',#32,#208);
#208 = DEFINITIONAL_REPRESENTATION('',(#209),#213);
#209 = LINE('',#210,#211);
#210 = CARTESIAN_POINT('',(12.8,-6.5));
#211 = VECTOR('',#212,1.);
#212 = DIRECTION('',(1.,0.));
#213 = ( GEOMETRIC_REPRESENTATION_CONTEXT(2) 
PARAMETRIC_REPRESENTATION_CONTEXT() REPRESENTATION_CONTEXT('2D SPACE',''
  ) );
#214 = PCURVE('',#215,#220);
#215 = PLANE('',#216);
#216 = AXIS2_PLACEMENT_3D('',#217,#218,#219);
#217 = CARTESIAN_POINT('',(12.8,-6.5,-1.));
#218 = DIRECTION('',(-0.,1.,0.));
#219 = DIRECTION('',(0.,0.,1.));
#220 = DEFINITIONAL_REPRESENTATION('',(#221),#225);
#221 = LINE('',#222,#223);
#222 = CARTESIAN_POINT('',(0.,0.));
#223 = VECTOR('',#224,1.);
#224 = DIRECTION('',(0.,1.));
#225 = ( GEOMETRIC_REPRESENTATION_CONTEXT(2) 
PARAMETRIC_REPRESENTATION_CONTEXT() REPRESENTATION_CONTEXT('2D SPACE',''
  ) );
#226 = ORIENTED_EDGE('',*,*,#227,.F.);
#227 = EDGE_CURVE('',#22,#200,#228,.T.);
#228 = SURFACE_CURVE('',#229,(#234,#245),.PCURVE_S1.);
#229 = CIRCLE('',#230,20.07);
#230 = AXIS2_PLACEMENT_3D('',#231,#232,#233);
#231 = CARTESIAN_POINT('',(0.,0.,-1.));
#232 = DIRECTION('',(0.,0.,-1.));
#233 = DIRECTION('',(0.946102801664,0.323866467364,0.));
#234 = PCURVE('',#32,#235);
#235 = DEFINITIONAL_REPRESENTATION('',(#236),#244);
#236 = ( BOUNDED_CURVE() B_SPLINE_CURVE(2,(#237,#238,#239,#240,#241,#242
,#243),.UNSPECIFIED.,.T.,.F.) B_SPLINE_CURVE_WITH_KNOTS((1,2,2,2,2,1),(
    -2.094395102393,0.,2.094395102393,4.188790204786,6.28318530718,
8.377580409573),.UNSPECIFIED.) CURVE() GEOMETRIC_REPRESENTATION_ITEM() 
RATIONAL_B_SPLINE_CURVE((1.,0.5,1.,0.5,1.,0.5,1.)) REPRESENTATION_ITEM(
  '') );
#237 = CARTESIAN_POINT('',(18.988283229402,6.5));
#238 = CARTESIAN_POINT('',(30.2466134786,-26.38867130183));
#239 = CARTESIAN_POINT('',(-3.864976490102,-19.69433565091));
#240 = CARTESIAN_POINT('',(-37.9765664588,-13.));
#241 = CARTESIAN_POINT('',(-15.1233067393,13.194335650916));
#242 = CARTESIAN_POINT('',(7.729952980205,39.388671301833));
#243 = CARTESIAN_POINT('',(18.988283229402,6.5));
#244 = ( GEOMETRIC_REPRESENTATION_CONTEXT(2) 
PARAMETRIC_REPRESENTATION_CONTEXT() REPRESENTATION_CONTEXT('2D SPACE',''
  ) );
#245 = PCURVE('',#246,#251);
#246 = CYLINDRICAL_SURFACE('',#247,20.07);
#247 = AXIS2_PLACEMENT_3D('',#248,#249,#250);
#248 = CARTESIAN_POINT('',(0.,0.,-2.));
#249 = DIRECTION('',(0.,0.,1.));
#250 = DIRECTION('',(1.,0.,-0.));
#251 = DEFINITIONAL_REPRESENTATION('',(#252),#256);
#252 = LINE('',#253,#254);
#253 = CARTESIAN_POINT('',(6.61299868193,1.));
#254 = VECTOR('',#255,1.);
#255 = DIRECTION('',(-1.,-0.));
#256 = ( GEOMETRIC_REPRESENTATION_CONTEXT(2) 
PARAMETRIC_REPRESENTATION_CONTEXT() REPRESENTATION_CONTEXT('2D SPACE',''
  ) );
#257 = FACE_BOUND('',#258,.F.);
#258 = EDGE_LOOP('',(#259,#288,#315,#342));
#259 = ORIENTED_EDGE('',*,*,#260,.F.);
#260 = EDGE_CURVE('',#261,#263,#265,.T.);
#261 = VERTEX_POINT('',#262);
#262 = CARTESIAN_POINT('',(18.57,4.4,-1.));
#263 = VERTEX_POINT('',#264);
#264 = CARTESIAN_POINT('',(16.77,4.4,-1.));
#265 = SURFACE_CURVE('',#266,(#270,#277),.PCURVE_S1.);
#266 = LINE('',#267,#268);
#267 = CARTESIAN_POINT('',(14.785,4.4,-1.));
#268 = VECTOR('',#269,1.);
#269 = DIRECTION('',(-1.,-0.,0.));
#270 = PCURVE('',#32,#271);
#271 = DEFINITIONAL_REPRESENTATION('',(#272),#276);
#272 = LINE('',#273,#274);
#273 = CARTESIAN_POINT('',(14.785,4.4));
#274 = VECTOR('',#275,1.);
#275 = DIRECTION('',(-1.,0.));
#276 = ( GEOMETRIC_REPRESENTATION_CONTEXT(2) 
PARAMETRIC_REPRESENTATION_CONTEXT() REPRESENTATION_CONTEXT('2D SPACE',''
  ) );
#277 = PCURVE('',#278,#283);
#278 = PLANE('',#279);
#279 = AXIS2_PLACEMENT_3D('',#280,#281,#282);
#280 = CARTESIAN_POINT('',(16.77,4.4,-2.));
#281 = DIRECTION('',(-0.,1.,0.));
#282 = DIRECTION('',(0.,0.,1.));
#283 = DEFINITIONAL_REPRESENTATION('',(#284),#287);
#284 = B_SPLINE_CURVE_WITH_KNOTS('',1,(#285,#286),.UNSPECIFIED.,.F.,.F.,
  (2,2),(-3.785,-1.985),.PIECEWISE_BEZIER_KNOTS.);
#285 = CARTESIAN_POINT('',(1.,1.8));
#286 = CARTESIAN_POINT('',(1.,0.));
#287 = ( GEOMETRIC_REPRESENTATION_CONTEXT(2) 
PARAMETRIC_REPRESENTATION_CONTEXT() REPRESENTATION_CONTEXT('2D SPACE',''
  ) );
#288 = ORIENTED_EDGE('',*,*,#289,.F.);
#289 = EDGE_CURVE('',#290,#261,#292,.T.);
#290 = VERTEX_POINT('',#291);
#291 = CARTESIAN_POINT('',(18.57,-4.4,-1.));
#292 = SURFACE_CURVE('',#293,(#297,#304),.PCURVE_S1.);
#293 = LINE('',#294,#295);
#294 = CARTESIAN_POINT('',(18.57,-5.45,-1.));
#295 = VECTOR('',#296,1.);
#296 = DIRECTION('',(-0.,1.,0.));
#297 = PCURVE('',#32,#298);
#298 = DEFINITIONAL_REPRESENTATION('',(#299),#303);
#299 = LINE('',#300,#301);
#300 = CARTESIAN_POINT('',(18.57,-5.45));
#301 = VECTOR('',#302,1.);
#302 = DIRECTION('',(0.,1.));
#303 = ( GEOMETRIC_REPRESENTATION_CONTEXT(2) 
PARAMETRIC_REPRESENTATION_CONTEXT() REPRESENTATION_CONTEXT('2D SPACE',''
  ) );
#304 = PCURVE('',#305,#310);
#305 = PLANE('',#306);
#306 = AXIS2_PLACEMENT_3D('',#307,#308,#309);
#307 = CARTESIAN_POINT('',(18.57,-4.4,-2.));
#308 = DIRECTION('',(1.,0.,-0.));
#309 = DIRECTION('',(0.,0.,1.));
#310 = DEFINITIONAL_REPRESENTATION('',(#311),#314);
#311 = B_SPLINE_CURVE_WITH_KNOTS('',1,(#312,#313),.UNSPECIFIED.,.F.,.F.,
  (2,2),(1.05,9.85),.PIECEWISE_BEZIER_KNOTS.);
#312 = CARTESIAN_POINT('',(1.,0.));
#313 = CARTESIAN_POINT('',(1.,-8.8));
#314 = ( GEOMETRIC_REPRESENTATION_CONTEXT(2) 
PARAMETRIC_REPRESENTATION_CONTEXT() REPRESENTATION_CONTEXT('2D SPACE',''
  ) );
#315 = ORIENTED_EDGE('',*,*,#316,.T.);
#316 = EDGE_CURVE('',#290,#317,#319,.T.);
#317 = VERTEX_POINT('',#318);
#318 = CARTESIAN_POINT('',(16.77,-4.4,-1.));
#319 = SURFACE_CURVE('',#320,(#324,#331),.PCURVE_S1.);
#320 = LINE('',#321,#322);
#321 = CARTESIAN_POINT('',(14.785,-4.4,-1.));
#322 = VECTOR('',#323,1.);
#323 = DIRECTION('',(-1.,-0.,0.));
#324 = PCURVE('',#32,#325);
#325 = DEFINITIONAL_REPRESENTATION('',(#326),#330);
#326 = LINE('',#327,#328);
#327 = CARTESIAN_POINT('',(14.785,-4.4));
#328 = VECTOR('',#329,1.);
#329 = DIRECTION('',(-1.,0.));
#330 = ( GEOMETRIC_REPRESENTATION_CONTEXT(2) 
PARAMETRIC_REPRESENTATION_CONTEXT() REPRESENTATION_CONTEXT('2D SPACE',''
  ) );
#331 = PCURVE('',#332,#337);
#332 = PLANE('',#333);
#333 = AXIS2_PLACEMENT_3D('',#334,#335,#336);
#334 = CARTESIAN_POINT('',(16.77,-4.4,-2.));
#335 = DIRECTION('',(-0.,1.,0.));
#336 = DIRECTION('',(0.,0.,1.));
#337 = DEFINITIONAL_REPRESENTATION('',(#338),#341);
#338 = B_SPLINE_CURVE_WITH_KNOTS('',1,(#339,#340),.UNSPECIFIED.,.F.,.F.,
  (2,2),(-3.785,-1.985),.PIECEWISE_BEZIER_KNOTS.);
#339 = CARTESIAN_POINT('',(1.,1.8));
#340 = CARTESIAN_POINT('',(1.,0.));
#341 = ( GEOMETRIC_REPRESENTATION_CONTEXT(2) 
PARAMETRIC_REPRESENTATION_CONTEXT() REPRESENTATION_CONTEXT('2D SPACE',''
  ) );
#342 = ORIENTED_EDGE('',*,*,#343,.T.);
#343 = EDGE_CURVE('',#317,#263,#344,.T.);
#344 = SURFACE_CURVE('',#345,(#349,#356),.PCURVE_S1.);
#345 = LINE('',#346,#347);
#346 = CARTESIAN_POINT('',(16.77,-5.45,-1.));
#347 = VECTOR('',#348,1.);
#348 = DIRECTION('',(-0.,1.,0.));
#349 = PCURVE('',#32,#350);
#350 = DEFINITIONAL_REPRESENTATION('',(#351),#355);
#351 = LINE('',#352,#353);
#352 = CARTESIAN_POINT('',(16.77,-5.45));
#353 = VECTOR('',#354,1.);
#354 = DIRECTION('',(0.,1.));
#355 = ( GEOMETRIC_REPRESENTATION_CONTEXT(2) 
PARAMETRIC_REPRESENTATION_CONTEXT() REPRESENTATION_CONTEXT('2D SPACE',''
  ) );
#356 = PCURVE('',#357,#362);
#357 = PLANE('',#358);
#358 = AXIS2_PLACEMENT_3D('',#359,#360,#361);
#359 = CARTESIAN_POINT('',(16.77,-4.4,-2.));
#360 = DIRECTION('',(1.,0.,-0.));
#361 = DIRECTION('',(0.,0.,1.));
#362 = DEFINITIONAL_REPRESENTATION('',(#363),#366);
#363 = B_SPLINE_CURVE_WITH_KNOTS('',1,(#364,#365),.UNSPECIFIED.,.F.,.F.,
  (2,2),(1.05,9.85),.PIECEWISE_BEZIER_KNOTS.);
#364 = CARTESIAN_POINT('',(1.,0.));
#365 = CARTESIAN_POINT('',(1.,-8.8));
#366 = ( GEOMETRIC_REPRESENTATION_CONTEXT(2) 
PARAMETRIC_REPRESENTATION_CONTEXT() REPRESENTATION_CONTEXT('2D SPACE',''
  ) );
#367 = FACE_BOUND('',#368,.F.);
#368 = EDGE_LOOP('',(#369,#398,#425,#452));
#369 = ORIENTED_EDGE('',*,*,#370,.F.);
#370 = EDGE_CURVE('',#371,#373,#375,.T.);
#371 = VERTEX_POINT('',#372);
#372 = CARTESIAN_POINT('',(-16.77,4.4,-1.));
#373 = VERTEX_POINT('',#374);
#374 = CARTESIAN_POINT('',(-18.57,4.4,-1.));
#375 = SURFACE_CURVE('',#376,(#380,#387),.PCURVE_S1.);
#376 = LINE('',#377,#378);
#377 = CARTESIAN_POINT('',(-17.27,4.4,-1.));
#378 = VECTOR('',#379,1.);
#379 = DIRECTION('',(-1.,-0.,0.));
#380 = PCURVE('',#32,#381);
#381 = DEFINITIONAL_REPRESENTATION('',(#382),#386);
#382 = LINE('',#383,#384);
#383 = CARTESIAN_POINT('',(-17.27,4.4));
#384 = VECTOR('',#385,1.);
#385 = DIRECTION('',(-1.,0.));
#386 = ( GEOMETRIC_REPRESENTATION_CONTEXT(2) 
PARAMETRIC_REPRESENTATION_CONTEXT() REPRESENTATION_CONTEXT('2D SPACE',''
  ) );
#387 = PCURVE('',#388,#393);
#388 = PLANE('',#389);
#389 = AXIS2_PLACEMENT_3D('',#390,#391,#392);
#390 = CARTESIAN_POINT('',(-18.57,4.4,-2.));
#391 = DIRECTION('',(-0.,1.,0.));
#392 = DIRECTION('',(0.,0.,1.));
#393 = DEFINITIONAL_REPRESENTATION('',(#394),#397);
#394 = B_SPLINE_CURVE_WITH_KNOTS('',1,(#395,#396),.UNSPECIFIED.,.F.,.F.,
  (2,2),(-0.5,1.3),.PIECEWISE_BEZIER_KNOTS.);
#395 = CARTESIAN_POINT('',(1.,1.8));
#396 = CARTESIAN_POINT('',(1.,0.));
#397 = ( GEOMETRIC_REPRESENTATION_CONTEXT(2) 
PARAMETRIC_REPRESENTATION_CONTEXT() REPRESENTATION_CONTEXT('2D SPACE',''
  ) );
#398 = ORIENTED_EDGE('',*,*,#399,.F.);
#399 = EDGE_CURVE('',#400,#371,#402,.T.);
#400 = VERTEX_POINT('',#401);
#401 = CARTESIAN_POINT('',(-16.77,-4.4,-1.));
#402 = SURFACE_CURVE('',#403,(#407,#414),.PCURVE_S1.);
#403 = LINE('',#404,#405);
#404 = CARTESIAN_POINT('',(-16.77,-5.45,-1.));
#405 = VECTOR('',#406,1.);
#406 = DIRECTION('',(-0.,1.,0.));
#407 = PCURVE('',#32,#408);
#408 = DEFINITIONAL_REPRESENTATION('',(#409),#413);
#409 = LINE('',#410,#411);
#410 = CARTESIAN_POINT('',(-16.77,-5.45));
#411 = VECTOR('',#412,1.);
#412 = DIRECTION('',(0.,1.));
#413 = ( GEOMETRIC_REPRESENTATION_CONTEXT(2) 
PARAMETRIC_REPRESENTATION_CONTEXT() REPRESENTATION_CONTEXT('2D SPACE',''
  ) );
#414 = PCURVE('',#415,#420);
#415 = PLANE('',#416);
#416 = AXIS2_PLACEMENT_3D('',#417,#418,#419);
#417 = CARTESIAN_POINT('',(-16.77,-4.4,-2.));
#418 = DIRECTION('',(1.,0.,-0.));
#419 = DIRECTION('',(0.,0.,1.));
#420 = DEFINITIONAL_REPRESENTATION('',(#421),#424);
#421 = B_SPLINE_CURVE_WITH_KNOTS('',1,(#422,#423),.UNSPECIFIED.,.F.,.F.,
  (2,2),(1.05,9.85),.PIECEWISE_BEZIER_KNOTS.);
#422 = CARTESIAN_POINT('',(1.,0.));
#423 = CARTESIAN_POINT('',(1.,-8.8));
#424 = ( GEOMETRIC_REPRESENTATION_CONTEXT(2) 
PARAMETRIC_REPRESENTATION_CONTEXT() REPRESENTATION_CONTEXT('2D SPACE',''
  ) );
#425 = ORIENTED_EDGE('',*,*,#426,.T.);
#426 = EDGE_CURVE('',#400,#427,#429,.T.);
#427 = VERTEX_POINT('',#428);
#428 = CARTESIAN_POINT('',(-18.57,-4.4,-1.));
#429 = SURFACE_CURVE('',#430,(#434,#441),.PCURVE_S1.);
#430 = LINE('',#431,#432);
#431 = CARTESIAN_POINT('',(-17.27,-4.4,-1.));
#432 = VECTOR('',#433,1.);
#433 = DIRECTION('',(-1.,-0.,0.));
#434 = PCURVE('',#32,#435);
#435 = DEFINITIONAL_REPRESENTATION('',(#436),#440);
#436 = LINE('',#437,#438);
#437 = CARTESIAN_POINT('',(-17.27,-4.4));
#438 = VECTOR('',#439,1.);
#439 = DIRECTION('',(-1.,0.));
#440 = ( GEOMETRIC_REPRESENTATION_CONTEXT(2) 
PARAMETRIC_REPRESENTATION_CONTEXT() REPRESENTATION_CONTEXT('2D SPACE',''
  ) );
#441 = PCURVE('',#442,#447);
#442 = PLANE('',#443);
#443 = AXIS2_PLACEMENT_3D('',#444,#445,#446);
#444 = CARTESIAN_POINT('',(-18.57,-4.4,-2.));
#445 = DIRECTION('',(-0.,1.,0.));
#446 = DIRECTION('',(0.,0.,1.));
#447 = DEFINITIONAL_REPRESENTATION('',(#448),#451);
#448 = B_SPLINE_CURVE_WITH_KNOTS('',1,(#449,#450),.UNSPECIFIED.,.F.,.F.,
  (2,2),(-0.5,1.3),.PIECEWISE_BEZIER_KNOTS.);
#449 = CARTESIAN_POINT('',(1.,1.8));
#450 = CARTESIAN_POINT('',(1.,0.));
#451 = ( GEOMETRIC_REPRESENTATION_CONTEXT(2) 
PARAMETRIC_REPRESENTATION_CONTEXT() REPRESENTATION_CONTEXT('2D SPACE',''
  ) );
#452 = ORIENTED_EDGE('',*,*,#453,.T.);
#453 = EDGE_CURVE('',#427,#373,#454,.T.);
#454 = SURFACE_CURVE('',#455,(#459,#466),.PCURVE_S1.);
#455 = LINE('',#456,#457);
#456 = CARTESIAN_POINT('',(-18.57,-5.45,-1.));
#457 = VECTOR('',#458,1.);
#458 = DIRECTION('',(-0.,1.,0.));
#459 = PCURVE('',#32,#460);
#460 = DEFINITIONAL_REPRESENTATION('',(#461),#465);
#461 = LINE('',#462,#463);
#462 = CARTESIAN_POINT('',(-18.57,-5.45));
#463 = VECTOR('',#464,1.);
#464 = DIRECTION('',(0.,1.));
#465 = ( GEOMETRIC_REPRESENTATION_CONTEXT(2) 
PARAMETRIC_REPRESENTATION_CONTEXT() REPRESENTATION_CONTEXT('2D SPACE',''
  ) );
#466 = PCURVE('',#467,#472);
#467 = PLANE('',#468);
#468 = AXIS2_PLACEMENT_3D('',#469,#470,#471);
#469 = CARTESIAN_POINT('',(-18.57,-4.4,-2.));
#470 = DIRECTION('',(1.,0.,-0.));
#471 = DIRECTION('',(0.,0.,1.));
#472 = DEFINITIONAL_REPRESENTATION('',(#473),#476);
#473 = B_SPLINE_CURVE_WITH_KNOTS('',1,(#474,#475),.UNSPECIFIED.,.F.,.F.,
  (2,2),(1.05,9.85),.PIECEWISE_BEZIER_KNOTS.);
#474 = CARTESIAN_POINT('',(1.,0.));
#475 = CARTESIAN_POINT('',(1.,-8.8));
#476 = ( GEOMETRIC_REPRESENTATION_CONTEXT(2) 
PARAMETRIC_REPRESENTATION_CONTEXT() REPRESENTATION_CONTEXT('2D SPACE',''
  ) );
#477 = ADVANCED_FACE('',(#478),#467,.T.);
#478 = FACE_BOUND('',#479,.T.);
#479 = EDGE_LOOP('',(#480,#503,#504,#527));
#480 = ORIENTED_EDGE('',*,*,#481,.F.);
#481 = EDGE_CURVE('',#427,#482,#484,.T.);
#482 = VERTEX_POINT('',#483);
#483 = CARTESIAN_POINT('',(-18.57,-4.4,2.2));
#484 = SURFACE_CURVE('',#485,(#489,#496),.PCURVE_S1.);
#485 = LINE('',#486,#487);
#486 = CARTESIAN_POINT('',(-18.57,-4.4,-2.));
#487 = VECTOR('',#488,1.);
#488 = DIRECTION('',(0.,0.,1.));
#489 = PCURVE('',#467,#490);
#490 = DEFINITIONAL_REPRESENTATION('',(#491),#495);
#491 = LINE('',#492,#493);
#492 = CARTESIAN_POINT('',(0.,0.));
#493 = VECTOR('',#494,1.);
#494 = DIRECTION('',(1.,0.));
#495 = ( GEOMETRIC_REPRESENTATION_CONTEXT(2) 
PARAMETRIC_REPRESENTATION_CONTEXT() REPRESENTATION_CONTEXT('2D SPACE',''
  ) );
#496 = PCURVE('',#442,#497);
#497 = DEFINITIONAL_REPRESENTATION('',(#498),#502);
#498 = LINE('',#499,#500);
#499 = CARTESIAN_POINT('',(0.,0.));
#500 = VECTOR('',#501,1.);
#501 = DIRECTION('',(1.,0.));
#502 = ( GEOMETRIC_REPRESENTATION_CONTEXT(2) 
PARAMETRIC_REPRESENTATION_CONTEXT() REPRESENTATION_CONTEXT('2D SPACE',''
  ) );
#503 = ORIENTED_EDGE('',*,*,#453,.T.);
#504 = ORIENTED_EDGE('',*,*,#505,.T.);
#505 = EDGE_CURVE('',#373,#506,#508,.T.);
#506 = VERTEX_POINT('',#507);
#507 = CARTESIAN_POINT('',(-18.57,4.4,2.2));
#508 = SURFACE_CURVE('',#509,(#513,#520),.PCURVE_S1.);
#509 = LINE('',#510,#511);
#510 = CARTESIAN_POINT('',(-18.57,4.4,-2.));
#511 = VECTOR('',#512,1.);
#512 = DIRECTION('',(0.,0.,1.));
#513 = PCURVE('',#467,#514);
#514 = DEFINITIONAL_REPRESENTATION('',(#515),#519);
#515 = LINE('',#516,#517);
#516 = CARTESIAN_POINT('',(0.,-8.8));
#517 = VECTOR('',#518,1.);
#518 = DIRECTION('',(1.,0.));
#519 = ( GEOMETRIC_REPRESENTATION_CONTEXT(2) 
PARAMETRIC_REPRESENTATION_CONTEXT() REPRESENTATION_CONTEXT('2D SPACE',''
  ) );
#520 = PCURVE('',#388,#521);
#521 = DEFINITIONAL_REPRESENTATION('',(#522),#526);
#522 = LINE('',#523,#524);
#523 = CARTESIAN_POINT('',(0.,0.));
#524 = VECTOR('',#525,1.);
#525 = DIRECTION('',(1.,0.));
#526 = ( GEOMETRIC_REPRESENTATION_CONTEXT(2) 
PARAMETRIC_REPRESENTATION_CONTEXT() REPRESENTATION_CONTEXT('2D SPACE',''
  ) );
#527 = ORIENTED_EDGE('',*,*,#528,.F.);
#528 = EDGE_CURVE('',#482,#506,#529,.T.);
#529 = SURFACE_CURVE('',#530,(#534,#540),.PCURVE_S1.);
#530 = LINE('',#531,#532);
#531 = CARTESIAN_POINT('',(-18.57,-5.45,2.2));
#532 = VECTOR('',#533,1.);
#533 = DIRECTION('',(-0.,1.,0.));
#534 = PCURVE('',#467,#535);
#535 = DEFINITIONAL_REPRESENTATION('',(#536),#539);
#536 = B_SPLINE_CURVE_WITH_KNOTS('',1,(#537,#538),.UNSPECIFIED.,.F.,.F.,
  (2,2),(1.05,9.85),.PIECEWISE_BEZIER_KNOTS.);
#537 = CARTESIAN_POINT('',(4.2,0.));
#538 = CARTESIAN_POINT('',(4.2,-8.8));
#539 = ( GEOMETRIC_REPRESENTATION_CONTEXT(2) 
PARAMETRIC_REPRESENTATION_CONTEXT() REPRESENTATION_CONTEXT('2D SPACE',''
  ) );
#540 = PCURVE('',#541,#546);
#541 = PLANE('',#542);
#542 = AXIS2_PLACEMENT_3D('',#543,#544,#545);
#543 = CARTESIAN_POINT('',(-20.07,-6.5,2.2));
#544 = DIRECTION('',(0.,0.,1.));
#545 = DIRECTION('',(1.,0.,-0.));
#546 = DEFINITIONAL_REPRESENTATION('',(#547),#550);
#547 = B_SPLINE_CURVE_WITH_KNOTS('',1,(#548,#549),.UNSPECIFIED.,.F.,.F.,
  (2,2),(1.05,9.85),.PIECEWISE_BEZIER_KNOTS.);
#548 = CARTESIAN_POINT('',(1.5,2.1));
#549 = CARTESIAN_POINT('',(1.5,10.9));
#550 = ( GEOMETRIC_REPRESENTATION_CONTEXT(2) 
PARAMETRIC_REPRESENTATION_CONTEXT() REPRESENTATION_CONTEXT('2D SPACE',''
  ) );
#551 = ADVANCED_FACE('',(#552,#656),#541,.T.);
#552 = FACE_BOUND('',#553,.T.);
#553 = EDGE_LOOP('',(#554,#579,#607,#630));
#554 = ORIENTED_EDGE('',*,*,#555,.F.);
#555 = EDGE_CURVE('',#556,#558,#560,.T.);
#556 = VERTEX_POINT('',#557);
#557 = CARTESIAN_POINT('',(-18.9882832294,6.5,2.2));
#558 = VERTEX_POINT('',#559);
#559 = CARTESIAN_POINT('',(-15.97,6.5,2.2));
#560 = SURFACE_CURVE('',#561,(#565,#572),.PCURVE_S1.);
#561 = LINE('',#562,#563);
#562 = CARTESIAN_POINT('',(-20.07,6.5,2.2));
#563 = VECTOR('',#564,1.);
#564 = DIRECTION('',(1.,0.,-0.));
#565 = PCURVE('',#541,#566);
#566 = DEFINITIONAL_REPRESENTATION('',(#567),#571);
#567 = LINE('',#568,#569);
#568 = CARTESIAN_POINT('',(0.,13.));
#569 = VECTOR('',#570,1.);
#570 = DIRECTION('',(1.,0.));
#571 = ( GEOMETRIC_REPRESENTATION_CONTEXT(2) 
PARAMETRIC_REPRESENTATION_CONTEXT() REPRESENTATION_CONTEXT('2D SPACE',''
  ) );
#572 = PCURVE('',#101,#573);
#573 = DEFINITIONAL_REPRESENTATION('',(#574),#578);
#574 = LINE('',#575,#576);
#575 = CARTESIAN_POINT('',(3.2,-4.1));
#576 = VECTOR('',#577,1.);
#577 = DIRECTION('',(0.,1.));
#578 = ( GEOMETRIC_REPRESENTATION_CONTEXT(2) 
PARAMETRIC_REPRESENTATION_CONTEXT() REPRESENTATION_CONTEXT('2D SPACE',''
  ) );
#579 = ORIENTED_EDGE('',*,*,#580,.F.);
#580 = EDGE_CURVE('',#581,#556,#583,.T.);
#581 = VERTEX_POINT('',#582);
#582 = CARTESIAN_POINT('',(-18.9882832294,-6.5,2.2));
#583 = SURFACE_CURVE('',#584,(#589,#600),.PCURVE_S1.);
#584 = CIRCLE('',#585,20.07);
#585 = AXIS2_PLACEMENT_3D('',#586,#587,#588);
#586 = CARTESIAN_POINT('',(0.,0.,2.2));
#587 = DIRECTION('',(-0.,0.,-1.));
#588 = DIRECTION('',(-0.946102801664,-0.323866467364,0.));
#589 = PCURVE('',#541,#590);
#590 = DEFINITIONAL_REPRESENTATION('',(#591),#599);
#591 = ( BOUNDED_CURVE() B_SPLINE_CURVE(2,(#592,#593,#594,#595,#596,#597
,#598),.UNSPECIFIED.,.T.,.F.) B_SPLINE_CURVE_WITH_KNOTS((1,2,2,2,2,1),(
    -2.094395102393,0.,2.094395102393,4.188790204786,6.28318530718,
8.377580409573),.UNSPECIFIED.) CURVE() GEOMETRIC_REPRESENTATION_ITEM() 
RATIONAL_B_SPLINE_CURVE((1.,0.5,1.,0.5,1.,0.5,1.)) REPRESENTATION_ITEM(
  '') );
#592 = CARTESIAN_POINT('',(1.081716770598,0.));
#593 = CARTESIAN_POINT('',(-10.1766134786,32.888671301833));
#594 = CARTESIAN_POINT('',(23.934976490102,26.194335650916));
#595 = CARTESIAN_POINT('',(58.046566458805,19.5));
#596 = CARTESIAN_POINT('',(35.1933067393,-6.694335650916));
#597 = CARTESIAN_POINT('',(12.340047019795,-32.88867130183));
#598 = CARTESIAN_POINT('',(1.081716770598,0.));
#599 = ( GEOMETRIC_REPRESENTATION_CONTEXT(2) 
PARAMETRIC_REPRESENTATION_CONTEXT() REPRESENTATION_CONTEXT('2D SPACE',''
  ) );
#600 = PCURVE('',#130,#601);
#601 = DEFINITIONAL_REPRESENTATION('',(#602),#606);
#602 = LINE('',#603,#604);
#603 = CARTESIAN_POINT('',(3.47140602834,4.2));
#604 = VECTOR('',#605,1.);
#605 = DIRECTION('',(-1.,-0.));
#606 = ( GEOMETRIC_REPRESENTATION_CONTEXT(2) 
PARAMETRIC_REPRESENTATION_CONTEXT() REPRESENTATION_CONTEXT('2D SPACE',''
  ) );
#607 = ORIENTED_EDGE('',*,*,#608,.T.);
#608 = EDGE_CURVE('',#581,#609,#611,.T.);
#609 = VERTEX_POINT('',#610);
#610 = CARTESIAN_POINT('',(-15.97,-6.5,2.2));
#611 = SURFACE_CURVE('',#612,(#616,#623),.PCURVE_S1.);
#612 = LINE('',#613,#614);
#613 = CARTESIAN_POINT('',(-20.07,-6.5,2.2));
#614 = VECTOR('',#615,1.);
#615 = DIRECTION('',(1.,0.,-0.));
#616 = PCURVE('',#541,#617);
#617 = DEFINITIONAL_REPRESENTATION('',(#618),#622);
#618 = LINE('',#619,#620);
#619 = CARTESIAN_POINT('',(0.,0.));
#620 = VECTOR('',#621,1.);
#621 = DIRECTION('',(1.,0.));
#622 = ( GEOMETRIC_REPRESENTATION_CONTEXT(2) 
PARAMETRIC_REPRESENTATION_CONTEXT() REPRESENTATION_CONTEXT('2D SPACE',''
  ) );
#623 = PCURVE('',#158,#624);
#624 = DEFINITIONAL_REPRESENTATION('',(#625),#629);
#625 = LINE('',#626,#627);
#626 = CARTESIAN_POINT('',(3.2,-4.1));
#627 = VECTOR('',#628,1.);
#628 = DIRECTION('',(0.,1.));
#629 = ( GEOMETRIC_REPRESENTATION_CONTEXT(2) 
PARAMETRIC_REPRESENTATION_CONTEXT() REPRESENTATION_CONTEXT('2D SPACE',''
  ) );
#630 = ORIENTED_EDGE('',*,*,#631,.T.);
#631 = EDGE_CURVE('',#609,#558,#632,.T.);
#632 = SURFACE_CURVE('',#633,(#637,#644),.PCURVE_S1.);
#633 = LINE('',#634,#635);
#634 = CARTESIAN_POINT('',(-15.97,-6.5,2.2));
#635 = VECTOR('',#636,1.);
#636 = DIRECTION('',(-0.,1.,0.));
#637 = PCURVE('',#541,#638);
#638 = DEFINITIONAL_REPRESENTATION('',(#639),#643);
#639 = LINE('',#640,#641);
#640 = CARTESIAN_POINT('',(4.1,0.));
#641 = VECTOR('',#642,1.);
#642 = DIRECTION('',(0.,1.));
#643 = ( GEOMETRIC_REPRESENTATION_CONTEXT(2) 
PARAMETRIC_REPRESENTATION_CONTEXT() REPRESENTATION_CONTEXT('2D SPACE',''
  ) );
#644 = PCURVE('',#645,#650);
#645 = PLANE('',#646);
#646 = AXIS2_PLACEMENT_3D('',#647,#648,#649);
#647 = CARTESIAN_POINT('',(-15.97,-6.5,-1.));
#648 = DIRECTION('',(1.,0.,-0.));
#649 = DIRECTION('',(0.,0.,1.));
#650 = DEFINITIONAL_REPRESENTATION('',(#651),#655);
#651 = LINE('',#652,#653);
#652 = CARTESIAN_POINT('',(3.2,0.));
#653 = VECTOR('',#654,1.);
#654 = DIRECTION('',(0.,-1.));
#655 = ( GEOMETRIC_REPRESENTATION_CONTEXT(2) 
PARAMETRIC_REPRESENTATION_CONTEXT() REPRESENTATION_CONTEXT('2D SPACE',''
  ) );
#656 = FACE_BOUND('',#657,.T.);
#657 = EDGE_LOOP('',(#658,#679,#680,#701));
#658 = ORIENTED_EDGE('',*,*,#659,.T.);
#659 = EDGE_CURVE('',#660,#482,#662,.T.);
#660 = VERTEX_POINT('',#661);
#661 = CARTESIAN_POINT('',(-16.77,-4.4,2.2));
#662 = SURFACE_CURVE('',#663,(#667,#673),.PCURVE_S1.);
#663 = LINE('',#664,#665);
#664 = CARTESIAN_POINT('',(-19.32,-4.4,2.2));
#665 = VECTOR('',#666,1.);
#666 = DIRECTION('',(-1.,-0.,0.));
#667 = PCURVE('',#541,#668);
#668 = DEFINITIONAL_REPRESENTATION('',(#669),#672);
#669 = B_SPLINE_CURVE_WITH_KNOTS('',1,(#670,#671),.UNSPECIFIED.,.F.,.F.,
  (2,2),(-2.55,-0.75),.PIECEWISE_BEZIER_KNOTS.);
#670 = CARTESIAN_POINT('',(3.3,2.1));
#671 = CARTESIAN_POINT('',(1.5,2.1));
#672 = ( GEOMETRIC_REPRESENTATION_CONTEXT(2) 
PARAMETRIC_REPRESENTATION_CONTEXT() REPRESENTATION_CONTEXT('2D SPACE',''
  ) );
#673 = PCURVE('',#442,#674);
#674 = DEFINITIONAL_REPRESENTATION('',(#675),#678);
#675 = B_SPLINE_CURVE_WITH_KNOTS('',1,(#676,#677),.UNSPECIFIED.,.F.,.F.,
  (2,2),(-2.55,-0.75),.PIECEWISE_BEZIER_KNOTS.);
#676 = CARTESIAN_POINT('',(4.2,1.8));
#677 = CARTESIAN_POINT('',(4.2,0.));
#678 = ( GEOMETRIC_REPRESENTATION_CONTEXT(2) 
PARAMETRIC_REPRESENTATION_CONTEXT() REPRESENTATION_CONTEXT('2D SPACE',''
  ) );
#679 = ORIENTED_EDGE('',*,*,#528,.T.);
#680 = ORIENTED_EDGE('',*,*,#681,.F.);
#681 = EDGE_CURVE('',#682,#506,#684,.T.);
#682 = VERTEX_POINT('',#683);
#683 = CARTESIAN_POINT('',(-16.77,4.4,2.2));
#684 = SURFACE_CURVE('',#685,(#689,#695),.PCURVE_S1.);
#685 = LINE('',#686,#687);
#686 = CARTESIAN_POINT('',(-19.32,4.4,2.2));
#687 = VECTOR('',#688,1.);
#688 = DIRECTION('',(-1.,-0.,0.));
#689 = PCURVE('',#541,#690);
#690 = DEFINITIONAL_REPRESENTATION('',(#691),#694);
#691 = B_SPLINE_CURVE_WITH_KNOTS('',1,(#692,#693),.UNSPECIFIED.,.F.,.F.,
  (2,2),(-2.55,-0.75),.PIECEWISE_BEZIER_KNOTS.);
#692 = CARTESIAN_POINT('',(3.3,10.9));
#693 = CARTESIAN_POINT('',(1.5,10.9));
#694 = ( GEOMETRIC_REPRESENTATION_CONTEXT(2) 
PARAMETRIC_REPRESENTATION_CONTEXT() REPRESENTATION_CONTEXT('2D SPACE',''
  ) );
#695 = PCURVE('',#388,#696);
#696 = DEFINITIONAL_REPRESENTATION('',(#697),#700);
#697 = B_SPLINE_CURVE_WITH_KNOTS('',1,(#698,#699),.UNSPECIFIED.,.F.,.F.,
  (2,2),(-2.55,-0.75),.PIECEWISE_BEZIER_KNOTS.);
#698 = CARTESIAN_POINT('',(4.2,1.8));
#699 = CARTESIAN_POINT('',(4.2,0.));
#700 = ( GEOMETRIC_REPRESENTATION_CONTEXT(2) 
PARAMETRIC_REPRESENTATION_CONTEXT() REPRESENTATION_CONTEXT('2D SPACE',''
  ) );
#701 = ORIENTED_EDGE('',*,*,#702,.F.);
#702 = EDGE_CURVE('',#660,#682,#703,.T.);
#703 = SURFACE_CURVE('',#704,(#708,#714),.PCURVE_S1.);
#704 = LINE('',#705,#706);
#705 = CARTESIAN_POINT('',(-16.77,-5.45,2.2));
#706 = VECTOR('',#707,1.);
#707 = DIRECTION('',(-0.,1.,0.));
#708 = PCURVE('',#541,#709);
#709 = DEFINITIONAL_REPRESENTATION('',(#710),#713);
#710 = B_SPLINE_CURVE_WITH_KNOTS('',1,(#711,#712),.UNSPECIFIED.,.F.,.F.,
  (2,2),(1.05,9.85),.PIECEWISE_BEZIER_KNOTS.);
#711 = CARTESIAN_POINT('',(3.3,2.1));
#712 = CARTESIAN_POINT('',(3.3,10.9));
#713 = ( GEOMETRIC_REPRESENTATION_CONTEXT(2) 
PARAMETRIC_REPRESENTATION_CONTEXT() REPRESENTATION_CONTEXT('2D SPACE',''
  ) );
#714 = PCURVE('',#415,#715);
#715 = DEFINITIONAL_REPRESENTATION('',(#716),#719);
#716 = B_SPLINE_CURVE_WITH_KNOTS('',1,(#717,#718),.UNSPECIFIED.,.F.,.F.,
  (2,2),(1.05,9.85),.PIECEWISE_BEZIER_KNOTS.);
#717 = CARTESIAN_POINT('',(4.2,0.));
#718 = CARTESIAN_POINT('',(4.2,-8.8));
#719 = ( GEOMETRIC_REPRESENTATION_CONTEXT(2) 
PARAMETRIC_REPRESENTATION_CONTEXT() REPRESENTATION_CONTEXT('2D SPACE',''
  ) );
#720 = ADVANCED_FACE('',(#721),#645,.T.);
#721 = FACE_BOUND('',#722,.T.);
#722 = EDGE_LOOP('',(#723,#746,#774,#795));
#723 = ORIENTED_EDGE('',*,*,#724,.F.);
#724 = EDGE_CURVE('',#725,#609,#727,.T.);
#725 = VERTEX_POINT('',#726);
#726 = CARTESIAN_POINT('',(-15.97,-6.5,0.2));
#727 = SURFACE_CURVE('',#728,(#732,#739),.PCURVE_S1.);
#728 = LINE('',#729,#730);
#729 = CARTESIAN_POINT('',(-15.97,-6.5,-1.));
#730 = VECTOR('',#731,1.);
#731 = DIRECTION('',(0.,0.,1.));
#732 = PCURVE('',#645,#733);
#733 = DEFINITIONAL_REPRESENTATION('',(#734),#738);
#734 = LINE('',#735,#736);
#735 = CARTESIAN_POINT('',(0.,0.));
#736 = VECTOR('',#737,1.);
#737 = DIRECTION('',(1.,0.));
#738 = ( GEOMETRIC_REPRESENTATION_CONTEXT(2) 
PARAMETRIC_REPRESENTATION_CONTEXT() REPRESENTATION_CONTEXT('2D SPACE',''
  ) );
#739 = PCURVE('',#158,#740);
#740 = DEFINITIONAL_REPRESENTATION('',(#741),#745);
#741 = LINE('',#742,#743);
#742 = CARTESIAN_POINT('',(0.,1.7763568394E-15));
#743 = VECTOR('',#744,1.);
#744 = DIRECTION('',(1.,0.));
#745 = ( GEOMETRIC_REPRESENTATION_CONTEXT(2) 
PARAMETRIC_REPRESENTATION_CONTEXT() REPRESENTATION_CONTEXT('2D SPACE',''
  ) );
#746 = ORIENTED_EDGE('',*,*,#747,.F.);
#747 = EDGE_CURVE('',#748,#725,#750,.T.);
#748 = VERTEX_POINT('',#749);
#749 = CARTESIAN_POINT('',(-15.97,6.5,0.2));
#750 = SURFACE_CURVE('',#751,(#755,#762),.PCURVE_S1.);
#751 = LINE('',#752,#753);
#752 = CARTESIAN_POINT('',(-15.97,6.5,0.2));
#753 = VECTOR('',#754,1.);
#754 = DIRECTION('',(0.,-1.,0.));
#755 = PCURVE('',#645,#756);
#756 = DEFINITIONAL_REPRESENTATION('',(#757),#761);
#757 = LINE('',#758,#759);
#758 = CARTESIAN_POINT('',(1.2,-13.));
#759 = VECTOR('',#760,1.);
#760 = DIRECTION('',(0.,1.));
#761 = ( GEOMETRIC_REPRESENTATION_CONTEXT(2) 
PARAMETRIC_REPRESENTATION_CONTEXT() REPRESENTATION_CONTEXT('2D SPACE',''
  ) );
#762 = PCURVE('',#763,#768);
#763 = PLANE('',#764);
#764 = AXIS2_PLACEMENT_3D('',#765,#766,#767);
#765 = CARTESIAN_POINT('',(12.8,-6.5,0.2));
#766 = DIRECTION('',(0.,0.,1.));
#767 = DIRECTION('',(1.,0.,-0.));
#768 = DEFINITIONAL_REPRESENTATION('',(#769),#773);
#769 = LINE('',#770,#771);
#770 = CARTESIAN_POINT('',(-28.77,13.));
#771 = VECTOR('',#772,1.);
#772 = DIRECTION('',(0.,-1.));
#773 = ( GEOMETRIC_REPRESENTATION_CONTEXT(2) 
PARAMETRIC_REPRESENTATION_CONTEXT() REPRESENTATION_CONTEXT('2D SPACE',''
  ) );
#774 = ORIENTED_EDGE('',*,*,#775,.T.);
#775 = EDGE_CURVE('',#748,#558,#776,.T.);
#776 = SURFACE_CURVE('',#777,(#781,#788),.PCURVE_S1.);
#777 = LINE('',#778,#779);
#778 = CARTESIAN_POINT('',(-15.97,6.5,-1.));
#779 = VECTOR('',#780,1.);
#780 = DIRECTION('',(0.,0.,1.));
#781 = PCURVE('',#645,#782);
#782 = DEFINITIONAL_REPRESENTATION('',(#783),#787);
#783 = LINE('',#784,#785);
#784 = CARTESIAN_POINT('',(0.,-13.));
#785 = VECTOR('',#786,1.);
#786 = DIRECTION('',(1.,0.));
#787 = ( GEOMETRIC_REPRESENTATION_CONTEXT(2) 
PARAMETRIC_REPRESENTATION_CONTEXT() REPRESENTATION_CONTEXT('2D SPACE',''
  ) );
#788 = PCURVE('',#101,#789);
#789 = DEFINITIONAL_REPRESENTATION('',(#790),#794);
#790 = LINE('',#791,#792);
#791 = CARTESIAN_POINT('',(0.,1.7763568394E-15));
#792 = VECTOR('',#793,1.);
#793 = DIRECTION('',(1.,0.));
#794 = ( GEOMETRIC_REPRESENTATION_CONTEXT(2) 
PARAMETRIC_REPRESENTATION_CONTEXT() REPRESENTATION_CONTEXT('2D SPACE',''
  ) );
#795 = ORIENTED_EDGE('',*,*,#631,.F.);
#796 = ADVANCED_FACE('',(#797,#976),#763,.T.);
#797 = FACE_BOUND('',#798,.T.);
#798 = EDGE_LOOP('',(#799,#824,#853,#874,#875,#898,#927,#950));
#799 = ORIENTED_EDGE('',*,*,#800,.F.);
#800 = EDGE_CURVE('',#801,#803,#805,.T.);
#801 = VERTEX_POINT('',#802);
#802 = CARTESIAN_POINT('',(14.587354112381,6.5,0.2));
#803 = VERTEX_POINT('',#804);
#804 = CARTESIAN_POINT('',(15.97,6.5,0.2));
#805 = SURFACE_CURVE('',#806,(#810,#817),.PCURVE_S1.);
#806 = LINE('',#807,#808);
#807 = CARTESIAN_POINT('',(12.8,6.5,0.2));
#808 = VECTOR('',#809,1.);
#809 = DIRECTION('',(1.,0.,-0.));
#810 = PCURVE('',#763,#811);
#811 = DEFINITIONAL_REPRESENTATION('',(#812),#816);
#812 = LINE('',#813,#814);
#813 = CARTESIAN_POINT('',(0.,13.));
#814 = VECTOR('',#815,1.);
#815 = DIRECTION('',(1.,0.));
#816 = ( GEOMETRIC_REPRESENTATION_CONTEXT(2) 
PARAMETRIC_REPRESENTATION_CONTEXT() REPRESENTATION_CONTEXT('2D SPACE',''
  ) );
#817 = PCURVE('',#44,#818);
#818 = DEFINITIONAL_REPRESENTATION('',(#819),#823);
#819 = LINE('',#820,#821);
#820 = CARTESIAN_POINT('',(1.2,0.));
#821 = VECTOR('',#822,1.);
#822 = DIRECTION('',(0.,1.));
#823 = ( GEOMETRIC_REPRESENTATION_CONTEXT(2) 
PARAMETRIC_REPRESENTATION_CONTEXT() REPRESENTATION_CONTEXT('2D SPACE',''
  ) );
#824 = ORIENTED_EDGE('',*,*,#825,.T.);
#825 = EDGE_CURVE('',#801,#826,#828,.T.);
#826 = VERTEX_POINT('',#827);
#827 = CARTESIAN_POINT('',(-14.58735411238,6.5,0.2));
#828 = SURFACE_CURVE('',#829,(#834,#841),.PCURVE_S1.);
#829 = CIRCLE('',#830,15.97);
#830 = AXIS2_PLACEMENT_3D('',#831,#832,#833);
#831 = CARTESIAN_POINT('',(0.,0.,0.2));
#832 = DIRECTION('',(0.,0.,1.));
#833 = DIRECTION('',(1.,0.,-0.));
#834 = PCURVE('',#763,#835);
#835 = DEFINITIONAL_REPRESENTATION('',(#836),#840);
#836 = CIRCLE('',#837,15.97);
#837 = AXIS2_PLACEMENT_2D('',#838,#839);
#838 = CARTESIAN_POINT('',(-12.8,6.5));
#839 = DIRECTION('',(1.,0.));
#840 = ( GEOMETRIC_REPRESENTATION_CONTEXT(2) 
PARAMETRIC_REPRESENTATION_CONTEXT() REPRESENTATION_CONTEXT('2D SPACE',''
  ) );
#841 = PCURVE('',#842,#847);
#842 = CYLINDRICAL_SURFACE('',#843,15.97);
#843 = AXIS2_PLACEMENT_3D('',#844,#845,#846);
#844 = CARTESIAN_POINT('',(0.,0.,-1.));
#845 = DIRECTION('',(0.,0.,1.));
#846 = DIRECTION('',(1.,0.,-0.));
#847 = DEFINITIONAL_REPRESENTATION('',(#848),#852);
#848 = LINE('',#849,#850);
#849 = CARTESIAN_POINT('',(0.,1.2));
#850 = VECTOR('',#851,1.);
#851 = DIRECTION('',(1.,0.));
#852 = ( GEOMETRIC_REPRESENTATION_CONTEXT(2) 
PARAMETRIC_REPRESENTATION_CONTEXT() REPRESENTATION_CONTEXT('2D SPACE',''
  ) );
#853 = ORIENTED_EDGE('',*,*,#854,.F.);
#854 = EDGE_CURVE('',#748,#826,#855,.T.);
#855 = SURFACE_CURVE('',#856,(#860,#867),.PCURVE_S1.);
#856 = LINE('',#857,#858);
#857 = CARTESIAN_POINT('',(-15.97,6.5,0.2));
#858 = VECTOR('',#859,1.);
#859 = DIRECTION('',(1.,0.,-0.));
#860 = PCURVE('',#763,#861);
#861 = DEFINITIONAL_REPRESENTATION('',(#862),#866);
#862 = LINE('',#863,#864);
#863 = CARTESIAN_POINT('',(-28.77,13.));
#864 = VECTOR('',#865,1.);
#865 = DIRECTION('',(1.,0.));
#866 = ( GEOMETRIC_REPRESENTATION_CONTEXT(2) 
PARAMETRIC_REPRESENTATION_CONTEXT() REPRESENTATION_CONTEXT('2D SPACE',''
  ) );
#867 = PCURVE('',#101,#868);
#868 = DEFINITIONAL_REPRESENTATION('',(#869),#873);
#869 = LINE('',#870,#871);
#870 = CARTESIAN_POINT('',(1.2,0.));
#871 = VECTOR('',#872,1.);
#872 = DIRECTION('',(0.,1.));
#873 = ( GEOMETRIC_REPRESENTATION_CONTEXT(2) 
PARAMETRIC_REPRESENTATION_CONTEXT() REPRESENTATION_CONTEXT('2D SPACE',''
  ) );
#874 = ORIENTED_EDGE('',*,*,#747,.T.);
#875 = ORIENTED_EDGE('',*,*,#876,.T.);
#876 = EDGE_CURVE('',#725,#877,#879,.T.);
#877 = VERTEX_POINT('',#878);
#878 = CARTESIAN_POINT('',(-14.58735411238,-6.5,0.2));
#879 = SURFACE_CURVE('',#880,(#884,#891),.PCURVE_S1.);
#880 = LINE('',#881,#882);
#881 = CARTESIAN_POINT('',(-15.97,-6.5,0.2));
#882 = VECTOR('',#883,1.);
#883 = DIRECTION('',(1.,0.,-0.));
#884 = PCURVE('',#763,#885);
#885 = DEFINITIONAL_REPRESENTATION('',(#886),#890);
#886 = LINE('',#887,#888);
#887 = CARTESIAN_POINT('',(-28.77,0.));
#888 = VECTOR('',#889,1.);
#889 = DIRECTION('',(1.,0.));
#890 = ( GEOMETRIC_REPRESENTATION_CONTEXT(2) 
PARAMETRIC_REPRESENTATION_CONTEXT() REPRESENTATION_CONTEXT('2D SPACE',''
  ) );
#891 = PCURVE('',#158,#892);
#892 = DEFINITIONAL_REPRESENTATION('',(#893),#897);
#893 = LINE('',#894,#895);
#894 = CARTESIAN_POINT('',(1.2,0.));
#895 = VECTOR('',#896,1.);
#896 = DIRECTION('',(0.,1.));
#897 = ( GEOMETRIC_REPRESENTATION_CONTEXT(2) 
PARAMETRIC_REPRESENTATION_CONTEXT() REPRESENTATION_CONTEXT('2D SPACE',''
  ) );
#898 = ORIENTED_EDGE('',*,*,#899,.T.);
#899 = EDGE_CURVE('',#877,#900,#902,.T.);
#900 = VERTEX_POINT('',#901);
#901 = CARTESIAN_POINT('',(14.587354112381,-6.5,0.2));
#902 = SURFACE_CURVE('',#903,(#908,#915),.PCURVE_S1.);
#903 = CIRCLE('',#904,15.97);
#904 = AXIS2_PLACEMENT_3D('',#905,#906,#907);
#905 = CARTESIAN_POINT('',(0.,0.,0.2));
#906 = DIRECTION('',(0.,0.,1.));
#907 = DIRECTION('',(1.,0.,-0.));
#908 = PCURVE('',#763,#909);
#909 = DEFINITIONAL_REPRESENTATION('',(#910),#914);
#910 = CIRCLE('',#911,15.97);
#911 = AXIS2_PLACEMENT_2D('',#912,#913);
#912 = CARTESIAN_POINT('',(-12.8,6.5));
#913 = DIRECTION('',(1.,0.));
#914 = ( GEOMETRIC_REPRESENTATION_CONTEXT(2) 
PARAMETRIC_REPRESENTATION_CONTEXT() REPRESENTATION_CONTEXT('2D SPACE',''
  ) );
#915 = PCURVE('',#916,#921);
#916 = CYLINDRICAL_SURFACE('',#917,15.97);
#917 = AXIS2_PLACEMENT_3D('',#918,#919,#920);
#918 = CARTESIAN_POINT('',(0.,0.,-1.));
#919 = DIRECTION('',(0.,0.,1.));
#920 = DIRECTION('',(1.,0.,-0.));
#921 = DEFINITIONAL_REPRESENTATION('',(#922),#926);
#922 = LINE('',#923,#924);
#923 = CARTESIAN_POINT('',(0.,1.2));
#924 = VECTOR('',#925,1.);
#925 = DIRECTION('',(1.,0.));
#926 = ( GEOMETRIC_REPRESENTATION_CONTEXT(2) 
PARAMETRIC_REPRESENTATION_CONTEXT() REPRESENTATION_CONTEXT('2D SPACE',''
  ) );
#927 = ORIENTED_EDGE('',*,*,#928,.T.);
#928 = EDGE_CURVE('',#900,#929,#931,.T.);
#929 = VERTEX_POINT('',#930);
#930 = CARTESIAN_POINT('',(15.97,-6.5,0.2));
#931 = SURFACE_CURVE('',#932,(#936,#943),.PCURVE_S1.);
#932 = LINE('',#933,#934);
#933 = CARTESIAN_POINT('',(12.8,-6.5,0.2));
#934 = VECTOR('',#935,1.);
#935 = DIRECTION('',(1.,0.,-0.));
#936 = PCURVE('',#763,#937);
#937 = DEFINITIONAL_REPRESENTATION('',(#938),#942);
#938 = LINE('',#939,#940);
#939 = CARTESIAN_POINT('',(0.,0.));
#940 = VECTOR('',#941,1.);
#941 = DIRECTION('',(1.,0.));
#942 = ( GEOMETRIC_REPRESENTATION_CONTEXT(2) 
PARAMETRIC_REPRESENTATION_CONTEXT() REPRESENTATION_CONTEXT('2D SPACE',''
  ) );
#943 = PCURVE('',#215,#944);
#944 = DEFINITIONAL_REPRESENTATION('',(#945),#949);
#945 = LINE('',#946,#947);
#946 = CARTESIAN_POINT('',(1.2,0.));
#947 = VECTOR('',#948,1.);
#948 = DIRECTION('',(0.,1.));
#949 = ( GEOMETRIC_REPRESENTATION_CONTEXT(2) 
PARAMETRIC_REPRESENTATION_CONTEXT() REPRESENTATION_CONTEXT('2D SPACE',''
  ) );
#950 = ORIENTED_EDGE('',*,*,#951,.F.);
#951 = EDGE_CURVE('',#803,#929,#952,.T.);
#952 = SURFACE_CURVE('',#953,(#957,#964),.PCURVE_S1.);
#953 = LINE('',#954,#955);
#954 = CARTESIAN_POINT('',(15.97,6.5,0.2));
#955 = VECTOR('',#956,1.);
#956 = DIRECTION('',(0.,-1.,0.));
#957 = PCURVE('',#763,#958);
#958 = DEFINITIONAL_REPRESENTATION('',(#959),#963);
#959 = LINE('',#960,#961);
#960 = CARTESIAN_POINT('',(3.17,13.));
#961 = VECTOR('',#962,1.);
#962 = DIRECTION('',(0.,-1.));
#963 = ( GEOMETRIC_REPRESENTATION_CONTEXT(2) 
PARAMETRIC_REPRESENTATION_CONTEXT() REPRESENTATION_CONTEXT('2D SPACE',''
  ) );
#964 = PCURVE('',#965,#970);
#965 = PLANE('',#966);
#966 = AXIS2_PLACEMENT_3D('',#967,#968,#969);
#967 = CARTESIAN_POINT('',(15.97,-6.5,-1.));
#968 = DIRECTION('',(1.,0.,-0.));
#969 = DIRECTION('',(0.,0.,1.));
#970 = DEFINITIONAL_REPRESENTATION('',(#971),#975);
#971 = LINE('',#972,#973);
#972 = CARTESIAN_POINT('',(1.2,-13.));
#973 = VECTOR('',#974,1.);
#974 = DIRECTION('',(0.,1.));
#975 = ( GEOMETRIC_REPRESENTATION_CONTEXT(2) 
PARAMETRIC_REPRESENTATION_CONTEXT() REPRESENTATION_CONTEXT('2D SPACE',''
  ) );
#976 = FACE_BOUND('',#977,.T.);
#977 = EDGE_LOOP('',(#978,#1013,#1065,#1132,#1165,#1232,#1284));
#978 = ORIENTED_EDGE('',*,*,#979,.T.);
#979 = EDGE_CURVE('',#980,#982,#984,.T.);
#980 = VERTEX_POINT('',#981);
#981 = CARTESIAN_POINT('',(13.7,-3.355532229664E-15,0.2));
#982 = VERTEX_POINT('',#983);
#983 = CARTESIAN_POINT('',(6.119332447009,-12.25739655893,0.20000005));
#984 = SURFACE_CURVE('',#985,(#990,#1001),.PCURVE_S1.);
#985 = CIRCLE('',#986,13.7);
#986 = AXIS2_PLACEMENT_3D('',#987,#988,#989);
#987 = CARTESIAN_POINT('',(0.,0.,0.2));
#988 = DIRECTION('',(0.,0.,-1.));
#989 = DIRECTION('',(1.,-2.449293598295E-16,0.));
#990 = PCURVE('',#763,#991);
#991 = DEFINITIONAL_REPRESENTATION('',(#992),#1000);
#992 = ( BOUNDED_CURVE() B_SPLINE_CURVE(2,(#993,#994,#995,#996,#997,#998
,#999),.UNSPECIFIED.,.T.,.F.) B_SPLINE_CURVE_WITH_KNOTS((1,2,2,2,2,1),(
    -2.094395102393,0.,2.094395102393,4.188790204786,6.28318530718,
8.377580409573),.UNSPECIFIED.) CURVE() GEOMETRIC_REPRESENTATION_ITEM() 
RATIONAL_B_SPLINE_CURVE((1.,0.5,1.,0.5,1.,0.5,1.)) REPRESENTATION_ITEM(
  '') );
#993 = CARTESIAN_POINT('',(0.9,6.5));
#994 = CARTESIAN_POINT('',(0.9,-17.22909606369));
#995 = CARTESIAN_POINT('',(-19.65,-5.364548031847));
#996 = CARTESIAN_POINT('',(-40.2,6.5));
#997 = CARTESIAN_POINT('',(-19.65,18.364548031847));
#998 = CARTESIAN_POINT('',(0.9,30.229096063694));
#999 = CARTESIAN_POINT('',(0.9,6.5));
#1000 = ( GEOMETRIC_REPRESENTATION_CONTEXT(2) 
PARAMETRIC_REPRESENTATION_CONTEXT() REPRESENTATION_CONTEXT('2D SPACE',''
  ) );
#1001 = PCURVE('',#1002,#1007);
#1002 = CYLINDRICAL_SURFACE('',#1003,13.7);
#1003 = AXIS2_PLACEMENT_3D('',#1004,#1005,#1006);
#1004 = CARTESIAN_POINT('',(0.,0.,0.2));
#1005 = DIRECTION('',(0.,0.,1.));
#1006 = DIRECTION('',(1.,0.,-0.));
#1007 = DEFINITIONAL_REPRESENTATION('',(#1008),#1012);
#1008 = LINE('',#1009,#1010);
#1009 = CARTESIAN_POINT('',(6.28318530718,0.));
#1010 = VECTOR('',#1011,1.);
#1011 = DIRECTION('',(-1.,-0.));
#1012 = ( GEOMETRIC_REPRESENTATION_CONTEXT(2) 
PARAMETRIC_REPRESENTATION_CONTEXT() REPRESENTATION_CONTEXT('2D SPACE',''
  ) );
#1013 = ORIENTED_EDGE('',*,*,#1014,.T.);
#1014 = EDGE_CURVE('',#982,#1015,#1017,.T.);
#1015 = VERTEX_POINT('',#1016);
#1016 = CARTESIAN_POINT('',(6.141915257473,-12.30263130728,0.2000001));
#1017 = SURFACE_CURVE('',#1018,(#1024,#1033),.PCURVE_S1.);
#1018 = B_SPLINE_CURVE_WITH_KNOTS('',4,(#1019,#1020,#1021,#1022,#1023),
  .UNSPECIFIED.,.F.,.F.,(5,5),(0.,1.),.PIECEWISE_BEZIER_KNOTS.);
#1019 = CARTESIAN_POINT('',(6.052578308282,-12.12368394281,0.2000001));
#1020 = CARTESIAN_POINT('',(6.07491254558,-12.16842078393,0.2000001));
#1021 = CARTESIAN_POINT('',(6.097246782878,-12.21315762504,0.2000001));
#1022 = CARTESIAN_POINT('',(6.119581020175,-12.25789446616,0.2000001));
#1023 = CARTESIAN_POINT('',(6.141915257473,-12.30263130728,0.2000001));
#1024 = PCURVE('',#763,#1025);
#1025 = DEFINITIONAL_REPRESENTATION('',(#1026),#1032);
#1026 = B_SPLINE_CURVE_WITH_KNOTS('',4,(#1027,#1028,#1029,#1030,#1031),
  .UNSPECIFIED.,.F.,.F.,(5,5),(0.,1.),.PIECEWISE_BEZIER_KNOTS.);
#1027 = CARTESIAN_POINT('',(-6.747421691718,-5.623683942811));
#1028 = CARTESIAN_POINT('',(-6.72508745442,-5.66842078393));
#1029 = CARTESIAN_POINT('',(-6.702753217122,-5.713157625048));
#1030 = CARTESIAN_POINT('',(-6.680418979825,-5.757894466167));
#1031 = CARTESIAN_POINT('',(-6.658084742527,-5.802631307285));
#1032 = ( GEOMETRIC_REPRESENTATION_CONTEXT(2) 
PARAMETRIC_REPRESENTATION_CONTEXT() REPRESENTATION_CONTEXT('2D SPACE',''
  ) );
#1033 = PCURVE('',#1034,#1057);
#1034 = ( BOUNDED_SURFACE() B_SPLINE_SURFACE(1,6,(
    (#1035,#1036,#1037,#1038,#1039,#1040,#1041,#1042,#1043,#1044,#1045)
    ,(#1046,#1047,#1048,#1049,#1050,#1051,#1052,#1053,#1054,#1055,#1056
)),.UNSPECIFIED.,.F.,.F.,.F.) B_SPLINE_SURFACE_WITH_KNOTS((2,2),(7,4,7),
(5.,6.),(0.,0.5,1.),.UNSPECIFIED.) GEOMETRIC_REPRESENTATION_ITEM() 
RATIONAL_B_SPLINE_SURFACE((
    (1.,1.,1.,1.,1.,1.,1.,1.,1.,1.,1.)
,(1.,1.,1.,1.,1.,1.,1.,1.,1.,1.,1.
  ))) REPRESENTATION_ITEM('') SURFACE() );
#1035 = CARTESIAN_POINT('',(13.75,1.7763568394E-15,-0.623685927919));
#1036 = CARTESIAN_POINT('',(13.701445579737,7.197831642732,
    -0.540352594585));
#1037 = CARTESIAN_POINT('',(9.369136897326,14.395663285458,
    -0.457019261261));
#1038 = CARTESIAN_POINT('',(-8.16321190679E-02,18.087075014382,
    -0.373685927915));
#1039 = CARTESIAN_POINT('',(-9.244513885317,14.39566328546,
    -0.290352594581));
#1040 = CARTESIAN_POINT('',(-18.25548611468,5.06771514457E-13,
    -0.123685927919));
#1041 = CARTESIAN_POINT('',(-9.244513885318,-14.39566328546,
    4.29807387444E-02));
#1042 = CARTESIAN_POINT('',(-8.163211906721E-02,-18.08707501438,
    0.126314072078));
#1043 = CARTESIAN_POINT('',(9.369136897325,-14.39566328546,
    0.209647405424));
#1044 = CARTESIAN_POINT('',(13.701445579738,-7.197831642731,
    0.292980738748));
#1045 = CARTESIAN_POINT('',(13.75,7.004474440531E-15,0.376314072081));
#1046 = CARTESIAN_POINT('',(13.55,-2.654869934928E-14,-0.623685927919));
#1047 = CARTESIAN_POINT('',(13.5021518258,7.093135909732,-0.540352594585
    ));
#1048 = CARTESIAN_POINT('',(9.232858542578,14.186271819459,
    -0.457019261261));
#1049 = CARTESIAN_POINT('',(-8.044474287552E-02,17.823990286951,
    -0.373685927915));
#1050 = CARTESIAN_POINT('',(-9.110048228796,14.18627181946,
    -0.290352594581));
#1051 = CARTESIAN_POINT('',(-17.9899517712,5.76792424008E-13,
    -0.123685927919));
#1052 = CARTESIAN_POINT('',(-9.110048228796,-14.18627181946,
    4.29807387444E-02));
#1053 = CARTESIAN_POINT('',(-8.044474287486E-02,-17.82399028694,
    0.126314072078));
#1054 = CARTESIAN_POINT('',(9.232858542577,-14.18627181946,
    0.209647405424));
#1055 = CARTESIAN_POINT('',(13.5021518258,-7.093135909731,0.292980738748
    ));
#1056 = CARTESIAN_POINT('',(13.55,-1.91203607252E-14,0.376314072081));
#1057 = DEFINITIONAL_REPRESENTATION('',(#1058),#1064);
#1058 = B_SPLINE_CURVE_WITH_KNOTS('',4,(#1059,#1060,#1061,#1062,#1063),
  .UNSPECIFIED.,.F.,.F.,(5,5),(0.,1.),.PIECEWISE_BEZIER_KNOTS.);
#1059 = CARTESIAN_POINT('',(6.,0.823686027917));
#1060 = CARTESIAN_POINT('',(5.75,0.823686027917));
#1061 = CARTESIAN_POINT('',(5.5,0.823686027917));
#1062 = CARTESIAN_POINT('',(5.25,0.823686027917));
#1063 = CARTESIAN_POINT('',(5.,0.823686027917));
#1064 = ( GEOMETRIC_REPRESENTATION_CONTEXT(2) 
PARAMETRIC_REPRESENTATION_CONTEXT() REPRESENTATION_CONTEXT('2D SPACE',''
  ) );
#1065 = ORIENTED_EDGE('',*,*,#1066,.T.);
#1066 = EDGE_CURVE('',#1015,#1067,#1069,.T.);
#1067 = VERTEX_POINT('',#1068);
#1068 = CARTESIAN_POINT('',(-1.815340106151E-02,-14.02548825189,
    0.2000001));
#1069 = SURFACE_CURVE('',#1070,(#1081,#1095),.PCURVE_S1.);
#1070 = B_SPLINE_CURVE_WITH_KNOTS('',5,(#1071,#1072,#1073,#1074,#1075,
    #1076,#1077,#1078,#1079,#1080),.UNSPECIFIED.,.F.,.F.,(6,4,6),(0.,
    0.500232797686,1.),.UNSPECIFIED.);
#1071 = CARTESIAN_POINT('',(6.141915257473,-12.30263130728,0.2000001));
#1072 = CARTESIAN_POINT('',(5.577065452833,-12.61553455659,0.2000001));
#1073 = CARTESIAN_POINT('',(4.99382166975,-12.89526342577,0.2000001));
#1074 = CARTESIAN_POINT('',(4.394868404513,-13.14050563886,0.2000001));
#1075 = CARTESIAN_POINT('',(3.782975509099,-13.35027680687,0.2000001));
#1076 = CARTESIAN_POINT('',(2.539580776711,-13.69737397393,0.2000001));
#1077 = CARTESIAN_POINT('',(1.908088337008,-13.83476987519,0.2000001));
#1078 = CARTESIAN_POINT('',(1.269350080282,-13.93542664341,0.2000001));
#1079 = CARTESIAN_POINT('',(0.6262194725,-13.99900744384,0.2000001));
#1080 = CARTESIAN_POINT('',(-1.843920342792E-02,-14.0255,0.2000001));
#1081 = PCURVE('',#763,#1082);
#1082 = DEFINITIONAL_REPRESENTATION('',(#1083),#1094);
#1083 = B_SPLINE_CURVE_WITH_KNOTS('',5,(#1084,#1085,#1086,#1087,#1088,
    #1089,#1090,#1091,#1092,#1093),.UNSPECIFIED.,.F.,.F.,(6,4,6),(0.,
    0.500232797686,1.),.UNSPECIFIED.);
#1084 = CARTESIAN_POINT('',(-6.658084742527,-5.802631307285));
#1085 = CARTESIAN_POINT('',(-7.222934547167,-6.115534556598));
#1086 = CARTESIAN_POINT('',(-7.80617833025,-6.395263425774));
#1087 = CARTESIAN_POINT('',(-8.405131595487,-6.640505638862));
#1088 = CARTESIAN_POINT('',(-9.017024490901,-6.850276806879));
#1089 = CARTESIAN_POINT('',(-10.26041922328,-7.197373973937));
#1090 = CARTESIAN_POINT('',(-10.89191166299,-7.334769875192));
#1091 = CARTESIAN_POINT('',(-11.53064991971,-7.435426643419));
#1092 = CARTESIAN_POINT('',(-12.1737805275,-7.499007443842));
#1093 = CARTESIAN_POINT('',(-12.81843920342,-7.5255));
#1094 = ( GEOMETRIC_REPRESENTATION_CONTEXT(2) 
PARAMETRIC_REPRESENTATION_CONTEXT() REPRESENTATION_CONTEXT('2D SPACE',''
  ) );
#1095 = PCURVE('',#1096,#1119);
#1096 = ( BOUNDED_SURFACE() B_SPLINE_SURFACE(1,6,(
    (#1097,#1098,#1099,#1100,#1101,#1102,#1103,#1104,#1105,#1106,#1107)
    ,(#1108,#1109,#1110,#1111,#1112,#1113,#1114,#1115,#1116,#1117,#1118
)),.UNSPECIFIED.,.F.,.F.,.F.) B_SPLINE_SURFACE_WITH_KNOTS((2,2),(7,4,7),
(4.,5.),(0.,0.5,1.),.UNSPECIFIED.) GEOMETRIC_REPRESENTATION_ITEM() 
RATIONAL_B_SPLINE_SURFACE((
    (1.,1.,1.,1.,1.,1.,1.,1.,1.,1.,1.)
,(1.,1.,1.,1.,1.,1.,1.,1.,1.,1.,1.
  ))) REPRESENTATION_ITEM('') SURFACE() );
#1097 = CARTESIAN_POINT('',(14.3,7.967026135827E-14,-0.476313872081));
#1098 = CARTESIAN_POINT('',(14.249503403065,7.485744908481,
    -0.392980538748));
#1099 = CARTESIAN_POINT('',(9.743902372885,14.971489816958,
    -0.309647205424));
#1100 = CARTESIAN_POINT('',(-8.489740359846E-02,18.810558014815,
    -0.226313872078));
#1101 = CARTESIAN_POINT('',(-9.614294440751,14.97148981696,
    -0.142980538744));
#1102 = CARTESIAN_POINT('',(-18.98570555925,2.459951696351E-13,
    2.368612791852E-02));
#1103 = CARTESIAN_POINT('',(-9.614294440751,-14.97148981696,
    0.190352794582));
#1104 = CARTESIAN_POINT('',(-8.489740359769E-02,-18.81055801481,
    0.273686127915));
#1105 = CARTESIAN_POINT('',(9.743902372885,-14.97148981696,
    0.357019461261));
#1106 = CARTESIAN_POINT('',(14.249503403065,-7.485744908481,
    0.440352794585));
#1107 = CARTESIAN_POINT('',(14.3,7.88477711463E-14,0.523686127919));
#1108 = CARTESIAN_POINT('',(13.75,1.7763568394E-15,-0.623685927919));
#1109 = CARTESIAN_POINT('',(13.701445579737,7.197831642732,
    -0.540352594585));
#1110 = CARTESIAN_POINT('',(9.369136897326,14.395663285458,
    -0.457019261261));
#1111 = CARTESIAN_POINT('',(-8.16321190679E-02,18.087075014382,
    -0.373685927915));
#1112 = CARTESIAN_POINT('',(-9.244513885317,14.39566328546,
    -0.290352594581));
#1113 = CARTESIAN_POINT('',(-18.25548611468,5.06771514457E-13,
    -0.123685927919));
#1114 = CARTESIAN_POINT('',(-9.244513885318,-14.39566328546,
    4.29807387444E-02));
#1115 = CARTESIAN_POINT('',(-8.163211906721E-02,-18.08707501438,
    0.126314072078));
#1116 = CARTESIAN_POINT('',(9.369136897325,-14.39566328546,
    0.209647405424));
#1117 = CARTESIAN_POINT('',(13.701445579738,-7.197831642731,
    0.292980738748));
#1118 = CARTESIAN_POINT('',(13.75,7.004474440531E-15,0.376314072081));
#1119 = DEFINITIONAL_REPRESENTATION('',(#1120),#1131);
#1120 = B_SPLINE_CURVE_WITH_KNOTS('',5,(#1121,#1122,#1123,#1124,#1125,
    #1126,#1127,#1128,#1129,#1130),.UNSPECIFIED.,.F.,.F.,(6,4,6),(0.,
    0.500232797686,1.),.UNSPECIFIED.);
#1121 = CARTESIAN_POINT('',(5.,0.823686027917));
#1122 = CARTESIAN_POINT('',(4.949348117221,0.81622135582));
#1123 = CARTESIAN_POINT('',(4.898824995162,0.808775659455));
#1124 = CARTESIAN_POINT('',(4.848428387337,0.801348607753));
#1125 = CARTESIAN_POINT('',(4.798153789023,0.793939536843));
#1126 = CARTESIAN_POINT('',(4.697892891986,0.779163882327));
#1127 = CARTESIAN_POINT('',(4.647905605597,0.771797153166));
#1128 = CARTESIAN_POINT('',(4.59803694451,0.76444790606));
#1129 = CARTESIAN_POINT('',(4.548283980905,0.75711570953));
#1130 = CARTESIAN_POINT('',(4.49864719779,0.749800634757));
#1131 = ( GEOMETRIC_REPRESENTATION_CONTEXT(2) 
PARAMETRIC_REPRESENTATION_CONTEXT() REPRESENTATION_CONTEXT('2D SPACE',''
  ) );
#1132 = ORIENTED_EDGE('',*,*,#1133,.T.);
#1133 = EDGE_CURVE('',#1067,#1134,#1136,.T.);
#1134 = VERTEX_POINT('',#1135);
#1135 = CARTESIAN_POINT('',(-1.815340106111E-02,14.025488251894,
    0.2000001));
#1136 = SURFACE_CURVE('',#1137,(#1142,#1153),.PCURVE_S1.);
#1137 = CIRCLE('',#1138,14.0255);
#1138 = AXIS2_PLACEMENT_3D('',#1139,#1140,#1141);
#1139 = CARTESIAN_POINT('',(0.,0.,0.2000001));
#1140 = DIRECTION('',(0.,0.,-1.));
#1141 = DIRECTION('',(-1.294314003886E-03,-0.999999162375,-0.));
#1142 = PCURVE('',#763,#1143);
#1143 = DEFINITIONAL_REPRESENTATION('',(#1144),#1152);
#1144 = ( BOUNDED_CURVE() B_SPLINE_CURVE(2,(#1145,#1146,#1147,#1148,
#1149,#1150,#1151),.UNSPECIFIED.,.T.,.F.) B_SPLINE_CURVE_WITH_KNOTS((1,2
    ,2,2,2,1),(-2.094395102393,0.,2.094395102393,4.188790204786,
6.28318530718,8.377580409573),.UNSPECIFIED.) CURVE() 
GEOMETRIC_REPRESENTATION_ITEM() RATIONAL_B_SPLINE_CURVE((1.,0.5,1.,0.5,
1.,0.5,1.)) REPRESENTATION_ITEM('') );
#1145 = CARTESIAN_POINT('',(-12.81815340106,-7.525488251894));
#1146 = CARTESIAN_POINT('',(-37.1110116543,-7.494045638926));
#1147 = CARTESIAN_POINT('',(-24.93735242609,13.528465432432));
#1148 = CARTESIAN_POINT('',(-12.76369319787,34.550976503789));
#1149 = CARTESIAN_POINT('',(-0.644494172848,13.497022819463));
#1150 = CARTESIAN_POINT('',(11.47470485218,-7.556930864863));
#1151 = CARTESIAN_POINT('',(-12.81815340106,-7.525488251894));
#1152 = ( GEOMETRIC_REPRESENTATION_CONTEXT(2) 
PARAMETRIC_REPRESENTATION_CONTEXT() REPRESENTATION_CONTEXT('2D SPACE',''
  ) );
#1153 = PCURVE('',#1154,#1159);
#1154 = CONICAL_SURFACE('',#1155,14.301,0.785398163397);
#1155 = AXIS2_PLACEMENT_3D('',#1156,#1157,#1158);
#1156 = CARTESIAN_POINT('',(0.,0.,0.4755001));
#1157 = DIRECTION('',(0.,0.,1.));
#1158 = DIRECTION('',(1.,0.,-0.));
#1159 = DEFINITIONAL_REPRESENTATION('',(#1160),#1164);
#1160 = LINE('',#1161,#1162);
#1161 = CARTESIAN_POINT('',(4.711094666019,-0.2755));
#1162 = VECTOR('',#1163,1.);
#1163 = DIRECTION('',(-1.,-0.));
#1164 = ( GEOMETRIC_REPRESENTATION_CONTEXT(2) 
PARAMETRIC_REPRESENTATION_CONTEXT() REPRESENTATION_CONTEXT('2D SPACE',''
  ) );
#1165 = ORIENTED_EDGE('',*,*,#1166,.T.);
#1166 = EDGE_CURVE('',#1134,#1167,#1169,.T.);
#1167 = VERTEX_POINT('',#1168);
#1168 = CARTESIAN_POINT('',(6.141915257473,12.302631307285,0.2000001));
#1169 = SURFACE_CURVE('',#1170,(#1181,#1195),.PCURVE_S1.);
#1170 = B_SPLINE_CURVE_WITH_KNOTS('',5,(#1171,#1172,#1173,#1174,#1175,
    #1176,#1177,#1178,#1179,#1180),.UNSPECIFIED.,.F.,.F.,(6,4,6),(0.,
    0.501761943066,1.),.UNSPECIFIED.);
#1171 = CARTESIAN_POINT('',(-1.843920342751E-02,14.0255,0.2000001));
#1172 = CARTESIAN_POINT('',(0.628792523129,13.998901703098,0.2000001));
#1173 = CARTESIAN_POINT('',(1.274484019852,13.934918500396,0.2000001));
#1174 = CARTESIAN_POINT('',(1.915736455684,13.833562829174,0.2000001));
#1175 = CARTESIAN_POINT('',(2.549662114354,13.695176879838,0.2000001));
#1176 = CARTESIAN_POINT('',(3.792734301447,13.34692745982,0.2000001));
#1177 = CARTESIAN_POINT('',(4.40203291195,13.137570165688,0.2000001));
#1178 = CARTESIAN_POINT('',(4.998472942951,12.8930319689,0.2000001));
#1179 = CARTESIAN_POINT('',(5.579317864542,12.61428681439,0.2000001));
#1180 = CARTESIAN_POINT('',(6.141915257473,12.302631307285,0.2000001));
#1181 = PCURVE('',#763,#1182);
#1182 = DEFINITIONAL_REPRESENTATION('',(#1183),#1194);
#1183 = B_SPLINE_CURVE_WITH_KNOTS('',5,(#1184,#1185,#1186,#1187,#1188,
    #1189,#1190,#1191,#1192,#1193),.UNSPECIFIED.,.F.,.F.,(6,4,6),(0.,
    0.501761943066,1.),.UNSPECIFIED.);
#1184 = CARTESIAN_POINT('',(-12.81843920342,20.5255));
#1185 = CARTESIAN_POINT('',(-12.17120747687,20.498901703098));
#1186 = CARTESIAN_POINT('',(-11.52551598014,20.434918500396));
#1187 = CARTESIAN_POINT('',(-10.88426354431,20.333562829174));
#1188 = CARTESIAN_POINT('',(-10.25033788564,20.195176879838));
#1189 = CARTESIAN_POINT('',(-9.007265698553,19.84692745982));
#1190 = CARTESIAN_POINT('',(-8.39796708805,19.637570165688));
#1191 = CARTESIAN_POINT('',(-7.801527057049,19.3930319689));
#1192 = CARTESIAN_POINT('',(-7.220682135458,19.11428681439));
#1193 = CARTESIAN_POINT('',(-6.658084742527,18.802631307285));
#1194 = ( GEOMETRIC_REPRESENTATION_CONTEXT(2) 
PARAMETRIC_REPRESENTATION_CONTEXT() REPRESENTATION_CONTEXT('2D SPACE',''
  ) );
#1195 = PCURVE('',#1196,#1219);
#1196 = ( BOUNDED_SURFACE() B_SPLINE_SURFACE(1,6,(
    (#1197,#1198,#1199,#1200,#1201,#1202,#1203,#1204,#1205,#1206,#1207)
    ,(#1208,#1209,#1210,#1211,#1212,#1213,#1214,#1215,#1216,#1217,#1218
)),.UNSPECIFIED.,.F.,.F.,.F.) B_SPLINE_SURFACE_WITH_KNOTS((2,2),(7,4,7),
(2.,3.),(0.,0.5,1.),.UNSPECIFIED.) GEOMETRIC_REPRESENTATION_ITEM() 
RATIONAL_B_SPLINE_SURFACE((
    (1.,1.,1.,1.,1.,1.,1.,1.,1.,1.,1.)
,(1.,1.,1.,1.,1.,1.,1.,1.,1.,1.,1.
  ))) REPRESENTATION_ITEM('') SURFACE() );
#1197 = CARTESIAN_POINT('',(13.75,1.7763568394E-15,2.368612791856E-02));
#1198 = CARTESIAN_POINT('',(13.701445579737,7.197831642732,
    0.107019461252));
#1199 = CARTESIAN_POINT('',(9.369136897326,14.395663285458,
    0.190352794576));
#1200 = CARTESIAN_POINT('',(-8.16321190679E-02,18.087075014382,
    0.273686127922));
#1201 = CARTESIAN_POINT('',(-9.244513885317,14.39566328546,
    0.357019461256));
#1202 = CARTESIAN_POINT('',(-18.25548611468,5.06771514457E-13,
    0.523686127919));
#1203 = CARTESIAN_POINT('',(-9.244513885318,-14.39566328546,
    0.690352794581));
#1204 = CARTESIAN_POINT('',(-8.163211906721E-02,-18.08707501438,
    0.773686127915));
#1205 = CARTESIAN_POINT('',(9.369136897325,-14.39566328546,
    0.857019461261));
#1206 = CARTESIAN_POINT('',(13.701445579738,-7.197831642731,
    0.940352794585));
#1207 = CARTESIAN_POINT('',(13.75,7.004474440531E-15,1.023686127919));
#1208 = CARTESIAN_POINT('',(14.3,7.967026135827E-14,-0.123685927919));
#1209 = CARTESIAN_POINT('',(14.249503403065,7.485744908481,
    -4.035259458501E-02));
#1210 = CARTESIAN_POINT('',(9.743902372885,14.971489816958,
    4.298073873904E-02));
#1211 = CARTESIAN_POINT('',(-8.489740359846E-02,18.810558014815,
    0.126314072085));
#1212 = CARTESIAN_POINT('',(-9.614294440751,14.97148981696,
    0.209647405418));
#1213 = CARTESIAN_POINT('',(-18.98570555925,2.459951696351E-13,
    0.376314072081));
#1214 = CARTESIAN_POINT('',(-9.614294440751,-14.97148981696,
    0.542980738744));
#1215 = CARTESIAN_POINT('',(-8.489740359769E-02,-18.81055801481,
    0.626314072078));
#1216 = CARTESIAN_POINT('',(9.743902372885,-14.97148981696,
    0.709647405424));
#1217 = CARTESIAN_POINT('',(14.249503403065,-7.485744908481,
    0.792980738748));
#1218 = CARTESIAN_POINT('',(14.3,7.88477711463E-14,0.876314072081));
#1219 = DEFINITIONAL_REPRESENTATION('',(#1220),#1231);
#1220 = B_SPLINE_CURVE_WITH_KNOTS('',5,(#1221,#1222,#1223,#1224,#1225,
    #1226,#1227,#1228,#1229,#1230),.UNSPECIFIED.,.F.,.F.,(6,4,6),(0.,
    0.501761943066,1.),.UNSPECIFIED.);
#1221 = CARTESIAN_POINT('',(2.50135280221,0.250199365243));
#1222 = CARTESIAN_POINT('',(2.45151790192,0.242855093535));
#1223 = CARTESIAN_POINT('',(2.401565887103,0.235493562418));
#1224 = CARTESIAN_POINT('',(2.351497255597,0.22811484526));
#1225 = CARTESIAN_POINT('',(2.301309029493,0.220718503201));
#1226 = CARTESIAN_POINT('',(2.201044292026,0.205942282713));
#1227 = CARTESIAN_POINT('',(2.150968713544,0.198562541765));
#1228 = CARTESIAN_POINT('',(2.100772063993,0.191164958325));
#1229 = CARTESIAN_POINT('',(2.05044990184,0.183748877834));
#1230 = CARTESIAN_POINT('',(2.,0.176313972083));
#1231 = ( GEOMETRIC_REPRESENTATION_CONTEXT(2) 
PARAMETRIC_REPRESENTATION_CONTEXT() REPRESENTATION_CONTEXT('2D SPACE',''
  ) );
#1232 = ORIENTED_EDGE('',*,*,#1233,.T.);
#1233 = EDGE_CURVE('',#1167,#1234,#1236,.T.);
#1234 = VERTEX_POINT('',#1235);
#1235 = CARTESIAN_POINT('',(6.119332447009,12.257396558935,0.20000005));
#1236 = SURFACE_CURVE('',#1237,(#1243,#1252),.PCURVE_S1.);
#1237 = B_SPLINE_CURVE_WITH_KNOTS('',4,(#1238,#1239,#1240,#1241,#1242),
  .UNSPECIFIED.,.F.,.F.,(5,5),(0.,1.),.PIECEWISE_BEZIER_KNOTS.);
#1238 = CARTESIAN_POINT('',(6.141915257473,12.302631307285,0.2000001));
#1239 = CARTESIAN_POINT('',(6.119581020175,12.257894466167,0.2000001));
#1240 = CARTESIAN_POINT('',(6.097246782877,12.213157625048,0.2000001));
#1241 = CARTESIAN_POINT('',(6.07491254558,12.16842078393,0.2000001));
#1242 = CARTESIAN_POINT('',(6.052578308282,12.123683942811,0.2000001));
#1243 = PCURVE('',#763,#1244);
#1244 = DEFINITIONAL_REPRESENTATION('',(#1245),#1251);
#1245 = B_SPLINE_CURVE_WITH_KNOTS('',4,(#1246,#1247,#1248,#1249,#1250),
  .UNSPECIFIED.,.F.,.F.,(5,5),(0.,1.),.PIECEWISE_BEZIER_KNOTS.);
#1246 = CARTESIAN_POINT('',(-6.658084742527,18.802631307285));
#1247 = CARTESIAN_POINT('',(-6.680418979825,18.757894466167));
#1248 = CARTESIAN_POINT('',(-6.702753217123,18.713157625048));
#1249 = CARTESIAN_POINT('',(-6.72508745442,18.66842078393));
#1250 = CARTESIAN_POINT('',(-6.747421691718,18.623683942811));
#1251 = ( GEOMETRIC_REPRESENTATION_CONTEXT(2) 
PARAMETRIC_REPRESENTATION_CONTEXT() REPRESENTATION_CONTEXT('2D SPACE',''
  ) );
#1252 = PCURVE('',#1253,#1276);
#1253 = ( BOUNDED_SURFACE() B_SPLINE_SURFACE(1,6,(
    (#1254,#1255,#1256,#1257,#1258,#1259,#1260,#1261,#1262,#1263,#1264)
    ,(#1265,#1266,#1267,#1268,#1269,#1270,#1271,#1272,#1273,#1274,#1275
)),.UNSPECIFIED.,.F.,.F.,.F.) B_SPLINE_SURFACE_WITH_KNOTS((2,2),(7,4,7),
(1.,2.),(0.,0.5,1.),.UNSPECIFIED.) GEOMETRIC_REPRESENTATION_ITEM() 
RATIONAL_B_SPLINE_SURFACE((
    (1.,1.,1.,1.,1.,1.,1.,1.,1.,1.,1.)
,(1.,1.,1.,1.,1.,1.,1.,1.,1.,1.,1.
  ))) REPRESENTATION_ITEM('') SURFACE() );
#1254 = CARTESIAN_POINT('',(13.55,-2.654869934928E-14,2.368612791856E-02
    ));
#1255 = CARTESIAN_POINT('',(13.5021518258,7.093135909732,0.107019461252)
  );
#1256 = CARTESIAN_POINT('',(9.232858542578,14.186271819459,
    0.190352794576));
#1257 = CARTESIAN_POINT('',(-8.044474287552E-02,17.823990286951,
    0.273686127922));
#1258 = CARTESIAN_POINT('',(-9.110048228796,14.18627181946,
    0.357019461256));
#1259 = CARTESIAN_POINT('',(-17.9899517712,5.76792424008E-13,
    0.523686127919));
#1260 = CARTESIAN_POINT('',(-9.110048228796,-14.18627181946,
    0.690352794581));
#1261 = CARTESIAN_POINT('',(-8.044474287486E-02,-17.82399028694,
    0.773686127915));
#1262 = CARTESIAN_POINT('',(9.232858542577,-14.18627181946,
    0.857019461261));
#1263 = CARTESIAN_POINT('',(13.5021518258,-7.093135909731,0.940352794585
    ));
#1264 = CARTESIAN_POINT('',(13.55,-1.91203607252E-14,1.023686127919));
#1265 = CARTESIAN_POINT('',(13.75,1.7763568394E-15,2.368612791856E-02));
#1266 = CARTESIAN_POINT('',(13.701445579737,7.197831642732,
    0.107019461252));
#1267 = CARTESIAN_POINT('',(9.369136897326,14.395663285458,
    0.190352794576));
#1268 = CARTESIAN_POINT('',(-8.16321190679E-02,18.087075014382,
    0.273686127922));
#1269 = CARTESIAN_POINT('',(-9.244513885317,14.39566328546,
    0.357019461256));
#1270 = CARTESIAN_POINT('',(-18.25548611468,5.06771514457E-13,
    0.523686127919));
#1271 = CARTESIAN_POINT('',(-9.244513885318,-14.39566328546,
    0.690352794581));
#1272 = CARTESIAN_POINT('',(-8.163211906721E-02,-18.08707501438,
    0.773686127915));
#1273 = CARTESIAN_POINT('',(9.369136897325,-14.39566328546,
    0.857019461261));
#1274 = CARTESIAN_POINT('',(13.701445579738,-7.197831642731,
    0.940352794585));
#1275 = CARTESIAN_POINT('',(13.75,7.004474440531E-15,1.023686127919));
#1276 = DEFINITIONAL_REPRESENTATION('',(#1277),#1283);
#1277 = B_SPLINE_CURVE_WITH_KNOTS('',4,(#1278,#1279,#1280,#1281,#1282),
  .UNSPECIFIED.,.F.,.F.,(5,5),(0.,1.),.PIECEWISE_BEZIER_KNOTS.);
#1278 = CARTESIAN_POINT('',(2.,0.176313972083));
#1279 = CARTESIAN_POINT('',(1.75,0.176313972083));
#1280 = CARTESIAN_POINT('',(1.5,0.176313972083));
#1281 = CARTESIAN_POINT('',(1.25,0.176313972083));
#1282 = CARTESIAN_POINT('',(1.,0.176313972083));
#1283 = ( GEOMETRIC_REPRESENTATION_CONTEXT(2) 
PARAMETRIC_REPRESENTATION_CONTEXT() REPRESENTATION_CONTEXT('2D SPACE',''
  ) );
#1284 = ORIENTED_EDGE('',*,*,#1285,.T.);
#1285 = EDGE_CURVE('',#1234,#980,#1286,.T.);
#1286 = SURFACE_CURVE('',#1287,(#1292,#1303),.PCURVE_S1.);
#1287 = CIRCLE('',#1288,13.7);
#1288 = AXIS2_PLACEMENT_3D('',#1289,#1290,#1291);
#1289 = CARTESIAN_POINT('',(0.,0.,0.2));
#1290 = DIRECTION('',(-1.922543640213E-09,5.038972459022E-09,-1.));
#1291 = DIRECTION('',(0.446666601971,0.894700478754,3.649635036601E-09)
  );
#1292 = PCURVE('',#763,#1293);
#1293 = DEFINITIONAL_REPRESENTATION('',(#1294),#1302);
#1294 = ( BOUNDED_CURVE() B_SPLINE_CURVE(2,(#1295,#1296,#1297,#1298,
#1299,#1300,#1301),.UNSPECIFIED.,.T.,.F.) B_SPLINE_CURVE_WITH_KNOTS((1,2
    ,2,2,2,1),(-2.094395102393,0.,2.094395102393,4.188790204786,
6.28318530718,8.377580409573),.UNSPECIFIED.) CURVE() 
GEOMETRIC_REPRESENTATION_ITEM() RATIONAL_B_SPLINE_CURVE((1.,0.5,1.,0.5,
1.,0.5,1.)) REPRESENTATION_ITEM('') );
#1295 = CARTESIAN_POINT('',(-6.680667552991,18.757396558935));
#1296 = CARTESIAN_POINT('',(14.549766055604,8.158401852311));
#1297 = CARTESIAN_POINT('',(-5.244449419207,-4.928195632779));
#1298 = CARTESIAN_POINT('',(-25.03866489401,-18.01479311787));
#1299 = CARTESIAN_POINT('',(-26.4748830278,5.670799073844));
#1300 = CARTESIAN_POINT('',(-27.91110116158,29.356391265558));
#1301 = CARTESIAN_POINT('',(-6.680667552991,18.757396558935));
#1302 = ( GEOMETRIC_REPRESENTATION_CONTEXT(2) 
PARAMETRIC_REPRESENTATION_CONTEXT() REPRESENTATION_CONTEXT('2D SPACE',''
  ) );
#1303 = PCURVE('',#1304,#1309);
#1304 = CYLINDRICAL_SURFACE('',#1305,13.7);
#1305 = AXIS2_PLACEMENT_3D('',#1306,#1307,#1308);
#1306 = CARTESIAN_POINT('',(0.,0.,0.2));
#1307 = DIRECTION('',(0.,0.,1.));
#1308 = DIRECTION('',(1.,0.,-0.));
#1309 = DEFINITIONAL_REPRESENTATION('',(#1310),#1314);
#1310 = LINE('',#1311,#1312);
#1311 = CARTESIAN_POINT('',(1.107760181717,0.));
#1312 = VECTOR('',#1313,1.);
#1313 = DIRECTION('',(-1.,-0.));
#1314 = ( GEOMETRIC_REPRESENTATION_CONTEXT(2) 
PARAMETRIC_REPRESENTATION_CONTEXT() REPRESENTATION_CONTEXT('2D SPACE',''
  ) );
#1315 = ADVANCED_FACE('',(#1316),#1304,.T.);
#1316 = FACE_BOUND('',#1317,.T.);
#1317 = EDGE_LOOP('',(#1318,#1626,#1654,#2159,#2180));
#1318 = ORIENTED_EDGE('',*,*,#1319,.T.);
#1319 = EDGE_CURVE('',#1234,#1320,#1322,.T.);
#1320 = VERTEX_POINT('',#1321);
#1321 = CARTESIAN_POINT('',(13.7,-7.119314053541E-15,1.023686127919));
#1322 = SURFACE_CURVE('',#1323,(#1422,#1524),.PCURVE_S1.);
#1323 = B_SPLINE_CURVE_WITH_KNOTS('',7,(#1324,#1325,#1326,#1327,#1328,
    #1329,#1330,#1331,#1332,#1333,#1334,#1335,#1336,#1337,#1338,#1339,
    #1340,#1341,#1342,#1343,#1344,#1345,#1346,#1347,#1348,#1349,#1350,
    #1351,#1352,#1353,#1354,#1355,#1356,#1357,#1358,#1359,#1360,#1361,
    #1362,#1363,#1364,#1365,#1366,#1367,#1368,#1369,#1370,#1371,#1372,
    #1373,#1374,#1375,#1376,#1377,#1378,#1379,#1380,#1381,#1382,#1383,
    #1384,#1385,#1386,#1387,#1388,#1389,#1390,#1391,#1392,#1393,#1394,
    #1395,#1396,#1397,#1398,#1399,#1400,#1401,#1402,#1403,#1404,#1405,
    #1406,#1407,#1408,#1409,#1410,#1411,#1412,#1413,#1414,#1415,#1416,
    #1417,#1418,#1419,#1420,#1421),.UNSPECIFIED.,.F.,.F.,(8,6,6,6,6,6,6,
    6,6,6,6,6,6,6,6,6,8),(0.,6.935750247471E-02,0.150978178106,
    0.227741138318,0.333012164008,0.369885363648,0.392881784743,
    0.446356424707,0.558672303972,0.635685023332,0.717509797626,
    0.791051622059,0.840345694177,0.87330366734,0.92020565328,
    0.983760931649,1.),.UNSPECIFIED.);
#1324 = CARTESIAN_POINT('',(6.119517342895,12.257304250528,0.1999977));
#1325 = CARTESIAN_POINT('',(5.49098096069,12.571104023539,0.208156307714
    ));
#1326 = CARTESIAN_POINT('',(4.843650070347,12.847312340368,
    0.216314735134));
#1327 = CARTESIAN_POINT('',(4.18025935808,13.084558269938,0.224472822323
    ));
#1328 = CARTESIAN_POINT('',(3.503626425638,13.281748234919,
    0.232630990213));
#1329 = CARTESIAN_POINT('',(2.816642745006,13.438039509734,
    0.240789782121));
#1330 = CARTESIAN_POINT('',(2.122272436477,13.552840627377,0.24894944853
    ));
#1331 = CARTESIAN_POINT('',(0.601305021225,13.711743628036,
    0.266712502384));
#1332 = CARTESIAN_POINT('',(-0.227050045681,13.7397651531,0.276317064716
    ));
#1333 = CARTESIAN_POINT('',(-1.056522538126,13.709369411808,
    0.28592230497));
#1334 = CARTESIAN_POINT('',(-1.882183926143,13.620588572429,
    0.295528267261));
#1335 = CARTESIAN_POINT('',(-2.699156792231,13.473947101919,
    0.305135206473));
#1336 = CARTESIAN_POINT('',(-3.502618513806,13.270461354499,
    0.314742861906));
#1337 = CARTESIAN_POINT('',(-5.026275619959,12.768363231676,
    0.333384964434));
#1338 = CARTESIAN_POINT('',(-5.748663250248,12.476105977955,
    0.34242049365));
#1339 = CARTESIAN_POINT('',(-6.451021416712,12.136234140765,
    0.35145528347));
#1340 = CARTESIAN_POINT('',(-7.129610391654,11.750426040582,
    0.360489167085));
#1341 = CARTESIAN_POINT('',(-7.780881880129,11.320699044051,
    0.369522411069));
#1342 = CARTESIAN_POINT('',(-8.401481146422,10.849408335171,
    0.378555146644));
#1343 = CARTESIAN_POINT('',(-9.792989590929,9.639725726338,
    0.399972446567));
#1344 = CARTESIAN_POINT('',(-10.53432473995,8.86696675229,0.412359042508
    ));
#1345 = CARTESIAN_POINT('',(-11.20402361725,8.028112996906,0.42474295335
    ));
#1346 = CARTESIAN_POINT('',(-11.79519494849,7.131207323289,
    0.437126037932));
#1347 = CARTESIAN_POINT('',(-12.30205589857,6.185023651376,
    0.449510852506));
#1348 = CARTESIAN_POINT('',(-12.71993220276,5.199065480699,
    0.461898969225));
#1349 = CARTESIAN_POINT('',(-13.15960987311,3.828075179174,
    0.478625230547));
#1350 = CARTESIAN_POINT('',(-13.26235418831,3.468802199969,
    0.482964326206));
#1351 = CARTESIAN_POINT('',(-13.35364844131,3.106334089481,
    0.487303584128));
#1352 = CARTESIAN_POINT('',(-13.43337484782,2.741108945116,
    0.491642991609));
#1353 = CARTESIAN_POINT('',(-13.50143677587,2.37356947884,0.495982535798
    ));
#1354 = CARTESIAN_POINT('',(-13.55775874752,2.004162972682,
    0.500322191265));
#1355 = CARTESIAN_POINT('',(-13.63005667999,1.402073730132,
    0.507368424598));
#1356 = CARTESIAN_POINT('',(-13.65323955337,1.170255295085,
    0.510074970908));
#1357 = CARTESIAN_POINT('',(-13.67182193658,0.937995265933,
    0.512781537659));
#1358 = CARTESIAN_POINT('',(-13.68579396896,0.705403187744,
    0.515488118008));
#1359 = CARTESIAN_POINT('',(-13.69514905515,0.472588811616,
    0.518194706505));
#1360 = CARTESIAN_POINT('',(-13.69988386701,0.239662092475,
    0.520901298495));
#1361 = CARTESIAN_POINT('',(-13.70026454731,-0.534907154121,
    0.529901650661));
#1362 = CARTESIAN_POINT('',(-13.67554753783,-1.076566106485,
    0.536195485382));
#1363 = CARTESIAN_POINT('',(-13.62584559587,-1.616849567096,
    0.542489236333));
#1364 = CARTESIAN_POINT('',(-13.55125572877,-2.154376712919,
    0.548782818132));
#1365 = CARTESIAN_POINT('',(-13.45196776954,-2.687779453632,
    0.555076192262));
#1366 = CARTESIAN_POINT('',(-13.32826435127,-3.215702688553,0.5613693054
    ));
#1367 = CARTESIAN_POINT('',(-12.87022494865,-4.831307465507,
    0.580878883178));
#1368 = CARTESIAN_POINT('',(-12.45381712897,-5.895997532858,
    0.594097236701));
#1369 = CARTESIAN_POINT('',(-11.93484357142,-6.918074198627,
    0.607311261916));
#1370 = CARTESIAN_POINT('',(-11.31871953246,-7.885862786281,
    0.620522952652));
#1371 = CARTESIAN_POINT('',(-10.61229510234,-8.788602995707,
    0.633735602415));
#1372 = CARTESIAN_POINT('',(-9.823856761892,-9.616447356085,
    0.646951741119));
#1373 = CARTESIAN_POINT('',(-8.3735801416,-10.87113804717,0.669227351006
    ));
#1374 = CARTESIAN_POINT('',(-7.749721622845,-11.34234406005,
    0.678289513382));
#1375 = CARTESIAN_POINT('',(-7.095101400244,-11.77163266364,
    0.687352186483));
#1376 = CARTESIAN_POINT('',(-6.413113738763,-12.15663487207,
    0.696415497899));
#1377 = CARTESIAN_POINT('',(-5.707347826767,-12.49532450287,
    0.705479714818));
#1378 = CARTESIAN_POINT('',(-4.981585564793,-12.78601939961,
    0.714544667324));
#1379 = CARTESIAN_POINT('',(-3.451716455483,-13.28392100522,
    0.73324020392));
#1380 = CARTESIAN_POINT('',(-2.645453346622,-13.48480685136,
    0.74287188141));
#1381 = CARTESIAN_POINT('',(-1.825834094483,-13.62851003909,
    0.752502817097));
#1382 = CARTESIAN_POINT('',(-0.997721730793,-13.71402593815,
    0.762132750345));
#1383 = CARTESIAN_POINT('',(-0.166032483161,-13.74084686687,
    0.771761946899));
#1384 = CARTESIAN_POINT('',(0.66426797868,-13.70896247355,0.781390462244
    ));
#1385 = CARTESIAN_POINT('',(2.228652267975,-13.53801995041,
    0.799669704145));
#1386 = CARTESIAN_POINT('',(2.964043075369,-13.41012930856,
    0.808321617111));
#1387 = CARTESIAN_POINT('',(3.690700376218,-13.23565239739,
    0.816972520064));
#1388 = CARTESIAN_POINT('',(4.405097645668,-13.01533239041,
    0.825622737939));
#1389 = CARTESIAN_POINT('',(5.103804606981,-12.75022727611,
    0.834272976337));
#1390 = CARTESIAN_POINT('',(5.783489011819,-12.44170923548,
    0.842923761333));
#1391 = CARTESIAN_POINT('',(6.88160373226,-11.85676287224,0.857373504759
    ));
#1392 = CARTESIAN_POINT('',(7.312300314315,-11.60328471819,0.86317252806
    ));
#1393 = CARTESIAN_POINT('',(7.732056922388,-11.33157968624,
    0.868971913285));
#1394 = CARTESIAN_POINT('',(8.139951804418,-11.04221841981,
    0.874771772534));
#1395 = CARTESIAN_POINT('',(8.535102336789,-10.73582699864,
    0.880572221556));
#1396 = CARTESIAN_POINT('',(8.91666515134,-10.41308689942,0.886373298846
    ));
#1397 = CARTESIAN_POINT('',(9.529330089876,-9.848518143137,
    0.896053826205));
#1398 = CARTESIAN_POINT('',(9.768391126957,-9.615319070954,
    0.899933022026));
#1399 = CARTESIAN_POINT('',(10.000782625566,-9.37536091189,0.90381245557
    ));
#1400 = CARTESIAN_POINT('',(10.226275876744,-9.128873225542,
    0.907692108435));
#1401 = CARTESIAN_POINT('',(10.444652358536,-8.876094940944,
    0.911571955561));
#1402 = CARTESIAN_POINT('',(10.655703758545,-8.617274343383,
    0.915451956601));
#1403 = CARTESIAN_POINT('',(11.148869909251,-7.976113343935,
    0.92485374482));
#1404 = CARTESIAN_POINT('',(11.423274884137,-7.587838854576,
    0.930375677189));
#1405 = CARTESIAN_POINT('',(11.68187442226,-7.188590742236,
    0.935897629998));
#1406 = CARTESIAN_POINT('',(11.924145244669,-6.779142980931,
    0.941419421317));
#1407 = CARTESIAN_POINT('',(12.149613206996,-6.360297946883,
    0.946940881035));
#1408 = CARTESIAN_POINT('',(12.357853214099,-5.932885995792,
    0.952461830205));
#1409 = CARTESIAN_POINT('',(12.806813356101,-4.908147502475,
    0.965462335654));
#1410 = CARTESIAN_POINT('',(13.032815700083,-4.304369208199,
    0.972941364029));
#1411 = CARTESIAN_POINT('',(13.225565789293,-3.688553454925,
    0.980418796125));
#1412 = CARTESIAN_POINT('',(13.384311632309,-3.062890367592,
    0.987894553049));
#1413 = CARTESIAN_POINT('',(13.508473818944,-2.429634582715,
    0.995368867726));
#1414 = CARTESIAN_POINT('',(13.59765625993,-1.79110699811,1.002842430074
    ));
#1415 = CARTESIAN_POINT('',(13.665475458845,-0.985814239076,
    1.012226377305));
#1416 = CARTESIAN_POINT('',(13.676981614573,-0.821740938456,
    1.014136149094));
#1417 = CARTESIAN_POINT('',(13.686188775891,-0.657520954636,
    1.016045970207));
#1418 = CARTESIAN_POINT('',(13.693094802491,-0.493195140145,
    1.017955859579));
#1419 = CARTESIAN_POINT('',(13.697698576002,-0.328804931652,
    1.019865836234));
#1420 = CARTESIAN_POINT('',(13.7,-0.164392349958,1.021775919282));
#1421 = CARTESIAN_POINT('',(13.7,-1.7763568394E-15,1.023686127919));
#1422 = PCURVE('',#1304,#1423);
#1423 = DEFINITIONAL_REPRESENTATION('',(#1424),#1523);
#1424 = B_SPLINE_CURVE_WITH_KNOTS('',7,(#1425,#1426,#1427,#1428,#1429,
    #1430,#1431,#1432,#1433,#1434,#1435,#1436,#1437,#1438,#1439,#1440,
    #1441,#1442,#1443,#1444,#1445,#1446,#1447,#1448,#1449,#1450,#1451,
    #1452,#1453,#1454,#1455,#1456,#1457,#1458,#1459,#1460,#1461,#1462,
    #1463,#1464,#1465,#1466,#1467,#1468,#1469,#1470,#1471,#1472,#1473,
    #1474,#1475,#1476,#1477,#1478,#1479,#1480,#1481,#1482,#1483,#1484,
    #1485,#1486,#1487,#1488,#1489,#1490,#1491,#1492,#1493,#1494,#1495,
    #1496,#1497,#1498,#1499,#1500,#1501,#1502,#1503,#1504,#1505,#1506,
    #1507,#1508,#1509,#1510,#1511,#1512,#1513,#1514,#1515,#1516,#1517,
    #1518,#1519,#1520,#1521,#1522),.UNSPECIFIED.,.F.,.F.,(8,6,6,6,6,6,6,
    6,6,6,6,6,6,6,6,6,8),(0.,6.935750247471E-02,0.150978178106,
    0.227741138318,0.333012164008,0.369885363648,0.392881784743,
    0.446356424707,0.558672303972,0.635685023332,0.717509797626,
    0.791051622059,0.840345694177,0.87330366734,0.92020565328,
    0.983760931649,1.),.UNSPECIFIED.);
#1425 = CARTESIAN_POINT('',(1.107745097226,-2.300000000038E-06));
#1426 = CARTESIAN_POINT('',(1.159023614048,8.156307714339E-03));
#1427 = CARTESIAN_POINT('',(1.210303867294,1.631473513409E-02));
#1428 = CARTESIAN_POINT('',(1.261582873593,2.447282232274E-02));
#1429 = CARTESIAN_POINT('',(1.312861094081,3.26309902134E-02));
#1430 = CARTESIAN_POINT('',(1.36414013452,4.078978212084E-02));
#1431 = CARTESIAN_POINT('',(1.415420444824,4.894944852977E-02));
#1432 = CARTESIAN_POINT('',(1.527044209738,6.671250238402E-02));
#1433 = CARTESIAN_POINT('',(1.587393269301,7.631706471561E-02));
#1434 = CARTESIAN_POINT('',(1.647739490768,8.592230497049E-02));
#1435 = CARTESIAN_POINT('',(1.708083903871,9.552826726073E-02));
#1436 = CARTESIAN_POINT('',(1.768430119681,0.105135206473));
#1437 = CARTESIAN_POINT('',(1.828779173295,0.114742861906));
#1438 = CARTESIAN_POINT('',(1.945878064687,0.133384964434));
#1439 = CARTESIAN_POINT('',(2.002634628237,0.14242049365));
#1440 = CARTESIAN_POINT('',(2.059389103112,0.15145528347));
#1441 = CARTESIAN_POINT('',(2.116142245291,0.160489167085));
#1442 = CARTESIAN_POINT('',(2.17289671943,0.169522411069));
#1443 = CARTESIAN_POINT('',(2.229653291756,0.178555146644));
#1444 = CARTESIAN_POINT('',(2.364237813827,0.199972446567));
#1445 = CARTESIAN_POINT('',(2.442082396765,0.212359042508));
#1446 = CARTESIAN_POINT('',(2.519916007205,0.22474295335));
#1447 = CARTESIAN_POINT('',(2.59774518055,0.237126037932));
#1448 = CARTESIAN_POINT('',(2.675578769825,0.249510852506));
#1449 = CARTESIAN_POINT('',(2.753423348695,0.261898969225));
#1450 = CARTESIAN_POINT('',(2.858515877251,0.278625230547));
#1451 = CARTESIAN_POINT('',(2.885777684697,0.282964326206));
#1452 = CARTESIAN_POINT('',(2.913039436665,0.287303584128));
#1453 = CARTESIAN_POINT('',(2.940301150467,0.291642991609));
#1454 = CARTESIAN_POINT('',(2.967562893998,0.295982535798));
#1455 = CARTESIAN_POINT('',(2.994824688142,0.300322191265));
#1456 = CARTESIAN_POINT('',(3.039088514314,0.307368424598));
#1457 = CARTESIAN_POINT('',(3.056090625776,0.310074970908));
#1458 = CARTESIAN_POINT('',(3.073092733014,0.312781537659));
#1459 = CARTESIAN_POINT('',(3.090094838821,0.315488118008));
#1460 = CARTESIAN_POINT('',(3.107096950014,0.318194706505));
#1461 = CARTESIAN_POINT('',(3.124099068124,0.320901298495));
#1462 = CARTESIAN_POINT('',(3.180636976164,0.329901650661));
#1463 = CARTESIAN_POINT('',(3.220173232301,0.336195485382));
#1464 = CARTESIAN_POINT('',(3.259709137267,0.342489236333));
#1465 = CARTESIAN_POINT('',(3.299244822395,0.348782818132));
#1466 = CARTESIAN_POINT('',(3.338780732789,0.355076192262));
#1467 = CARTESIAN_POINT('',(3.378316997424,0.3613693054));
#1468 = CARTESIAN_POINT('',(3.500892127121,0.380878883178));
#1469 = CARTESIAN_POINT('',(3.583950426515,0.394097236701));
#1470 = CARTESIAN_POINT('',(3.666993445472,0.407311261916));
#1471 = CARTESIAN_POINT('',(3.750030719736,0.420522952652));
#1472 = CARTESIAN_POINT('',(3.833073771377,0.433735602415));
#1473 = CARTESIAN_POINT('',(3.916132099774,0.446951741119));
#1474 = CARTESIAN_POINT('',(4.056109777863,0.469227351006));
#1475 = CARTESIAN_POINT('',(4.11305105075,0.478289513382));
#1476 = CARTESIAN_POINT('',(4.169990195359,0.487352186483));
#1477 = CARTESIAN_POINT('',(4.22692798271,0.496415497899));
#1478 = CARTESIAN_POINT('',(4.283867120409,0.505479714818));
#1479 = CARTESIAN_POINT('',(4.340808385156,0.514544667324));
#1480 = CARTESIAN_POINT('',(4.458242854556,0.53324020392));
#1481 = CARTESIAN_POINT('',(4.518742868318,0.54287188141));
#1482 = CARTESIAN_POINT('',(4.579240009687,0.552502817097));
#1483 = CARTESIAN_POINT('',(4.639735323613,0.562132750345));
#1484 = CARTESIAN_POINT('',(4.700232466817,0.571761946899));
#1485 = CARTESIAN_POINT('',(4.76073248695,0.581390462244));
#1486 = CARTESIAN_POINT('',(4.875600818564,0.599669704145));
#1487 = CARTESIAN_POINT('',(4.929975357883,0.608321617111));
#1488 = CARTESIAN_POINT('',(4.984348199104,0.616972520064));
#1489 = CARTESIAN_POINT('',(5.038719944567,0.625622737939));
#1490 = CARTESIAN_POINT('',(5.093092743449,0.634272976337));
#1491 = CARTESIAN_POINT('',(5.147467215446,0.642923761333));
#1492 = CARTESIAN_POINT('',(5.238284280411,0.657373504759));
#1493 = CARTESIAN_POINT('',(5.274729500706,0.66317252806));
#1494 = CARTESIAN_POINT('',(5.311174497993,0.668971913285));
#1495 = CARTESIAN_POINT('',(5.347619362671,0.674771772534));
#1496 = CARTESIAN_POINT('',(5.384064389673,0.680572221556));
#1497 = CARTESIAN_POINT('',(5.420509656108,0.686373298846));
#1498 = CARTESIAN_POINT('',(5.48132165355,0.696053826205));
#1499 = CARTESIAN_POINT('',(5.505688747259,0.699933022026));
#1500 = CARTESIAN_POINT('',(5.530055796827,0.70381245557));
#1501 = CARTESIAN_POINT('',(5.554422802086,0.707692108435));
#1502 = CARTESIAN_POINT('',(5.578789788762,0.711571955561));
#1503 = CARTESIAN_POINT('',(5.603156752512,0.715451956601));
#1504 = CARTESIAN_POINT('',(5.662199694006,0.72485374482));
#1505 = CARTESIAN_POINT('',(5.696875898163,0.730375677189));
#1506 = CARTESIAN_POINT('',(5.731551728629,0.735897629998));
#1507 = CARTESIAN_POINT('',(5.766227217376,0.741419421317));
#1508 = CARTESIAN_POINT('',(5.800902603405,0.746940881035));
#1509 = CARTESIAN_POINT('',(5.835578020992,0.752461830205));
#1510 = CARTESIAN_POINT('',(5.917240321713,0.765462335654));
#1511 = CARTESIAN_POINT('',(5.964227437069,0.772941364029));
#1512 = CARTESIAN_POINT('',(6.011214804086,0.780418796125));
#1513 = CARTESIAN_POINT('',(6.058203308878,0.787894553049));
#1514 = CARTESIAN_POINT('',(6.105193294691,0.795368867726));
#1515 = CARTESIAN_POINT('',(6.152183021145,0.802842430074));
#1516 = CARTESIAN_POINT('',(6.211171595751,0.812226377305));
#1517 = CARTESIAN_POINT('',(6.223175983143,0.814136149094));
#1518 = CARTESIAN_POINT('',(6.235179784856,0.816045970207));
#1519 = CARTESIAN_POINT('',(6.247182840559,0.817955859579));
#1520 = CARTESIAN_POINT('',(6.259184948516,0.819865836234));
#1521 = CARTESIAN_POINT('',(6.271185865577,0.821775919282));
#1522 = CARTESIAN_POINT('',(6.28318530718,0.823686127919));
#1523 = ( GEOMETRIC_REPRESENTATION_CONTEXT(2) 
PARAMETRIC_REPRESENTATION_CONTEXT() REPRESENTATION_CONTEXT('2D SPACE',''
  ) );
#1524 = PCURVE('',#1253,#1525);
#1525 = DEFINITIONAL_REPRESENTATION('',(#1526),#1625);
#1526 = B_SPLINE_CURVE_WITH_KNOTS('',7,(#1527,#1528,#1529,#1530,#1531,
    #1532,#1533,#1534,#1535,#1536,#1537,#1538,#1539,#1540,#1541,#1542,
    #1543,#1544,#1545,#1546,#1547,#1548,#1549,#1550,#1551,#1552,#1553,
    #1554,#1555,#1556,#1557,#1558,#1559,#1560,#1561,#1562,#1563,#1564,
    #1565,#1566,#1567,#1568,#1569,#1570,#1571,#1572,#1573,#1574,#1575,
    #1576,#1577,#1578,#1579,#1580,#1581,#1582,#1583,#1584,#1585,#1586,
    #1587,#1588,#1589,#1590,#1591,#1592,#1593,#1594,#1595,#1596,#1597,
    #1598,#1599,#1600,#1601,#1602,#1603,#1604,#1605,#1606,#1607,#1608,
    #1609,#1610,#1611,#1612,#1613,#1614,#1615,#1616,#1617,#1618,#1619,
    #1620,#1621,#1622,#1623,#1624),.UNSPECIFIED.,.F.,.F.,(8,6,6,6,6,6,6,
    6,6,6,6,6,6,6,6,6,8),(0.,6.935750247471E-02,0.150978178106,
    0.227741138318,0.333012164008,0.369885363648,0.392881784743,
    0.446356424707,0.558672303972,0.635685023332,0.717509797626,
    0.791051622059,0.840345694177,0.87330366734,0.92020565328,
    0.983760931649,1.),.UNSPECIFIED.);
#1527 = CARTESIAN_POINT('',(1.747217249608,0.176311572083));
#1528 = CARTESIAN_POINT('',(1.748330788219,0.184470179797));
#1529 = CARTESIAN_POINT('',(1.749392863572,0.192628607217));
#1530 = CARTESIAN_POINT('',(1.750272081218,0.200786694405));
#1531 = CARTESIAN_POINT('',(1.750898789449,0.208944862296));
#1532 = CARTESIAN_POINT('',(1.751266167109,0.217103654203));
#1533 = CARTESIAN_POINT('',(1.751414832349,0.225263320612));
#1534 = CARTESIAN_POINT('',(1.751384661729,0.243026374466));
#1535 = CARTESIAN_POINT('',(1.751143716321,0.252630936797));
#1536 = CARTESIAN_POINT('',(1.750769756185,0.262236177052));
#1537 = CARTESIAN_POINT('',(1.750394639208,0.271842139342));
#1538 = CARTESIAN_POINT('',(1.750121848752,0.281449078554));
#1539 = CARTESIAN_POINT('',(1.749994521276,0.291056733986));
#1540 = CARTESIAN_POINT('',(1.750005373682,0.309698836514));
#1541 = CARTESIAN_POINT('',(1.750128132055,0.31873436573));
#1542 = CARTESIAN_POINT('',(1.750359932054,0.32776915555));
#1543 = CARTESIAN_POINT('',(1.750646960164,0.336803039164));
#1544 = CARTESIAN_POINT('',(1.750907546489,0.345836283149));
#1545 = CARTESIAN_POINT('',(1.751061138586,0.354869018724));
#1546 = CARTESIAN_POINT('',(1.751079185659,0.376286318646));
#1547 = CARTESIAN_POINT('',(1.750814443707,0.388672914587));
#1548 = CARTESIAN_POINT('',(1.750171424804,0.40105682543));
#1549 = CARTESIAN_POINT('',(1.749171734996,0.413439910012));
#1550 = CARTESIAN_POINT('',(1.7481142115,0.425824724586));
#1551 = CARTESIAN_POINT('',(1.747530866086,0.438212841305));
#1552 = CARTESIAN_POINT('',(1.74754044215,0.454939102627));
#1553 = CARTESIAN_POINT('',(1.747615446151,0.459278198286));
#1554 = CARTESIAN_POINT('',(1.747767861083,0.463617456209));
#1555 = CARTESIAN_POINT('',(1.74799692997,0.467956863689));
#1556 = CARTESIAN_POINT('',(1.748292302249,0.472296407879));
#1557 = CARTESIAN_POINT('',(1.748630088186,0.476636063346));
#1558 = CARTESIAN_POINT('',(1.749180225705,0.483682296679));
#1559 = CARTESIAN_POINT('',(1.749391925123,0.48638884299));
#1560 = CARTESIAN_POINT('',(1.749593930668,0.489095409741));
#1561 = CARTESIAN_POINT('',(1.749773466519,0.49180199009));
#1562 = CARTESIAN_POINT('',(1.749914628445,0.494508578586));
#1563 = CARTESIAN_POINT('',(1.749997950342,0.497215170577));
#1564 = CARTESIAN_POINT('',(1.75000466896,0.506215522743));
#1565 = CARTESIAN_POINT('',(1.749564543302,0.512509357464));
#1566 = CARTESIAN_POINT('',(1.748976306577,0.518803108415));
#1567 = CARTESIAN_POINT('',(1.748419010028,0.525096690214));
#1568 = CARTESIAN_POINT('',(1.74798524869,0.531390064344));
#1569 = CARTESIAN_POINT('',(1.74770904059,0.537683177483));
#1570 = CARTESIAN_POINT('',(1.74734114975,0.557192755261));
#1571 = CARTESIAN_POINT('',(1.747786189365,0.570411108784));
#1572 = CARTESIAN_POINT('',(1.748926715807,0.583625133999));
#1573 = CARTESIAN_POINT('',(1.750065401223,0.596836824735));
#1574 = CARTESIAN_POINT('',(1.750795259493,0.610049474498));
#1575 = CARTESIAN_POINT('',(1.751087152514,0.623265613203));
#1576 = CARTESIAN_POINT('',(1.751055401769,0.64554122309));
#1577 = CARTESIAN_POINT('',(1.75089679317,0.654603385466));
#1578 = CARTESIAN_POINT('',(1.75063273986,0.663666058566));
#1579 = CARTESIAN_POINT('',(1.750345112423,0.672729369983));
#1580 = CARTESIAN_POINT('',(1.750116045138,0.681793586901));
#1581 = CARTESIAN_POINT('',(1.749998676057,0.690858539407));
#1582 = CARTESIAN_POINT('',(1.750001376478,0.709554076003));
#1583 = CARTESIAN_POINT('',(1.750136815107,0.719185753492));
#1584 = CARTESIAN_POINT('',(1.750417114513,0.72881668918));
#1585 = CARTESIAN_POINT('',(1.750796448821,0.738446622427));
#1586 = CARTESIAN_POINT('',(1.751168721477,0.74807581898));
#1587 = CARTESIAN_POINT('',(1.751400662484,0.757704334325));
#1588 = CARTESIAN_POINT('',(1.7514025459,0.775983576226));
#1589 = CARTESIAN_POINT('',(1.751216449107,0.784635489192));
#1590 = CARTESIAN_POINT('',(1.750777847727,0.793286392144));
#1591 = CARTESIAN_POINT('',(1.750041408254,0.801936610019));
#1592 = CARTESIAN_POINT('',(1.749026002864,0.810586848417));
#1593 = CARTESIAN_POINT('',(1.747833166193,0.819237633413));
#1594 = CARTESIAN_POINT('',(1.74584021369,0.833687376838));
#1595 = CARTESIAN_POINT('',(1.745040141034,0.83948640014));
#1596 = CARTESIAN_POINT('',(1.74429272,0.845285785364));
#1597 = CARTESIAN_POINT('',(1.743665081959,0.851085644614));
#1598 = CARTESIAN_POINT('',(1.743236411249,0.856886093636));
#1599 = CARTESIAN_POINT('',(1.743090345203,0.862687170925));
#1600 = CARTESIAN_POINT('',(1.743443346323,0.872367698285));
#1601 = CARTESIAN_POINT('',(1.743744691309,0.876246894105));
#1602 = CARTESIAN_POINT('',(1.744228216624,0.880126327649));
#1603 = CARTESIAN_POINT('',(1.744914772348,0.884005980514));
#1604 = CARTESIAN_POINT('',(1.745821538459,0.88788582764));
#1605 = CARTESIAN_POINT('',(1.74695978574,0.891765828681));
#1606 = CARTESIAN_POINT('',(1.750286319803,0.9011676169));
#1607 = CARTESIAN_POINT('',(1.75271514882,0.906689549269));
#1608 = CARTESIAN_POINT('',(1.75562740256,0.912211502077));
#1609 = CARTESIAN_POINT('',(1.758997745152,0.917733293396));
#1610 = CARTESIAN_POINT('',(1.762750032256,0.923254753115));
#1611 = CARTESIAN_POINT('',(1.766740117279,0.928775702285));
#1612 = CARTESIAN_POINT('',(1.776156942951,0.941776207735));
#1613 = CARTESIAN_POINT('',(1.781591038507,0.949255236109));
#1614 = CARTESIAN_POINT('',(1.786468574246,0.956732668206));
#1615 = CARTESIAN_POINT('',(1.789935475587,0.96420842513));
#1616 = CARTESIAN_POINT('',(1.790765562521,0.971682739807));
#1617 = CARTESIAN_POINT('',(1.787313284731,0.979156302155));
#1618 = CARTESIAN_POINT('',(1.775004642209,0.988540249387));
#1619 = CARTESIAN_POINT('',(1.772085091998,0.990450021176));
#1620 = CARTESIAN_POINT('',(1.768716420215,0.992359842288));
#1621 = CARTESIAN_POINT('',(1.764862388431,0.994269731661));
#1622 = CARTESIAN_POINT('',(1.760485041631,0.996179708316));
#1623 = CARTESIAN_POINT('',(1.755544708216,0.998089791363));
#1624 = CARTESIAN_POINT('',(1.75,1.));
#1625 = ( GEOMETRIC_REPRESENTATION_CONTEXT(2) 
PARAMETRIC_REPRESENTATION_CONTEXT() REPRESENTATION_CONTEXT('2D SPACE',''
  ) );
#1626 = ORIENTED_EDGE('',*,*,#1627,.T.);
#1627 = EDGE_CURVE('',#1320,#1628,#1630,.T.);
#1628 = VERTEX_POINT('',#1629);
#1629 = CARTESIAN_POINT('',(13.7,2.934086468697E-14,1.376314072076));
#1630 = SURFACE_CURVE('',#1631,(#1635,#1642),.PCURVE_S1.);
#1631 = LINE('',#1632,#1633);
#1632 = CARTESIAN_POINT('',(13.7,-3.355532229664E-15,0.2));
#1633 = VECTOR('',#1634,1.);
#1634 = DIRECTION('',(0.,0.,1.));
#1635 = PCURVE('',#1304,#1636);
#1636 = DEFINITIONAL_REPRESENTATION('',(#1637),#1641);
#1637 = LINE('',#1638,#1639);
#1638 = CARTESIAN_POINT('',(6.28318530718,-0.));
#1639 = VECTOR('',#1640,1.);
#1640 = DIRECTION('',(0.,1.));
#1641 = ( GEOMETRIC_REPRESENTATION_CONTEXT(2) 
PARAMETRIC_REPRESENTATION_CONTEXT() REPRESENTATION_CONTEXT('2D SPACE',''
  ) );
#1642 = PCURVE('',#1643,#1648);
#1643 = CYLINDRICAL_SURFACE('',#1644,13.7);
#1644 = AXIS2_PLACEMENT_3D('',#1645,#1646,#1647);
#1645 = CARTESIAN_POINT('',(0.,0.,0.2));
#1646 = DIRECTION('',(0.,0.,1.));
#1647 = DIRECTION('',(1.,0.,-0.));
#1648 = DEFINITIONAL_REPRESENTATION('',(#1649),#1653);
#1649 = LINE('',#1650,#1651);
#1650 = CARTESIAN_POINT('',(0.,-0.));
#1651 = VECTOR('',#1652,1.);
#1652 = DIRECTION('',(0.,1.));
#1653 = ( GEOMETRIC_REPRESENTATION_CONTEXT(2) 
PARAMETRIC_REPRESENTATION_CONTEXT() REPRESENTATION_CONTEXT('2D SPACE',''
  ) );
#1654 = ORIENTED_EDGE('',*,*,#1655,.F.);
#1655 = EDGE_CURVE('',#1656,#1628,#1658,.T.);
#1656 = VERTEX_POINT('',#1657);
#1657 = CARTESIAN_POINT('',(13.7,-6.108691004462E-15,0.376314072082));
#1658 = SURFACE_CURVE('',#1659,(#1816,#1976),.PCURVE_S1.);
#1659 = B_SPLINE_CURVE_WITH_KNOTS('',8,(#1660,#1661,#1662,#1663,#1664,
    #1665,#1666,#1667,#1668,#1669,#1670,#1671,#1672,#1673,#1674,#1675,
    #1676,#1677,#1678,#1679,#1680,#1681,#1682,#1683,#1684,#1685,#1686,
    #1687,#1688,#1689,#1690,#1691,#1692,#1693,#1694,#1695,#1696,#1697,
    #1698,#1699,#1700,#1701,#1702,#1703,#1704,#1705,#1706,#1707,#1708,
    #1709,#1710,#1711,#1712,#1713,#1714,#1715,#1716,#1717,#1718,#1719,
    #1720,#1721,#1722,#1723,#1724,#1725,#1726,#1727,#1728,#1729,#1730,
    #1731,#1732,#1733,#1734,#1735,#1736,#1737,#1738,#1739,#1740,#1741,
    #1742,#1743,#1744,#1745,#1746,#1747,#1748,#1749,#1750,#1751,#1752,
    #1753,#1754,#1755,#1756,#1757,#1758,#1759,#1760,#1761,#1762,#1763,
    #1764,#1765,#1766,#1767,#1768,#1769,#1770,#1771,#1772,#1773,#1774,
    #1775,#1776,#1777,#1778,#1779,#1780,#1781,#1782,#1783,#1784,#1785,
    #1786,#1787,#1788,#1789,#1790,#1791,#1792,#1793,#1794,#1795,#1796,
    #1797,#1798,#1799,#1800,#1801,#1802,#1803,#1804,#1805,#1806,#1807,
    #1808,#1809,#1810,#1811,#1812,#1813,#1814,#1815),.UNSPECIFIED.,.F.,
  .F.,(9,7,7,7,7,7,7,7,7,7,7,7,7,7,7,7,7,7,7,7,7,7,9),(0.,
    1.29332205823E-02,6.576961943308E-02,0.103826448876,0.13084578174,
    0.234430725194,0.302186880773,0.364179686664,0.413965276839,
    0.449971101102,0.481139650722,0.500137016646,0.518985537699,
    0.54398368411,0.636710331826,0.699809458462,0.767450073442,
    0.828218180384,0.857226632238,0.895761081081,0.934667184643,
    0.986920179045,1.),.UNSPECIFIED.);
#1660 = CARTESIAN_POINT('',(13.7,-2.13162820728E-14,0.376314072083));
#1661 = CARTESIAN_POINT('',(13.7,0.139081491692,0.377930173238));
#1662 = CARTESIAN_POINT('',(13.698386322962,0.278177169694,
    0.379546186333));
#1663 = CARTESIAN_POINT('',(13.695158442794,0.417262962624,
    0.381162122208));
#1664 = CARTESIAN_POINT('',(13.690316281609,0.556315054956,0.38277799167
    ));
#1665 = CARTESIAN_POINT('',(13.683860209726,0.695309887021,
    0.384393805487));
#1666 = CARTESIAN_POINT('',(13.675791045669,0.834224155009,
    0.386009574391));
#1667 = CARTESIAN_POINT('',(13.666110056168,0.973034810966,
    0.387625309079));
#1668 = CARTESIAN_POINT('',(13.608691152192,1.678289191045,
    0.395841723978));
#1669 = CARTESIAN_POINT('',(13.535691287688,2.24273808922,0.402441900366
    ));
#1670 = CARTESIAN_POINT('',(13.435933847547,2.803526029943,
    0.409042455825));
#1671 = CARTESIAN_POINT('',(13.309643097856,3.359150833475,
    0.415643928753));
#1672 = CARTESIAN_POINT('',(13.15714218267,3.908145661881,0.422246588296
    ));
#1673 = CARTESIAN_POINT('',(12.978846576355,4.44907784206,0.428850505901
    ));
#1674 = CARTESIAN_POINT('',(12.775261891492,4.98054871763,0.4354555996)
  );
#1675 = CARTESIAN_POINT('',(12.382564256496,5.876203601054,
    0.446819836277));
#1676 = CARTESIAN_POINT('',(12.205331776609,6.245598461421,
    0.451578542933));
#1677 = CARTESIAN_POINT('',(12.015513418904,6.608866693609,
    0.456337647662));
#1678 = CARTESIAN_POINT('',(11.813357070868,6.965508821731,
    0.461097040364));
#1679 = CARTESIAN_POINT('',(11.59913372281,7.315038457337,0.465856617081
    ));
#1680 = CARTESIAN_POINT('',(11.373137499412,7.656982445579,
    0.470616272879));
#1681 = CARTESIAN_POINT('',(11.135685691278,7.99088101138,0.475375894743
    ));
#1682 = CARTESIAN_POINT('',(10.710642920324,8.547318112793,
    0.483514443798));
#1683 = CARTESIAN_POINT('',(10.528563387605,8.774069337786,
    0.486893470265));
#1684 = CARTESIAN_POINT('',(10.341001709579,8.996382425016,
    0.490272393892));
#1685 = CARTESIAN_POINT('',(10.148084445321,9.214102783523,
    0.493651186345));
#1686 = CARTESIAN_POINT('',(9.949943183581,9.427080391937,0.497029827796
    ));
#1687 = CARTESIAN_POINT('',(9.746714534631,9.635169803468,0.500408303783
    ));
#1688 = CARTESIAN_POINT('',(9.538540122113,9.838230150893,0.503786602072
    ));
#1689 = CARTESIAN_POINT('',(8.509082579592,10.794802005452,
    0.520115475929));
#1690 = CARTESIAN_POINT('',(7.621809526699,11.477797117262,0.53306746042
    ));
#1691 = CARTESIAN_POINT('',(6.672288850903,12.077022709538,0.54601431493
    ));
#1692 = CARTESIAN_POINT('',(5.669855360738,12.586019172378,
    0.558957154792));
#1693 = CARTESIAN_POINT('',(4.624421013021,12.999563624714,
    0.571899368685));
#1694 = CARTESIAN_POINT('',(3.54646549247,13.313692070184,0.584844148269
    ));
#1695 = CARTESIAN_POINT('',(2.44701347445,13.525692582844,0.597792625778
    ));
#1696 = CARTESIAN_POINT('',(0.612223846514,13.705717335168,0.61920729147
    ));
#1697 = CARTESIAN_POINT('',(-0.117707454228,13.732784991252,
    0.627676896866));
#1698 = CARTESIAN_POINT('',(-0.848818316892,13.715408495195,
    0.63614713304));
#1699 = CARTESIAN_POINT('',(-1.577948059795,13.653558208251,
    0.644617890405));
#1700 = CARTESIAN_POINT('',(-2.30196493196,13.547467665276,
    0.653089273821));
#1701 = CARTESIAN_POINT('',(-3.017766460777,13.397623823883,
    0.661561312419));
#1702 = CARTESIAN_POINT('',(-3.722282018861,13.204776486908,
    0.670033685524));
#1703 = CARTESIAN_POINT('',(-5.043965051364,12.755130251543,
    0.686256632932));
#1704 = CARTESIAN_POINT('',(-5.663523513829,12.505146501999,
    0.694008013753));
#1705 = CARTESIAN_POINT('',(-6.268832839649,12.220799632024,
    0.701758979565));
#1706 = CARTESIAN_POINT('',(-6.857672773866,11.903050299031,
    0.709509328959));
#1707 = CARTESIAN_POINT('',(-7.427915142886,11.553020625495,
    0.717259115813));
#1708 = CARTESIAN_POINT('',(-7.977521718483,11.171988858155,
    0.725008463023));
#1709 = CARTESIAN_POINT('',(-8.504547767373,10.761393896302,
    0.732757360842));
#1710 = CARTESIAN_POINT('',(-9.410785425104,9.970660723743,
    0.746727836098));
#1711 = CARTESIAN_POINT('',(-9.798688222682,9.600428580643,
    0.752950005226));
#1712 = CARTESIAN_POINT('',(-10.16990839214,9.212981434954,
    0.759171850035));
#1713 = CARTESIAN_POINT('',(-10.52355747667,8.809200538955,
    0.765393428346));
#1714 = CARTESIAN_POINT('',(-10.85880641876,8.390017075698,
    0.771614887427));
#1715 = CARTESIAN_POINT('',(-11.17488449224,7.956411009235,
    0.777836385712));
#1716 = CARTESIAN_POINT('',(-11.471080597,7.509411931468,0.784058011802)
  );
#1717 = CARTESIAN_POINT('',(-11.94611370151,6.717920726049,
    0.794779336847));
#1718 = CARTESIAN_POINT('',(-12.13474574382,6.379294797794,
    0.799279080378));
#1719 = CARTESIAN_POINT('',(-12.31239891882,6.034631108688,
    0.803778934987));
#1720 = CARTESIAN_POINT('',(-12.47884851477,5.684345599387,
    0.808278926763));
#1721 = CARTESIAN_POINT('',(-12.63388925378,5.328863121092,
    0.812779089193));
#1722 = CARTESIAN_POINT('',(-12.77733531278,4.968617393247,
    0.817279448107));
#1723 = CARTESIAN_POINT('',(-12.90902034459,4.604050961231,0.82178000663
    ));
#1724 = CARTESIAN_POINT('',(-13.13248295125,3.916677593998,
    0.830176794895));
#1725 = CARTESIAN_POINT('',(-13.2272459335,3.594838268327,0.834073010668
    ));
#1726 = CARTESIAN_POINT('',(-13.31299137719,3.270389710469,
    0.837969359384));
#1727 = CARTESIAN_POINT('',(-13.3896359602,2.94362703363,0.841865830409)
  );
#1728 = CARTESIAN_POINT('',(-13.45710810137,2.614847912244,
    0.845762415173));
#1729 = CARTESIAN_POINT('',(-13.51534795507,2.284352563429,
    0.849659101817));
#1730 = CARTESIAN_POINT('',(-13.56430740581,1.952443728441,
    0.853555869832));
#1731 = CARTESIAN_POINT('',(-13.62811243389,1.416451305687,
    0.859827810233));
#1732 = CARTESIAN_POINT('',(-13.64881371569,1.21306387947,0.862202957619
    ));
#1733 = CARTESIAN_POINT('',(-13.66604570397,1.009333320662,
    0.864578121291));
#1734 = CARTESIAN_POINT('',(-13.6798018455,0.805328678072,0.866953296693
    ));
#1735 = CARTESIAN_POINT('',(-13.6900772387,0.601119103264,0.869328480059
    ));
#1736 = CARTESIAN_POINT('',(-13.69686863449,0.396773849672,
    0.871703668187));
#1737 = CARTESIAN_POINT('',(-13.70017443692,0.192362271729,
    0.874078858218));
#1738 = CARTESIAN_POINT('',(-13.69981637928,-0.214853078095,
    0.878810626932));
#1739 = CARTESIAN_POINT('',(-13.69620692369,-0.417657055525,
    0.881167207479));
#1740 = CARTESIAN_POINT('',(-13.68916639809,-0.62039025766,
    0.883523786092));
#1741 = CARTESIAN_POINT('',(-13.67869646753,-0.82298493882,
    0.885880359781));
#1742 = CARTESIAN_POINT('',(-13.66480039969,-1.025373459028,
    0.888236925306));
#1743 = CARTESIAN_POINT('',(-13.64748306333,-1.227488284747,
    0.89059347896));
#1744 = CARTESIAN_POINT('',(-13.62675092677,-1.42926198962,0.89295001635
    ));
#1745 = CARTESIAN_POINT('',(-13.5705975011,-1.897691094175,
    0.898431898224));
#1746 = CARTESIAN_POINT('',(-13.53259051401,-2.16403687431,
    0.901557230821));
#1747 = CARTESIAN_POINT('',(-13.48860996048,-2.429507333653,
    0.904682514739));
#1748 = CARTESIAN_POINT('',(-13.43867957535,-2.693946171845,
    0.907807739428));
#1749 = CARTESIAN_POINT('',(-13.38282796288,-2.957198055,0.910932897318)
  );
#1750 = CARTESIAN_POINT('',(-13.32108859666,-3.219108620559,
    0.914057982129));
#1751 = CARTESIAN_POINT('',(-13.25349981958,-3.479524482155,
    0.917182987175));
#1752 = CARTESIAN_POINT('',(-12.9078578558,-4.698154759482,
    0.931899284317));
#1753 = CARTESIAN_POINT('',(-12.5556679846,-5.635543128001,
    0.943491740247));
#1754 = CARTESIAN_POINT('',(-12.12576434651,-6.542403827956,
    0.955081643079));
#1755 = CARTESIAN_POINT('',(-11.6213217595,-7.411250346458,
    0.966669285858));
#1756 = CARTESIAN_POINT('',(-11.04629391119,-8.235084369851,
    0.978256429497));
#1757 = CARTESIAN_POINT('',(-10.40535816967,-9.007368165845,
    0.989844964524));
#1758 = CARTESIAN_POINT('',(-9.703964914017,-9.722062960787,
    1.001435523285));
#1759 = CARTESIAN_POINT('',(-8.434390735048,-10.81720866104,
    1.020911263861));
#1760 = CARTESIAN_POINT('',(-7.895158700482,-11.23157278629,
    1.028798514311));
#1761 = CARTESIAN_POINT('',(-7.332741152016,-11.61514736871,
    1.036686227967));
#1762 = CARTESIAN_POINT('',(-6.749199975346,-11.96642965421,
    1.044574385753));
#1763 = CARTESIAN_POINT('',(-6.146695807898,-12.28409017917,
    1.052463115035));
#1764 = CARTESIAN_POINT('',(-5.527484123383,-12.56696769894,
    1.060352470672));
#1765 = CARTESIAN_POINT('',(-4.893917540959,-12.81407513239,
    1.068242232747));
#1766 = CARTESIAN_POINT('',(-3.556534693814,-13.25031139138,
    1.084589046229));
#1767 = CARTESIAN_POINT('',(-2.850873006199,-13.43401043948,
    1.093046918572));
#1768 = CARTESIAN_POINT('',(-2.134500407709,-13.57471602672,
    1.101504413435));
#1769 = CARTESIAN_POINT('',(-1.410480833825,-13.67172031151,
    1.109961214289));
#1770 = CARTESIAN_POINT('',(-0.681906633765,-13.72457688407,
    1.11841735754));
#1771 = CARTESIAN_POINT('',(4.810385821558E-02,-13.73309140734,
    1.126872959993));
#1772 = CARTESIAN_POINT('',(0.776406770036,-13.69733126573,
    1.135327928895));
#1773 = CARTESIAN_POINT('',(2.149753257694,-13.54607262612,
    1.151376454015));
#1774 = CARTESIAN_POINT('',(2.795795269135,-13.43903865901,
    1.158970914385));
#1775 = CARTESIAN_POINT('',(3.435665122749,-13.29680020316,
    1.166564682934));
#1776 = CARTESIAN_POINT('',(4.067124756167,-13.11978409336,
    1.174157854316));
#1777 = CARTESIAN_POINT('',(4.687986325213,-12.90858138008,
    1.181750779714));
#1778 = CARTESIAN_POINT('',(5.296111395289,-12.66394225677,
    1.189343860852));
#1779 = CARTESIAN_POINT('',(5.889413112679,-12.38678065091,
    1.196937328867));
#1780 = CARTESIAN_POINT('',(6.741036475555,-11.93087796307,
    1.208155950291));
#1781 = CARTESIAN_POINT('',(7.012376502426,-11.77640227344,
    1.211781011425));
#1782 = CARTESIAN_POINT('',(7.279663069754,-11.61487834756,
    1.215406206604));
#1783 = CARTESIAN_POINT('',(7.542682737921,-11.44643065452,
    1.219031558478));
#1784 = CARTESIAN_POINT('',(7.80122700451,-11.27119119014,1.222657091536
    ));
#1785 = CARTESIAN_POINT('',(8.055092314494,-11.08929947231,
    1.226282826427));
#1786 = CARTESIAN_POINT('',(8.304080070417,-10.9009025364,1.229908774288
    ));
#1787 = CARTESIAN_POINT('',(8.872012233601,-10.44745475281,
    1.238351870415));
#1788 = CARTESIAN_POINT('',(9.187081815537,-10.17754585766,
    1.243169218569));
#1789 = CARTESIAN_POINT('',(9.492750467214,-9.896791668029,
    1.247986949918));
#1790 = CARTESIAN_POINT('',(9.788583121046,-9.605575435206,
    1.252805055387));
#1791 = CARTESIAN_POINT('',(10.074164638981,-9.304300195235,
    1.257623523005));
#1792 = CARTESIAN_POINT('',(10.349099888475,-8.993388725206,
    1.262442318472));
#1793 = CARTESIAN_POINT('',(10.613013818448,-8.673283499565,
    1.267261365722));
#1794 = CARTESIAN_POINT('',(11.120524912521,-8.012438247504,
    1.276946168818));
#1795 = CARTESIAN_POINT('',(11.363904779467,-7.671524810625,
    1.281811987568));
#1796 = CARTESIAN_POINT('',(11.595326016538,-7.32218231767,
    1.286677846099));
#1797 = CARTESIAN_POINT('',(11.814448841815,-6.96490153569,
    1.291543623689));
#1798 = CARTESIAN_POINT('',(12.020958777393,-6.600187851311,
    1.296409208634));
#1799 = CARTESIAN_POINT('',(12.214566615767,-6.228561105136,
    1.301274490346));
#1800 = CARTESIAN_POINT('',(12.395008386218,-5.850555426153,
    1.30613935145));
#1801 = CARTESIAN_POINT('',(12.786384929366,-4.951206143121,
    1.31753668833));
#1802 = CARTESIAN_POINT('',(12.986546877266,-4.425172241423,
    1.324068769091));
#1803 = CARTESIAN_POINT('',(13.161956547341,-3.889937795213,
    1.330599697029));
#1804 = CARTESIAN_POINT('',(13.312127540615,-3.346856606983,
    1.337129397495));
#1805 = CARTESIAN_POINT('',(13.436659732478,-2.79731503222,
    1.343657943462));
#1806 = CARTESIAN_POINT('',(13.535241404747,-2.242732130073,
    1.350185597956));
#1807 = CARTESIAN_POINT('',(13.607655454021,-1.684560780056,
    1.356712881768));
#1808 = CARTESIAN_POINT('',(13.665337863628,-0.984044317588,
    1.364874682958));
#1809 = CARTESIAN_POINT('',(13.675239363606,-0.843668001804,
    1.366508722795));
#1810 = CARTESIAN_POINT('',(13.683492377854,-0.703184378296,
    1.368142796996));
#1811 = CARTESIAN_POINT('',(13.690095576274,-0.562617275438,
    1.369776916626));
#1812 = CARTESIAN_POINT('',(13.695048097064,-0.421990789089,
    1.371411092789));
#1813 = CARTESIAN_POINT('',(13.698349546713,-0.281329282595,
    1.373045336627));
#1814 = CARTESIAN_POINT('',(13.7,-0.140657386792,1.374679659319));
#1815 = CARTESIAN_POINT('',(13.7,-1.95399252334E-14,1.376314072083));
#1816 = PCURVE('',#1304,#1817);
#1817 = DEFINITIONAL_REPRESENTATION('',(#1818),#1975);
#1818 = B_SPLINE_CURVE_WITH_KNOTS('',8,(#1819,#1820,#1821,#1822,#1823,
    #1824,#1825,#1826,#1827,#1828,#1829,#1830,#1831,#1832,#1833,#1834,
    #1835,#1836,#1837,#1838,#1839,#1840,#1841,#1842,#1843,#1844,#1845,
    #1846,#1847,#1848,#1849,#1850,#1851,#1852,#1853,#1854,#1855,#1856,
    #1857,#1858,#1859,#1860,#1861,#1862,#1863,#1864,#1865,#1866,#1867,
    #1868,#1869,#1870,#1871,#1872,#1873,#1874,#1875,#1876,#1877,#1878,
    #1879,#1880,#1881,#1882,#1883,#1884,#1885,#1886,#1887,#1888,#1889,
    #1890,#1891,#1892,#1893,#1894,#1895,#1896,#1897,#1898,#1899,#1900,
    #1901,#1902,#1903,#1904,#1905,#1906,#1907,#1908,#1909,#1910,#1911,
    #1912,#1913,#1914,#1915,#1916,#1917,#1918,#1919,#1920,#1921,#1922,
    #1923,#1924,#1925,#1926,#1927,#1928,#1929,#1930,#1931,#1932,#1933,
    #1934,#1935,#1936,#1937,#1938,#1939,#1940,#1941,#1942,#1943,#1944,
    #1945,#1946,#1947,#1948,#1949,#1950,#1951,#1952,#1953,#1954,#1955,
    #1956,#1957,#1958,#1959,#1960,#1961,#1962,#1963,#1964,#1965,#1966,
    #1967,#1968,#1969,#1970,#1971,#1972,#1973,#1974),.UNSPECIFIED.,.F.,
  .F.,(9,7,7,7,7,7,7,7,7,7,7,7,7,7,7,7,7,7,7,7,7,7,9),(0.,
    1.29332205823E-02,6.576961943308E-02,0.103826448876,0.13084578174,
    0.234430725194,0.302186880773,0.364179686664,0.413965276839,
    0.449971101102,0.481139650722,0.500137016646,0.518985537699,
    0.54398368411,0.636710331826,0.699809458462,0.767450073442,
    0.828218180384,0.857226632238,0.895761081081,0.934667184643,
    0.986920179045,1.),.UNSPECIFIED.);
#1819 = CARTESIAN_POINT('',(0.,0.176314072083));
#1820 = CARTESIAN_POINT('',(1.015193370015E-02,0.177930173238));
#1821 = CARTESIAN_POINT('',(2.030490205864E-02,0.179546186333));
#1822 = CARTESIAN_POINT('',(3.045874411197E-02,0.181162122208));
#1823 = CARTESIAN_POINT('',(4.061331709025E-02,0.18277799167));
#1824 = CARTESIAN_POINT('',(5.076849641722E-02,0.184393805487));
#1825 = CARTESIAN_POINT('',(6.092417571023E-02,0.186009574391));
#1826 = CARTESIAN_POINT('',(7.108026678026E-02,0.187625309079));
#1827 = CARTESIAN_POINT('',(0.122729020407,0.195841723978));
#1828 = CARTESIAN_POINT('',(0.164226179325,0.202441900366));
#1829 = CARTESIAN_POINT('',(0.205724358555,0.209042455825));
#1830 = CARTESIAN_POINT('',(0.247221854011,0.215643928753));
#1831 = CARTESIAN_POINT('',(0.288718319604,0.222246588296));
#1832 = CARTESIAN_POINT('',(0.3302141136,0.228850505901));
#1833 = CARTESIAN_POINT('',(0.371709747097,0.2354555996));
#1834 = CARTESIAN_POINT('',(0.44309381339,0.246819836277));
#1835 = CARTESIAN_POINT('',(0.472982367342,0.251578542933));
#1836 = CARTESIAN_POINT('',(0.502870935214,0.256337647662));
#1837 = CARTESIAN_POINT('',(0.53275954847,0.261097040364));
#1838 = CARTESIAN_POINT('',(0.562648322767,0.265856617081));
#1839 = CARTESIAN_POINT('',(0.592537349427,0.270616272879));
#1840 = CARTESIAN_POINT('',(0.622426586918,0.275375894743));
#1841 = CARTESIAN_POINT('',(0.673536261785,0.283514443798));
#1842 = CARTESIAN_POINT('',(0.694756856097,0.286893470265));
#1843 = CARTESIAN_POINT('',(0.715977480017,0.290272393892));
#1844 = CARTESIAN_POINT('',(0.73719812026,0.293651186345));
#1845 = CARTESIAN_POINT('',(0.758418785008,0.297029827796));
#1846 = CARTESIAN_POINT('',(0.779639483418,0.300408303783));
#1847 = CARTESIAN_POINT('',(0.80086020513,0.303786602072));
#1848 = CARTESIAN_POINT('',(0.903435404919,0.320115475929));
#1849 = CARTESIAN_POINT('',(0.984814790483,0.33306746042));
#1850 = CARTESIAN_POINT('',(1.066181099408,0.34601431493));
#1851 = CARTESIAN_POINT('',(1.147536341303,0.358957154792));
#1852 = CARTESIAN_POINT('',(1.228891633433,0.371899368685));
#1853 = CARTESIAN_POINT('',(1.310258065938,0.384844148269));
#1854 = CARTESIAN_POINT('',(1.391637556068,0.397792625778));
#1855 = CARTESIAN_POINT('',(1.526206917548,0.41920729147));
#1856 = CARTESIAN_POINT('',(1.579424844492,0.427676896866));
#1857 = CARTESIAN_POINT('',(1.632641428083,0.43614713304));
#1858 = CARTESIAN_POINT('',(1.685856335313,0.444617890405));
#1859 = CARTESIAN_POINT('',(1.739071242258,0.453089273821));
#1860 = CARTESIAN_POINT('',(1.792287824327,0.461561312419));
#1861 = CARTESIAN_POINT('',(1.845505746603,0.470033685524));
#1862 = CARTESIAN_POINT('',(1.947409093225,0.486256632932));
#1863 = CARTESIAN_POINT('',(1.996099471531,0.494008013753));
#1864 = CARTESIAN_POINT('',(2.044788986709,0.501758979565));
#1865 = CARTESIAN_POINT('',(2.093477424055,0.509509328959));
#1866 = CARTESIAN_POINT('',(2.142165862747,0.517259115813));
#1867 = CARTESIAN_POINT('',(2.190855381876,0.525008463023));
#1868 = CARTESIAN_POINT('',(2.239545766448,0.532757360842));
#1869 = CARTESIAN_POINT('',(2.327335251428,0.546727836098));
#1870 = CARTESIAN_POINT('',(2.366436953537,0.552950005226));
#1871 = CARTESIAN_POINT('',(2.405538368762,0.559171850035));
#1872 = CARTESIAN_POINT('',(2.444639419465,0.565393428346));
#1873 = CARTESIAN_POINT('',(2.483740466295,0.571614887427));
#1874 = CARTESIAN_POINT('',(2.5228418724,0.577836385712));
#1875 = CARTESIAN_POINT('',(2.561943566852,0.584058011802));
#1876 = CARTESIAN_POINT('',(2.6293231751,0.594779336847));
#1877 = CARTESIAN_POINT('',(2.657601870178,0.599279080378));
#1878 = CARTESIAN_POINT('',(2.685880509088,0.603778934987));
#1879 = CARTESIAN_POINT('',(2.71415907834,0.608278926763));
#1880 = CARTESIAN_POINT('',(2.742437649202,0.612779089193));
#1881 = CARTESIAN_POINT('',(2.770716292538,0.617279448107));
#1882 = CARTESIAN_POINT('',(2.798994993648,0.62178000663));
#1883 = CARTESIAN_POINT('',(2.851752998928,0.630176794895));
#1884 = CARTESIAN_POINT('',(2.876232507417,0.634073010668));
#1885 = CARTESIAN_POINT('',(2.900711993237,0.637969359384));
#1886 = CARTESIAN_POINT('',(2.925191443364,0.641865830409));
#1887 = CARTESIAN_POINT('',(2.94967088927,0.645762415173));
#1888 = CARTESIAN_POINT('',(2.974150365093,0.649659101817));
#1889 = CARTESIAN_POINT('',(2.998629865818,0.653555869832));
#1890 = CARTESIAN_POINT('',(3.038029629878,0.659827810233));
#1891 = CARTESIAN_POINT('',(3.052949959136,0.662202957619));
#1892 = CARTESIAN_POINT('',(3.067870286548,0.664578121291));
#1893 = CARTESIAN_POINT('',(3.082790612194,0.666953296693));
#1894 = CARTESIAN_POINT('',(3.097710939361,0.669328480059));
#1895 = CARTESIAN_POINT('',(3.112631271004,0.671703668187));
#1896 = CARTESIAN_POINT('',(3.127551606203,0.674078858218));
#1897 = CARTESIAN_POINT('',(3.157275365856,0.678810626932));
#1898 = CARTESIAN_POINT('',(3.172078801826,0.681167207479));
#1899 = CARTESIAN_POINT('',(3.186882235239,0.683523786092));
#1900 = CARTESIAN_POINT('',(3.201685664357,0.685880359781));
#1901 = CARTESIAN_POINT('',(3.216489091591,0.688236925306));
#1902 = CARTESIAN_POINT('',(3.231292520086,0.69059347896));
#1903 = CARTESIAN_POINT('',(3.24609595031,0.69295001635));
#1904 = CARTESIAN_POINT('',(3.280532652807,0.698431898224));
#1905 = CARTESIAN_POINT('',(3.300165950029,0.701557230821));
#1906 = CARTESIAN_POINT('',(3.319799239087,0.704682514739));
#1907 = CARTESIAN_POINT('',(3.339432518231,0.707807739428));
#1908 = CARTESIAN_POINT('',(3.359065799286,0.710932897318));
#1909 = CARTESIAN_POINT('',(3.378699093739,0.714057982129));
#1910 = CARTESIAN_POINT('',(3.398332398831,0.717182987175));
#1911 = CARTESIAN_POINT('',(3.490792230659,0.731899284317));
#1912 = CARTESIAN_POINT('',(3.563632909682,0.743491740247));
#1913 = CARTESIAN_POINT('',(3.636466259372,0.755081643079));
#1914 = CARTESIAN_POINT('',(3.709292873856,0.766669285858));
#1915 = CARTESIAN_POINT('',(3.782119585972,0.778256429497));
#1916 = CARTESIAN_POINT('',(3.854953195076,0.789844964524));
#1917 = CARTESIAN_POINT('',(3.927794115564,0.801435523285));
#1918 = CARTESIAN_POINT('',(4.050177490024,0.820911263861));
#1919 = CARTESIAN_POINT('',(4.099736783758,0.828798514311));
#1920 = CARTESIAN_POINT('',(4.14929513716,0.836686227967));
#1921 = CARTESIAN_POINT('',(4.198852311149,0.844574385753));
#1922 = CARTESIAN_POINT('',(4.248409481582,0.852463115035));
#1923 = CARTESIAN_POINT('',(4.297967826667,0.860352470672));
#1924 = CARTESIAN_POINT('',(4.347527114059,0.868242232747));
#1925 = CARTESIAN_POINT('',(4.450208282816,0.884589046229));
#1926 = CARTESIAN_POINT('',(4.503335267612,0.893046918572));
#1927 = CARTESIAN_POINT('',(4.556460924306,0.901504413435));
#1928 = CARTESIAN_POINT('',(4.609584920173,0.909961214289));
#1929 = CARTESIAN_POINT('',(4.66270891642,0.91841735754));
#1930 = CARTESIAN_POINT('',(4.715834575745,0.926872959993));
#1931 = CARTESIAN_POINT('',(4.768961568535,0.935327928895));
#1932 = CARTESIAN_POINT('',(4.869812013502,0.951376454015));
#1933 = CARTESIAN_POINT('',(4.91754021795,0.958970914385));
#1934 = CARTESIAN_POINT('',(4.965267639029,0.966564682934));
#1935 = CARTESIAN_POINT('',(5.01299407222,0.974157854316));
#1936 = CARTESIAN_POINT('',(5.060720489142,0.981750779714));
#1937 = CARTESIAN_POINT('',(5.108447865901,0.989343860852));
#1938 = CARTESIAN_POINT('',(5.156176011111,0.996937328867));
#1939 = CARTESIAN_POINT('',(5.22668520745,1.008155950291));
#1940 = CARTESIAN_POINT('',(5.249468064272,1.011781011425));
#1941 = CARTESIAN_POINT('',(5.272250903036,1.015406206604));
#1942 = CARTESIAN_POINT('',(5.295033720572,1.019031558478));
#1943 = CARTESIAN_POINT('',(5.317816542371,1.022657091536));
#1944 = CARTESIAN_POINT('',(5.340599393375,1.026282826427));
#1945 = CARTESIAN_POINT('',(5.36338226877,1.029908774288));
#1946 = CARTESIAN_POINT('',(5.416429526806,1.038351870415));
#1947 = CARTESIAN_POINT('',(5.44669413456,1.043169218569));
#1948 = CARTESIAN_POINT('',(5.476958665986,1.047986949918));
#1949 = CARTESIAN_POINT('',(5.507223090704,1.052805055387));
#1950 = CARTESIAN_POINT('',(5.537487491101,1.057623523005));
#1951 = CARTESIAN_POINT('',(5.567751943421,1.062442318472));
#1952 = CARTESIAN_POINT('',(5.598016398862,1.067261365722));
#1953 = CARTESIAN_POINT('',(5.658836620451,1.076946168818));
#1954 = CARTESIAN_POINT('',(5.689392765561,1.081811987568));
#1955 = CARTESIAN_POINT('',(5.719948685692,1.086677846099));
#1956 = CARTESIAN_POINT('',(5.750504335063,1.091543623689));
#1957 = CARTESIAN_POINT('',(5.781059815414,1.096409208634));
#1958 = CARTESIAN_POINT('',(5.811615255011,1.101274490346));
#1959 = CARTESIAN_POINT('',(5.842170687649,1.10613935145));
#1960 = CARTESIAN_POINT('',(5.913763271503,1.11753668833));
#1961 = CARTESIAN_POINT('',(5.954800565848,1.124068769091));
#1962 = CARTESIAN_POINT('',(5.995838037612,1.130599697029));
#1963 = CARTESIAN_POINT('',(6.03687617568,1.137129397495));
#1964 = CARTESIAN_POINT('',(6.077915309989,1.143657943462));
#1965 = CARTESIAN_POINT('',(6.118955089655,1.150185597956));
#1966 = CARTESIAN_POINT('',(6.159993864128,1.156712881768));
#1967 = CARTESIAN_POINT('',(6.211299507402,1.164874682958));
#1968 = CARTESIAN_POINT('',(6.221570702734,1.166508722795));
#1969 = CARTESIAN_POINT('',(6.231841481963,1.168142796996));
#1970 = CARTESIAN_POINT('',(6.24211175468,1.169776916626));
#1971 = CARTESIAN_POINT('',(6.252381411475,1.171411092789));
#1972 = CARTESIAN_POINT('',(6.262650323933,1.173045336627));
#1973 = CARTESIAN_POINT('',(6.27291834464,1.174679659319));
#1974 = CARTESIAN_POINT('',(6.28318530718,1.176314072083));
#1975 = ( GEOMETRIC_REPRESENTATION_CONTEXT(2) 
PARAMETRIC_REPRESENTATION_CONTEXT() REPRESENTATION_CONTEXT('2D SPACE',''
  ) );
#1976 = PCURVE('',#1977,#2000);
#1977 = ( BOUNDED_SURFACE() B_SPLINE_SURFACE(1,6,(
    (#1978,#1979,#1980,#1981,#1982,#1983,#1984,#1985,#1986,#1987,#1988)
    ,(#1989,#1990,#1991,#1992,#1993,#1994,#1995,#1996,#1997,#1998,#1999
)),.UNSPECIFIED.,.F.,.F.,.F.) B_SPLINE_SURFACE_WITH_KNOTS((2,2),(7,4,7),
(5.,6.),(0.,0.5,1.),.UNSPECIFIED.) GEOMETRIC_REPRESENTATION_ITEM() 
RATIONAL_B_SPLINE_SURFACE((
    (1.,1.,1.,1.,1.,1.,1.,1.,1.,1.,1.)
,(1.,1.,1.,1.,1.,1.,1.,1.,1.,1.,1.
  ))) REPRESENTATION_ITEM('') SURFACE() );
#1978 = CARTESIAN_POINT('',(13.749999999988,9.013227006196E-15,
    0.376314072081));
#1979 = CARTESIAN_POINT('',(13.701445579726,7.197831642732,
    0.459647405417));
#1980 = CARTESIAN_POINT('',(9.369136897315,14.395663285456,
    0.542980738895));
#1981 = CARTESIAN_POINT('',(-8.163211907779E-02,18.087075014376,
    0.626314072578));
#1982 = CARTESIAN_POINT('',(-9.244513885323,14.395663285451,
    0.709647406238));
#1983 = CARTESIAN_POINT('',(-18.25548611467,-1.234089265889E-11,
    0.876314073222));
#1984 = CARTESIAN_POINT('',(-9.2445138853,-14.39566328547,1.042980739564
    ));
#1985 = CARTESIAN_POINT('',(-8.163211904475E-02,-18.08707501438,
    1.126314072571));
#1986 = CARTESIAN_POINT('',(9.369136897349,-14.39566328546,1.20964740558
    ));
#1987 = CARTESIAN_POINT('',(13.701445579762,-7.197831642731,
    1.29298073875));
#1988 = CARTESIAN_POINT('',(13.750000000024,8.035477216074E-15,
    1.376314072081));
#1989 = CARTESIAN_POINT('',(13.549999999988,-9.962179894056E-14,
    0.376314072089));
#1990 = CARTESIAN_POINT('',(13.502151825788,7.093135909731,
    0.459647405424));
#1991 = CARTESIAN_POINT('',(9.232858542566,14.186271819457,0.5429807389)
  );
#1992 = CARTESIAN_POINT('',(-8.04447428853E-02,17.823990286945,
    0.626314072578));
#1993 = CARTESIAN_POINT('',(-9.110048228801,14.186271819451,
    0.709647406233));
#1994 = CARTESIAN_POINT('',(-17.98995177119,-1.216424647386E-11,
    0.876314073213));
#1995 = CARTESIAN_POINT('',(-9.110048228778,-14.18627181947,
    1.042980739559));
#1996 = CARTESIAN_POINT('',(-8.044474285251E-02,-17.82399028695,
    1.126314072571));
#1997 = CARTESIAN_POINT('',(9.232858542601,-14.18627181946,
    1.209647405585));
#1998 = CARTESIAN_POINT('',(13.502151825824,-7.093135909731,
    1.292980738757));
#1999 = CARTESIAN_POINT('',(13.550000000024,-9.839932770773E-14,
    1.376314072089));
#2000 = DEFINITIONAL_REPRESENTATION('',(#2001),#2158);
#2001 = B_SPLINE_CURVE_WITH_KNOTS('',8,(#2002,#2003,#2004,#2005,#2006,
    #2007,#2008,#2009,#2010,#2011,#2012,#2013,#2014,#2015,#2016,#2017,
    #2018,#2019,#2020,#2021,#2022,#2023,#2024,#2025,#2026,#2027,#2028,
    #2029,#2030,#2031,#2032,#2033,#2034,#2035,#2036,#2037,#2038,#2039,
    #2040,#2041,#2042,#2043,#2044,#2045,#2046,#2047,#2048,#2049,#2050,
    #2051,#2052,#2053,#2054,#2055,#2056,#2057,#2058,#2059,#2060,#2061,
    #2062,#2063,#2064,#2065,#2066,#2067,#2068,#2069,#2070,#2071,#2072,
    #2073,#2074,#2075,#2076,#2077,#2078,#2079,#2080,#2081,#2082,#2083,
    #2084,#2085,#2086,#2087,#2088,#2089,#2090,#2091,#2092,#2093,#2094,
    #2095,#2096,#2097,#2098,#2099,#2100,#2101,#2102,#2103,#2104,#2105,
    #2106,#2107,#2108,#2109,#2110,#2111,#2112,#2113,#2114,#2115,#2116,
    #2117,#2118,#2119,#2120,#2121,#2122,#2123,#2124,#2125,#2126,#2127,
    #2128,#2129,#2130,#2131,#2132,#2133,#2134,#2135,#2136,#2137,#2138,
    #2139,#2140,#2141,#2142,#2143,#2144,#2145,#2146,#2147,#2148,#2149,
    #2150,#2151,#2152,#2153,#2154,#2155,#2156,#2157),.UNSPECIFIED.,.F.,
  .F.,(9,7,7,7,7,7,7,7,7,7,7,7,7,7,7,7,7,7,7,7,7,7,9),(0.,
    1.29332205823E-02,6.576961943308E-02,0.103826448876,0.13084578174,
    0.234430725194,0.302186880773,0.364179686664,0.413965276839,
    0.449971101102,0.481139650722,0.500137016646,0.518985537699,
    0.54398368411,0.636710331826,0.699809458462,0.767450073442,
    0.828218180384,0.857226632238,0.895761081081,0.934667184643,
    0.986920179045,1.),.UNSPECIFIED.);
#2002 = CARTESIAN_POINT('',(5.249999999942,0.));
#2003 = CARTESIAN_POINT('',(5.245308989138,1.616101155014E-03));
#2004 = CARTESIAN_POINT('',(5.241041743771,3.23211424954E-03));
#2005 = CARTESIAN_POINT('',(5.237174882999,4.848050125008E-03));
#2006 = CARTESIAN_POINT('',(5.233685775194,6.463919586567E-03));
#2007 = CARTESIAN_POINT('',(5.230552537941,8.079733403079E-03));
#2008 = CARTESIAN_POINT('',(5.22775403804,9.695502307127E-03));
#2009 = CARTESIAN_POINT('',(5.225269891503,1.131123699501E-02));
#2010 = CARTESIAN_POINT('',(5.214135940617,1.952765189115E-02));
#2011 = CARTESIAN_POINT('',(5.210110895286,2.612782827669E-02));
#2012 = CARTESIAN_POINT('',(5.209666730715,3.272838373278E-02));
#2013 = CARTESIAN_POINT('',(5.211684449686,3.932985665588E-02));
#2014 = CARTESIAN_POINT('',(5.215263482518,4.593251619396E-02));
#2015 = CARTESIAN_POINT('',(5.219709025431,5.253643379282E-02));
#2016 = CARTESIAN_POINT('',(5.224507889367,5.91415274844E-02));
#2017 = CARTESIAN_POINT('',(5.232739361806,7.050576414768E-02));
#2018 = CARTESIAN_POINT('',(5.236178773427,7.526447079811E-02));
#2019 = CARTESIAN_POINT('',(5.239474295045,8.002357552014E-02));
#2020 = CARTESIAN_POINT('',(5.242529221356,8.478296821537E-02));
#2021 = CARTESIAN_POINT('',(5.245280955174,8.954254492406E-02));
#2022 = CARTESIAN_POINT('',(5.247695021779,9.430220071414E-02));
#2023 = CARTESIAN_POINT('',(5.249759083265,9.906182257016E-02));
#2024 = CARTESIAN_POINT('',(5.252696594444,0.10720037161));
#2025 = CARTESIAN_POINT('',(5.253741744037,0.110579398071));
#2026 = CARTESIAN_POINT('',(5.254613913162,0.113958321691));
#2027 = CARTESIAN_POINT('',(5.255318690227,0.117337114137));
#2028 = CARTESIAN_POINT('',(5.255864913308,0.120715755581));
#2029 = CARTESIAN_POINT('',(5.256263842896,0.124094231561));
#2030 = CARTESIAN_POINT('',(5.256528334658,0.127472529842));
#2031 = CARTESIAN_POINT('',(5.257222833662,0.143801403663));
#2032 = CARTESIAN_POINT('',(5.255998616744,0.156753388122));
#2033 = CARTESIAN_POINT('',(5.253768729835,0.169700242598));
#2034 = CARTESIAN_POINT('',(5.251510583629,0.182643082424));
#2035 = CARTESIAN_POINT('',(5.249837284257,0.19558529628));
#2036 = CARTESIAN_POINT('',(5.248892231026,0.208530075825));
#2037 = CARTESIAN_POINT('',(5.248553100257,0.221478553295));
#2038 = CARTESIAN_POINT('',(5.248633598403,0.24289321892));
#2039 = CARTESIAN_POINT('',(5.24883122115,0.25136282429));
#2040 = CARTESIAN_POINT('',(5.249134701174,0.259833060438));
#2041 = CARTESIAN_POINT('',(5.249464656724,0.268303817777));
#2042 = CARTESIAN_POINT('',(5.249748886431,0.276775201167));
#2043 = CARTESIAN_POINT('',(5.249939192608,0.285247239739));
#2044 = CARTESIAN_POINT('',(5.250018398513,0.293719612819));
#2045 = CARTESIAN_POINT('',(5.249978493175,0.309942560179));
#2046 = CARTESIAN_POINT('',(5.249875718313,0.317693940978));
#2047 = CARTESIAN_POINT('',(5.249696597665,0.325444906768));
#2048 = CARTESIAN_POINT('',(5.249469096966,0.333195256141));
#2049 = CARTESIAN_POINT('',(5.249235395079,0.340945042975));
#2050 = CARTESIAN_POINT('',(5.249043108061,0.348694390165));
#2051 = CARTESIAN_POINT('',(5.248934127211,0.356443287966));
#2052 = CARTESIAN_POINT('',(5.248928616764,0.370413763189));
#2053 = CARTESIAN_POINT('',(5.248994623631,0.376635932304));
#2054 = CARTESIAN_POINT('',(5.249141023797,0.382857777099));
#2055 = CARTESIAN_POINT('',(5.249373120901,0.389079355397));
#2056 = CARTESIAN_POINT('',(5.249685501656,0.395300814466));
#2057 = CARTESIAN_POINT('',(5.250060667358,0.40152231274));
#2058 = CARTESIAN_POINT('',(5.250470385348,0.40774393882));
#2059 = CARTESIAN_POINT('',(5.251175827781,0.418465263848));
#2060 = CARTESIAN_POINT('',(5.251471602338,0.422965007373));
#2061 = CARTESIAN_POINT('',(5.251754396732,0.427464861975));
#2062 = CARTESIAN_POINT('',(5.252009051845,0.431964853745));
#2063 = CARTESIAN_POINT('',(5.252219814637,0.436465016169));
#2064 = CARTESIAN_POINT('',(5.252372215968,0.440965375079));
#2065 = CARTESIAN_POINT('',(5.252454948422,0.445465933597));
#2066 = CARTESIAN_POINT('',(5.252467626859,0.453862721854));
#2067 = CARTESIAN_POINT('',(5.25241666601,0.457758937624));
#2068 = CARTESIAN_POINT('',(5.252305230549,0.461655286337));
#2069 = CARTESIAN_POINT('',(5.252132696532,0.465551757359));
#2070 = CARTESIAN_POINT('',(5.251903126196,0.469448342121));
#2071 = CARTESIAN_POINT('',(5.251626947044,0.473345028763));
#2072 = CARTESIAN_POINT('',(5.251322630927,0.477241796776));
#2073 = CARTESIAN_POINT('',(5.250832926687,0.483513737176));
#2074 = CARTESIAN_POINT('',(5.250647530693,0.485888884561));
#2075 = CARTESIAN_POINT('',(5.25046856431,0.488264048232));
#2076 = CARTESIAN_POINT('',(5.250303819077,0.490639223634));
#2077 = CARTESIAN_POINT('',(5.25016263783,0.493014406999));
#2078 = CARTESIAN_POINT('',(5.250056053636,0.495389595127));
#2079 = CARTESIAN_POINT('',(5.249996928718,0.497764785158));
#2080 = CARTESIAN_POINT('',(5.250003233256,0.502496553872));
#2081 = CARTESIAN_POINT('',(5.250066465321,0.504853134419));
#2082 = CARTESIAN_POINT('',(5.250175374278,0.507209713032));
#2083 = CARTESIAN_POINT('',(5.25031750125,0.509566286722));
#2084 = CARTESIAN_POINT('',(5.250482185219,0.511922852248));
#2085 = CARTESIAN_POINT('',(5.250660404458,0.514279405903));
#2086 = CARTESIAN_POINT('',(5.250844617963,0.516635943293));
#2087 = CARTESIAN_POINT('',(5.251272625075,0.52211782517));
#2088 = CARTESIAN_POINT('',(5.251516239083,0.525243157768));
#2089 = CARTESIAN_POINT('',(5.251744975866,0.528368441688));
#2090 = CARTESIAN_POINT('',(5.251948408497,0.531493666378));
#2091 = CARTESIAN_POINT('',(5.252119580899,0.53461882427));
#2092 = CARTESIAN_POINT('',(5.252254432598,0.537743909084));
#2093 = CARTESIAN_POINT('',(5.252351223453,0.540868914132));
#2094 = CARTESIAN_POINT('',(5.252627826369,0.555585211287));
#2095 = CARTESIAN_POINT('',(5.252322588807,0.567177667229));
#2096 = CARTESIAN_POINT('',(5.25149384159,0.578767570077));
#2097 = CARTESIAN_POINT('',(5.250493347581,0.590355212874));
#2098 = CARTESIAN_POINT('',(5.249650099425,0.601942356533));
#2099 = CARTESIAN_POINT('',(5.249123794935,0.613530891584));
#2100 = CARTESIAN_POINT('',(5.248911472278,0.625121450369));
#2101 = CARTESIAN_POINT('',(5.248946056418,0.644597190991));
#2102 = CARTESIAN_POINT('',(5.249067615695,0.65248444146));
#2103 = CARTESIAN_POINT('',(5.249271625723,0.660372155136));
#2104 = CARTESIAN_POINT('',(5.249512799524,0.668260312943));
#2105 = CARTESIAN_POINT('',(5.249740764753,0.676149042246));
#2106 = CARTESIAN_POINT('',(5.249912217252,0.684038397905));
#2107 = CARTESIAN_POINT('',(5.250000130789,0.691928160002));
#2108 = CARTESIAN_POINT('',(5.249999907411,0.708274973532));
#2109 = CARTESIAN_POINT('',(5.249898595256,0.716732845899));
#2110 = CARTESIAN_POINT('',(5.249689034305,0.725190340788));
#2111 = CARTESIAN_POINT('',(5.249392891922,0.733647141667));
#2112 = CARTESIAN_POINT('',(5.249061980957,0.742103284945));
#2113 = CARTESIAN_POINT('',(5.248770309227,0.750558887423));
#2114 = CARTESIAN_POINT('',(5.248596752577,0.759013856351));
#2115 = CARTESIAN_POINT('',(5.248599787962,0.77506238152));
#2116 = CARTESIAN_POINT('',(5.248742925481,0.782656841913));
#2117 = CARTESIAN_POINT('',(5.249068951521,0.790250610484));
#2118 = CARTESIAN_POINT('',(5.249608743797,0.797843781888));
#2119 = CARTESIAN_POINT('',(5.250366069807,0.805436707308));
#2120 = CARTESIAN_POINT('',(5.251307351503,0.813029788468));
#2121 = CARTESIAN_POINT('',(5.252357995076,0.820623256504));
#2122 = CARTESIAN_POINT('',(5.253905223861,0.831841877958));
#2123 = CARTESIAN_POINT('',(5.254404410653,0.835466939102));
#2124 = CARTESIAN_POINT('',(5.25489080811,0.83909213429));
#2125 = CARTESIAN_POINT('',(5.255350301203,0.842717486173));
#2126 = CARTESIAN_POINT('',(5.255767126392,0.84634301924));
#2127 = CARTESIAN_POINT('',(5.2561243,0.84996875414));
#2128 = CARTESIAN_POINT('',(5.256404046578,0.85359470201));
#2129 = CARTESIAN_POINT('',(5.256832890526,0.862037798158));
#2130 = CARTESIAN_POINT('',(5.256908766872,0.866855146323));
#2131 = CARTESIAN_POINT('',(5.256774360287,0.871672877683));
#2132 = CARTESIAN_POINT('',(5.256386479706,0.876490983162));
#2133 = CARTESIAN_POINT('',(5.255704659545,0.881309450791));
#2134 = CARTESIAN_POINT('',(5.254695580198,0.886128246267));
#2135 = CARTESIAN_POINT('',(5.253337488546,0.890947293527));
#2136 = CARTESIAN_POINT('',(5.249895228189,0.900632096641));
#2137 = CARTESIAN_POINT('',(5.247804322417,0.9054979154));
#2138 = CARTESIAN_POINT('',(5.245346891223,0.91036377394));
#2139 = CARTESIAN_POINT('',(5.242535289076,0.915229551537));
#2140 = CARTESIAN_POINT('',(5.239405916551,0.92009513649));
#2141 = CARTESIAN_POINT('',(5.236025902043,0.924960418209));
#2142 = CARTESIAN_POINT('',(5.232499783487,0.929825279319));
#2143 = CARTESIAN_POINT('',(5.224243814155,0.941222616214));
#2144 = CARTESIAN_POINT('',(5.21951578501,0.947754696982));
#2145 = CARTESIAN_POINT('',(5.215153213825,0.954285624926));
#2146 = CARTESIAN_POINT('',(5.211657877848,0.960815325397));
#2147 = CARTESIAN_POINT('',(5.209705748612,0.967343871369));
#2148 = CARTESIAN_POINT('',(5.210169724998,0.973871525867));
#2149 = CARTESIAN_POINT('',(5.21413157111,0.980398809681));
#2150 = CARTESIAN_POINT('',(5.225073706544,0.988560610874));
#2151 = CARTESIAN_POINT('',(5.227564426999,0.990194650711));
#2152 = CARTESIAN_POINT('',(5.230375485241,0.991828724912));
#2153 = CARTESIAN_POINT('',(5.233527930241,0.993462844542));
#2154 = CARTESIAN_POINT('',(5.237043595051,0.995097020706));
#2155 = CARTESIAN_POINT('',(5.240945096808,0.996731264544));
#2156 = CARTESIAN_POINT('',(5.245255836731,0.998365587236));
#2157 = CARTESIAN_POINT('',(5.250000000121,1.));
#2158 = ( GEOMETRIC_REPRESENTATION_CONTEXT(2) 
PARAMETRIC_REPRESENTATION_CONTEXT() REPRESENTATION_CONTEXT('2D SPACE',''
  ) );
#2159 = ORIENTED_EDGE('',*,*,#2160,.F.);
#2160 = EDGE_CURVE('',#980,#1656,#2161,.T.);
#2161 = SURFACE_CURVE('',#2162,(#2166,#2173),.PCURVE_S1.);
#2162 = LINE('',#2163,#2164);
#2163 = CARTESIAN_POINT('',(13.7,-3.355532229664E-15,0.2));
#2164 = VECTOR('',#2165,1.);
#2165 = DIRECTION('',(0.,0.,1.));
#2166 = PCURVE('',#1304,#2167);
#2167 = DEFINITIONAL_REPRESENTATION('',(#2168),#2172);
#2168 = LINE('',#2169,#2170);
#2169 = CARTESIAN_POINT('',(0.,-0.));
#2170 = VECTOR('',#2171,1.);
#2171 = DIRECTION('',(0.,1.));
#2172 = ( GEOMETRIC_REPRESENTATION_CONTEXT(2) 
PARAMETRIC_REPRESENTATION_CONTEXT() REPRESENTATION_CONTEXT('2D SPACE',''
  ) );
#2173 = PCURVE('',#1002,#2174);
#2174 = DEFINITIONAL_REPRESENTATION('',(#2175),#2179);
#2175 = LINE('',#2176,#2177);
#2176 = CARTESIAN_POINT('',(6.28318530718,-0.));
#2177 = VECTOR('',#2178,1.);
#2178 = DIRECTION('',(0.,1.));
#2179 = ( GEOMETRIC_REPRESENTATION_CONTEXT(2) 
PARAMETRIC_REPRESENTATION_CONTEXT() REPRESENTATION_CONTEXT('2D SPACE',''
  ) );
#2180 = ORIENTED_EDGE('',*,*,#1285,.F.);
#2181 = ADVANCED_FACE('',(#2182),#1977,.T.);
#2182 = FACE_BOUND('',#2183,.T.);
#2183 = EDGE_LOOP('',(#2184,#2240,#2259,#2260));
#2184 = ORIENTED_EDGE('',*,*,#2185,.F.);
#2185 = EDGE_CURVE('',#2186,#2188,#2190,.T.);
#2186 = VERTEX_POINT('',#2187);
#2187 = CARTESIAN_POINT('',(13.749999999994,8.008850723364E-15,
    0.376314072081));
#2188 = VERTEX_POINT('',#2189);
#2189 = CARTESIAN_POINT('',(13.750000000069,8.462613772207E-15,
    1.376314072081));
#2190 = SURFACE_CURVE('',#2191,(#2203,#2210),.PCURVE_S1.);
#2191 = ( BOUNDED_CURVE() B_SPLINE_CURVE(6,(#2192,#2193,#2194,#2195,
    #2196,#2197,#2198,#2199,#2200,#2201,#2202),.UNSPECIFIED.,.F.,.F.) 
B_SPLINE_CURVE_WITH_KNOTS((7,4,7),(0.,0.5,1.),.UNSPECIFIED.) CURVE() 
GEOMETRIC_REPRESENTATION_ITEM() RATIONAL_B_SPLINE_CURVE((1.,1.,1.,1.,1.,
1.,1.,1.,1.,1.,1.)) REPRESENTATION_ITEM('') );
#2192 = CARTESIAN_POINT('',(13.749999999988,9.013227006196E-15,
    0.376314072081));
#2193 = CARTESIAN_POINT('',(13.701445579726,7.197831642732,
    0.459647405417));
#2194 = CARTESIAN_POINT('',(9.369136897315,14.395663285456,
    0.542980738895));
#2195 = CARTESIAN_POINT('',(-8.163211907779E-02,18.087075014376,
    0.626314072578));
#2196 = CARTESIAN_POINT('',(-9.244513885323,14.395663285451,
    0.709647406238));
#2197 = CARTESIAN_POINT('',(-18.25548611467,-1.234089265889E-11,
    0.876314073222));
#2198 = CARTESIAN_POINT('',(-9.2445138853,-14.39566328547,1.042980739564
    ));
#2199 = CARTESIAN_POINT('',(-8.163211904475E-02,-18.08707501438,
    1.126314072571));
#2200 = CARTESIAN_POINT('',(9.369136897349,-14.39566328546,1.20964740558
    ));
#2201 = CARTESIAN_POINT('',(13.701445579762,-7.197831642731,
    1.29298073875));
#2202 = CARTESIAN_POINT('',(13.750000000024,8.035477216074E-15,
    1.376314072081));
#2203 = PCURVE('',#1977,#2204);
#2204 = DEFINITIONAL_REPRESENTATION('',(#2205),#2209);
#2205 = LINE('',#2206,#2207);
#2206 = CARTESIAN_POINT('',(5.,0.));
#2207 = VECTOR('',#2208,1.);
#2208 = DIRECTION('',(0.,1.));
#2209 = ( GEOMETRIC_REPRESENTATION_CONTEXT(2) 
PARAMETRIC_REPRESENTATION_CONTEXT() REPRESENTATION_CONTEXT('2D SPACE',''
  ) );
#2210 = PCURVE('',#2211,#2234);
#2211 = ( BOUNDED_SURFACE() B_SPLINE_SURFACE(1,6,(
    (#2212,#2213,#2214,#2215,#2216,#2217,#2218,#2219,#2220,#2221,#2222)
    ,(#2223,#2224,#2225,#2226,#2227,#2228,#2229,#2230,#2231,#2232,#2233
)),.UNSPECIFIED.,.F.,.F.,.F.) B_SPLINE_SURFACE_WITH_KNOTS((2,2),(7,4,7),
(4.,5.),(0.,0.5,1.),.UNSPECIFIED.) GEOMETRIC_REPRESENTATION_ITEM() 
RATIONAL_B_SPLINE_SURFACE((
    (1.,1.,1.,1.,1.,1.,1.,1.,1.,1.,1.)
,(1.,1.,1.,1.,1.,1.,1.,1.,1.,1.,1.
  ))) REPRESENTATION_ITEM('') SURFACE() );
#2212 = CARTESIAN_POINT('',(14.299999999994,3.068449769241E-13,
    0.523686127899));
#2213 = CARTESIAN_POINT('',(14.249503403059,7.485744908481,
    0.607019461234));
#2214 = CARTESIAN_POINT('',(9.743902372879,14.971489816957,
    0.690352794719));
#2215 = CARTESIAN_POINT('',(-8.489740360339E-02,18.81055801481,
    0.773686128415));
#2216 = CARTESIAN_POINT('',(-9.614294440751,14.97148981695,
    0.857019462088));
#2217 = CARTESIAN_POINT('',(-18.98570555923,-1.289580308269E-11,
    1.023686129085));
#2218 = CARTESIAN_POINT('',(-9.614294440728,-14.97148981697,
    1.190352795414));
#2219 = CARTESIAN_POINT('',(-8.48974035697E-02,-18.81055801482,
    1.273686128408));
#2220 = CARTESIAN_POINT('',(9.743902372914,-14.97148981696,
    1.357019461404));
#2221 = CARTESIAN_POINT('',(14.249503403095,-7.48574490848,
    1.440352794567));
#2222 = CARTESIAN_POINT('',(14.300000000029,2.998166193208E-13,
    1.523686127899));
#2223 = CARTESIAN_POINT('',(13.749999999988,9.013227006196E-15,
    0.376314072081));
#2224 = CARTESIAN_POINT('',(13.701445579726,7.197831642732,
    0.459647405417));
#2225 = CARTESIAN_POINT('',(9.369136897315,14.395663285456,
    0.542980738895));
#2226 = CARTESIAN_POINT('',(-8.163211907779E-02,18.087075014376,
    0.626314072578));
#2227 = CARTESIAN_POINT('',(-9.244513885323,14.395663285451,
    0.709647406238));
#2228 = CARTESIAN_POINT('',(-18.25548611467,-1.234089265889E-11,
    0.876314073222));
#2229 = CARTESIAN_POINT('',(-9.2445138853,-14.39566328547,1.042980739564
    ));
#2230 = CARTESIAN_POINT('',(-8.163211904475E-02,-18.08707501438,
    1.126314072571));
#2231 = CARTESIAN_POINT('',(9.369136897349,-14.39566328546,1.20964740558
    ));
#2232 = CARTESIAN_POINT('',(13.701445579762,-7.197831642731,
    1.29298073875));
#2233 = CARTESIAN_POINT('',(13.750000000024,8.035477216074E-15,
    1.376314072081));
#2234 = DEFINITIONAL_REPRESENTATION('',(#2235),#2239);
#2235 = LINE('',#2236,#2237);
#2236 = CARTESIAN_POINT('',(5.,0.));
#2237 = VECTOR('',#2238,1.);
#2238 = DIRECTION('',(0.,1.));
#2239 = ( GEOMETRIC_REPRESENTATION_CONTEXT(2) 
PARAMETRIC_REPRESENTATION_CONTEXT() REPRESENTATION_CONTEXT('2D SPACE',''
  ) );
#2240 = ORIENTED_EDGE('',*,*,#2241,.T.);
#2241 = EDGE_CURVE('',#2186,#1656,#2242,.T.);
#2242 = SURFACE_CURVE('',#2243,(#2246,#2252),.PCURVE_S1.);
#2243 = B_SPLINE_CURVE_WITH_KNOTS('',1,(#2244,#2245),.UNSPECIFIED.,.F.,
  .F.,(2,2),(5.,6.),.PIECEWISE_BEZIER_KNOTS.);
#2244 = CARTESIAN_POINT('',(13.75,7.004474440531E-15,0.376314072081));
#2245 = CARTESIAN_POINT('',(13.55,-1.91203607252E-14,0.376314072081));
#2246 = PCURVE('',#1977,#2247);
#2247 = DEFINITIONAL_REPRESENTATION('',(#2248),#2251);
#2248 = B_SPLINE_CURVE_WITH_KNOTS('',1,(#2249,#2250),.UNSPECIFIED.,.F.,
  .F.,(2,2),(5.,5.249999999942),.PIECEWISE_BEZIER_KNOTS.);
#2249 = CARTESIAN_POINT('',(5.,0.));
#2250 = CARTESIAN_POINT('',(5.249999999942,0.));
#2251 = ( GEOMETRIC_REPRESENTATION_CONTEXT(2) 
PARAMETRIC_REPRESENTATION_CONTEXT() REPRESENTATION_CONTEXT('2D SPACE',''
  ) );
#2252 = PCURVE('',#1034,#2253);
#2253 = DEFINITIONAL_REPRESENTATION('',(#2254),#2258);
#2254 = LINE('',#2255,#2256);
#2255 = CARTESIAN_POINT('',(0.,1.));
#2256 = VECTOR('',#2257,1.);
#2257 = DIRECTION('',(1.,0.));
#2258 = ( GEOMETRIC_REPRESENTATION_CONTEXT(2) 
PARAMETRIC_REPRESENTATION_CONTEXT() REPRESENTATION_CONTEXT('2D SPACE',''
  ) );
#2259 = ORIENTED_EDGE('',*,*,#1655,.T.);
#2260 = ORIENTED_EDGE('',*,*,#2261,.F.);
#2261 = EDGE_CURVE('',#2188,#1628,#2262,.T.);
#2262 = SURFACE_CURVE('',#2263,(#2266,#2273),.PCURVE_S1.);
#2263 = B_SPLINE_CURVE_WITH_KNOTS('',1,(#2264,#2265),.UNSPECIFIED.,.F.,
  .F.,(2,2),(5.,6.),.PIECEWISE_BEZIER_KNOTS.);
#2264 = CARTESIAN_POINT('',(13.750000000024,8.035477216074E-15,
    1.376314072081));
#2265 = CARTESIAN_POINT('',(13.550000000024,-9.839932770773E-14,
    1.376314072089));
#2266 = PCURVE('',#1977,#2267);
#2267 = DEFINITIONAL_REPRESENTATION('',(#2268),#2272);
#2268 = LINE('',#2269,#2270);
#2269 = CARTESIAN_POINT('',(0.,1.));
#2270 = VECTOR('',#2271,1.);
#2271 = DIRECTION('',(1.,0.));
#2272 = ( GEOMETRIC_REPRESENTATION_CONTEXT(2) 
PARAMETRIC_REPRESENTATION_CONTEXT() REPRESENTATION_CONTEXT('2D SPACE',''
  ) );
#2273 = PCURVE('',#2274,#2297);
#2274 = ( BOUNDED_SURFACE() B_SPLINE_SURFACE(1,6,(
    (#2275,#2276,#2277,#2278,#2279,#2280,#2281,#2282,#2283,#2284,#2285)
    ,(#2286,#2287,#2288,#2289,#2290,#2291,#2292,#2293,#2294,#2295,#2296
)),.UNSPECIFIED.,.F.,.F.,.F.) B_SPLINE_SURFACE_WITH_KNOTS((2,2),(7,4,7),
(5.,6.),(0.,0.5,1.),.UNSPECIFIED.) GEOMETRIC_REPRESENTATION_ITEM() 
RATIONAL_B_SPLINE_SURFACE((
    (1.,1.,1.,1.,1.,1.,1.,1.,1.,1.,1.)
,(1.,1.,1.,1.,1.,1.,1.,1.,1.,1.,1.
  ))) REPRESENTATION_ITEM('') SURFACE() );
#2275 = CARTESIAN_POINT('',(13.750000000113,8.889750328341E-15,
    1.376314072081));
#2276 = CARTESIAN_POINT('',(13.739702873192,5.762388212338,
    1.442980738759));
#2277 = CARTESIAN_POINT('',(10.884756038692,11.509497548309,
    1.509647404704));
#2278 = CARTESIAN_POINT('',(5.011821728084,15.483707242534,
    1.576314070001));
#2279 = CARTESIAN_POINT('',(-2.014410402113,15.700690789946,
    1.642980734957));
#2280 = CARTESIAN_POINT('',(-13.46339647716,9.781730112171,
    1.776314065546));
#2281 = CARTESIAN_POINT('',(-15.55473133402,-2.935962137904,
    1.909647398382));
#2282 = CARTESIAN_POINT('',(-13.17714258273,-9.551254386678,
    1.976314065597));
#2283 = CARTESIAN_POINT('',(-7.582608047137,-13.90864849785,
    2.042980733647));
#2284 = CARTESIAN_POINT('',(-1.23455517343,-14.84790983515,
    2.109647401803));
#2285 = CARTESIAN_POINT('',(4.248983672538,-13.07702709903,2.1763140698)
  );
#2286 = CARTESIAN_POINT('',(13.550000000113,5.409280628901E-13,
    1.376314072033));
#2287 = CARTESIAN_POINT('',(13.539852649473,5.678571656509,
    1.442980738711));
#2288 = CARTESIAN_POINT('',(10.726432314791,11.342086674691,
    1.509647404666));
#2289 = CARTESIAN_POINT('',(4.938922502817,15.258489682861,
    1.576314069983));
#2290 = CARTESIAN_POINT('',(-1.985109887243,15.472317105659,
    1.642980734964));
#2291 = CARTESIAN_POINT('',(-13.26756525566,9.639450401439,
    1.776314065593));
#2292 = CARTESIAN_POINT('',(-15.32848069639,-2.89325723399,
    1.909647398436));
#2293 = CARTESIAN_POINT('',(-12.9854750545,-9.412327050086,
    1.976314065643));
#2294 = CARTESIAN_POINT('',(-7.472315566181,-13.70634088355,
    2.042980733674));
#2295 = CARTESIAN_POINT('',(-1.216598007293,-14.63194023744,
    2.109647401807));
#2296 = CARTESIAN_POINT('',(4.187180273663,-12.88681579577,
    2.176314069785));
#2297 = DEFINITIONAL_REPRESENTATION('',(#2298),#2301);
#2298 = B_SPLINE_CURVE_WITH_KNOTS('',1,(#2299,#2300),.UNSPECIFIED.,.F.,
  .F.,(2,2),(5.,5.250000000567),.PIECEWISE_BEZIER_KNOTS.);
#2299 = CARTESIAN_POINT('',(5.,0.));
#2300 = CARTESIAN_POINT('',(5.250000000567,0.));
#2301 = ( GEOMETRIC_REPRESENTATION_CONTEXT(2) 
PARAMETRIC_REPRESENTATION_CONTEXT() REPRESENTATION_CONTEXT('2D SPACE',''
  ) );
#2302 = ADVANCED_FACE('',(#2303),#2274,.T.);
#2303 = FACE_BOUND('',#2304,.T.);
#2304 = EDGE_LOOP('',(#2305,#2359,#2360,#2674));
#2305 = ORIENTED_EDGE('',*,*,#2306,.F.);
#2306 = EDGE_CURVE('',#2188,#2307,#2309,.T.);
#2307 = VERTEX_POINT('',#2308);
#2308 = CARTESIAN_POINT('',(4.248983672555,-13.07702709908,2.1763140698)
  );
#2309 = SURFACE_CURVE('',#2310,(#2322,#2329),.PCURVE_S1.);
#2310 = ( BOUNDED_CURVE() B_SPLINE_CURVE(6,(#2311,#2312,#2313,#2314,
    #2315,#2316,#2317,#2318,#2319,#2320,#2321),.UNSPECIFIED.,.F.,.F.) 
B_SPLINE_CURVE_WITH_KNOTS((7,4,7),(0.,0.5,1.),.UNSPECIFIED.) CURVE() 
GEOMETRIC_REPRESENTATION_ITEM() RATIONAL_B_SPLINE_CURVE((1.,1.,1.,1.,1.,
1.,1.,1.,1.,1.,1.)) REPRESENTATION_ITEM('') );
#2311 = CARTESIAN_POINT('',(13.750000000113,8.889750328341E-15,
    1.376314072081));
#2312 = CARTESIAN_POINT('',(13.739702873192,5.762388212338,
    1.442980738759));
#2313 = CARTESIAN_POINT('',(10.884756038692,11.509497548309,
    1.509647404704));
#2314 = CARTESIAN_POINT('',(5.011821728084,15.483707242534,
    1.576314070001));
#2315 = CARTESIAN_POINT('',(-2.014410402113,15.700690789946,
    1.642980734957));
#2316 = CARTESIAN_POINT('',(-13.46339647716,9.781730112171,
    1.776314065546));
#2317 = CARTESIAN_POINT('',(-15.55473133402,-2.935962137904,
    1.909647398382));
#2318 = CARTESIAN_POINT('',(-13.17714258273,-9.551254386678,
    1.976314065597));
#2319 = CARTESIAN_POINT('',(-7.582608047137,-13.90864849785,
    2.042980733647));
#2320 = CARTESIAN_POINT('',(-1.23455517343,-14.84790983515,
    2.109647401803));
#2321 = CARTESIAN_POINT('',(4.248983672538,-13.07702709903,2.1763140698)
  );
#2322 = PCURVE('',#2274,#2323);
#2323 = DEFINITIONAL_REPRESENTATION('',(#2324),#2328);
#2324 = LINE('',#2325,#2326);
#2325 = CARTESIAN_POINT('',(5.,0.));
#2326 = VECTOR('',#2327,1.);
#2327 = DIRECTION('',(0.,1.));
#2328 = ( GEOMETRIC_REPRESENTATION_CONTEXT(2) 
PARAMETRIC_REPRESENTATION_CONTEXT() REPRESENTATION_CONTEXT('2D SPACE',''
  ) );
#2329 = PCURVE('',#2330,#2353);
#2330 = ( BOUNDED_SURFACE() B_SPLINE_SURFACE(1,6,(
    (#2331,#2332,#2333,#2334,#2335,#2336,#2337,#2338,#2339,#2340,#2341)
    ,(#2342,#2343,#2344,#2345,#2346,#2347,#2348,#2349,#2350,#2351,#2352
)),.UNSPECIFIED.,.F.,.F.,.F.) B_SPLINE_SURFACE_WITH_KNOTS((2,2),(7,4,7),
(4.,5.),(0.,0.5,1.),.UNSPECIFIED.) GEOMETRIC_REPRESENTATION_ITEM() 
RATIONAL_B_SPLINE_SURFACE((
    (1.,1.,1.,1.,1.,1.,1.,1.,1.,1.,1.)
,(1.,1.,1.,1.,1.,1.,1.,1.,1.,1.,1.
  ))) REPRESENTATION_ITEM('') SURFACE() );
#2331 = CARTESIAN_POINT('',(14.300000000078,-1.455519125413E-12,
    1.523686128051));
#2332 = CARTESIAN_POINT('',(14.289290988382,5.992883740865,
    1.590352794728));
#2333 = CARTESIAN_POINT('',(11.320146279382,11.969877450761,
    1.657019460646));
#2334 = CARTESIAN_POINT('',(5.212294597536,16.103055531631,
    1.723686125886));
#2335 = CARTESIAN_POINT('',(-2.094986818043,16.328718421735,
    1.790352790775));
#2336 = CARTESIAN_POINT('',(-14.00193233631,10.17299931668,
    1.923686121254));
#2337 = CARTESIAN_POINT('',(-16.17692058754,-3.053400623664,
    2.057019454069));
#2338 = CARTESIAN_POINT('',(-13.70422828538,-9.93330456231,
    2.123686121307));
#2339 = CARTESIAN_POINT('',(-7.885912369805,-14.46499443714,
    2.190352789411));
#2340 = CARTESIAN_POINT('',(-1.283937380341,-15.44182622885,
    2.257019457628));
#2341 = CARTESIAN_POINT('',(4.418943019407,-13.60010818299,
    2.323686125678));
#2342 = CARTESIAN_POINT('',(13.750000000113,8.889750328341E-15,
    1.376314072081));
#2343 = CARTESIAN_POINT('',(13.739702873192,5.762388212338,
    1.442980738759));
#2344 = CARTESIAN_POINT('',(10.884756038692,11.509497548309,
    1.509647404704));
#2345 = CARTESIAN_POINT('',(5.011821728084,15.483707242534,
    1.576314070001));
#2346 = CARTESIAN_POINT('',(-2.014410402113,15.700690789946,
    1.642980734957));
#2347 = CARTESIAN_POINT('',(-13.46339647716,9.781730112171,
    1.776314065546));
#2348 = CARTESIAN_POINT('',(-15.55473133402,-2.935962137904,
    1.909647398382));
#2349 = CARTESIAN_POINT('',(-13.17714258273,-9.551254386678,
    1.976314065597));
#2350 = CARTESIAN_POINT('',(-7.582608047137,-13.90864849785,
    2.042980733647));
#2351 = CARTESIAN_POINT('',(-1.23455517343,-14.84790983515,
    2.109647401803));
#2352 = CARTESIAN_POINT('',(4.248983672538,-13.07702709903,2.1763140698)
  );
#2353 = DEFINITIONAL_REPRESENTATION('',(#2354),#2358);
#2354 = LINE('',#2355,#2356);
#2355 = CARTESIAN_POINT('',(5.,0.));
#2356 = VECTOR('',#2357,1.);
#2357 = DIRECTION('',(0.,1.));
#2358 = ( GEOMETRIC_REPRESENTATION_CONTEXT(2) 
PARAMETRIC_REPRESENTATION_CONTEXT() REPRESENTATION_CONTEXT('2D SPACE',''
  ) );
#2359 = ORIENTED_EDGE('',*,*,#2261,.T.);
#2360 = ORIENTED_EDGE('',*,*,#2361,.T.);
#2361 = EDGE_CURVE('',#1628,#2362,#2364,.T.);
#2362 = VERTEX_POINT('',#2363);
#2363 = CARTESIAN_POINT('',(4.233532822839,-13.02947427327,
    2.176314069787));
#2364 = SURFACE_CURVE('',#2365,(#2466,#2570),.PCURVE_S1.);
#2365 = B_SPLINE_CURVE_WITH_KNOTS('',8,(#2366,#2367,#2368,#2369,#2370,
    #2371,#2372,#2373,#2374,#2375,#2376,#2377,#2378,#2379,#2380,#2381,
    #2382,#2383,#2384,#2385,#2386,#2387,#2388,#2389,#2390,#2391,#2392,
    #2393,#2394,#2395,#2396,#2397,#2398,#2399,#2400,#2401,#2402,#2403,
    #2404,#2405,#2406,#2407,#2408,#2409,#2410,#2411,#2412,#2413,#2414,
    #2415,#2416,#2417,#2418,#2419,#2420,#2421,#2422,#2423,#2424,#2425,
    #2426,#2427,#2428,#2429,#2430,#2431,#2432,#2433,#2434,#2435,#2436,
    #2437,#2438,#2439,#2440,#2441,#2442,#2443,#2444,#2445,#2446,#2447,
    #2448,#2449,#2450,#2451,#2452,#2453,#2454,#2455,#2456,#2457,#2458,
    #2459,#2460,#2461,#2462,#2463,#2464,#2465),.UNSPECIFIED.,.F.,.F.,(9,
    7,7,7,7,7,7,7,7,7,7,7,7,7,9),(0.,6.384595309446E-02,0.235386085979,
    0.306160032438,0.366080473017,0.451204823313,0.499658117602,
    0.549425566801,0.634101320683,0.695376946157,0.766182687114,
    0.863919006145,0.936286764341,0.970976595327,1.),.UNSPECIFIED.);
#2366 = CARTESIAN_POINT('',(13.7,1.42108547152E-13,1.376314072069));
#2367 = CARTESIAN_POINT('',(13.7,0.549524464657,1.382694875863));
#2368 = CARTESIAN_POINT('',(13.674808986644,1.09907409258,1.38907646807)
  );
#2369 = CARTESIAN_POINT('',(13.624422982952,1.647278222491,1.39545889219
    ));
#2370 = CARTESIAN_POINT('',(13.548930286644,2.192782971848,
    1.401842127834));
#2371 = CARTESIAN_POINT('',(13.448505107839,2.734250520896,
    1.408226113824));
#2372 = CARTESIAN_POINT('',(13.323404773154,3.270358951591,
    1.414610746846));
#2373 = CARTESIAN_POINT('',(13.173970496203,3.799802641407,
    1.420995855666));
#2374 = CARTESIAN_POINT('',(12.534908262852,5.722424488811,
    1.444537044703));
#2375 = CARTESIAN_POINT('',(11.896168438785,7.067510030263,
    1.461710981065));
#2376 = CARTESIAN_POINT('',(11.092785147291,8.329477658779,
    1.478874401568));
#2377 = CARTESIAN_POINT('',(10.138073857884,9.485378678218,
    1.496027798846));
#2378 = CARTESIAN_POINT('',(9.048166295326,10.514788592878,
    1.513178993173));
#2379 = CARTESIAN_POINT('',(7.842369463021,11.400253431049,
    1.530336023587));
#2380 = CARTESIAN_POINT('',(6.542697148483,12.126961120541,
    1.547503266485));
#2381 = CARTESIAN_POINT('',(4.611574097023,12.914893738106,
    1.571732190584));
#2382 = CARTESIAN_POINT('',(4.035830052992,13.116372969781,
    1.578809248955));
#2383 = CARTESIAN_POINT('',(3.450096686148,13.288490221599,
    1.585886421505));
#2384 = CARTESIAN_POINT('',(2.856125348024,13.430676143944,
    1.592963666874));
#2385 = CARTESIAN_POINT('',(2.255694763819,13.542487975676,1.60004105079
    ));
#2386 = CARTESIAN_POINT('',(1.650609900309,13.623606386892,
    1.607118622689));
#2387 = CARTESIAN_POINT('',(1.042702215547,13.673838817847,
    1.614196295541));
#2388 = CARTESIAN_POINT('',(-8.166651520591E-02,13.709461525128,
    1.627265805685));
#2389 = CARTESIAN_POINT('',(-0.597874552478,13.703614925167,
    1.633257938957));
#2390 = CARTESIAN_POINT('',(-1.113668622113,13.675552779307,
    1.63924996923));
#2391 = CARTESIAN_POINT('',(-1.627932593458,13.625308299829,
    1.645241855528));
#2392 = CARTESIAN_POINT('',(-2.139558118086,13.552980948799,
    1.651233623368));
#2393 = CARTESIAN_POINT('',(-2.647444633485,13.458735189186,
    1.657225310571));
#2394 = CARTESIAN_POINT('',(-3.150499656901,13.342801684451,
    1.66321691089));
#2395 = CARTESIAN_POINT('',(-4.35388743123,13.01039996126,1.677719841978
    ));
#2396 = CARTESIAN_POINT('',(-5.048252818488,12.772140565335,
    1.686231635689));
#2397 = CARTESIAN_POINT('',(-5.727594252166,12.491561312187,
    1.694743029784));
#2398 = CARTESIAN_POINT('',(-6.388906947181,12.169787749632,
    1.703254065413));
#2399 = CARTESIAN_POINT('',(-7.029310271258,11.808185218529,
    1.711765144614));
#2400 = CARTESIAN_POINT('',(-7.64604452009,11.408349355982,
    1.720276673272));
#2401 = CARTESIAN_POINT('',(-8.236476808676,10.972114303145,
    1.728788694083));
#2402 = CARTESIAN_POINT('',(-9.117804543436,10.23374686371,
    1.742145486281));
#2403 = CARTESIAN_POINT('',(-9.428176787708,9.95479113818,1.74699058674)
  );
#2404 = CARTESIAN_POINT('',(-9.728778684523,9.665092135574,
    1.751835773606));
#2405 = CARTESIAN_POINT('',(-10.01917699332,9.365050271749,1.75668103915
    ));
#2406 = CARTESIAN_POINT('',(-10.29895941104,9.055085624157,
    1.761526386629));
#2407 = CARTESIAN_POINT('',(-10.56773462291,8.735637872102,
    1.766371811711));
#2408 = CARTESIAN_POINT('',(-10.82513235338,8.407166236994,
    1.771217283888));
#2409 = CARTESIAN_POINT('',(-11.32313759476,7.723992005731,
    1.781039590514));
#2410 = CARTESIAN_POINT('',(-11.56310362266,7.368815112844,
    1.786016489096));
#2411 = CARTESIAN_POINT('',(-11.79032329885,7.005137920682,
    1.790993338635));
#2412 = CARTESIAN_POINT('',(-12.00444631788,6.633495223866,
    1.795970105224));
#2413 = CARTESIAN_POINT('',(-12.20515031322,6.254437353802,
    1.800946784825));
#2414 = CARTESIAN_POINT('',(-12.39214089997,5.868530097592,
    1.805923382054));
#2415 = CARTESIAN_POINT('',(-12.56515171744,5.476354616945,1.81089988895
    ));
#2416 = CARTESIAN_POINT('',(-12.99411898158,4.40159873799,1.824343209405
    ));
#2417 = CARTESIAN_POINT('',(-13.22315319611,3.708224825189,
    1.832810348538));
#2418 = CARTESIAN_POINT('',(-13.40985111589,3.001359013533,
    1.841277009313));
#2419 = CARTESIAN_POINT('',(-13.55330554611,2.284026345218,
    1.849743235775));
#2420 = CARTESIAN_POINT('',(-13.65286984267,1.559297247269,
    1.858209424019));
#2421 = CARTESIAN_POINT('',(-13.70814865346,0.830284474783,
    1.866675966148));
#2422 = CARTESIAN_POINT('',(-13.71900765483,0.100143269909,
    1.875142902052));
#2423 = CARTESIAN_POINT('',(-13.66142848023,-1.154792196634,
    1.889736491368));
#2424 = CARTESIAN_POINT('',(-13.61407340611,-1.680603979464,
    1.89586361682));
#2425 = CARTESIAN_POINT('',(-13.54359094109,-2.20415842288,
    1.901990831495));
#2426 = CARTESIAN_POINT('',(-13.45011066006,-2.724268324814,
    1.908118126877));
#2427 = CARTESIAN_POINT('',(-13.33383364638,-3.239760810396,
    1.914245544496));
#2428 = CARTESIAN_POINT('',(-13.19503106897,-3.749477224149,
    1.920373113031));
#2429 = CARTESIAN_POINT('',(-13.03404552291,-4.252273574141,
    1.926500787824));
#2430 = CARTESIAN_POINT('',(-12.6401218225,-5.318716964818,
    1.939709015901));
#2431 = CARTESIAN_POINT('',(-12.39987725817,-5.879692383527,
    1.946789872493));
#2432 = CARTESIAN_POINT('',(-12.13120417218,-6.428199139487,
    1.953870619818));
#2433 = CARTESIAN_POINT('',(-11.83486620012,-6.962558682147,
    1.960951170406));
#2434 = CARTESIAN_POINT('',(-11.51173903128,-7.481157881185,
    1.968031574979));
#2435 = CARTESIAN_POINT('',(-11.16280730186,-7.982447724852,
    1.975111901886));
#2436 = CARTESIAN_POINT('',(-10.78916723185,-8.464945390587,
    1.982192113079));
#2437 = CARTESIAN_POINT('',(-9.843855698912,-9.565365104277,
    1.999044532487));
#2438 = CARTESIAN_POINT('',(-9.250839022033,-10.16508496211,
    2.008817749993));
#2439 = CARTESIAN_POINT('',(-8.616201633117,-10.72262414903,
    2.018590156893));
#2440 = CARTESIAN_POINT('',(-7.943476405941,-11.23463933881,
    2.02836187692));
#2441 = CARTESIAN_POINT('',(-7.236468396947,-11.69816755252,
    2.038133637267));
#2442 = CARTESIAN_POINT('',(-6.499239660035,-12.11060933954,
    2.047906213937));
#2443 = CARTESIAN_POINT('',(-5.73612003764,-12.46974865502,
    2.057679836682));
#2444 = CARTESIAN_POINT('',(-4.370956462216,-12.99895143213,
    2.074689629418));
#2445 = CARTESIAN_POINT('',(-3.778455259422,-13.19391949144,
    2.081926716403));
#2446 = CARTESIAN_POINT('',(-3.176091995952,-13.35799312653,
    2.089164085646));
#2447 = CARTESIAN_POINT('',(-2.565750874271,-13.49059982707,
    2.096401699554));
#2448 = CARTESIAN_POINT('',(-1.949343008479,-13.59130606941,
    2.103639596194));
#2449 = CARTESIAN_POINT('',(-1.328805156426,-13.65981368049,
    2.110877735389));
#2450 = CARTESIAN_POINT('',(-0.706099927192,-13.69596363063,
    2.118115868194));
#2451 = CARTESIAN_POINT('',(0.215364223718,-13.70156095358,
    2.128822789504));
#2452 = CARTESIAN_POINT('',(0.513991489351,-13.69593749756,
    2.132292073975));
#2453 = CARTESIAN_POINT('',(0.81244766922,-13.68287560256,2.135761250286
    ));
#2454 = CARTESIAN_POINT('',(1.110516635021,-13.66238148169,
    2.139230290733));
#2455 = CARTESIAN_POINT('',(1.40798280522,-13.63446885616,2.142699171332
    ));
#2456 = CARTESIAN_POINT('',(1.704631156383,-13.59915896587,
    2.146167870368));
#2457 = CARTESIAN_POINT('',(2.000247234503,-13.55648057996,
    2.149636366938));
#2458 = CARTESIAN_POINT('',(2.540903106975,-13.46462843463,
    2.156006385491));
#2459 = CARTESIAN_POINT('',(2.78631711818,-13.41765434424,2.158907978993
    ));
#2460 = CARTESIAN_POINT('',(3.030734184079,-13.36556899706,
    2.161809410542));
#2461 = CARTESIAN_POINT('',(3.274029892632,-13.3083972821,2.164710674329
    ));
#2462 = CARTESIAN_POINT('',(3.516080449488,-13.24616776582,
    2.167611768314));
#2463 = CARTESIAN_POINT('',(3.75676269185,-13.17891274157,2.170512694328
    ));
#2464 = CARTESIAN_POINT('',(3.995954102334,-13.10666827897,
    2.173413458187));
#2465 = CARTESIAN_POINT('',(4.233532822839,-13.02947427327,
    2.176314069796));
#2466 = PCURVE('',#2274,#2467);
#2467 = DEFINITIONAL_REPRESENTATION('',(#2468),#2569);
#2468 = B_SPLINE_CURVE_WITH_KNOTS('',8,(#2469,#2470,#2471,#2472,#2473,
    #2474,#2475,#2476,#2477,#2478,#2479,#2480,#2481,#2482,#2483,#2484,
    #2485,#2486,#2487,#2488,#2489,#2490,#2491,#2492,#2493,#2494,#2495,
    #2496,#2497,#2498,#2499,#2500,#2501,#2502,#2503,#2504,#2505,#2506,
    #2507,#2508,#2509,#2510,#2511,#2512,#2513,#2514,#2515,#2516,#2517,
    #2518,#2519,#2520,#2521,#2522,#2523,#2524,#2525,#2526,#2527,#2528,
    #2529,#2530,#2531,#2532,#2533,#2534,#2535,#2536,#2537,#2538,#2539,
    #2540,#2541,#2542,#2543,#2544,#2545,#2546,#2547,#2548,#2549,#2550,
    #2551,#2552,#2553,#2554,#2555,#2556,#2557,#2558,#2559,#2560,#2561,
    #2562,#2563,#2564,#2565,#2566,#2567,#2568),.UNSPECIFIED.,.F.,.F.,(9,
    7,7,7,7,7,7,7,7,7,7,7,7,7,9),(0.,6.384595309446E-02,0.235386085979,
    0.306160032438,0.366080473017,0.451204823313,0.499658117602,
    0.549425566801,0.634101320683,0.695376946157,0.766182687114,
    0.863919006145,0.936286764341,0.970976595327,1.),.UNSPECIFIED.);
#2469 = CARTESIAN_POINT('',(5.250000000567,0.));
#2470 = CARTESIAN_POINT('',(5.245090123823,7.976004740835E-03));
#2471 = CARTESIAN_POINT('',(5.242493521594,1.595299500577E-02));
#2472 = CARTESIAN_POINT('',(5.241500374137,2.393102517014E-02));
#2473 = CARTESIAN_POINT('',(5.241558559417,3.191006974749E-02));
#2474 = CARTESIAN_POINT('',(5.242253924586,3.989005226454E-02));
#2475 = CARTESIAN_POINT('',(5.243288871613,4.78708435805E-02));
#2476 = CARTESIAN_POINT('',(5.244459257082,5.585222965084E-02));
#2477 = CARTESIAN_POINT('',(5.248774078466,8.527871613988E-02));
#2478 = CARTESIAN_POINT('',(5.251924085137,0.106746136785));
#2479 = CARTESIAN_POINT('',(5.252445473778,0.128200412656));
#2480 = CARTESIAN_POINT('',(5.25142877136,0.149642159541));
#2481 = CARTESIAN_POINT('',(5.250459359611,0.171081152776));
#2482 = CARTESIAN_POINT('',(5.249892147852,0.192527441156));
#2483 = CARTESIAN_POINT('',(5.249708239521,0.213986495168));
#2484 = CARTESIAN_POINT('',(5.249726432764,0.244272650871));
#2485 = CARTESIAN_POINT('',(5.249765435433,0.253118974008));
#2486 = CARTESIAN_POINT('',(5.249825946325,0.261965439871));
#2487 = CARTESIAN_POINT('',(5.249891859565,0.270811996761));
#2488 = CARTESIAN_POINT('',(5.249948739903,0.279658726836));
#2489 = CARTESIAN_POINT('',(5.249987264735,0.288505691891));
#2490 = CARTESIAN_POINT('',(5.250004512296,0.297352783138));
#2491 = CARTESIAN_POINT('',(5.250001896934,0.313689671157));
#2492 = CARTESIAN_POINT('',(5.249987321551,0.321179837901));
#2493 = CARTESIAN_POINT('',(5.249960811787,0.328669875897));
#2494 = CARTESIAN_POINT('',(5.249926754001,0.336159733925));
#2495 = CARTESIAN_POINT('',(5.249891547121,0.343649443878));
#2496 = CARTESIAN_POINT('',(5.249862347969,0.351139053035));
#2497 = CARTESIAN_POINT('',(5.249845493787,0.358628553584));
#2498 = CARTESIAN_POINT('',(5.249843334957,0.376757217806));
#2499 = CARTESIAN_POINT('',(5.249874631266,0.387396960153));
#2500 = CARTESIAN_POINT('',(5.249947721785,0.398036202977));
#2501 = CARTESIAN_POINT('',(5.25006571136,0.408674997712));
#2502 = CARTESIAN_POINT('',(5.250210008269,0.419313846905));
#2503 = CARTESIAN_POINT('',(5.250340915997,0.429953257912));
#2504 = CARTESIAN_POINT('',(5.250414387265,0.440593284104));
#2505 = CARTESIAN_POINT('',(5.250415255138,0.457289274615));
#2506 = CARTESIAN_POINT('',(5.250391855179,0.463345650283));
#2507 = CARTESIAN_POINT('',(5.250342706986,0.469402133955));
#2508 = CARTESIAN_POINT('',(5.250268079513,0.475458715971));
#2509 = CARTESIAN_POINT('',(5.250174103842,0.481515400404));
#2510 = CARTESIAN_POINT('',(5.250076332866,0.487572181837));
#2511 = CARTESIAN_POINT('',(5.250003300994,0.493629022136));
#2512 = CARTESIAN_POINT('',(5.249996779431,0.505906905568));
#2513 = CARTESIAN_POINT('',(5.250070734181,0.512128028866));
#2514 = CARTESIAN_POINT('',(5.250172110045,0.518349090859));
#2515 = CARTESIAN_POINT('',(5.250269539432,0.524570049158));
#2516 = CARTESIAN_POINT('',(5.250346122826,0.53079089872));
#2517 = CARTESIAN_POINT('',(5.250395426408,0.537011645313));
#2518 = CARTESIAN_POINT('',(5.250417479673,0.543232278984));
#2519 = CARTESIAN_POINT('',(5.25041016794,0.560036429682));
#2520 = CARTESIAN_POINT('',(5.250334126575,0.570620353667));
#2521 = CARTESIAN_POINT('',(5.250203108617,0.581203679691));
#2522 = CARTESIAN_POINT('',(5.250060346426,0.591786462812));
#2523 = CARTESIAN_POINT('',(5.249944340995,0.602369198147));
#2524 = CARTESIAN_POINT('',(5.249872904946,0.612952375825));
#2525 = CARTESIAN_POINT('',(5.249842752593,0.623536045709));
#2526 = CARTESIAN_POINT('',(5.249846000786,0.641778032337));
#2527 = CARTESIAN_POINT('',(5.249863961963,0.649436939138));
#2528 = CARTESIAN_POINT('',(5.249894608691,0.65709595746));
#2529 = CARTESIAN_POINT('',(5.249931061693,0.66475507666));
#2530 = CARTESIAN_POINT('',(5.249965627874,0.672414348649));
#2531 = CARTESIAN_POINT('',(5.249991560746,0.680073809276));
#2532 = CARTESIAN_POINT('',(5.250004427734,0.687733402719));
#2533 = CARTESIAN_POINT('',(5.25000153204,0.704243687698));
#2534 = CARTESIAN_POINT('',(5.249981002178,0.713094758366));
#2535 = CARTESIAN_POINT('',(5.249939470261,0.72194569244));
#2536 = CARTESIAN_POINT('',(5.249880588101,0.730796380587));
#2537 = CARTESIAN_POINT('',(5.249814335351,0.739646886206));
#2538 = CARTESIAN_POINT('',(5.249755560276,0.748497294735));
#2539 = CARTESIAN_POINT('',(5.24972040977,0.757347558614));
#2540 = CARTESIAN_POINT('',(5.249720978338,0.77841308259));
#2541 = CARTESIAN_POINT('',(5.249788802947,0.790629604293));
#2542 = CARTESIAN_POINT('',(5.249955557598,0.802845112728));
#2543 = CARTESIAN_POINT('',(5.250238449077,0.815059762561));
#2544 = CARTESIAN_POINT('',(5.250617845579,0.827274462781));
#2545 = CARTESIAN_POINT('',(5.251011692371,0.839490183398));
#2546 = CARTESIAN_POINT('',(5.251279627958,0.8517072116));
#2547 = CARTESIAN_POINT('',(5.251296766763,0.87296945211));
#2548 = CARTESIAN_POINT('',(5.251162517591,0.882015810665));
#2549 = CARTESIAN_POINT('',(5.250833150117,0.891062522038));
#2550 = CARTESIAN_POINT('',(5.250257026346,0.90010953924));
#2551 = CARTESIAN_POINT('',(5.249399206298,0.909156909855));
#2552 = CARTESIAN_POINT('',(5.2482656182,0.918204583664));
#2553 = CARTESIAN_POINT('',(5.246936640582,0.927252249483));
#2554 = CARTESIAN_POINT('',(5.244974210922,0.940635900845));
#2555 = CARTESIAN_POINT('',(5.244338853971,0.944972506344));
#2556 = CARTESIAN_POINT('',(5.243725786272,0.949308976643));
#2557 = CARTESIAN_POINT('',(5.243162877681,0.953645277112));
#2558 = CARTESIAN_POINT('',(5.242685190803,0.957981377771));
#2559 = CARTESIAN_POINT('',(5.242336064748,0.962317251477));
#2560 = CARTESIAN_POINT('',(5.242168198875,0.966652872101));
#2561 = CARTESIAN_POINT('',(5.242308772123,0.974615395129));
#2562 = CARTESIAN_POINT('',(5.242543897196,0.978242386934));
#2563 = CARTESIAN_POINT('',(5.242987066092,0.981869176296));
#2564 = CARTESIAN_POINT('',(5.243680392602,0.985495755957));
#2565 = CARTESIAN_POINT('',(5.24467154047,0.989122123364));
#2566 = CARTESIAN_POINT('',(5.246014113909,0.99274828081));
#2567 = CARTESIAN_POINT('',(5.247768048096,0.996374235561));
#2568 = CARTESIAN_POINT('',(5.249999999683,1.));
#2569 = ( GEOMETRIC_REPRESENTATION_CONTEXT(2) 
PARAMETRIC_REPRESENTATION_CONTEXT() REPRESENTATION_CONTEXT('2D SPACE',''
  ) );
#2570 = PCURVE('',#1643,#2571);
#2571 = DEFINITIONAL_REPRESENTATION('',(#2572),#2673);
#2572 = B_SPLINE_CURVE_WITH_KNOTS('',8,(#2573,#2574,#2575,#2576,#2577,
    #2578,#2579,#2580,#2581,#2582,#2583,#2584,#2585,#2586,#2587,#2588,
    #2589,#2590,#2591,#2592,#2593,#2594,#2595,#2596,#2597,#2598,#2599,
    #2600,#2601,#2602,#2603,#2604,#2605,#2606,#2607,#2608,#2609,#2610,
    #2611,#2612,#2613,#2614,#2615,#2616,#2617,#2618,#2619,#2620,#2621,
    #2622,#2623,#2624,#2625,#2626,#2627,#2628,#2629,#2630,#2631,#2632,
    #2633,#2634,#2635,#2636,#2637,#2638,#2639,#2640,#2641,#2642,#2643,
    #2644,#2645,#2646,#2647,#2648,#2649,#2650,#2651,#2652,#2653,#2654,
    #2655,#2656,#2657,#2658,#2659,#2660,#2661,#2662,#2663,#2664,#2665,
    #2666,#2667,#2668,#2669,#2670,#2671,#2672),.UNSPECIFIED.,.F.,.F.,(9,
    7,7,7,7,7,7,7,7,7,7,7,7,7,9),(0.,6.384595309446E-02,0.235386085979,
    0.306160032438,0.366080473017,0.451204823313,0.499658117602,
    0.549425566801,0.634101320683,0.695376946157,0.766182687114,
    0.863919006145,0.936286764341,0.970976595327,1.),.UNSPECIFIED.);
#2573 = CARTESIAN_POINT('',(0.,1.176314072069));
#2574 = CARTESIAN_POINT('',(4.011127479249E-02,1.182694875863));
#2575 = CARTESIAN_POINT('',(8.02243816925E-02,1.18907646807));
#2576 = CARTESIAN_POINT('',(0.120337633743,1.19545889219));
#2577 = CARTESIAN_POINT('',(0.160450548651,1.201842127834));
#2578 = CARTESIAN_POINT('',(0.200563317968,1.208226113824));
#2579 = CARTESIAN_POINT('',(0.240676297803,1.214610746846));
#2580 = CARTESIAN_POINT('',(0.280789521044,1.220995855666));
#2581 = CARTESIAN_POINT('',(0.42867632298,1.244537044703));
#2582 = CARTESIAN_POINT('',(0.536551594652,1.261710981065));
#2583 = CARTESIAN_POINT('',(0.644369067989,1.278874401568));
#2584 = CARTESIAN_POINT('',(0.752149447618,1.296027798846));
#2585 = CARTESIAN_POINT('',(0.859929882139,1.313178993173));
#2586 = CARTESIAN_POINT('',(0.96774751323,1.330336023587));
#2587 = CARTESIAN_POINT('',(1.075622991493,1.347503266485));
#2588 = CARTESIAN_POINT('',(1.22786263481,1.371732190584));
#2589 = CARTESIAN_POINT('',(1.272329306179,1.378809248955));
#2590 = CARTESIAN_POINT('',(1.316795427524,1.385886421505));
#2591 = CARTESIAN_POINT('',(1.361260860672,1.392963666874));
#2592 = CARTESIAN_POINT('',(1.405726292951,1.40004105079));
#2593 = CARTESIAN_POINT('',(1.45019241213,1.407118622689));
#2594 = CARTESIAN_POINT('',(1.494659081416,1.414196295541));
#2595 = CARTESIAN_POINT('',(1.576770971618,1.427265805685));
#2596 = CARTESIAN_POINT('',(1.614417976838,1.433257938957));
#2597 = CARTESIAN_POINT('',(1.652064744105,1.43924996923));
#2598 = CARTESIAN_POINT('',(1.689711210653,1.445241855528));
#2599 = CARTESIAN_POINT('',(1.727357676041,1.451233623368));
#2600 = CARTESIAN_POINT('',(1.765004441179,1.457225310571));
#2601 = CARTESIAN_POINT('',(1.802651447323,1.46321691089));
#2602 = CARTESIAN_POINT('',(1.893779349381,1.477719841978));
#2603 = CARTESIAN_POINT('',(1.947263854771,1.486231635689));
#2604 = CARTESIAN_POINT('',(2.000746988084,1.494743029784));
#2605 = CARTESIAN_POINT('',(2.054228408268,1.503254065413));
#2606 = CARTESIAN_POINT('',(2.107709833174,1.511765144614));
#2607 = CARTESIAN_POINT('',(2.161192983342,1.520276673272));
#2608 = CARTESIAN_POINT('',(2.214677512724,1.528788694083));
#2609 = CARTESIAN_POINT('',(2.298600870045,1.542145486281));
#2610 = CARTESIAN_POINT('',(2.329043000717,1.54699058674));
#2611 = CARTESIAN_POINT('',(2.359485050659,1.551835773606));
#2612 = CARTESIAN_POINT('',(2.389926997951,1.55668103915));
#2613 = CARTESIAN_POINT('',(2.420368944024,1.561526386629));
#2614 = CARTESIAN_POINT('',(2.450810991181,1.566371811711));
#2615 = CARTESIAN_POINT('',(2.481253120115,1.571217283888));
#2616 = CARTESIAN_POINT('',(2.542962664177,1.581039590514));
#2617 = CARTESIAN_POINT('',(2.574230475018,1.586016489096));
#2618 = CARTESIAN_POINT('',(2.605498194976,1.590993338635));
#2619 = CARTESIAN_POINT('',(2.636765799357,1.595970105224));
#2620 = CARTESIAN_POINT('',(2.668033403832,1.600946784825));
#2621 = CARTESIAN_POINT('',(2.699301124501,1.605923382054));
#2622 = CARTESIAN_POINT('',(2.730568937965,1.61089988895));
#2623 = CARTESIAN_POINT('',(2.8150361314,1.624343209405));
#2624 = CARTESIAN_POINT('',(2.86823873639,1.632810348538));
#2625 = CARTESIAN_POINT('',(2.921440006658,1.641277009313));
#2626 = CARTESIAN_POINT('',(2.974639605388,1.649743235775));
#2627 = CARTESIAN_POINT('',(3.027839203341,1.658209424019));
#2628 = CARTESIAN_POINT('',(3.081040472651,1.666675966148));
#2629 = CARTESIAN_POINT('',(3.134243079722,1.675142902052));
#2630 = CARTESIAN_POINT('',(3.225940576152,1.689736491368));
#2631 = CARTESIAN_POINT('',(3.264439088215,1.69586361682));
#2632 = CARTESIAN_POINT('',(3.302937334834,1.701990831495));
#2633 = CARTESIAN_POINT('',(3.341435245349,1.708118126877));
#2634 = CARTESIAN_POINT('',(3.379933154069,1.714245544496));
#2635 = CARTESIAN_POINT('',(3.41843139692,1.720373113031));
#2636 = CARTESIAN_POINT('',(3.456929907682,1.726500787824));
#2637 = CARTESIAN_POINT('',(3.539913247461,1.739709015901));
#2638 = CARTESIAN_POINT('',(3.58439992763,1.746789872493));
#2639 = CARTESIAN_POINT('',(3.628886059065,1.753870619818));
#2640 = CARTESIAN_POINT('',(3.673371501458,1.760951170406));
#2641 = CARTESIAN_POINT('',(3.717856942806,1.768031574979));
#2642 = CARTESIAN_POINT('',(3.762343072524,1.775111901886));
#2643 = CARTESIAN_POINT('',(3.806829754329,1.782192113079));
#2644 = CARTESIAN_POINT('',(3.91272044014,1.799044532487));
#2645 = CARTESIAN_POINT('',(3.974131873914,1.808817749993));
#2646 = CARTESIAN_POINT('',(4.03554029258,1.818590156893));
#2647 = CARTESIAN_POINT('',(4.096945663334,1.82836187692));
#2648 = CARTESIAN_POINT('',(4.158351031716,1.838133637267));
#2649 = CARTESIAN_POINT('',(4.21975944524,1.847906213937));
#2650 = CARTESIAN_POINT('',(4.281170875487,1.857679836682));
#2651 = CARTESIAN_POINT('',(4.388042937463,1.874689629418));
#2652 = CARTESIAN_POINT('',(4.433511145419,1.881926716403));
#2653 = CARTESIAN_POINT('',(4.478978735459,1.889164085646));
#2654 = CARTESIAN_POINT('',(4.524445542031,1.896401699554));
#2655 = CARTESIAN_POINT('',(4.569912324554,1.903639596194));
#2656 = CARTESIAN_POINT('',(4.615379848659,1.910877735389));
#2657 = CARTESIAN_POINT('',(4.660847963566,1.918115868194));
#2658 = CARTESIAN_POINT('',(4.72810936144,1.928822789504));
#2659 = CARTESIAN_POINT('',(4.749904076726,1.932292073975));
#2660 = CARTESIAN_POINT('',(4.771698781541,1.935761250286));
#2661 = CARTESIAN_POINT('',(4.793493478707,1.939230290733));
#2662 = CARTESIAN_POINT('',(4.815288190501,1.942699171332));
#2663 = CARTESIAN_POINT('',(4.837082935381,1.946167870368));
#2664 = CARTESIAN_POINT('',(4.858877704716,1.949636366938));
#2665 = CARTESIAN_POINT('',(4.89890710338,1.956006385491));
#2666 = CARTESIAN_POINT('',(4.917141769922,1.958907978993));
#2667 = CARTESIAN_POINT('',(4.935376421411,1.961809410542));
#2668 = CARTESIAN_POINT('',(4.953611039923,1.964710674329));
#2669 = CARTESIAN_POINT('',(4.971845597102,1.967611768314));
#2670 = CARTESIAN_POINT('',(4.990080043929,1.970512694328));
#2671 = CARTESIAN_POINT('',(5.008314300488,1.973413458187));
#2672 = CARTESIAN_POINT('',(5.026548245736,1.976314069796));
#2673 = ( GEOMETRIC_REPRESENTATION_CONTEXT(2) 
PARAMETRIC_REPRESENTATION_CONTEXT() REPRESENTATION_CONTEXT('2D SPACE',''
  ) );
#2674 = ORIENTED_EDGE('',*,*,#2675,.F.);
#2675 = EDGE_CURVE('',#2307,#2362,#2676,.T.);
#2676 = SURFACE_CURVE('',#2677,(#2680,#2687),.PCURVE_S1.);
#2677 = B_SPLINE_CURVE_WITH_KNOTS('',1,(#2678,#2679),.UNSPECIFIED.,.F.,
  .F.,(2,2),(5.,6.),.PIECEWISE_BEZIER_KNOTS.);
#2678 = CARTESIAN_POINT('',(4.248983672538,-13.07702709903,2.1763140698)
  );
#2679 = CARTESIAN_POINT('',(4.187180273663,-12.88681579577,
    2.176314069785));
#2680 = PCURVE('',#2274,#2681);
#2681 = DEFINITIONAL_REPRESENTATION('',(#2682),#2686);
#2682 = LINE('',#2683,#2684);
#2683 = CARTESIAN_POINT('',(0.,1.));
#2684 = VECTOR('',#2685,1.);
#2685 = DIRECTION('',(1.,0.));
#2686 = ( GEOMETRIC_REPRESENTATION_CONTEXT(2) 
PARAMETRIC_REPRESENTATION_CONTEXT() REPRESENTATION_CONTEXT('2D SPACE',''
  ) );
#2687 = PCURVE('',#2688,#2705);
#2688 = ( BOUNDED_SURFACE() B_SPLINE_SURFACE(1,7,(
    (#2689,#2690,#2691,#2692,#2693,#2694,#2695,#2696)
    ,(#2697,#2698,#2699,#2700,#2701,#2702,#2703,#2704
)),.UNSPECIFIED.,.F.,.F.,.F.) B_SPLINE_SURFACE_WITH_KNOTS((2,2),(8,8),(
    5.,6.),(0.,1.),.PIECEWISE_BEZIER_KNOTS.) 
GEOMETRIC_REPRESENTATION_ITEM() RATIONAL_B_SPLINE_SURFACE((
    (1.,1.,1.,1.000000000001,0.999999999999,1.,1.,1.)
    ,(1.,1.,1.,1.000000000001,0.999999999999,1.,1.,1.
))) REPRESENTATION_ITEM('') SURFACE() );
#2689 = CARTESIAN_POINT('',(4.248983672572,-13.07702709913,2.1763140698)
  );
#2690 = CARTESIAN_POINT('',(7.176101525418,-12.12595548254,
    2.253870322618));
#2691 = CARTESIAN_POINT('',(9.857321722234,-10.40964307363,
    2.331493125111));
#2692 = CARTESIAN_POINT('',(12.052502561738,-8.003722543666,
    2.40918159995));
#2693 = CARTESIAN_POINT('',(13.549420905474,-5.077706917681,
    2.486934853047));
#2694 = CARTESIAN_POINT('',(14.21583108957,-1.882847503397,
    2.564751973698));
#2695 = CARTESIAN_POINT('',(14.032841311854,1.30730741995,2.642632034715
    ));
#2696 = CARTESIAN_POINT('',(13.077027098904,4.248983672696,
    2.720574092612));
#2697 = CARTESIAN_POINT('',(4.187180273698,-12.88681579587,
    2.176314069717));
#2698 = CARTESIAN_POINT('',(7.079727869106,-11.9742191544,2.253870322535
    ));
#2699 = CARTESIAN_POINT('',(9.742832729411,-10.30334898322,
    2.331493125036));
#2700 = CARTESIAN_POINT('',(11.937911307786,-7.942689420769,
    2.409181599891));
#2701 = CARTESIAN_POINT('',(13.450752511945,-5.054166701278,
    2.486934853005));
#2702 = CARTESIAN_POINT('',(14.143304420824,-1.883443536677,
    2.564751973673));
#2703 = CARTESIAN_POINT('',(13.989521878098,1.297532216525,
    2.642632034703));
#2704 = CARTESIAN_POINT('',(13.059735162244,4.243365181889,
    2.720574092608));
#2705 = DEFINITIONAL_REPRESENTATION('',(#2706),#2709);
#2706 = B_SPLINE_CURVE_WITH_KNOTS('',1,(#2707,#2708),.UNSPECIFIED.,.F.,
  .F.,(2,2),(5.,5.250000000235),.PIECEWISE_BEZIER_KNOTS.);
#2707 = CARTESIAN_POINT('',(5.,0.));
#2708 = CARTESIAN_POINT('',(5.250000000235,0.));
#2709 = ( GEOMETRIC_REPRESENTATION_CONTEXT(2) 
PARAMETRIC_REPRESENTATION_CONTEXT() REPRESENTATION_CONTEXT('2D SPACE',''
  ) );
#2710 = ADVANCED_FACE('',(#2711),#2688,.T.);
#2711 = FACE_BOUND('',#2712,.T.);
#2712 = EDGE_LOOP('',(#2713,#2758,#2759,#3013,#3047,#3092));
#2713 = ORIENTED_EDGE('',*,*,#2714,.F.);
#2714 = EDGE_CURVE('',#2307,#2715,#2717,.T.);
#2715 = VERTEX_POINT('',#2716);
#2716 = CARTESIAN_POINT('',(13.077027098904,4.248983672696,
    2.720574092612));
#2717 = SURFACE_CURVE('',#2718,(#2727,#2734),.PCURVE_S1.);
#2718 = ( BOUNDED_CURVE() B_SPLINE_CURVE(7,(#2719,#2720,#2721,#2722,
    #2723,#2724,#2725,#2726),.UNSPECIFIED.,.F.,.F.) 
B_SPLINE_CURVE_WITH_KNOTS((8,8),(0.,1.),.PIECEWISE_BEZIER_KNOTS.) CURVE(
) GEOMETRIC_REPRESENTATION_ITEM() RATIONAL_B_SPLINE_CURVE((1.,1.,1.,
1.000000000001,0.999999999999,1.,1.,1.)) REPRESENTATION_ITEM('') );
#2719 = CARTESIAN_POINT('',(4.248983672572,-13.07702709913,2.1763140698)
  );
#2720 = CARTESIAN_POINT('',(7.176101525418,-12.12595548254,
    2.253870322618));
#2721 = CARTESIAN_POINT('',(9.857321722234,-10.40964307363,
    2.331493125111));
#2722 = CARTESIAN_POINT('',(12.052502561738,-8.003722543666,
    2.40918159995));
#2723 = CARTESIAN_POINT('',(13.549420905474,-5.077706917681,
    2.486934853047));
#2724 = CARTESIAN_POINT('',(14.21583108957,-1.882847503397,
    2.564751973698));
#2725 = CARTESIAN_POINT('',(14.032841311854,1.30730741995,2.642632034715
    ));
#2726 = CARTESIAN_POINT('',(13.077027098904,4.248983672696,
    2.720574092612));
#2727 = PCURVE('',#2688,#2728);
#2728 = DEFINITIONAL_REPRESENTATION('',(#2729),#2733);
#2729 = LINE('',#2730,#2731);
#2730 = CARTESIAN_POINT('',(5.,0.));
#2731 = VECTOR('',#2732,1.);
#2732 = DIRECTION('',(0.,1.));
#2733 = ( GEOMETRIC_REPRESENTATION_CONTEXT(2) 
PARAMETRIC_REPRESENTATION_CONTEXT() REPRESENTATION_CONTEXT('2D SPACE',''
  ) );
#2734 = PCURVE('',#2735,#2752);
#2735 = ( BOUNDED_SURFACE() B_SPLINE_SURFACE(1,7,(
    (#2736,#2737,#2738,#2739,#2740,#2741,#2742,#2743)
    ,(#2744,#2745,#2746,#2747,#2748,#2749,#2750,#2751
)),.UNSPECIFIED.,.F.,.F.,.F.) B_SPLINE_SURFACE_WITH_KNOTS((2,2),(8,8),(
    4.,5.),(0.,1.),.PIECEWISE_BEZIER_KNOTS.) 
GEOMETRIC_REPRESENTATION_ITEM() RATIONAL_B_SPLINE_SURFACE((
    (1.,1.,1.,1.000000000001,0.999999999999,1.,1.,1.)
    ,(1.,1.,1.,1.000000000001,0.999999999999,1.,1.,1.
))) REPRESENTATION_ITEM('') SURFACE() );
#2736 = CARTESIAN_POINT('',(4.418943019424,-13.60010818305,
    2.323686125865));
#2737 = CARTESIAN_POINT('',(7.441129080234,-12.54323038489,
    2.382151196018));
#2738 = CARTESIAN_POINT('',(10.172166452452,-10.70195182221,
    2.440666433929));
#2739 = CARTESIAN_POINT('',(12.367628510083,-8.171563631623,
    2.499231178223));
#2740 = CARTESIAN_POINT('',(13.820758987648,-5.142442512748,
    2.557844754903));
#2741 = CARTESIAN_POINT('',(14.415279428608,-1.881208411869,
    2.616506477464));
#2742 = CARTESIAN_POINT('',(14.15196975467,1.33418922938,2.67521564698)
  );
#2743 = CARTESIAN_POINT('',(13.124579924714,4.264434522418,
    2.733971552245));
#2744 = CARTESIAN_POINT('',(4.248983672572,-13.07702709913,2.1763140698)
  );
#2745 = CARTESIAN_POINT('',(7.176101525418,-12.12595548254,
    2.253870322618));
#2746 = CARTESIAN_POINT('',(9.857321722234,-10.40964307363,
    2.331493125111));
#2747 = CARTESIAN_POINT('',(12.052502561738,-8.003722543666,
    2.40918159995));
#2748 = CARTESIAN_POINT('',(13.549420905474,-5.077706917681,
    2.486934853047));
#2749 = CARTESIAN_POINT('',(14.21583108957,-1.882847503397,
    2.564751973698));
#2750 = CARTESIAN_POINT('',(14.032841311854,1.30730741995,2.642632034715
    ));
#2751 = CARTESIAN_POINT('',(13.077027098904,4.248983672696,
    2.720574092612));
#2752 = DEFINITIONAL_REPRESENTATION('',(#2753),#2757);
#2753 = LINE('',#2754,#2755);
#2754 = CARTESIAN_POINT('',(5.,0.));
#2755 = VECTOR('',#2756,1.);
#2756 = DIRECTION('',(0.,1.));
#2757 = ( GEOMETRIC_REPRESENTATION_CONTEXT(2) 
PARAMETRIC_REPRESENTATION_CONTEXT() REPRESENTATION_CONTEXT('2D SPACE',''
  ) );
#2758 = ORIENTED_EDGE('',*,*,#2675,.T.);
#2759 = ORIENTED_EDGE('',*,*,#2760,.T.);
#2760 = EDGE_CURVE('',#2362,#2761,#2763,.T.);
#2761 = VERTEX_POINT('',#2762);
#2762 = CARTESIAN_POINT('',(13.7,-3.355532229664E-15,2.611722085413));
#2763 = SURFACE_CURVE('',#2764,(#2845,#2929),.PCURVE_S1.);
#2764 = B_SPLINE_CURVE_WITH_KNOTS('',7,(#2765,#2766,#2767,#2768,#2769,
    #2770,#2771,#2772,#2773,#2774,#2775,#2776,#2777,#2778,#2779,#2780,
    #2781,#2782,#2783,#2784,#2785,#2786,#2787,#2788,#2789,#2790,#2791,
    #2792,#2793,#2794,#2795,#2796,#2797,#2798,#2799,#2800,#2801,#2802,
    #2803,#2804,#2805,#2806,#2807,#2808,#2809,#2810,#2811,#2812,#2813,
    #2814,#2815,#2816,#2817,#2818,#2819,#2820,#2821,#2822,#2823,#2824,
    #2825,#2826,#2827,#2828,#2829,#2830,#2831,#2832,#2833,#2834,#2835,
    #2836,#2837,#2838,#2839,#2840,#2841,#2842,#2843,#2844),
  .UNSPECIFIED.,.F.,.F.,(8,6,6,6,6,6,6,6,6,6,6,6,6,8),(0.,0.427487669005
    ,0.502346101886,0.575978566246,0.647136310048,0.71581981112,
    0.779640715135,0.838981649413,0.894415594124,0.946064954519,
    0.987370444621,0.993863261198,0.996843743683,1.),.UNSPECIFIED.);
#2765 = CARTESIAN_POINT('',(4.233532822839,-13.02947427327,
    2.176314069779));
#2766 = CARTESIAN_POINT('',(5.234653243383,-12.70419053034,
    2.202936356902));
#2767 = CARTESIAN_POINT('',(6.206772206385,-12.28911395642,2.22956293094
    ));
#2768 = CARTESIAN_POINT('',(7.139916061376,-11.78743195444,
    2.256185503339));
#2769 = CARTESIAN_POINT('',(8.024946074763,-11.20366314431,
    2.282806122398));
#2770 = CARTESIAN_POINT('',(8.853418677694,-10.54338611488,
    2.309427431769));
#2771 = CARTESIAN_POINT('',(9.617586695981,-9.813239353688,2.33605117915
    ));
#2772 = CARTESIAN_POINT('',(10.431955611876,-8.882469658103,
    2.367329602534));
#2773 = CARTESIAN_POINT('',(10.551132589867,-8.741865720583,
    2.371990579848));
#2774 = CARTESIAN_POINT('',(10.668095280325,-8.599400213601,
    2.376651492769));
#2775 = CARTESIAN_POINT('',(10.782808763345,-8.455115226969,
    2.381312335818));
#2776 = CARTESIAN_POINT('',(10.895239126956,-8.309053679972,
    2.385973102765));
#2777 = CARTESIAN_POINT('',(11.00535346712,-8.161259321359,
    2.390633786629));
#2778 = CARTESIAN_POINT('',(11.219121400446,-7.86474223764,
    2.399878645451));
#2779 = CARTESIAN_POINT('',(11.322851302006,-7.71607431978,
    2.404462823595));
#2780 = CARTESIAN_POINT('',(11.424279239402,-7.565815395299,
    2.40904690686));
#2781 = CARTESIAN_POINT('',(11.523375872599,-7.414008592013,
    2.413630886716));
#2782 = CARTESIAN_POINT('',(11.620112874538,-7.260697746021,
    2.418214753358));
#2783 = CARTESIAN_POINT('',(11.714462931131,-7.105927401709,
    2.422798495703));
#2784 = CARTESIAN_POINT('',(11.895246638332,-6.798807444649,
    2.431811656241));
#2785 = CARTESIAN_POINT('',(11.981839803058,-6.646551271524,
    2.436241083445));
#2786 = CARTESIAN_POINT('',(12.066155499299,-6.493015125137,
    2.440670372046));
#2787 = CARTESIAN_POINT('',(12.148170930374,-6.33824041276,
    2.445099508977));
#2788 = CARTESIAN_POINT('',(12.227864239073,-6.182269116171,
    2.44952847907));
#2789 = CARTESIAN_POINT('',(12.305214507655,-6.025143791656,
    2.453957265054));
#2790 = CARTESIAN_POINT('',(12.45258160864,-5.714173417419,
    2.462660442763));
#2791 = CARTESIAN_POINT('',(12.522759934404,-5.560404271728,
    2.466934847959));
#2792 = CARTESIAN_POINT('',(12.590718768504,-5.405638903385,
    2.471209046093));
#2793 = CARTESIAN_POINT('',(12.65644100898,-5.249916577649,
    2.475483016541));
#2794 = CARTESIAN_POINT('',(12.719910418551,-5.093277054585,
    2.479756735104));
#2795 = CARTESIAN_POINT('',(12.781111624611,-4.93576058907,
    2.484030174008));
#2796 = CARTESIAN_POINT('',(12.894777351558,-4.63026619155,
    2.492273904465));
#2797 = CARTESIAN_POINT('',(12.947553665676,-4.482402489524,
    2.496244237459));
#2798 = CARTESIAN_POINT('',(12.998347419748,-4.333849493618,
    2.500214276297));
#2799 = CARTESIAN_POINT('',(13.04714766189,-4.184640293562,
    2.504183991025));
#2800 = CARTESIAN_POINT('',(13.093944130172,-4.034808399909,
    2.508153346319));
#2801 = CARTESIAN_POINT('',(13.138727252615,-3.884387744036,
    2.512122301487));
#2802 = CARTESIAN_POINT('',(13.22124739966,-3.593035452191,
    2.519780746145));
#2803 = CARTESIAN_POINT('',(13.25925838072,-3.452178975642,
    2.523470294253));
#2804 = CARTESIAN_POINT('',(13.295513944177,-3.310870824692,
    2.527159418715));
#2805 = CARTESIAN_POINT('',(13.330007513761,-3.169139014267,
    2.530848075235));
#2806 = CARTESIAN_POINT('',(13.362733083135,-3.027011998023,
    2.534536211304));
#2807 = CARTESIAN_POINT('',(13.39368521589,-2.884518668344,
    2.538223766195));
#2808 = CARTESIAN_POINT('',(13.450112078891,-2.608261949851,
    2.545354831017));
#2809 = CARTESIAN_POINT('',(13.475813265424,-2.474541559266,
    2.548798421398));
#2810 = CARTESIAN_POINT('',(13.499958685618,-2.340551087969,
    2.552241385749));
#2811 = CARTESIAN_POINT('',(13.52254485936,-2.206314938072,
    2.555683656852));
#2812 = CARTESIAN_POINT('',(13.543568797111,-2.071858054663,
    2.55912515519));
#2813 = CARTESIAN_POINT('',(13.563028051057,-1.93720597006,
    2.562565787514));
#2814 = CARTESIAN_POINT('',(13.597591910647,-1.676768228932,
    2.569210271093));
#2815 = CARTESIAN_POINT('',(13.612903096765,-1.551005006948,
    2.572414247257));
#2816 = CARTESIAN_POINT('',(13.626852844733,-1.425116281736,
    2.575617287748));
#2817 = CARTESIAN_POINT('',(13.639440080104,-1.299123880982,
    2.578819288587));
#2818 = CARTESIAN_POINT('',(13.650664214237,-1.173050425422,
    2.582020125936));
#2819 = CARTESIAN_POINT('',(13.660525224686,-1.046919393847,
    2.585219654078));
#2820 = CARTESIAN_POINT('',(13.675820240977,-0.819858017035,
    2.590975276084));
#2821 = CARTESIAN_POINT('',(13.681745356232,-0.718939791747,
    2.593531898714));
#2822 = CARTESIAN_POINT('',(13.686799343255,-0.618012917476,
    2.596087486692));
#2823 = CARTESIAN_POINT('',(13.690982795237,-0.517090465734,
    2.598641937968));
#2824 = CARTESIAN_POINT('',(13.69429663664,-0.416186174315,
    2.601195133029));
#2825 = CARTESIAN_POINT('',(13.696742123194,-0.315314447289,2.6037469349
    ));
#2826 = CARTESIAN_POINT('',(13.698569000944,-0.198641799859,
    2.60669806401));
#2827 = CARTESIAN_POINT('',(13.698795743918,-0.182794424,2.60709890058)
  );
#2828 = CARTESIAN_POINT('',(13.699001077242,-0.166948286668,
    2.607499698229));
#2829 = CARTESIAN_POINT('',(13.699185007611,-0.15110344769,
    2.607900456323));
#2830 = CARTESIAN_POINT('',(13.699347541987,-0.135259967477,
    2.608301174212));
#2831 = CARTESIAN_POINT('',(13.699488687603,-0.119417907031,
    2.608701851231));
#2832 = CARTESIAN_POINT('',(13.699663428965,-9.630581980606E-02,
    2.609286395635));
#2833 = CARTESIAN_POINT('',(13.699713760865,-8.905309271413E-02,
    2.609469828706));
#2834 = CARTESIAN_POINT('',(13.699759490236,-8.181906267581E-02,
    2.609652788128));
#2835 = CARTESIAN_POINT('',(13.699800659172,-7.460364629379E-02,
    2.609835276101));
#2836 = CARTESIAN_POINT('',(13.699837309289,-6.740676075985E-02,
    2.610017294807));
#2837 = CARTESIAN_POINT('',(13.699869481728,-6.022832385493E-02,
    2.610198846414));
#2838 = CARTESIAN_POINT('',(13.699926588264,-4.548591921621E-02,
    2.610571699304));
#2839 = CARTESIAN_POINT('',(13.699951061944,-3.790394216451E-02,
    2.610763456013));
#2840 = CARTESIAN_POINT('',(13.699970639053,-3.032235093734E-02,
    2.61095520258));
#2841 = CARTESIAN_POINT('',(13.699985320483,-2.274116204546E-02,
    2.611146938683));
#2842 = CARTESIAN_POINT('',(13.699995107151,-1.5160380367E-02,
    2.611338664297));
#2843 = CARTESIAN_POINT('',(13.7,-7.579999147531E-03,2.611530379686));
#2844 = CARTESIAN_POINT('',(13.7,-3.552713678801E-15,2.611722085413));
#2845 = PCURVE('',#2688,#2846);
#2846 = DEFINITIONAL_REPRESENTATION('',(#2847),#2928);
#2847 = B_SPLINE_CURVE_WITH_KNOTS('',7,(#2848,#2849,#2850,#2851,#2852,
    #2853,#2854,#2855,#2856,#2857,#2858,#2859,#2860,#2861,#2862,#2863,
    #2864,#2865,#2866,#2867,#2868,#2869,#2870,#2871,#2872,#2873,#2874,
    #2875,#2876,#2877,#2878,#2879,#2880,#2881,#2882,#2883,#2884,#2885,
    #2886,#2887,#2888,#2889,#2890,#2891,#2892,#2893,#2894,#2895,#2896,
    #2897,#2898,#2899,#2900,#2901,#2902,#2903,#2904,#2905,#2906,#2907,
    #2908,#2909,#2910,#2911,#2912,#2913,#2914,#2915,#2916,#2917,#2918,
    #2919,#2920,#2921,#2922,#2923,#2924,#2925,#2926,#2927),
  .UNSPECIFIED.,.F.,.F.,(8,6,6,6,6,6,6,6,6,6,6,6,6,8),(0.,0.427487669005
    ,0.502346101886,0.575978566246,0.647136310048,0.71581981112,
    0.779640715135,0.838981649413,0.894415594124,0.946064954519,
    0.987370444621,0.993863261198,0.996843743683,1.),.UNSPECIFIED.);
#2848 = CARTESIAN_POINT('',(5.250000000235,0.));
#2849 = CARTESIAN_POINT('',(5.261127892416,4.903774662545E-02));
#2850 = CARTESIAN_POINT('',(5.273387113587,9.806894554495E-02));
#2851 = CARTESIAN_POINT('',(5.287023142688,0.14707840243));
#2852 = CARTESIAN_POINT('',(5.30231588376,0.196069987043));
#2853 = CARTESIAN_POINT('',(5.319648724247,0.245048646076));
#2854 = CARTESIAN_POINT('',(5.339558420506,0.294017661126));
#2855 = CARTESIAN_POINT('',(5.367093213501,0.35153152596));
#2856 = CARTESIAN_POINT('',(5.37130453981,0.360101566562));
#2857 = CARTESIAN_POINT('',(5.375629079064,0.368671058859));
#2858 = CARTESIAN_POINT('',(5.380072386313,0.377239993232));
#2859 = CARTESIAN_POINT('',(5.384640515031,0.385808358688));
#2860 = CARTESIAN_POINT('',(5.389340017108,0.394376142857));
#2861 = CARTESIAN_POINT('',(5.398936637128,0.411370214899));
#2862 = CARTESIAN_POINT('',(5.403829341967,0.419796522538));
#2863 = CARTESIAN_POINT('',(5.408862732406,0.428222242018));
#2864 = CARTESIAN_POINT('',(5.414044193503,0.436647358109));
#2865 = CARTESIAN_POINT('',(5.419381820351,0.445071853239));
#2866 = CARTESIAN_POINT('',(5.424884418073,0.453495707496));
#2867 = CARTESIAN_POINT('',(5.436047783927,0.470058993915));
#2868 = CARTESIAN_POINT('',(5.441697142706,0.47819846987));
#2869 = CARTESIAN_POINT('',(5.447518117185,0.486337306757));
#2870 = CARTESIAN_POINT('',(5.453520216545,0.494475480988));
#2871 = CARTESIAN_POINT('',(5.45971392013,0.502612965115));
#2872 = CARTESIAN_POINT('',(5.466110677439,0.510749727837));
#2873 = CARTESIAN_POINT('',(5.479105223391,0.526738841157));
#2874 = CARTESIAN_POINT('',(5.485688466809,0.534591242659));
#2875 = CARTESIAN_POINT('',(5.492483732057,0.542442907568));
#2876 = CARTESIAN_POINT('',(5.499503468362,0.550293798399));
#2877 = CARTESIAN_POINT('',(5.506761480516,0.558143871111));
#2878 = CARTESIAN_POINT('',(5.514272928868,0.565993075107));
#2879 = CARTESIAN_POINT('',(5.529284828712,0.581133995532));
#2880 = CARTESIAN_POINT('',(5.536748642557,0.588425836515));
#2881 = CARTESIAN_POINT('',(5.544458940501,0.595716831367));
#2882 = CARTESIAN_POINT('',(5.552430550212,0.603006925426));
#2883 = CARTESIAN_POINT('',(5.560679957387,0.610296054189));
#2884 = CARTESIAN_POINT('',(5.569225305752,0.617584143311));
#2885 = CARTESIAN_POINT('',(5.586325475549,0.631646558361));
#2886 = CARTESIAN_POINT('',(5.594837815497,0.638421033183));
#2887 = CARTESIAN_POINT('',(5.603639229783,0.645194467132));
#2888 = CARTESIAN_POINT('',(5.612747582092,0.651966779208));
#2889 = CARTESIAN_POINT('',(5.622182786914,0.65873787335));
#2890 = CARTESIAN_POINT('',(5.631966809548,0.665507638434));
#2891 = CARTESIAN_POINT('',(5.651611798224,0.678598634593));
#2892 = CARTESIAN_POINT('',(5.661425428459,0.684920046693));
#2893 = CARTESIAN_POINT('',(5.671584542665,0.691240081423));
#2894 = CARTESIAN_POINT('',(5.682111051169,0.69755861572));
#2895 = CARTESIAN_POINT('',(5.693029243479,0.703875503973));
#2896 = CARTESIAN_POINT('',(5.704366243003,0.710190575401));
#2897 = CARTESIAN_POINT('',(5.727134012211,0.7223856827));
#2898 = CARTESIAN_POINT('',(5.738505521172,0.728265977759));
#2899 = CARTESIAN_POINT('',(5.750291677714,0.734144358813));
#2900 = CARTESIAN_POINT('',(5.762519594616,0.740020635381));
#2901 = CARTESIAN_POINT('',(5.77521939314,0.745894580579));
#2902 = CARTESIAN_POINT('',(5.7884247878,0.75176592742));
#2903 = CARTESIAN_POINT('',(5.813169051522,0.762327524768));
#2904 = CARTESIAN_POINT('',(5.824512183099,0.767018816027));
#2905 = CARTESIAN_POINT('',(5.836222103229,0.771708083899));
#2906 = CARTESIAN_POINT('',(5.848320031363,0.776395141391));
#2907 = CARTESIAN_POINT('',(5.860829369041,0.781079769499));
#2908 = CARTESIAN_POINT('',(5.87377569989,0.785761717213));
#2909 = CARTESIAN_POINT('',(5.889294880957,0.791176191797));
#2910 = CARTESIAN_POINT('',(5.891414459906,0.79191160875));
#2911 = CARTESIAN_POINT('',(5.893545635827,0.792646951234));
#2912 = CARTESIAN_POINT('',(5.895688519792,0.793382218087));
#2913 = CARTESIAN_POINT('',(5.897843224587,0.794117408116));
#2914 = CARTESIAN_POINT('',(5.900009864715,0.794852520102));
#2915 = CARTESIAN_POINT('',(5.903188669714,0.795924964466));
#2916 = CARTESIAN_POINT('',(5.904188782365,0.796261502435));
#2917 = CARTESIAN_POINT('',(5.905188894349,0.796597170777));
#2918 = CARTESIAN_POINT('',(5.906189005671,0.796931973535));
#2919 = CARTESIAN_POINT('',(5.907189116335,0.79726591472));
#2920 = CARTESIAN_POINT('',(5.908189226347,0.797598998311));
#2921 = CARTESIAN_POINT('',(5.910248426487,0.798283051451));
#2922 = CARTESIAN_POINT('',(5.911310246398,0.798634856491));
#2923 = CARTESIAN_POINT('',(5.912374953223,0.798986642213));
#2924 = CARTESIAN_POINT('',(5.913442624916,0.799338408011));
#2925 = CARTESIAN_POINT('',(5.914513259611,0.799690153839));
#2926 = CARTESIAN_POINT('',(5.915586775618,0.800041880209));
#2927 = CARTESIAN_POINT('',(5.916663011425,0.800393588193));
#2928 = ( GEOMETRIC_REPRESENTATION_CONTEXT(2) 
PARAMETRIC_REPRESENTATION_CONTEXT() REPRESENTATION_CONTEXT('2D SPACE',''
  ) );
#2929 = PCURVE('',#1643,#2930);
#2930 = DEFINITIONAL_REPRESENTATION('',(#2931),#3012);
#2931 = B_SPLINE_CURVE_WITH_KNOTS('',7,(#2932,#2933,#2934,#2935,#2936,
    #2937,#2938,#2939,#2940,#2941,#2942,#2943,#2944,#2945,#2946,#2947,
    #2948,#2949,#2950,#2951,#2952,#2953,#2954,#2955,#2956,#2957,#2958,
    #2959,#2960,#2961,#2962,#2963,#2964,#2965,#2966,#2967,#2968,#2969,
    #2970,#2971,#2972,#2973,#2974,#2975,#2976,#2977,#2978,#2979,#2980,
    #2981,#2982,#2983,#2984,#2985,#2986,#2987,#2988,#2989,#2990,#2991,
    #2992,#2993,#2994,#2995,#2996,#2997,#2998,#2999,#3000,#3001,#3002,
    #3003,#3004,#3005,#3006,#3007,#3008,#3009,#3010,#3011),
  .UNSPECIFIED.,.F.,.F.,(8,6,6,6,6,6,6,6,6,6,6,6,6,8),(0.,0.427487669005
    ,0.502346101886,0.575978566246,0.647136310048,0.71581981112,
    0.779640715135,0.838981649413,0.894415594124,0.946064954519,
    0.987370444621,0.993863261198,0.996843743683,1.),.UNSPECIFIED.);
#2932 = CARTESIAN_POINT('',(5.026548245736,1.976314069779));
#2933 = CARTESIAN_POINT('',(5.103383304431,2.002936356902));
#2934 = CARTESIAN_POINT('',(5.180230446653,2.02956293094));
#2935 = CARTESIAN_POINT('',(5.257066269658,2.056185503339));
#2936 = CARTESIAN_POINT('',(5.333896412574,2.082806122398));
#2937 = CARTESIAN_POINT('',(5.410728549143,2.109427431769));
#2938 = CARTESIAN_POINT('',(5.487567710341,2.13605117915));
#2939 = CARTESIAN_POINT('',(5.577840795403,2.167329602534));
#2940 = CARTESIAN_POINT('',(5.59129290568,2.171990579848));
#2941 = CARTESIAN_POINT('',(5.604744830116,2.176651492769));
#2942 = CARTESIAN_POINT('',(5.618196552925,2.181312335818));
#2943 = CARTESIAN_POINT('',(5.631648056147,2.185973102765));
#2944 = CARTESIAN_POINT('',(5.645099319651,2.190633786629));
#2945 = CARTESIAN_POINT('',(5.671781033401,2.199878645451));
#2946 = CARTESIAN_POINT('',(5.685011492842,2.204462823595));
#2947 = CARTESIAN_POINT('',(5.698241678522,2.20904690686));
#2948 = CARTESIAN_POINT('',(5.711471565824,2.213630886716));
#2949 = CARTESIAN_POINT('',(5.724701126438,2.218214753358));
#2950 = CARTESIAN_POINT('',(5.737930328364,2.222798495703));
#2951 = CARTESIAN_POINT('',(5.76394333519,2.231811656241));
#2952 = CARTESIAN_POINT('',(5.776727166104,2.236241083445));
#2953 = CARTESIAN_POINT('',(5.789510596992,2.240670372046));
#2954 = CARTESIAN_POINT('',(5.802293590124,2.245099508977));
#2955 = CARTESIAN_POINT('',(5.815076101703,2.24952847907));
#2956 = CARTESIAN_POINT('',(5.827858081862,2.253957265054));
#2957 = CARTESIAN_POINT('',(5.852976442638,2.262660442763));
#2958 = CARTESIAN_POINT('',(5.865312862139,2.266934847959));
#2959 = CARTESIAN_POINT('',(5.87764868395,2.271209046093));
#2960 = CARTESIAN_POINT('',(5.889983848541,2.275483016541));
#2961 = CARTESIAN_POINT('',(5.902318286068,2.279756735104));
#2962 = CARTESIAN_POINT('',(5.914651916376,2.284030174008));
#2963 = CARTESIAN_POINT('',(5.938444259126,2.292273904465));
#2964 = CARTESIAN_POINT('',(5.949903091183,2.296244237459));
#2965 = CARTESIAN_POINT('',(5.961361074214,2.300214276297));
#2966 = CARTESIAN_POINT('',(5.972818121777,2.304183991025));
#2967 = CARTESIAN_POINT('',(5.984274131943,2.308153346319));
#2968 = CARTESIAN_POINT('',(5.995728987292,2.312122301487));
#2969 = CARTESIAN_POINT('',(6.017832128348,2.319780746145));
#2970 = CARTESIAN_POINT('',(6.028480583229,2.323470294253));
#2971 = CARTESIAN_POINT('',(6.039127815457,2.327159418715));
#2972 = CARTESIAN_POINT('',(6.049773697216,2.330848075235));
#2973 = CARTESIAN_POINT('',(6.060418076977,2.334536211304));
#2974 = CARTESIAN_POINT('',(6.071060779501,2.338223766195));
#2975 = CARTESIAN_POINT('',(6.091641843308,2.345354831017));
#2976 = CARTESIAN_POINT('',(6.101580436759,2.348798421398));
#2977 = CARTESIAN_POINT('',(6.111517223547,2.352241385749));
#2978 = CARTESIAN_POINT('',(6.121452009683,2.355683656852));
#2979 = CARTESIAN_POINT('',(6.131384565686,2.35912515519));
#2980 = CARTESIAN_POINT('',(6.141314622431,2.362565787514));
#2981 = CARTESIAN_POINT('',(6.16049135909,2.369210271093));
#2982 = CARTESIAN_POINT('',(6.169738399487,2.372414247257));
#2983 = CARTESIAN_POINT('',(6.178982739562,2.375617287748));
#2984 = CARTESIAN_POINT('',(6.188224079211,2.378819288587));
#2985 = CARTESIAN_POINT('',(6.197462061015,2.382020125936));
#2986 = CARTESIAN_POINT('',(6.206696264396,2.385219654078));
#2987 = CARTESIAN_POINT('',(6.22330764654,2.390975276084));
#2988 = CARTESIAN_POINT('',(6.230686351352,2.393531898714));
#2989 = CARTESIAN_POINT('',(6.238062070075,2.396087486692));
#2990 = CARTESIAN_POINT('',(6.24543450817,2.398641937968));
#2991 = CARTESIAN_POINT('',(6.252803320692,2.401195133029));
#2992 = CARTESIAN_POINT('',(6.260168112292,2.4037469349));
#2993 = CARTESIAN_POINT('',(6.268685407862,2.40669806401));
#2994 = CARTESIAN_POINT('',(6.269842267968,2.40709890058));
#2995 = CARTESIAN_POINT('',(6.270999015744,2.407499698229));
#2996 = CARTESIAN_POINT('',(6.272155649359,2.407900456323));
#2997 = CARTESIAN_POINT('',(6.273312166937,2.408301174212));
#2998 = CARTESIAN_POINT('',(6.274468566557,2.408701851231));
#2999 = CARTESIAN_POINT('',(6.276155628439,2.409286395635));
#3000 = CARTESIAN_POINT('',(6.276685037223,2.409469828706));
#3001 = CARTESIAN_POINT('',(6.277213079002,2.409652788128));
#3002 = CARTESIAN_POINT('',(6.277739760124,2.409835276101));
#3003 = CARTESIAN_POINT('',(6.278265086891,2.410017294807));
#3004 = CARTESIAN_POINT('',(6.278789065553,2.410198846414));
#3005 = CARTESIAN_POINT('',(6.279865161556,2.410571699304));
#3006 = CARTESIAN_POINT('',(6.280418593306,2.410763456013));
#3007 = CARTESIAN_POINT('',(6.280971995785,2.41095520258));
#3008 = CARTESIAN_POINT('',(6.281525368068,2.411146938683));
#3009 = CARTESIAN_POINT('',(6.282078710073,2.411338664297));
#3010 = CARTESIAN_POINT('',(6.28263202257,2.411530379686));
#3011 = CARTESIAN_POINT('',(6.28318530718,2.411722085413));
#3012 = ( GEOMETRIC_REPRESENTATION_CONTEXT(2) 
PARAMETRIC_REPRESENTATION_CONTEXT() REPRESENTATION_CONTEXT('2D SPACE',''
  ) );
#3013 = ORIENTED_EDGE('',*,*,#3014,.T.);
#3014 = EDGE_CURVE('',#2761,#3015,#3017,.T.);
#3015 = VERTEX_POINT('',#3016);
#3016 = CARTESIAN_POINT('',(13.689436514622,0.537892100826,
    2.625329410253));
#3017 = SURFACE_CURVE('',#3018,(#3024,#3033),.PCURVE_S1.);
#3018 = B_SPLINE_CURVE_WITH_KNOTS('',4,(#3019,#3020,#3021,#3022,#3023),
  .UNSPECIFIED.,.F.,.F.,(5,5),(0.,1.),.PIECEWISE_BEZIER_KNOTS.);
#3019 = CARTESIAN_POINT('',(13.7,-3.244811512967E-16,2.611722085413));
#3020 = CARTESIAN_POINT('',(13.7,0.134761753604,2.615130344363));
#3021 = CARTESIAN_POINT('',(13.698232591943,0.269376310499,
    2.618534880326));
#3022 = CARTESIAN_POINT('',(13.694706107492,0.403780153572,
    2.621934967993));
#3023 = CARTESIAN_POINT('',(13.689436514622,0.537892100827,
    2.625329410253));
#3024 = PCURVE('',#2688,#3025);
#3025 = DEFINITIONAL_REPRESENTATION('',(#3026),#3032);
#3026 = B_SPLINE_CURVE_WITH_KNOTS('',4,(#3027,#3028,#3029,#3030,#3031),
  .UNSPECIFIED.,.F.,.F.,(5,5),(0.,1.),.PIECEWISE_BEZIER_KNOTS.);
#3027 = CARTESIAN_POINT('',(5.916662739432,0.800393588258));
#3028 = CARTESIAN_POINT('',(5.935796696803,0.806646462935));
#3029 = CARTESIAN_POINT('',(5.955975172598,0.812892254548));
#3030 = CARTESIAN_POINT('',(5.97732071413,0.819129633892));
#3031 = CARTESIAN_POINT('',(6.,0.825356407087));
#3032 = ( GEOMETRIC_REPRESENTATION_CONTEXT(2) 
PARAMETRIC_REPRESENTATION_CONTEXT() REPRESENTATION_CONTEXT('2D SPACE',''
  ) );
#3033 = PCURVE('',#3034,#3039);
#3034 = CYLINDRICAL_SURFACE('',#3035,13.7);
#3035 = AXIS2_PLACEMENT_3D('',#3036,#3037,#3038);
#3036 = CARTESIAN_POINT('',(0.,0.,0.2));
#3037 = DIRECTION('',(0.,0.,1.));
#3038 = DIRECTION('',(1.,0.,-0.));
#3039 = DEFINITIONAL_REPRESENTATION('',(#3040),#3046);
#3040 = B_SPLINE_CURVE_WITH_KNOTS('',4,(#3041,#3042,#3043,#3044,#3045),
  .UNSPECIFIED.,.F.,.F.,(5,5),(0.,1.),.PIECEWISE_BEZIER_KNOTS.);
#3041 = CARTESIAN_POINT('',(0.,2.411722085413));
#3042 = CARTESIAN_POINT('',(9.83662435068E-03,2.415130344363));
#3043 = CARTESIAN_POINT('',(1.966250359511E-02,2.418534880326));
#3044 = CARTESIAN_POINT('',(2.947554430506E-02,2.421934967993));
#3045 = CARTESIAN_POINT('',(3.927229138892E-02,2.425329410253));
#3046 = ( GEOMETRIC_REPRESENTATION_CONTEXT(2) 
PARAMETRIC_REPRESENTATION_CONTEXT() REPRESENTATION_CONTEXT('2D SPACE',''
  ) );
#3047 = ORIENTED_EDGE('',*,*,#3048,.T.);
#3048 = EDGE_CURVE('',#3015,#3049,#3051,.T.);
#3049 = VERTEX_POINT('',#3050);
#3050 = CARTESIAN_POINT('',(13.059735162244,4.243365181889,
    2.720574092608));
#3051 = SURFACE_CURVE('',#3052,(#3061,#3068),.PCURVE_S1.);
#3052 = ( BOUNDED_CURVE() B_SPLINE_CURVE(7,(#3053,#3054,#3055,#3056,
    #3057,#3058,#3059,#3060),.UNSPECIFIED.,.F.,.F.) 
B_SPLINE_CURVE_WITH_KNOTS((8,8),(0.,1.),.PIECEWISE_BEZIER_KNOTS.) CURVE(
) GEOMETRIC_REPRESENTATION_ITEM() RATIONAL_B_SPLINE_CURVE((1.,1.,1.,
1.000000000001,0.999999999999,1.,1.,1.)) REPRESENTATION_ITEM('') );
#3053 = CARTESIAN_POINT('',(4.187180273698,-12.88681579587,
    2.176314069717));
#3054 = CARTESIAN_POINT('',(7.079727869106,-11.9742191544,2.253870322535
    ));
#3055 = CARTESIAN_POINT('',(9.742832729411,-10.30334898322,
    2.331493125036));
#3056 = CARTESIAN_POINT('',(11.937911307786,-7.942689420769,
    2.409181599891));
#3057 = CARTESIAN_POINT('',(13.450752511945,-5.054166701278,
    2.486934853005));
#3058 = CARTESIAN_POINT('',(14.143304420824,-1.883443536677,
    2.564751973673));
#3059 = CARTESIAN_POINT('',(13.989521878098,1.297532216525,
    2.642632034703));
#3060 = CARTESIAN_POINT('',(13.059735162244,4.243365181889,
    2.720574092608));
#3061 = PCURVE('',#2688,#3062);
#3062 = DEFINITIONAL_REPRESENTATION('',(#3063),#3067);
#3063 = LINE('',#3064,#3065);
#3064 = CARTESIAN_POINT('',(6.,0.));
#3065 = VECTOR('',#3066,1.);
#3066 = DIRECTION('',(0.,1.));
#3067 = ( GEOMETRIC_REPRESENTATION_CONTEXT(2) 
PARAMETRIC_REPRESENTATION_CONTEXT() REPRESENTATION_CONTEXT('2D SPACE',''
  ) );
#3068 = PCURVE('',#3069,#3086);
#3069 = ( BOUNDED_SURFACE() B_SPLINE_SURFACE(1,7,(
    (#3070,#3071,#3072,#3073,#3074,#3075,#3076,#3077)
    ,(#3078,#3079,#3080,#3081,#3082,#3083,#3084,#3085
)),.UNSPECIFIED.,.F.,.F.,.F.) B_SPLINE_SURFACE_WITH_KNOTS((2,2),(8,8),(
    0.,1.),(0.,1.),.PIECEWISE_BEZIER_KNOTS.) 
GEOMETRIC_REPRESENTATION_ITEM() RATIONAL_B_SPLINE_SURFACE((
    (1.,1.,1.,1.000000000001,0.999999999999,1.,1.,1.)
    ,(1.,1.,1.,1.000000000001,0.999999999999,1.,1.,1.
))) REPRESENTATION_ITEM('') SURFACE() );
#3070 = CARTESIAN_POINT('',(4.187180273698,-12.88681579587,
    2.176314069717));
#3071 = CARTESIAN_POINT('',(7.079727869106,-11.9742191544,2.253870322535
    ));
#3072 = CARTESIAN_POINT('',(9.742832729411,-10.30334898322,
    2.331493125036));
#3073 = CARTESIAN_POINT('',(11.937911307786,-7.942689420769,
    2.409181599891));
#3074 = CARTESIAN_POINT('',(13.450752511945,-5.054166701278,
    2.486934853005));
#3075 = CARTESIAN_POINT('',(14.143304420824,-1.883443536677,
    2.564751973673));
#3076 = CARTESIAN_POINT('',(13.989521878098,1.297532216525,
    2.642632034703));
#3077 = CARTESIAN_POINT('',(13.059735162244,4.243365181889,
    2.720574092608));
#3078 = CARTESIAN_POINT('',(4.187180273475,-12.88681579566,
    2.823686125554));
#3079 = CARTESIAN_POINT('',(7.079727868911,-11.97421915422,2.81737913782
    ));
#3080 = CARTESIAN_POINT('',(9.742832729246,-10.30334898307,
    2.811066737816));
#3081 = CARTESIAN_POINT('',(11.937911307649,-7.94268942064,
    2.804748996824));
#3082 = CARTESIAN_POINT('',(13.450752511837,-5.054166701177,
    2.798425987527));
#3083 = CARTESIAN_POINT('',(14.143304420745,-1.883443536603,
    2.792097784023));
#3084 = CARTESIAN_POINT('',(13.989521878048,1.297532216572,
    2.785764461795));
#3085 = CARTESIAN_POINT('',(13.059735162224,4.243365181908,
    2.779426097684));
#3086 = DEFINITIONAL_REPRESENTATION('',(#3087),#3091);
#3087 = LINE('',#3088,#3089);
#3088 = CARTESIAN_POINT('',(0.,0.));
#3089 = VECTOR('',#3090,1.);
#3090 = DIRECTION('',(0.,1.));
#3091 = ( GEOMETRIC_REPRESENTATION_CONTEXT(2) 
PARAMETRIC_REPRESENTATION_CONTEXT() REPRESENTATION_CONTEXT('2D SPACE',''
  ) );
#3092 = ORIENTED_EDGE('',*,*,#3093,.F.);
#3093 = EDGE_CURVE('',#2715,#3049,#3094,.T.);
#3094 = SURFACE_CURVE('',#3095,(#3098,#3105),.PCURVE_S1.);
#3095 = B_SPLINE_CURVE_WITH_KNOTS('',1,(#3096,#3097),.UNSPECIFIED.,.F.,
  .F.,(2,2),(5.,6.),.PIECEWISE_BEZIER_KNOTS.);
#3096 = CARTESIAN_POINT('',(13.077027098904,4.248983672696,
    2.720574092612));
#3097 = CARTESIAN_POINT('',(13.059735162244,4.243365181889,
    2.720574092608));
#3098 = PCURVE('',#2688,#3099);
#3099 = DEFINITIONAL_REPRESENTATION('',(#3100),#3104);
#3100 = LINE('',#3101,#3102);
#3101 = CARTESIAN_POINT('',(0.,1.));
#3102 = VECTOR('',#3103,1.);
#3103 = DIRECTION('',(1.,0.));
#3104 = ( GEOMETRIC_REPRESENTATION_CONTEXT(2) 
PARAMETRIC_REPRESENTATION_CONTEXT() REPRESENTATION_CONTEXT('2D SPACE',''
  ) );
#3105 = PCURVE('',#3106,#3111);
#3106 = PLANE('',#3107);
#3107 = AXIS2_PLACEMENT_3D('',#3108,#3109,#3110);
#3108 = CARTESIAN_POINT('',(13.059735162244,4.243365181889,
    2.720574092608));
#3109 = DIRECTION('',(0.309016994368,-0.951056516297,4.152079310189E-10)
  );
#3110 = DIRECTION('',(0.791326854125,0.2571176813,0.554700196415));
#3111 = DEFINITIONAL_REPRESENTATION('',(#3112),#3115);
#3112 = B_SPLINE_CURVE_WITH_KNOTS('',1,(#3113,#3114),.UNSPECIFIED.,.F.,
  .F.,(2,2),(5.,6.),.PIECEWISE_BEZIER_KNOTS.);
#3113 = CARTESIAN_POINT('',(1.512818716978E-02,-1.008545811319E-02));
#3114 = CARTESIAN_POINT('',(0.,0.));
#3115 = ( GEOMETRIC_REPRESENTATION_CONTEXT(2) 
PARAMETRIC_REPRESENTATION_CONTEXT() REPRESENTATION_CONTEXT('2D SPACE',''
  ) );
#3116 = ADVANCED_FACE('',(#3117),#3034,.T.);
#3117 = FACE_BOUND('',#3118,.T.);
#3118 = EDGE_LOOP('',(#3119,#3148,#3171,#3217,#3244,#3245,#3268,#3605,
    #3857));
#3119 = ORIENTED_EDGE('',*,*,#3120,.F.);
#3120 = EDGE_CURVE('',#3121,#3121,#3123,.T.);
#3121 = VERTEX_POINT('',#3122);
#3122 = CARTESIAN_POINT('',(13.7,-3.355532229664E-15,6.335714285714));
#3123 = SURFACE_CURVE('',#3124,(#3129,#3136),.PCURVE_S1.);
#3124 = CIRCLE('',#3125,13.7);
#3125 = AXIS2_PLACEMENT_3D('',#3126,#3127,#3128);
#3126 = CARTESIAN_POINT('',(0.,0.,6.335714285714));
#3127 = DIRECTION('',(0.,0.,1.));
#3128 = DIRECTION('',(0.,-1.,0.));
#3129 = PCURVE('',#3034,#3130);
#3130 = DEFINITIONAL_REPRESENTATION('',(#3131),#3135);
#3131 = LINE('',#3132,#3133);
#3132 = CARTESIAN_POINT('',(-1.570796326795,6.135714285714));
#3133 = VECTOR('',#3134,1.);
#3134 = DIRECTION('',(1.,0.));
#3135 = ( GEOMETRIC_REPRESENTATION_CONTEXT(2) 
PARAMETRIC_REPRESENTATION_CONTEXT() REPRESENTATION_CONTEXT('2D SPACE',''
  ) );
#3136 = PCURVE('',#3137,#3142);
#3137 = CONICAL_SURFACE('',#3138,14.7,1.29249666779);
#3138 = AXIS2_PLACEMENT_3D('',#3139,#3140,#3141);
#3139 = CARTESIAN_POINT('',(0.,0.,6.05));
#3140 = DIRECTION('',(-0.,-0.,-1.));
#3141 = DIRECTION('',(1.,0.,-0.));
#3142 = DEFINITIONAL_REPRESENTATION('',(#3143),#3147);
#3143 = LINE('',#3144,#3145);
#3144 = CARTESIAN_POINT('',(1.570796326795,-0.285714285714));
#3145 = VECTOR('',#3146,1.);
#3146 = DIRECTION('',(-1.,-0.));
#3147 = ( GEOMETRIC_REPRESENTATION_CONTEXT(2) 
PARAMETRIC_REPRESENTATION_CONTEXT() REPRESENTATION_CONTEXT('2D SPACE',''
  ) );
#3148 = ORIENTED_EDGE('',*,*,#3149,.F.);
#3149 = EDGE_CURVE('',#3150,#3121,#3152,.T.);
#3150 = VERTEX_POINT('',#3151);
#3151 = CARTESIAN_POINT('',(13.7,-3.355532229664E-15,2.788278104659));
#3152 = SEAM_CURVE('',#3153,(#3157,#3164),.PCURVE_S1.);
#3153 = LINE('',#3154,#3155);
#3154 = CARTESIAN_POINT('',(13.7,-3.355532229664E-15,0.2));
#3155 = VECTOR('',#3156,1.);
#3156 = DIRECTION('',(0.,0.,1.));
#3157 = PCURVE('',#3034,#3158);
#3158 = DEFINITIONAL_REPRESENTATION('',(#3159),#3163);
#3159 = LINE('',#3160,#3161);
#3160 = CARTESIAN_POINT('',(0.,-0.));
#3161 = VECTOR('',#3162,1.);
#3162 = DIRECTION('',(0.,1.));
#3163 = ( GEOMETRIC_REPRESENTATION_CONTEXT(2) 
PARAMETRIC_REPRESENTATION_CONTEXT() REPRESENTATION_CONTEXT('2D SPACE',''
  ) );
#3164 = PCURVE('',#3034,#3165);
#3165 = DEFINITIONAL_REPRESENTATION('',(#3166),#3170);
#3166 = LINE('',#3167,#3168);
#3167 = CARTESIAN_POINT('',(6.28318530718,-0.));
#3168 = VECTOR('',#3169,1.);
#3169 = DIRECTION('',(0.,1.));
#3170 = ( GEOMETRIC_REPRESENTATION_CONTEXT(2) 
PARAMETRIC_REPRESENTATION_CONTEXT() REPRESENTATION_CONTEXT('2D SPACE',''
  ) );
#3171 = ORIENTED_EDGE('',*,*,#3172,.T.);
#3172 = EDGE_CURVE('',#3150,#3173,#3175,.T.);
#3173 = VERTEX_POINT('',#3174);
#3174 = CARTESIAN_POINT('',(13.68943651437,0.537892107246,2.787171536793
    ));
#3175 = SURFACE_CURVE('',#3176,(#3182,#3191),.PCURVE_S1.);
#3176 = B_SPLINE_CURVE_WITH_KNOTS('',4,(#3177,#3178,#3179,#3180,#3181),
  .UNSPECIFIED.,.F.,.F.,(5,5),(0.,1.),.PIECEWISE_BEZIER_KNOTS.);
#3177 = CARTESIAN_POINT('',(13.7,1.799752243754E-16,2.788278104659));
#3178 = CARTESIAN_POINT('',(13.7,0.13476206908,2.788000939335));
#3179 = CARTESIAN_POINT('',(13.698232583731,0.269376758818,
    2.787724077144));
#3180 = CARTESIAN_POINT('',(13.694706093276,0.403780516989,
    2.787447577142));
#3181 = CARTESIAN_POINT('',(13.68943651437,0.537892107246,2.787171536793
    ));
#3182 = PCURVE('',#3034,#3183);
#3183 = DEFINITIONAL_REPRESENTATION('',(#3184),#3190);
#3184 = B_SPLINE_CURVE_WITH_KNOTS('',4,(#3185,#3186,#3187,#3188,#3189),
  .UNSPECIFIED.,.F.,.F.,(5,5),(0.,1.),.PIECEWISE_BEZIER_KNOTS.);
#3185 = CARTESIAN_POINT('',(0.,2.588278104659));
#3186 = CARTESIAN_POINT('',(9.836647378117E-03,2.588000939335));
#3187 = CARTESIAN_POINT('',(1.966253631826E-02,2.587724077144));
#3188 = CARTESIAN_POINT('',(2.947557085208E-02,2.587447577142));
#3189 = CARTESIAN_POINT('',(3.927229185786E-02,2.587171536793));
#3190 = ( GEOMETRIC_REPRESENTATION_CONTEXT(2) 
PARAMETRIC_REPRESENTATION_CONTEXT() REPRESENTATION_CONTEXT('2D SPACE',''
  ) );
#3191 = PCURVE('',#3192,#3209);
#3192 = ( BOUNDED_SURFACE() B_SPLINE_SURFACE(1,7,(
    (#3193,#3194,#3195,#3196,#3197,#3198,#3199,#3200)
    ,(#3201,#3202,#3203,#3204,#3205,#3206,#3207,#3208
)),.UNSPECIFIED.,.F.,.F.,.F.) B_SPLINE_SURFACE_WITH_KNOTS((2,2),(8,8),(
    1.,2.),(0.,1.),.PIECEWISE_BEZIER_KNOTS.) 
GEOMETRIC_REPRESENTATION_ITEM() RATIONAL_B_SPLINE_SURFACE((
    (1.,1.,1.,1.000000000001,0.999999999999,1.,1.,1.)
    ,(1.,1.,1.,1.000000000001,0.999999999999,1.,1.,1.
))) REPRESENTATION_ITEM('') SURFACE() );
#3193 = CARTESIAN_POINT('',(4.187180273475,-12.88681579566,
    2.823686125554));
#3194 = CARTESIAN_POINT('',(7.079727868911,-11.97421915422,2.81737913782
    ));
#3195 = CARTESIAN_POINT('',(9.742832729246,-10.30334898307,
    2.811066737816));
#3196 = CARTESIAN_POINT('',(11.937911307649,-7.94268942064,
    2.804748996824));
#3197 = CARTESIAN_POINT('',(13.450752511837,-5.054166701177,
    2.798425987527));
#3198 = CARTESIAN_POINT('',(14.143304420745,-1.883443536603,
    2.792097784023));
#3199 = CARTESIAN_POINT('',(13.989521878048,1.297532216572,
    2.785764461795));
#3200 = CARTESIAN_POINT('',(13.059735162224,4.243365181908,
    2.779426097684));
#3201 = CARTESIAN_POINT('',(4.248983672348,-13.07702709892,
    2.823686125637));
#3202 = CARTESIAN_POINT('',(7.176101525223,-12.12595548236,
    2.817379137902));
#3203 = CARTESIAN_POINT('',(9.857321722068,-10.40964307348,2.81106673789
    ));
#3204 = CARTESIAN_POINT('',(12.052502561601,-8.003722543538,
    2.804748996884));
#3205 = CARTESIAN_POINT('',(13.549420905367,-5.07770691758,
    2.798425987569));
#3206 = CARTESIAN_POINT('',(14.215831089491,-1.882847503323,
    2.792097784048));
#3207 = CARTESIAN_POINT('',(14.032841311804,1.307307419996,
    2.785764461807));
#3208 = CARTESIAN_POINT('',(13.077027098884,4.248983672715,
    2.779426097688));
#3209 = DEFINITIONAL_REPRESENTATION('',(#3210),#3216);
#3210 = B_SPLINE_CURVE_WITH_KNOTS('',4,(#3211,#3212,#3213,#3214,#3215),
  .UNSPECIFIED.,.F.,.F.,(5,5),(0.,1.),.PIECEWISE_BEZIER_KNOTS.);
#3211 = CARTESIAN_POINT('',(1.083337261695,0.800393588255));
#3212 = CARTESIAN_POINT('',(1.064203259521,0.80664647757));
#3213 = CARTESIAN_POINT('',(1.044024760004,0.812892275345));
#3214 = CARTESIAN_POINT('',(1.02267922556,0.819129650762));
#3215 = CARTESIAN_POINT('',(1.,0.825356407382));
#3216 = ( GEOMETRIC_REPRESENTATION_CONTEXT(2) 
PARAMETRIC_REPRESENTATION_CONTEXT() REPRESENTATION_CONTEXT('2D SPACE',''
  ) );
#3217 = ORIENTED_EDGE('',*,*,#3218,.T.);
#3218 = EDGE_CURVE('',#3173,#3015,#3219,.T.);
#3219 = SURFACE_CURVE('',#3220,(#3226,#3235),.PCURVE_S1.);
#3220 = B_SPLINE_CURVE_WITH_KNOTS('',4,(#3221,#3222,#3223,#3224,#3225),
  .UNSPECIFIED.,.F.,.F.,(5,5),(0.,1.),.PIECEWISE_BEZIER_KNOTS.);
#3221 = CARTESIAN_POINT('',(13.68943651437,0.537892107247,2.787171536793
    ));
#3222 = CARTESIAN_POINT('',(13.689436514433,0.537892105642,2.7467110052)
  );
#3223 = CARTESIAN_POINT('',(13.689436514496,0.537892104037,
    2.706250473579));
#3224 = CARTESIAN_POINT('',(13.689436514559,0.537892102432,2.66578994193
    ));
#3225 = CARTESIAN_POINT('',(13.689436514622,0.537892100827,
    2.625329410253));
#3226 = PCURVE('',#3034,#3227);
#3227 = DEFINITIONAL_REPRESENTATION('',(#3228),#3234);
#3228 = B_SPLINE_CURVE_WITH_KNOTS('',4,(#3229,#3230,#3231,#3232,#3233),
  .UNSPECIFIED.,.F.,.F.,(5,5),(0.,1.),.PIECEWISE_BEZIER_KNOTS.);
#3229 = CARTESIAN_POINT('',(3.927229185789E-02,2.587171536793));
#3230 = CARTESIAN_POINT('',(3.927229174065E-02,2.5467110052));
#3231 = CARTESIAN_POINT('',(3.927229162343E-02,2.506250473579));
#3232 = CARTESIAN_POINT('',(3.927229150617E-02,2.46578994193));
#3233 = CARTESIAN_POINT('',(3.927229138893E-02,2.425329410253));
#3234 = ( GEOMETRIC_REPRESENTATION_CONTEXT(2) 
PARAMETRIC_REPRESENTATION_CONTEXT() REPRESENTATION_CONTEXT('2D SPACE',''
  ) );
#3235 = PCURVE('',#3069,#3236);
#3236 = DEFINITIONAL_REPRESENTATION('',(#3237),#3243);
#3237 = B_SPLINE_CURVE_WITH_KNOTS('',4,(#3238,#3239,#3240,#3241,#3242),
  .UNSPECIFIED.,.F.,.F.,(5,5),(0.,1.),.PIECEWISE_BEZIER_KNOTS.);
#3238 = CARTESIAN_POINT('',(1.,0.825356407382));
#3239 = CARTESIAN_POINT('',(0.749999999987,0.825356407308));
#3240 = CARTESIAN_POINT('',(0.499999999982,0.825356407234));
#3241 = CARTESIAN_POINT('',(0.249999999987,0.825356407161));
#3242 = CARTESIAN_POINT('',(0.,0.825356407087));
#3243 = ( GEOMETRIC_REPRESENTATION_CONTEXT(2) 
PARAMETRIC_REPRESENTATION_CONTEXT() REPRESENTATION_CONTEXT('2D SPACE',''
  ) );
#3244 = ORIENTED_EDGE('',*,*,#3014,.F.);
#3245 = ORIENTED_EDGE('',*,*,#3246,.F.);
#3246 = EDGE_CURVE('',#3247,#2761,#3249,.T.);
#3247 = VERTEX_POINT('',#3248);
#3248 = CARTESIAN_POINT('',(13.7,2.688941342016E-14,2.023686127913));
#3249 = SURFACE_CURVE('',#3250,(#3254,#3261),.PCURVE_S1.);
#3250 = LINE('',#3251,#3252);
#3251 = CARTESIAN_POINT('',(13.7,-3.355532229664E-15,0.2));
#3252 = VECTOR('',#3253,1.);
#3253 = DIRECTION('',(0.,0.,1.));
#3254 = PCURVE('',#3034,#3255);
#3255 = DEFINITIONAL_REPRESENTATION('',(#3256),#3260);
#3256 = LINE('',#3257,#3258);
#3257 = CARTESIAN_POINT('',(0.,-0.));
#3258 = VECTOR('',#3259,1.);
#3259 = DIRECTION('',(0.,1.));
#3260 = ( GEOMETRIC_REPRESENTATION_CONTEXT(2) 
PARAMETRIC_REPRESENTATION_CONTEXT() REPRESENTATION_CONTEXT('2D SPACE',''
  ) );
#3261 = PCURVE('',#1643,#3262);
#3262 = DEFINITIONAL_REPRESENTATION('',(#3263),#3267);
#3263 = LINE('',#3264,#3265);
#3264 = CARTESIAN_POINT('',(6.28318530718,-0.));
#3265 = VECTOR('',#3266,1.);
#3266 = DIRECTION('',(0.,1.));
#3267 = ( GEOMETRIC_REPRESENTATION_CONTEXT(2) 
PARAMETRIC_REPRESENTATION_CONTEXT() REPRESENTATION_CONTEXT('2D SPACE',''
  ) );
#3268 = ORIENTED_EDGE('',*,*,#3269,.T.);
#3269 = EDGE_CURVE('',#3247,#3270,#3272,.T.);
#3270 = VERTEX_POINT('',#3271);
#3271 = CARTESIAN_POINT('',(4.233532822698,-13.02947427332,
    2.823686125624));
#3272 = SURFACE_CURVE('',#3273,(#3374,#3478),.PCURVE_S1.);
#3273 = B_SPLINE_CURVE_WITH_KNOTS('',8,(#3274,#3275,#3276,#3277,#3278,
    #3279,#3280,#3281,#3282,#3283,#3284,#3285,#3286,#3287,#3288,#3289,
    #3290,#3291,#3292,#3293,#3294,#3295,#3296,#3297,#3298,#3299,#3300,
    #3301,#3302,#3303,#3304,#3305,#3306,#3307,#3308,#3309,#3310,#3311,
    #3312,#3313,#3314,#3315,#3316,#3317,#3318,#3319,#3320,#3321,#3322,
    #3323,#3324,#3325,#3326,#3327,#3328,#3329,#3330,#3331,#3332,#3333,
    #3334,#3335,#3336,#3337,#3338,#3339,#3340,#3341,#3342,#3343,#3344,
    #3345,#3346,#3347,#3348,#3349,#3350,#3351,#3352,#3353,#3354,#3355,
    #3356,#3357,#3358,#3359,#3360,#3361,#3362,#3363,#3364,#3365,#3366,
    #3367,#3368,#3369,#3370,#3371,#3372,#3373),.UNSPECIFIED.,.F.,.F.,(9,
    7,7,7,7,7,7,7,7,7,7,7,7,7,9),(0.,6.384591146979E-02,0.235385942483,
    0.306159855837,0.366080213071,0.451202377545,0.499648607249,
    0.549876580221,0.634327092817,0.696346656449,0.766254760708,
    0.86408859211,0.89890630563,0.935897197915,1.),.UNSPECIFIED.);
#3274 = CARTESIAN_POINT('',(13.7,1.367794766338E-13,2.023686127907));
#3275 = CARTESIAN_POINT('',(13.7,0.549524437796,2.030066931388));
#3276 = CARTESIAN_POINT('',(13.674808989107,1.099074038855,
    2.036448523283));
#3277 = CARTESIAN_POINT('',(13.624422990341,1.6472781421,2.042830947091)
  );
#3278 = CARTESIAN_POINT('',(13.548930301405,2.192782865189,
    2.049214182423));
#3279 = CARTESIAN_POINT('',(13.448505132384,2.734250388558,2.0555981681)
  );
#3280 = CARTESIAN_POINT('',(13.323404809845,3.270358794358,2.06198280081
    ));
#3281 = CARTESIAN_POINT('',(13.173970547334,3.799802460249,
    2.068367909318));
#3282 = CARTESIAN_POINT('',(12.534908348324,5.722424305096,2.0919090982)
  );
#3283 = CARTESIAN_POINT('',(11.896168537825,7.06750986855,2.109083034721
    ));
#3284 = CARTESIAN_POINT('',(11.092785255759,8.32947751967,2.126246455382
    ));
#3285 = CARTESIAN_POINT('',(10.138073971294,9.485378561983,
    2.143399852821));
#3286 = CARTESIAN_POINT('',(9.048166410012,10.514788498425,
    2.160551047303));
#3287 = CARTESIAN_POINT('',(7.842369575014,11.400253357099,
    2.177708077877));
#3288 = CARTESIAN_POINT('',(6.542697254729,12.126961064879,
    2.194875320933));
#3289 = CARTESIAN_POINT('',(4.611574120413,12.914893733642,
    2.219104246148));
#3290 = CARTESIAN_POINT('',(4.035829998437,13.116372993152,
    2.226181305477));
#3291 = CARTESIAN_POINT('',(3.450096550952,13.288490264838,
    2.233258478984));
#3292 = CARTESIAN_POINT('',(2.856125130204,13.430676198857,
    2.240335725312));
#3293 = CARTESIAN_POINT('',(2.255694462116,13.542488033914,
    2.247413110185));
#3294 = CARTESIAN_POINT('',(1.650609514205,13.623606440011,
    2.254490683042));
#3295 = CARTESIAN_POINT('',(1.042701745275,13.67383885738,2.261568356852
    ));
#3296 = CARTESIAN_POINT('',(-8.166666318745E-02,13.70946150896,
    2.274637863233));
#3297 = CARTESIAN_POINT('',(-0.597874292968,13.703614910214,
    2.280629991784));
#3298 = CARTESIAN_POINT('',(-1.11366795575,13.675552800621,
    2.286622017336));
#3299 = CARTESIAN_POINT('',(-1.627931523524,13.625308392372,
    2.292613898914));
#3300 = CARTESIAN_POINT('',(-2.139556650475,13.552981147236,
    2.298605662034));
#3301 = CARTESIAN_POINT('',(-2.647442776674,13.458735527683,
    2.304597344516));
#3302 = CARTESIAN_POINT('',(-3.150497421918,13.342802196468,
    2.310588940115));
#3303 = CARTESIAN_POINT('',(-4.353867160916,13.010405709994,
    2.325091653059));
#3304 = CARTESIAN_POINT('',(-5.048215478722,12.772153508639,
    2.333603233293));
#3305 = CARTESIAN_POINT('',(-5.72754068367,12.491583548517,
    2.342114413948));
#3306 = CARTESIAN_POINT('',(-6.388838214478,12.169821284758,
    2.350625236169));
#3307 = CARTESIAN_POINT('',(-7.029227649031,11.808231942256,
    2.35913610195));
#3308 = CARTESIAN_POINT('',(-7.645949480062,11.408411020277,
    2.367647417132));
#3309 = CARTESIAN_POINT('',(-8.236371005531,10.972192499134,
    2.376159224415));
#3310 = CARTESIAN_POINT('',(-9.117646305796,10.233885376463,
    2.38951509961));
#3311 = CARTESIAN_POINT('',(-9.42797788397,9.954975161206,2.394359496511
    ));
#3312 = CARTESIAN_POINT('',(-9.728542135126,9.665324626357,
    2.399203979801));
#3313 = CARTESIAN_POINT('',(-10.01890600024,9.365334005522,
    2.404048541755));
#3314 = CARTESIAN_POINT('',(-10.29865734518,9.055423183007,
    2.408893185631));
#3315 = CARTESIAN_POINT('',(-10.56740501145,8.736031634123,
    2.413737907098));
#3316 = CARTESIAN_POINT('',(-10.82477886697,8.407618365484,2.41858267567
    ));
#3317 = CARTESIAN_POINT('',(-11.32511533728,7.721312843246,
    2.428450335249));
#3318 = CARTESIAN_POINT('',(-11.56720316615,7.362775991656,
    2.433473292062));
#3319 = CARTESIAN_POINT('',(-11.79630447531,6.995585076448,
    2.438496198164));
#3320 = CARTESIAN_POINT('',(-12.0120593594,6.620290047681,2.443519018654
    ));
#3321 = CARTESIAN_POINT('',(-12.21413692024,6.237456942922,
    2.448541749898));
#3322 = CARTESIAN_POINT('',(-12.40223531111,5.84766780059,2.453564397282
    ));
#3323 = CARTESIAN_POINT('',(-12.57608178105,5.451520573306,
    2.458586952971));
#3324 = CARTESIAN_POINT('',(-13.00335649982,4.373911032283,
    2.472053791733));
#3325 = CARTESIAN_POINT('',(-13.23032131354,3.681908448484,
    2.480498398424));
#3326 = CARTESIAN_POINT('',(-13.41514758667,2.976573385782,
    2.488942533138));
#3327 = CARTESIAN_POINT('',(-13.55694142932,2.260908518927,
    2.497386241246));
#3328 = CARTESIAN_POINT('',(-13.65506682208,1.537960999667,
    2.505829914667));
#3329 = CARTESIAN_POINT('',(-13.70913650527,0.810819472036,
    2.514273940468));
#3330 = CARTESIAN_POINT('',(-13.71902157064,8.261420477659E-02,
    2.52271835749));
#3331 = CARTESIAN_POINT('',(-13.65980636777,-1.176715316449,
    2.537363825422));
#3332 = CARTESIAN_POINT('',(-13.61098661927,-1.708843310435,
    2.543565351396));
#3333 = CARTESIAN_POINT('',(-13.53847776888,-2.2386169148,2.549766967181
    ));
#3334 = CARTESIAN_POINT('',(-13.44241655165,-2.764805371252,
    2.55596866352));
#3335 = CARTESIAN_POINT('',(-13.32301468944,-3.286193161739,
    2.562170484321));
#3336 = CARTESIAN_POINT('',(-13.18055736654,-3.801579888743,
    2.568372459949));
#3337 = CARTESIAN_POINT('',(-13.01540467071,-4.309780763618,
    2.574574543125));
#3338 = CARTESIAN_POINT('',(-12.61674999612,-5.373052369349,
    2.587767411933));
#3339 = CARTESIAN_POINT('',(-12.37721668125,-5.925888385976,
    2.594758491397));
#3340 = CARTESIAN_POINT('',(-12.11002273025,-6.466456463875,
    2.601749462823));
#3341 = CARTESIAN_POINT('',(-11.81590933039,-6.993144124116,
    2.608740243207));
#3342 = CARTESIAN_POINT('',(-11.4957239998,-7.504401339123,
    2.615730879598));
#3343 = CARTESIAN_POINT('',(-11.1504177188,-7.998739317711,
    2.622721435876));
#3344 = CARTESIAN_POINT('',(-10.78104737336,-8.474732433824,
    2.629711876295));
#3345 = CARTESIAN_POINT('',(-9.83982460233,-9.569585652347,
    2.646484291974));
#3346 = CARTESIAN_POINT('',(-9.245952643868,-10.16964958947,
    2.656267264098));
#3347 = CARTESIAN_POINT('',(-8.610395434879,-10.72742962853,
    2.666049423014));
#3348 = CARTESIAN_POINT('',(-7.936698075484,-11.23957407717,
    2.675830893502));
#3349 = CARTESIAN_POINT('',(-7.228678698239,-11.70311326037,
    2.685612406319));
#3350 = CARTESIAN_POINT('',(-6.49041320887,-12.11544259397,
    2.695394740791));
#3351 = CARTESIAN_POINT('',(-5.726246127864,-12.47434258984,
    2.705178126948));
#3352 = CARTESIAN_POINT('',(-4.661303926507,-12.88611885022,
    2.718442815165));
#3353 = CARTESIAN_POINT('',(-4.379080630561,-12.98721197085,
    2.721924552462));
#3354 = CARTESIAN_POINT('',(-4.094359285223,-13.08123816677,
    2.725406372577));
#3355 = CARTESIAN_POINT('',(-3.807346566721,-13.16812572701,
    2.728888275126));
#3356 = CARTESIAN_POINT('',(-3.518251270059,-13.24781030195,
    2.732370260756));
#3357 = CARTESIAN_POINT('',(-3.227284299712,-13.32023490187,
    2.735852327039));
#3358 = CARTESIAN_POINT('',(-2.934658660311,-13.38534989556,
    2.739334464372));
#3359 = CARTESIAN_POINT('',(-2.328165641126,-13.50448145871,
    2.746516183223));
#3360 = CARTESIAN_POINT('',(-2.014111271196,-13.55755186069,
    2.750215784899));
#3361 = CARTESIAN_POINT('',(-1.698684442077,-13.60227355987,
    2.753915430633));
#3362 = CARTESIAN_POINT('',(-1.382144256247,-13.63860560685,
    2.757615099235));
#3363 = CARTESIAN_POINT('',(-1.064750798446,-13.66651675558,
    2.761314770323));
#3364 = CARTESIAN_POINT('',(-0.746765120012,-13.6859854612,
    2.765014420047));
#3365 = CARTESIAN_POINT('',(-0.428449223197,-13.69699987786,
    2.768714016827));
#3366 = CARTESIAN_POINT('',(0.441671221894,-13.70399066672,
    2.778824509567));
#3367 = CARTESIAN_POINT('',(0.993619915533,-13.68302842971,2.78523532103
    ));
#3368 = CARTESIAN_POINT('',(1.544405312246,-13.63665891934,
    2.791645655869));
#3369 = CARTESIAN_POINT('',(2.092663763979,-13.56496066183,
    2.798055339784));
#3370 = CARTESIAN_POINT('',(2.637042218644,-13.46809838269,
    2.804464267868));
#3371 = CARTESIAN_POINT('',(3.176198343322,-13.34632210465,
    2.810872377943));
#3372 = CARTESIAN_POINT('',(3.70880124984,-13.19996989656,2.817279649125
    ));
#3373 = CARTESIAN_POINT('',(4.233532822698,-13.02947427332,
    2.823686125633));
#3374 = PCURVE('',#3034,#3375);
#3375 = DEFINITIONAL_REPRESENTATION('',(#3376),#3477);
#3376 = B_SPLINE_CURVE_WITH_KNOTS('',8,(#3377,#3378,#3379,#3380,#3381,
    #3382,#3383,#3384,#3385,#3386,#3387,#3388,#3389,#3390,#3391,#3392,
    #3393,#3394,#3395,#3396,#3397,#3398,#3399,#3400,#3401,#3402,#3403,
    #3404,#3405,#3406,#3407,#3408,#3409,#3410,#3411,#3412,#3413,#3414,
    #3415,#3416,#3417,#3418,#3419,#3420,#3421,#3422,#3423,#3424,#3425,
    #3426,#3427,#3428,#3429,#3430,#3431,#3432,#3433,#3434,#3435,#3436,
    #3437,#3438,#3439,#3440,#3441,#3442,#3443,#3444,#3445,#3446,#3447,
    #3448,#3449,#3450,#3451,#3452,#3453,#3454,#3455,#3456,#3457,#3458,
    #3459,#3460,#3461,#3462,#3463,#3464,#3465,#3466,#3467,#3468,#3469,
    #3470,#3471,#3472,#3473,#3474,#3475,#3476),.UNSPECIFIED.,.F.,.F.,(9,
    7,7,7,7,7,7,7,7,7,7,7,7,7,9),(0.,6.384591146979E-02,0.235385942483,
    0.306159855837,0.366080213071,0.451202377545,0.499648607249,
    0.549876580221,0.634327092817,0.696346656449,0.766254760708,
    0.86408859211,0.89890630563,0.935897197915,1.),.UNSPECIFIED.);
#3377 = CARTESIAN_POINT('',(0.,1.823686127907));
#3378 = CARTESIAN_POINT('',(4.011127283182E-02,1.830066931388));
#3379 = CARTESIAN_POINT('',(8.022437777097E-02,1.836448523283));
#3380 = CARTESIAN_POINT('',(0.120337627861,1.842830947091));
#3381 = CARTESIAN_POINT('',(0.160450540807,1.849214182423));
#3382 = CARTESIAN_POINT('',(0.200563308164,1.8555981681));
#3383 = CARTESIAN_POINT('',(0.240676286038,1.86198280081));
#3384 = CARTESIAN_POINT('',(0.280789507319,1.868367909318));
#3385 = CARTESIAN_POINT('',(0.428676308287,1.8919090982));
#3386 = CARTESIAN_POINT('',(0.536551580962,1.909083034721));
#3387 = CARTESIAN_POINT('',(0.644369055284,1.926246455382));
#3388 = CARTESIAN_POINT('',(0.752149435921,1.943399852821));
#3389 = CARTESIAN_POINT('',(0.859929871424,1.960551047303));
#3390 = CARTESIAN_POINT('',(0.967747503519,1.977708077877));
#3391 = CARTESIAN_POINT('',(1.075622982778,1.994875320933));
#3392 = CARTESIAN_POINT('',(1.227862633106,2.019104246148));
#3393 = CARTESIAN_POINT('',(1.272329310493,2.026181305477));
#3394 = CARTESIAN_POINT('',(1.316795437855,2.033258478984));
#3395 = CARTESIAN_POINT('',(1.361260877021,2.040335725312));
#3396 = CARTESIAN_POINT('',(1.405726315316,2.047413110185));
#3397 = CARTESIAN_POINT('',(1.450192440513,2.054490683042));
#3398 = CARTESIAN_POINT('',(1.494659115817,2.061568356852));
#3399 = CARTESIAN_POINT('',(1.576770982376,2.074637863233));
#3400 = CARTESIAN_POINT('',(1.614417957936,2.080629991784));
#3401 = CARTESIAN_POINT('',(1.652064695544,2.086622017336));
#3402 = CARTESIAN_POINT('',(1.689711132433,2.092613898914));
#3403 = CARTESIAN_POINT('',(1.727357568162,2.098605662034));
#3404 = CARTESIAN_POINT('',(1.76500430364,2.104597344516));
#3405 = CARTESIAN_POINT('',(1.802651280124,2.110588940115));
#3406 = CARTESIAN_POINT('',(1.893777811481,2.125091653059));
#3407 = CARTESIAN_POINT('',(1.947260975439,2.133603233293));
#3408 = CARTESIAN_POINT('',(2.000742767492,2.142114413948));
#3409 = CARTESIAN_POINT('',(2.054222846628,2.150625236169));
#3410 = CARTESIAN_POINT('',(2.107702930489,2.15913610195));
#3411 = CARTESIAN_POINT('',(2.161184739399,2.167647417132));
#3412 = CARTESIAN_POINT('',(2.214667927354,2.176159224415));
#3413 = CARTESIAN_POINT('',(2.298585523484,2.18951509961));
#3414 = CARTESIAN_POINT('',(2.329023233921,2.194359496511));
#3415 = CARTESIAN_POINT('',(2.3594608637,2.199203979801));
#3416 = CARTESIAN_POINT('',(2.389898390904,2.204048541755));
#3417 = CARTESIAN_POINT('',(2.420335916883,2.208893185631));
#3418 = CARTESIAN_POINT('',(2.450773543867,2.213737907098));
#3419 = CARTESIAN_POINT('',(2.481211252568,2.21858267567));
#3420 = CARTESIAN_POINT('',(2.543205730751,2.228450335249));
#3421 = CARTESIAN_POINT('',(2.574762906083,2.233473292062));
#3422 = CARTESIAN_POINT('',(2.60631998619,2.238496198164));
#3423 = CARTESIAN_POINT('',(2.637876945034,2.243519018654));
#3424 = CARTESIAN_POINT('',(2.669433903698,2.248541749898));
#3425 = CARTESIAN_POINT('',(2.700990983953,2.253564397282));
#3426 = CARTESIAN_POINT('',(2.732548161818,2.258586952971));
#3427 = CARTESIAN_POINT('',(2.817163232604,2.272053791733));
#3428 = CARTESIAN_POINT('',(2.870224314159,2.280498398424));
#3429 = CARTESIAN_POINT('',(2.923284076149,2.288942533138));
#3430 = CARTESIAN_POINT('',(2.976342188815,2.297386241246));
#3431 = CARTESIAN_POINT('',(3.029400302106,2.305829914667));
#3432 = CARTESIAN_POINT('',(3.082460065567,2.314273940468));
#3433 = CARTESIAN_POINT('',(3.135521148289,2.32271835749));
#3434 = CARTESIAN_POINT('',(3.227544574413,2.337363825422));
#3435 = CARTESIAN_POINT('',(3.266510536459,2.343565351396));
#3436 = CARTESIAN_POINT('',(3.305476214592,2.349766967181));
#3437 = CARTESIAN_POINT('',(3.344441535692,2.35596866352));
#3438 = CARTESIAN_POINT('',(3.383406855692,2.362170484321));
#3439 = CARTESIAN_POINT('',(3.422372531255,2.368372459949));
#3440 = CARTESIAN_POINT('',(3.461338491401,2.374574543125));
#3441 = CARTESIAN_POINT('',(3.544225296619,2.387767411933));
#3442 = CARTESIAN_POINT('',(3.588147949089,2.394758491397));
#3443 = CARTESIAN_POINT('',(3.632070084437,2.401749462823));
#3444 = CARTESIAN_POINT('',(3.675991573126,2.408740243207));
#3445 = CARTESIAN_POINT('',(3.719913061961,2.415730879598));
#3446 = CARTESIAN_POINT('',(3.763835197941,2.422721435876));
#3447 = CARTESIAN_POINT('',(3.807757852118,2.429711876295));
#3448 = CARTESIAN_POINT('',(3.913145861926,2.446484291974));
#3449 = CARTESIAN_POINT('',(3.974618603522,2.456267264098));
#3450 = CARTESIAN_POINT('',(4.036088314323,2.466049423014));
#3451 = CARTESIAN_POINT('',(4.097554962735,2.475830893502));
#3452 = CARTESIAN_POINT('',(4.159021608819,2.485612406319));
#3453 = CARTESIAN_POINT('',(4.22049131433,2.495394740791));
#3454 = CARTESIAN_POINT('',(4.281964051714,2.505178126948));
#3455 = CARTESIAN_POINT('',(4.365305657951,2.518442815165));
#3456 = CARTESIAN_POINT('',(4.387180789054,2.521924552462));
#3457 = CARTESIAN_POINT('',(4.409055906925,2.525406372577));
#3458 = CARTESIAN_POINT('',(4.430931003956,2.528888275126));
#3459 = CARTESIAN_POINT('',(4.452806097734,2.532370260756));
#3460 = CARTESIAN_POINT('',(4.474681207142,2.535852327039));
#3461 = CARTESIAN_POINT('',(4.496556328462,2.539334464372));
#3462 = CARTESIAN_POINT('',(4.541671847374,2.546516183223));
#3463 = CARTESIAN_POINT('',(4.564912326606,2.550215784899));
#3464 = CARTESIAN_POINT('',(4.588152777595,2.553915430633));
#3465 = CARTESIAN_POINT('',(4.611393193995,2.557615099235));
#3466 = CARTESIAN_POINT('',(4.634633602661,2.561314770323));
#3467 = CARTESIAN_POINT('',(4.657874031608,2.565014420047));
#3468 = CARTESIAN_POINT('',(4.681114477986,2.568714016827));
#3469 = CARTESIAN_POINT('',(4.744628969052,2.578824509567));
#3470 = CARTESIAN_POINT('',(4.784903596936,2.58523532103));
#3471 = CARTESIAN_POINT('',(4.825177975856,2.591645655869));
#3472 = CARTESIAN_POINT('',(4.865452134558,2.598055339784));
#3473 = CARTESIAN_POINT('',(4.905726436581,2.604464267868));
#3474 = CARTESIAN_POINT('',(4.946001081736,2.610872377943));
#3475 = CARTESIAN_POINT('',(4.986275586841,2.617279649125));
#3476 = CARTESIAN_POINT('',(5.026548245725,2.623686125633));
#3477 = ( GEOMETRIC_REPRESENTATION_CONTEXT(2) 
PARAMETRIC_REPRESENTATION_CONTEXT() REPRESENTATION_CONTEXT('2D SPACE',''
  ) );
#3478 = PCURVE('',#3479,#3502);
#3479 = ( BOUNDED_SURFACE() B_SPLINE_SURFACE(1,6,(
    (#3480,#3481,#3482,#3483,#3484,#3485,#3486,#3487,#3488,#3489,#3490)
    ,(#3491,#3492,#3493,#3494,#3495,#3496,#3497,#3498,#3499,#3500,#3501
)),.UNSPECIFIED.,.F.,.F.,.F.) B_SPLINE_SURFACE_WITH_KNOTS((2,2),(7,4,7),
(1.,2.),(0.,0.5,1.),.UNSPECIFIED.) GEOMETRIC_REPRESENTATION_ITEM() 
RATIONAL_B_SPLINE_SURFACE((
    (1.,1.,1.,1.,1.,1.,1.,1.,1.,1.,1.)
,(1.,1.,1.,1.,1.,1.,1.,1.,1.,1.,1.
  ))) REPRESENTATION_ITEM('') SURFACE() );
#3480 = CARTESIAN_POINT('',(13.549999999958,5.352020115342E-13,
    2.023686127871));
#3481 = CARTESIAN_POINT('',(13.539852649318,5.678571656509,
    2.090352794548));
#3482 = CARTESIAN_POINT('',(10.726432314636,11.342086674691,
    2.157019460503));
#3483 = CARTESIAN_POINT('',(4.938922502661,15.258489682861,
    2.223686125821));
#3484 = CARTESIAN_POINT('',(-1.985109887399,15.472317105659,
    2.290352790802));
#3485 = CARTESIAN_POINT('',(-13.26756525581,9.639450401439,2.42368612143
    ));
#3486 = CARTESIAN_POINT('',(-15.32848069654,-2.89325723399,
    2.557019454273));
#3487 = CARTESIAN_POINT('',(-12.98547505465,-9.412327050086,
    2.62368612148));
#3488 = CARTESIAN_POINT('',(-7.472315566337,-13.70634088355,
    2.690352789511));
#3489 = CARTESIAN_POINT('',(-1.216598007448,-14.63194023744,
    2.757019457644));
#3490 = CARTESIAN_POINT('',(4.187180273508,-12.88681579577,
    2.823686125622));
#3491 = CARTESIAN_POINT('',(13.749999999958,3.163698972474E-15,
    2.023686127919));
#3492 = CARTESIAN_POINT('',(13.739702873036,5.762388212338,
    2.090352794596));
#3493 = CARTESIAN_POINT('',(10.884756038537,11.509497548309,
    2.157019460541));
#3494 = CARTESIAN_POINT('',(5.011821727928,15.483707242534,
    2.223686125838));
#3495 = CARTESIAN_POINT('',(-2.014410402269,15.700690789945,
    2.290352790795));
#3496 = CARTESIAN_POINT('',(-13.46339647731,9.78173011217,2.423686121383
    ));
#3497 = CARTESIAN_POINT('',(-15.55473133417,-2.935962137904,
    2.557019454219));
#3498 = CARTESIAN_POINT('',(-13.17714258288,-9.551254386678,
    2.623686121434));
#3499 = CARTESIAN_POINT('',(-7.582608047292,-13.90864849785,
    2.690352789484));
#3500 = CARTESIAN_POINT('',(-1.234555173586,-14.84790983515,
    2.75701945764));
#3501 = CARTESIAN_POINT('',(4.248983672382,-13.07702709903,
    2.823686125637));
#3502 = DEFINITIONAL_REPRESENTATION('',(#3503),#3604);
#3503 = B_SPLINE_CURVE_WITH_KNOTS('',8,(#3504,#3505,#3506,#3507,#3508,
    #3509,#3510,#3511,#3512,#3513,#3514,#3515,#3516,#3517,#3518,#3519,
    #3520,#3521,#3522,#3523,#3524,#3525,#3526,#3527,#3528,#3529,#3530,
    #3531,#3532,#3533,#3534,#3535,#3536,#3537,#3538,#3539,#3540,#3541,
    #3542,#3543,#3544,#3545,#3546,#3547,#3548,#3549,#3550,#3551,#3552,
    #3553,#3554,#3555,#3556,#3557,#3558,#3559,#3560,#3561,#3562,#3563,
    #3564,#3565,#3566,#3567,#3568,#3569,#3570,#3571,#3572,#3573,#3574,
    #3575,#3576,#3577,#3578,#3579,#3580,#3581,#3582,#3583,#3584,#3585,
    #3586,#3587,#3588,#3589,#3590,#3591,#3592,#3593,#3594,#3595,#3596,
    #3597,#3598,#3599,#3600,#3601,#3602,#3603),.UNSPECIFIED.,.F.,.F.,(9,
    7,7,7,7,7,7,7,7,7,7,7,7,7,9),(0.,6.384591146979E-02,0.235385942483,
    0.306159855837,0.366080213071,0.451202377545,0.499648607249,
    0.549876580221,0.634327092817,0.696346656449,0.766254760708,
    0.86408859211,0.89890630563,0.935897197915,1.),.UNSPECIFIED.);
#3504 = CARTESIAN_POINT('',(1.75000000021,0.));
#3505 = CARTESIAN_POINT('',(1.754909876714,7.97600435087E-03));
#3506 = CARTESIAN_POINT('',(1.757506478928,1.595299422575E-02));
#3507 = CARTESIAN_POINT('',(1.75849962649,2.393102399994E-02));
#3508 = CARTESIAN_POINT('',(1.758441441363,3.191006818703E-02));
#3509 = CARTESIAN_POINT('',(1.757746076348,3.989005031373E-02));
#3510 = CARTESIAN_POINT('',(1.756711129447,4.787084123931E-02));
#3511 = CARTESIAN_POINT('',(1.755540744066,5.585222691926E-02));
#3512 = CARTESIAN_POINT('',(1.751225922674,8.527871321498E-02));
#3513 = CARTESIAN_POINT('',(1.748075915652,0.106746134059));
#3514 = CARTESIAN_POINT('',(1.747554526772,0.128200410127));
#3515 = CARTESIAN_POINT('',(1.74857122911,0.149642157213));
#3516 = CARTESIAN_POINT('',(1.749540640827,0.171081150643));
#3517 = CARTESIAN_POINT('',(1.750107852556,0.192527439222));
#3518 = CARTESIAN_POINT('',(1.750291760839,0.213986493432));
#3519 = CARTESIAN_POINT('',(1.750273567503,0.24427265053));
#3520 = CARTESIAN_POINT('',(1.750234564795,0.253118974864));
#3521 = CARTESIAN_POINT('',(1.750174053858,0.261965441924));
#3522 = CARTESIAN_POINT('',(1.750108140572,0.270812000011));
#3523 = CARTESIAN_POINT('',(1.750051260195,0.279658731283));
#3524 = CARTESIAN_POINT('',(1.750012735333,0.288505697535));
#3525 = CARTESIAN_POINT('',(1.74999548775,0.29735278998));
#3526 = CARTESIAN_POINT('',(1.749998103074,0.313689673295));
#3527 = CARTESIAN_POINT('',(1.750012678417,0.321179834138));
#3528 = CARTESIAN_POINT('',(1.75003918812,0.328669866233));
#3529 = CARTESIAN_POINT('',(1.750073245836,0.33615971836));
#3530 = CARTESIAN_POINT('',(1.750108452655,0.343649422414));
#3531 = CARTESIAN_POINT('',(1.75013765177,0.35113902567));
#3532 = CARTESIAN_POINT('',(1.750154505957,0.358628520319));
#3533 = CARTESIAN_POINT('',(1.750156664863,0.376756911861));
#3534 = CARTESIAN_POINT('',(1.750125370286,0.387396387362));
#3535 = CARTESIAN_POINT('',(1.750052283737,0.398035363385));
#3536 = CARTESIAN_POINT('',(1.749934300548,0.40867389136));
#3537 = CARTESIAN_POINT('',(1.74979000996,0.419312473778));
#3538 = CARTESIAN_POINT('',(1.749659103758,0.429951617941));
#3539 = CARTESIAN_POINT('',(1.749585625351,0.440591377222));
#3540 = CARTESIAN_POINT('',(1.749584737115,0.457286221481));
#3541 = CARTESIAN_POINT('',(1.749608122019,0.4633417177));
#3542 = CARTESIAN_POINT('',(1.749657247575,0.469397321902));
#3543 = CARTESIAN_POINT('',(1.749731846402,0.475453024432));
#3544 = CARTESIAN_POINT('',(1.749825793329,0.481508829361));
#3545 = CARTESIAN_POINT('',(1.749923548557,0.487564731275));
#3546 = CARTESIAN_POINT('',(1.749996600824,0.493620692066));
#3547 = CARTESIAN_POINT('',(1.750003342039,0.505955266691));
#3548 = CARTESIAN_POINT('',(1.749928036981,0.512233962779));
#3549 = CARTESIAN_POINT('',(1.749825221078,0.518512595475));
#3550 = CARTESIAN_POINT('',(1.749726980275,0.524791121152));
#3551 = CARTESIAN_POINT('',(1.74965043726,0.531069535268));
#3552 = CARTESIAN_POINT('',(1.749601927945,0.537347844553));
#3553 = CARTESIAN_POINT('',(1.749581177949,0.543626039217));
#3554 = CARTESIAN_POINT('',(1.749592710751,0.560459587798));
#3555 = CARTESIAN_POINT('',(1.749670500007,0.57101534623));
#3556 = CARTESIAN_POINT('',(1.74980174275,0.581570514678));
#3557 = CARTESIAN_POINT('',(1.749943623535,0.592125149855));
#3558 = CARTESIAN_POINT('',(1.750058332297,0.602679741661));
#3559 = CARTESIAN_POINT('',(1.750128561711,0.613234773929));
#3560 = CARTESIAN_POINT('',(1.750157785197,0.623790295209));
#3561 = CARTESIAN_POINT('',(1.75015350188,0.642097130107));
#3562 = CARTESIAN_POINT('',(1.750134778344,0.649849037561));
#3563 = CARTESIAN_POINT('',(1.750103247108,0.65760105727));
#3564 = CARTESIAN_POINT('',(1.750066109987,0.665353177665));
#3565 = CARTESIAN_POINT('',(1.750031362322,0.673105453631));
#3566 = CARTESIAN_POINT('',(1.750005926192,0.680857923123));
#3567 = CARTESIAN_POINT('',(1.749994222969,0.688610527044));
#3568 = CARTESIAN_POINT('',(1.750000524231,0.705101612933));
#3569 = CARTESIAN_POINT('',(1.750022502027,0.713840462192));
#3570 = CARTESIAN_POINT('',(1.750064706509,0.722579176394));
#3571 = CARTESIAN_POINT('',(1.750123278714,0.731317651786));
#3572 = CARTESIAN_POINT('',(1.750188404907,0.740055947178));
#3573 = CARTESIAN_POINT('',(1.750245750298,0.748794142422));
#3574 = CARTESIAN_POINT('',(1.750279834366,0.757532192835));
#3575 = CARTESIAN_POINT('',(1.750278666837,0.778497712151));
#3576 = CARTESIAN_POINT('',(1.750210216233,0.790726427127));
#3577 = CARTESIAN_POINT('',(1.750042519945,0.802954125581));
#3578 = CARTESIAN_POINT('',(1.749758452976,0.815180963489));
#3579 = CARTESIAN_POINT('',(1.749377975463,0.827407854298));
#3580 = CARTESIAN_POINT('',(1.748983802026,0.839635772167));
#3581 = CARTESIAN_POINT('',(1.748717112383,0.851865004634));
#3582 = CARTESIAN_POINT('',(1.748708023674,0.868445864585));
#3583 = CARTESIAN_POINT('',(1.748738595727,0.872798036122));
#3584 = CARTESIAN_POINT('',(1.748808016452,0.87715031118));
#3585 = CARTESIAN_POINT('',(1.748922205612,0.881502689281));
#3586 = CARTESIAN_POINT('',(1.749086559169,0.885855171231));
#3587 = CARTESIAN_POINT('',(1.749305396771,0.890207753998));
#3588 = CARTESIAN_POINT('',(1.749581409248,0.894560425577));
#3589 = CARTESIAN_POINT('',(1.750269630944,0.903537573959));
#3590 = CARTESIAN_POINT('',(1.750689269107,0.908162075959));
#3591 = CARTESIAN_POINT('',(1.751174414712,0.912786633032));
#3592 = CARTESIAN_POINT('',(1.7517226796,0.917411218691));
#3593 = CARTESIAN_POINT('',(1.75232766003,0.922035807455));
#3594 = CARTESIAN_POINT('',(1.752977703379,0.926660369515));
#3595 = CARTESIAN_POINT('',(1.75365467484,0.931284865394));
#3596 = CARTESIAN_POINT('',(1.755507739257,0.943922981059));
#3597 = CARTESIAN_POINT('',(1.756686060994,0.951936495222));
#3598 = CARTESIAN_POINT('',(1.757731981769,0.959949413606));
#3599 = CARTESIAN_POINT('',(1.758440402315,0.967961518335));
#3600 = CARTESIAN_POINT('',(1.758511536518,0.975972678277));
#3601 = CARTESIAN_POINT('',(1.757527335616,0.983982815708));
#3602 = CARTESIAN_POINT('',(1.754929631702,0.991991904524));
#3603 = CARTESIAN_POINT('',(1.750000000557,1.));
#3604 = ( GEOMETRIC_REPRESENTATION_CONTEXT(2) 
PARAMETRIC_REPRESENTATION_CONTEXT() REPRESENTATION_CONTEXT('2D SPACE',''
  ) );
#3605 = ORIENTED_EDGE('',*,*,#3606,.T.);
#3606 = EDGE_CURVE('',#3270,#3150,#3607,.T.);
#3607 = SURFACE_CURVE('',#3608,(#3689,#3773),.PCURVE_S1.);
#3608 = B_SPLINE_CURVE_WITH_KNOTS('',7,(#3609,#3610,#3611,#3612,#3613,
    #3614,#3615,#3616,#3617,#3618,#3619,#3620,#3621,#3622,#3623,#3624,
    #3625,#3626,#3627,#3628,#3629,#3630,#3631,#3632,#3633,#3634,#3635,
    #3636,#3637,#3638,#3639,#3640,#3641,#3642,#3643,#3644,#3645,#3646,
    #3647,#3648,#3649,#3650,#3651,#3652,#3653,#3654,#3655,#3656,#3657,
    #3658,#3659,#3660,#3661,#3662,#3663,#3664,#3665,#3666,#3667,#3668,
    #3669,#3670,#3671,#3672,#3673,#3674,#3675,#3676,#3677,#3678,#3679,
    #3680,#3681,#3682,#3683,#3684,#3685,#3686,#3687,#3688),
  .UNSPECIFIED.,.F.,.F.,(8,6,6,6,6,6,6,6,6,6,6,6,6,8),(0.,0.427487064076
    ,0.502345411658,0.575977803033,0.64713549231,0.715818964614,
    0.779639876163,0.838980866781,0.894414936612,0.946064521722,
    0.987370318792,0.993863198497,0.996843711078,1.),.UNSPECIFIED.);
#3609 = CARTESIAN_POINT('',(4.233532822698,-13.02947427332,
    2.823686125616));
#3610 = CARTESIAN_POINT('',(5.234653254182,-12.70419052685,
    2.821521162326));
#3611 = CARTESIAN_POINT('',(6.206772426369,-12.28911388156,
    2.819355849944));
#3612 = CARTESIAN_POINT('',(7.139916277697,-11.78743181206,
    2.817190863357));
#3613 = CARTESIAN_POINT('',(8.024946224058,-11.20366301834,
    2.815026035707));
#3614 = CARTESIAN_POINT('',(8.85341880816,-10.54338602695,2.812861151871
    ));
#3615 = CARTESIAN_POINT('',(9.6175868483,-9.813239179598,2.81069606946)
  );
#3616 = CARTESIAN_POINT('',(10.431955618654,-8.882469650355,
    2.808152462521));
#3617 = CARTESIAN_POINT('',(10.551132601223,-8.741865707118,
    2.807773424974));
#3618 = CARTESIAN_POINT('',(10.668095294018,-8.599400196737,
    2.807394392668));
#3619 = CARTESIAN_POINT('',(10.7828087771,-8.455115209359,2.807015366051
    ));
#3620 = CARTESIAN_POINT('',(10.895239138466,-8.309053664639,
    2.806636345628));
#3621 = CARTESIAN_POINT('',(11.005353474055,-8.161259311741,
    2.806257331969));
#3622 = CARTESIAN_POINT('',(11.219121409362,-7.864742225271,
    2.805505526428));
#3623 = CARTESIAN_POINT('',(11.322851316897,-7.716074298326,
    2.805132734286));
#3624 = CARTESIAN_POINT('',(11.424279257304,-7.565815368473,
    2.804759949869));
#3625 = CARTESIAN_POINT('',(11.523375890526,-7.414008564035,
    2.80438717387));
#3626 = CARTESIAN_POINT('',(11.62011288949,-7.260697721688,
    2.804014407087));
#3627 = CARTESIAN_POINT('',(11.71446294011,-7.105927386456,
    2.803641650425));
#3628 = CARTESIAN_POINT('',(11.895246649677,-6.798807425375,
    2.80290868691));
#3629 = CARTESIAN_POINT('',(11.98183982194,-6.646551238147,
    2.802548479324));
#3630 = CARTESIAN_POINT('',(12.066155521914,-6.493015083457,
    2.802188283022));
#3631 = CARTESIAN_POINT('',(12.14817095293,-6.33824036934,2.801828099069
    ));
#3632 = CARTESIAN_POINT('',(12.227864257806,-6.182269078444,
    2.801467928699));
#3633 = CARTESIAN_POINT('',(12.305214518852,-6.025143768029,
    2.801107773319));
#3634 = CARTESIAN_POINT('',(12.452581623012,-5.71417338709,
    2.800400018044));
#3635 = CARTESIAN_POINT('',(12.522759958219,-5.560404219247,
    2.800052417052));
#3636 = CARTESIAN_POINT('',(12.590718796888,-5.405638837888,
    2.799704832919));
#3637 = CARTESIAN_POINT('',(12.656441037137,-5.249916509446,
    2.799357267324));
#3638 = CARTESIAN_POINT('',(12.719910441796,-5.093276995342,
    2.799009722238));
#3639 = CARTESIAN_POINT('',(12.781111638413,-4.935760551977,
    2.798662199921));
#3640 = CARTESIAN_POINT('',(12.894777368162,-4.630266146924,
    2.79799180756));
#3641 = CARTESIAN_POINT('',(12.947553693013,-4.482402412449,
    2.797668934142));
#3642 = CARTESIAN_POINT('',(12.998347452091,-4.333849397624,
    2.797346084674));
#3643 = CARTESIAN_POINT('',(13.0471476937,-4.184640193843,2.797023261595
    ));
#3644 = CARTESIAN_POINT('',(13.093944156157,-4.034808313581,
    2.796700467782));
#3645 = CARTESIAN_POINT('',(13.138727267798,-3.884387690395,
    2.796377706548));
#3646 = CARTESIAN_POINT('',(13.221247418167,-3.593035386883,
    2.795754910473));
#3647 = CARTESIAN_POINT('',(13.259258411087,-3.452178862314,
    2.79545487086));
#3648 = CARTESIAN_POINT('',(13.295513979805,-3.31087068342,
    2.795154865741));
#3649 = CARTESIAN_POINT('',(13.330007548426,-3.16913886752,
    2.794854898723));
#3650 = CARTESIAN_POINT('',(13.362733111087,-3.027011871053,
    2.794554974081));
#3651 = CARTESIAN_POINT('',(13.393685231962,-2.884518589578,
    2.79425509676));
#3652 = CARTESIAN_POINT('',(13.450112098949,-2.608261851723,
    2.793675187969));
#3653 = CARTESIAN_POINT('',(13.475813297861,-2.474541388825,
    2.793395149948));
#3654 = CARTESIAN_POINT('',(13.499958723051,-2.340550875497,
    2.793115162901));
#3655 = CARTESIAN_POINT('',(13.522544895089,-2.20631471738,2.7928352323)
  );
#3656 = CARTESIAN_POINT('',(13.543568825261,-2.071857863661,
    2.792555364619));
#3657 = CARTESIAN_POINT('',(13.563028066786,-1.937205851407,
    2.792275567451));
#3658 = CARTESIAN_POINT('',(13.597591930428,-1.676768080018,
    2.791735228137));
#3659 = CARTESIAN_POINT('',(13.612903127774,-1.5510047486,2.791474675821
    ));
#3660 = CARTESIAN_POINT('',(13.626852879235,-1.425115959772,
    2.79121419969));
#3661 = CARTESIAN_POINT('',(13.639440111582,-1.299123546526,
    2.79095380821));
#3662 = CARTESIAN_POINT('',(13.650664237649,-1.17305013581,
    2.790693511464));
#3663 = CARTESIAN_POINT('',(13.660525236808,-1.046919213621,
    2.790433321318));
#3664 = CARTESIAN_POINT('',(13.675820251979,-0.819857853931,
    2.789965265636));
#3665 = CARTESIAN_POINT('',(13.681745372406,-0.718939510156,
    2.789757357048));
#3666 = CARTESIAN_POINT('',(13.68679935973,-0.618012568309,
    2.789549532705));
#3667 = CARTESIAN_POINT('',(13.690982808494,-0.51709010495,
    2.789341800914));
#3668 = CARTESIAN_POINT('',(13.694296644777,-0.416185863682,
    2.789134171408));
#3669 = CARTESIAN_POINT('',(13.696742126187,-0.315314255148,
    2.788926655337));
#3670 = CARTESIAN_POINT('',(13.698569001005,-0.1986417961,2.788686665527
    ));
#3671 = CARTESIAN_POINT('',(13.698795744027,-0.182794416333,
    2.788654068894));
#3672 = CARTESIAN_POINT('',(13.699001077363,-0.166948277,2.788621475431)
  );
#3673 = CARTESIAN_POINT('',(13.699185007716,-0.151103437959,
    2.788588885188));
#3674 = CARTESIAN_POINT('',(13.699347542057,-0.135259959652,
    2.788556298218));
#3675 = CARTESIAN_POINT('',(13.699488687631,-0.119417903112,
    2.788523714577));
#3676 = CARTESIAN_POINT('',(13.699663428951,-9.630582182653E-02,
    2.788476178571));
#3677 = CARTESIAN_POINT('',(13.699713760852,-8.905309473373E-02,
    2.788461261521));
#3678 = CARTESIAN_POINT('',(13.699759490224,-8.181906469463E-02,
    2.788446382989));
#3679 = CARTESIAN_POINT('',(13.699800659161,-7.460364831205E-02,
    2.788431542797));
#3680 = CARTESIAN_POINT('',(13.699837309279,-6.740676277775E-02,
    2.788416740765));
#3681 = CARTESIAN_POINT('',(13.699869481719,-6.022832587241E-02,
    2.788401976719));
#3682 = CARTESIAN_POINT('',(13.699926588264,-4.548591946793E-02,
    2.788371655765));
#3683 = CARTESIAN_POINT('',(13.699951061948,-3.790394111762E-02,
    2.788356061823));
#3684 = CARTESIAN_POINT('',(13.699970639058,-3.032234908808E-02,
    2.788340468706));
#3685 = CARTESIAN_POINT('',(13.699985320487,-2.274115990568E-02,
    2.788324876441));
#3686 = CARTESIAN_POINT('',(13.699995107152,-1.516037844978E-02,
    2.78830928503));
#3687 = CARTESIAN_POINT('',(13.7,-7.57999795276E-03,2.788293694451));
#3688 = CARTESIAN_POINT('',(13.7,-3.552713678801E-15,2.788278104659));
#3689 = PCURVE('',#3034,#3690);
#3690 = DEFINITIONAL_REPRESENTATION('',(#3691),#3772);
#3691 = B_SPLINE_CURVE_WITH_KNOTS('',7,(#3692,#3693,#3694,#3695,#3696,
    #3697,#3698,#3699,#3700,#3701,#3702,#3703,#3704,#3705,#3706,#3707,
    #3708,#3709,#3710,#3711,#3712,#3713,#3714,#3715,#3716,#3717,#3718,
    #3719,#3720,#3721,#3722,#3723,#3724,#3725,#3726,#3727,#3728,#3729,
    #3730,#3731,#3732,#3733,#3734,#3735,#3736,#3737,#3738,#3739,#3740,
    #3741,#3742,#3743,#3744,#3745,#3746,#3747,#3748,#3749,#3750,#3751,
    #3752,#3753,#3754,#3755,#3756,#3757,#3758,#3759,#3760,#3761,#3762,
    #3763,#3764,#3765,#3766,#3767,#3768,#3769,#3770,#3771),
  .UNSPECIFIED.,.F.,.F.,(8,6,6,6,6,6,6,6,6,6,6,6,6,8),(0.,0.427487064076
    ,0.502345411658,0.575977803033,0.64713549231,0.715818964614,
    0.779639876163,0.838980866781,0.894414936612,0.946064521722,
    0.987370318792,0.993863198497,0.996843711078,1.),.UNSPECIFIED.);
#3692 = CARTESIAN_POINT('',(5.026548245725,2.623686125616));
#3693 = CARTESIAN_POINT('',(5.103383305259,2.621521162326));
#3694 = CARTESIAN_POINT('',(5.180230463625,2.619355849944));
#3695 = CARTESIAN_POINT('',(5.257066287874,2.617190863357));
#3696 = CARTESIAN_POINT('',(5.333896427196,2.615026035707));
#3697 = CARTESIAN_POINT('',(5.410728560231,2.612861151871));
#3698 = CARTESIAN_POINT('',(5.487567727226,2.61069606946));
#3699 = CARTESIAN_POINT('',(5.577840796154,2.608152462521));
#3700 = CARTESIAN_POINT('',(5.591292906965,2.607773424974));
#3701 = CARTESIAN_POINT('',(5.604744831701,2.607394392668));
#3702 = CARTESIAN_POINT('',(5.618196554555,2.607015366051));
#3703 = CARTESIAN_POINT('',(5.631648057547,2.606636345628));
#3704 = CARTESIAN_POINT('',(5.645099320516,2.606257331969));
#3705 = CARTESIAN_POINT('',(5.671781034514,2.605505526428));
#3706 = CARTESIAN_POINT('',(5.685011494748,2.605132734286));
#3707 = CARTESIAN_POINT('',(5.698241680876,2.604759949869));
#3708 = CARTESIAN_POINT('',(5.711471568249,2.60438717387));
#3709 = CARTESIAN_POINT('',(5.724701128523,2.604014407087));
#3710 = CARTESIAN_POINT('',(5.737930329656,2.603641650425));
#3711 = CARTESIAN_POINT('',(5.763943336822,2.60290868691));
#3712 = CARTESIAN_POINT('',(5.776727168903,2.602548479324));
#3713 = CARTESIAN_POINT('',(5.789510600452,2.602188283022));
#3714 = CARTESIAN_POINT('',(5.802293593694,2.601828099069));
#3715 = CARTESIAN_POINT('',(5.815076104777,2.601467928699));
#3716 = CARTESIAN_POINT('',(5.82785808377,2.601107773319));
#3717 = CARTESIAN_POINT('',(5.852976445088,2.600400018044));
#3718 = CARTESIAN_POINT('',(5.865312866345,2.600052417052));
#3719 = CARTESIAN_POINT('',(5.877648689159,2.599704832919));
#3720 = CARTESIAN_POINT('',(5.889983853926,2.599357267324));
#3721 = CARTESIAN_POINT('',(5.902318290713,2.599009722238));
#3722 = CARTESIAN_POINT('',(5.914651919265,2.598662199921));
#3723 = CARTESIAN_POINT('',(5.938444262602,2.59799180756));
#3724 = CARTESIAN_POINT('',(5.949903097152,2.597668934142));
#3725 = CARTESIAN_POINT('',(5.961361081606,2.597346084674));
#3726 = CARTESIAN_POINT('',(5.972818129416,2.597023261595));
#3727 = CARTESIAN_POINT('',(5.984274138523,2.596700467782));
#3728 = CARTESIAN_POINT('',(5.995728991361,2.596377706548));
#3729 = CARTESIAN_POINT('',(6.017832133303,2.595754910473));
#3730 = CARTESIAN_POINT('',(6.028480591792,2.59545487086));
#3731 = CARTESIAN_POINT('',(6.039127826089,2.595154865741));
#3732 = CARTESIAN_POINT('',(6.04977370822,2.594854898723));
#3733 = CARTESIAN_POINT('',(6.060418086466,2.594554974081));
#3734 = CARTESIAN_POINT('',(6.071060785369,2.59425509676));
#3735 = CARTESIAN_POINT('',(6.091641850619,2.593675187969));
#3736 = CARTESIAN_POINT('',(6.101580449422,2.593395149948));
#3737 = CARTESIAN_POINT('',(6.111517239292,2.593115162901));
#3738 = CARTESIAN_POINT('',(6.121452025999,2.5928352323));
#3739 = CARTESIAN_POINT('',(6.131384579776,2.592555364619));
#3740 = CARTESIAN_POINT('',(6.141314631167,2.592275567451));
#3741 = CARTESIAN_POINT('',(6.160491370055,2.591735228137));
#3742 = CARTESIAN_POINT('',(6.169738418478,2.591474675821));
#3743 = CARTESIAN_POINT('',(6.178982763195,2.59121419969));
#3744 = CARTESIAN_POINT('',(6.188224103729,2.59095380821));
#3745 = CARTESIAN_POINT('',(6.197462082221,2.590693511464));
#3746 = CARTESIAN_POINT('',(6.206696277581,2.590433321318));
#3747 = CARTESIAN_POINT('',(6.223307658473,2.589965265636));
#3748 = CARTESIAN_POINT('',(6.230686371939,2.589757357048));
#3749 = CARTESIAN_POINT('',(6.238062095588,2.589549532705));
#3750 = CARTESIAN_POINT('',(6.24543453452,2.589341800914));
#3751 = CARTESIAN_POINT('',(6.252803343373,2.589134171408));
#3752 = CARTESIAN_POINT('',(6.260168126318,2.588926655337));
#3753 = CARTESIAN_POINT('',(6.268685408137,2.588686665527));
#3754 = CARTESIAN_POINT('',(6.269842268527,2.588654068894));
#3755 = CARTESIAN_POINT('',(6.270999016449,2.588621475431));
#3756 = CARTESIAN_POINT('',(6.272155650069,2.588588885188));
#3757 = CARTESIAN_POINT('',(6.273312167508,2.588556298218));
#3758 = CARTESIAN_POINT('',(6.274468566843,2.588523714577));
#3759 = CARTESIAN_POINT('',(6.276155628292,2.588476178571));
#3760 = CARTESIAN_POINT('',(6.276685037076,2.588461261521));
#3761 = CARTESIAN_POINT('',(6.277213078854,2.588446382989));
#3762 = CARTESIAN_POINT('',(6.277739759977,2.588431542797));
#3763 = CARTESIAN_POINT('',(6.278265086743,2.588416740765));
#3764 = CARTESIAN_POINT('',(6.278789065406,2.588401976719));
#3765 = CARTESIAN_POINT('',(6.279865161538,2.588371655765));
#3766 = CARTESIAN_POINT('',(6.280418593382,2.588356061823));
#3767 = CARTESIAN_POINT('',(6.28097199592,2.588340468706));
#3768 = CARTESIAN_POINT('',(6.281525368224,2.588324876441));
#3769 = CARTESIAN_POINT('',(6.282078710212,2.58830928503));
#3770 = CARTESIAN_POINT('',(6.282632022657,2.588293694451));
#3771 = CARTESIAN_POINT('',(6.28318530718,2.588278104659));
#3772 = ( GEOMETRIC_REPRESENTATION_CONTEXT(2) 
PARAMETRIC_REPRESENTATION_CONTEXT() REPRESENTATION_CONTEXT('2D SPACE',''
  ) );
#3773 = PCURVE('',#3192,#3774);
#3774 = DEFINITIONAL_REPRESENTATION('',(#3775),#3856);
#3775 = B_SPLINE_CURVE_WITH_KNOTS('',7,(#3776,#3777,#3778,#3779,#3780,
    #3781,#3782,#3783,#3784,#3785,#3786,#3787,#3788,#3789,#3790,#3791,
    #3792,#3793,#3794,#3795,#3796,#3797,#3798,#3799,#3800,#3801,#3802,
    #3803,#3804,#3805,#3806,#3807,#3808,#3809,#3810,#3811,#3812,#3813,
    #3814,#3815,#3816,#3817,#3818,#3819,#3820,#3821,#3822,#3823,#3824,
    #3825,#3826,#3827,#3828,#3829,#3830,#3831,#3832,#3833,#3834,#3835,
    #3836,#3837,#3838,#3839,#3840,#3841,#3842,#3843,#3844,#3845,#3846,
    #3847,#3848,#3849,#3850,#3851,#3852,#3853,#3854,#3855),
  .UNSPECIFIED.,.F.,.F.,(8,6,6,6,6,6,6,6,6,6,6,6,6,8),(0.,0.427487064076
    ,0.502345411658,0.575977803033,0.64713549231,0.715818964614,
    0.779639876163,0.838980866781,0.894414936612,0.946064521722,
    0.987370318792,0.993863198497,0.996843711078,1.),.UNSPECIFIED.);
#3776 = CARTESIAN_POINT('',(1.750000001109,0.));
#3777 = CARTESIAN_POINT('',(1.738872108863,4.903774715983E-02));
#3778 = CARTESIAN_POINT('',(1.726612885323,9.806895638133E-02));
#3779 = CARTESIAN_POINT('',(1.712976855488,0.147078414048));
#3780 = CARTESIAN_POINT('',(1.69768411398,0.196069996365));
#3781 = CARTESIAN_POINT('',(1.680351275368,0.245048653147));
#3782 = CARTESIAN_POINT('',(1.660441575881,0.294017671884));
#3783 = CARTESIAN_POINT('',(1.632906787803,0.351531526438));
#3784 = CARTESIAN_POINT('',(1.628695461317,0.360101567381));
#3785 = CARTESIAN_POINT('',(1.624370921952,0.368671059868));
#3786 = CARTESIAN_POINT('',(1.619927614668,0.37723999427));
#3787 = CARTESIAN_POINT('',(1.61535948601,0.385808359578));
#3788 = CARTESIAN_POINT('',(1.610659984105,0.394376143407));
#3789 = CARTESIAN_POINT('',(1.601063363991,0.411370215607));
#3790 = CARTESIAN_POINT('',(1.596170658842,0.41979652375));
#3791 = CARTESIAN_POINT('',(1.591137268204,0.428222243515));
#3792 = CARTESIAN_POINT('',(1.585955807041,0.436647359651));
#3793 = CARTESIAN_POINT('',(1.580618180294,0.445071854565));
#3794 = CARTESIAN_POINT('',(1.575115582875,0.453495708317));
#3795 = CARTESIAN_POINT('',(1.563952216865,0.470058994952));
#3796 = CARTESIAN_POINT('',(1.558302857542,0.47819847165));
#3797 = CARTESIAN_POINT('',(1.552481882708,0.486337308958));
#3798 = CARTESIAN_POINT('',(1.546479783228,0.494475483259));
#3799 = CARTESIAN_POINT('',(1.540286079816,0.50261296707));
#3800 = CARTESIAN_POINT('',(1.533889323042,0.51074972905));
#3801 = CARTESIAN_POINT('',(1.520894776799,0.526738842714));
#3802 = CARTESIAN_POINT('',(1.514311532389,0.534591245333));
#3803 = CARTESIAN_POINT('',(1.507516266489,0.542442910881));
#3804 = CARTESIAN_POINT('',(1.500496529955,0.550293801824));
#3805 = CARTESIAN_POINT('',(1.493238518108,0.558143874065));
#3806 = CARTESIAN_POINT('',(1.485727070734,0.565993076943));
#3807 = CARTESIAN_POINT('',(1.470715170505,0.581133997741));
#3808 = CARTESIAN_POINT('',(1.463251354945,0.588425840311));
#3809 = CARTESIAN_POINT('',(1.45554105587,0.595716836068));
#3810 = CARTESIAN_POINT('',(1.447569445762,0.603006930284));
#3811 = CARTESIAN_POINT('',(1.439320039123,0.610296058373));
#3812 = CARTESIAN_POINT('',(1.430774692473,0.617584145897));
#3813 = CARTESIAN_POINT('',(1.413674521977,0.631646561511));
#3814 = CARTESIAN_POINT('',(1.405162178986,0.638421038627));
#3815 = CARTESIAN_POINT('',(1.396360762679,0.645194473893));
#3816 = CARTESIAN_POINT('',(1.387252409646,0.651966786205));
#3817 = CARTESIAN_POINT('',(1.377817205757,0.658737879383));
#3818 = CARTESIAN_POINT('',(1.368033186166,0.665507642163));
#3819 = CARTESIAN_POINT('',(1.348388196104,0.67859863924));
#3820 = CARTESIAN_POINT('',(1.338574560265,0.684920054744));
#3821 = CARTESIAN_POINT('',(1.328415442338,0.691240091435));
#3822 = CARTESIAN_POINT('',(1.317888932491,0.697558626094));
#3823 = CARTESIAN_POINT('',(1.306970741858,0.703875512932));
#3824 = CARTESIAN_POINT('',(1.29563374788,0.710190580954));
#3825 = CARTESIAN_POINT('',(1.272865976019,0.72238568967));
#3826 = CARTESIAN_POINT('',(1.261494456579,0.728265989833));
#3827 = CARTESIAN_POINT('',(1.249708293024,0.734144373838));
#3828 = CARTESIAN_POINT('',(1.237480373521,0.740020650968));
#3829 = CARTESIAN_POINT('',(1.22478057805,0.74589459406));
#3830 = CARTESIAN_POINT('',(1.211575193754,0.7517659358));
#3831 = CARTESIAN_POINT('',(1.186830931895,0.762327532352));
#3832 = CARTESIAN_POINT('',(1.175487786321,0.767018829113));
#3833 = CARTESIAN_POINT('',(1.163777857026,0.771708100117));
#3834 = CARTESIAN_POINT('',(1.151679925758,0.77639515814));
#3835 = CARTESIAN_POINT('',(1.139170592545,0.781079783916));
#3836 = CARTESIAN_POINT('',(1.126224275694,0.785761726127));
#3837 = CARTESIAN_POINT('',(1.110705119685,0.791176191969));
#3838 = CARTESIAN_POINT('',(1.108585540208,0.791911609103));
#3839 = CARTESIAN_POINT('',(1.10645436401,0.79264695168));
#3840 = CARTESIAN_POINT('',(1.104311480026,0.793382218535));
#3841 = CARTESIAN_POINT('',(1.102156775479,0.794117408476));
#3842 = CARTESIAN_POINT('',(1.09999013588,0.794852520281));
#3843 = CARTESIAN_POINT('',(1.096811331698,0.795924964369));
#3844 = CARTESIAN_POINT('',(1.095811219047,0.796261502338));
#3845 = CARTESIAN_POINT('',(1.094811107063,0.796597170681));
#3846 = CARTESIAN_POINT('',(1.093810995741,0.796931973439));
#3847 = CARTESIAN_POINT('',(1.092810885077,0.797265914624));
#3848 = CARTESIAN_POINT('',(1.091810775065,0.797598998215));
#3849 = CARTESIAN_POINT('',(1.089751574679,0.798283051437));
#3850 = CARTESIAN_POINT('',(1.088689754585,0.798634856537));
#3851 = CARTESIAN_POINT('',(1.087625047646,0.798986642296));
#3852 = CARTESIAN_POINT('',(1.08655737591,0.799338408108));
#3853 = CARTESIAN_POINT('',(1.085486741245,0.799690153925));
#3854 = CARTESIAN_POINT('',(1.084413225339,0.800041880261));
#3855 = CARTESIAN_POINT('',(1.083336989701,0.800393588191));
#3856 = ( GEOMETRIC_REPRESENTATION_CONTEXT(2) 
PARAMETRIC_REPRESENTATION_CONTEXT() REPRESENTATION_CONTEXT('2D SPACE',''
  ) );
#3857 = ORIENTED_EDGE('',*,*,#3149,.T.);
#3858 = ADVANCED_FACE('',(#3859),#3479,.T.);
#3859 = FACE_BOUND('',#3860,.T.);
#3860 = EDGE_LOOP('',(#3861,#3862,#3906,#3960));
#3861 = ORIENTED_EDGE('',*,*,#3269,.F.);
#3862 = ORIENTED_EDGE('',*,*,#3863,.T.);
#3863 = EDGE_CURVE('',#3247,#3864,#3866,.T.);
#3864 = VERTEX_POINT('',#3865);
#3865 = CARTESIAN_POINT('',(13.750000000003,3.590835528611E-15,
    2.023686127919));
#3866 = SURFACE_CURVE('',#3867,(#3870,#3876),.PCURVE_S1.);
#3867 = B_SPLINE_CURVE_WITH_KNOTS('',1,(#3868,#3869),.UNSPECIFIED.,.F.,
  .F.,(2,2),(1.,2.),.PIECEWISE_BEZIER_KNOTS.);
#3868 = CARTESIAN_POINT('',(13.550000000047,-1.024168328391E-13,
    2.023686127926));
#3869 = CARTESIAN_POINT('',(13.750000000047,4.017972084747E-15,
    2.023686127919));
#3870 = PCURVE('',#3479,#3871);
#3871 = DEFINITIONAL_REPRESENTATION('',(#3872),#3875);
#3872 = B_SPLINE_CURVE_WITH_KNOTS('',1,(#3873,#3874),.UNSPECIFIED.,.F.,
  .F.,(2,2),(1.75000000021,2.),.PIECEWISE_BEZIER_KNOTS.);
#3873 = CARTESIAN_POINT('',(1.75000000021,0.));
#3874 = CARTESIAN_POINT('',(2.,0.));
#3875 = ( GEOMETRIC_REPRESENTATION_CONTEXT(2) 
PARAMETRIC_REPRESENTATION_CONTEXT() REPRESENTATION_CONTEXT('2D SPACE',''
  ) );
#3876 = PCURVE('',#3877,#3900);
#3877 = ( BOUNDED_SURFACE() B_SPLINE_SURFACE(1,6,(
    (#3878,#3879,#3880,#3881,#3882,#3883,#3884,#3885,#3886,#3887,#3888)
    ,(#3889,#3890,#3891,#3892,#3893,#3894,#3895,#3896,#3897,#3898,#3899
)),.UNSPECIFIED.,.F.,.F.,.F.) B_SPLINE_SURFACE_WITH_KNOTS((2,2),(7,4,7),
(1.,2.),(0.,0.5,1.),.UNSPECIFIED.) GEOMETRIC_REPRESENTATION_ITEM() 
RATIONAL_B_SPLINE_SURFACE((
    (1.,1.,1.,1.,1.,1.,1.,1.,1.,1.,1.)
,(1.,1.,1.,1.,1.,1.,1.,1.,1.,1.,1.
  ))) REPRESENTATION_ITEM('') SURFACE() );
#3878 = CARTESIAN_POINT('',(13.550000000012,-1.036393040719E-13,
    1.023686127926));
#3879 = CARTESIAN_POINT('',(13.502151825812,7.093135909731,
    1.107019461261));
#3880 = CARTESIAN_POINT('',(9.23285854259,14.186271819457,1.190352794737
    ));
#3881 = CARTESIAN_POINT('',(-8.044474286223E-02,17.823990286945,
    1.273686128415));
#3882 = CARTESIAN_POINT('',(-9.110048228778,14.186271819451,
    1.35701946207));
#3883 = CARTESIAN_POINT('',(-17.98995177117,-1.216826397899E-11,
    1.52368612905));
#3884 = CARTESIAN_POINT('',(-9.110048228755,-14.18627181947,
    1.690352795396));
#3885 = CARTESIAN_POINT('',(-8.044474282944E-02,-17.82399028695,
    1.773686128408));
#3886 = CARTESIAN_POINT('',(9.232858542624,-14.18627181946,
    1.857019461422));
#3887 = CARTESIAN_POINT('',(13.502151825847,-7.093135909731,
    1.940352794594));
#3888 = CARTESIAN_POINT('',(13.550000000047,-1.024168328391E-13,
    2.023686127926));
#3889 = CARTESIAN_POINT('',(13.750000000012,4.995721874869E-15,
    1.023686127919));
#3890 = CARTESIAN_POINT('',(13.701445579749,7.197831642732,
    1.107019461254));
#3891 = CARTESIAN_POINT('',(9.369136897338,14.395663285456,
    1.190352794732));
#3892 = CARTESIAN_POINT('',(-8.163211905472E-02,18.087075014376,
    1.273686128415));
#3893 = CARTESIAN_POINT('',(-9.2445138853,14.395663285451,1.357019462075
    ));
#3894 = CARTESIAN_POINT('',(-18.25548611465,-1.234491016402E-11,
    1.523686129059));
#3895 = CARTESIAN_POINT('',(-9.244513885276,-14.39566328547,
    1.690352795401));
#3896 = CARTESIAN_POINT('',(-8.163211902168E-02,-18.08707501438,
    1.773686128408));
#3897 = CARTESIAN_POINT('',(9.369136897372,-14.39566328546,
    1.857019461417));
#3898 = CARTESIAN_POINT('',(13.701445579785,-7.197831642731,
    1.940352794587));
#3899 = CARTESIAN_POINT('',(13.750000000047,4.017972084747E-15,
    2.023686127919));
#3900 = DEFINITIONAL_REPRESENTATION('',(#3901),#3905);
#3901 = LINE('',#3902,#3903);
#3902 = CARTESIAN_POINT('',(0.,1.));
#3903 = VECTOR('',#3904,1.);
#3904 = DIRECTION('',(1.,0.));
#3905 = ( GEOMETRIC_REPRESENTATION_CONTEXT(2) 
PARAMETRIC_REPRESENTATION_CONTEXT() REPRESENTATION_CONTEXT('2D SPACE',''
  ) );
#3906 = ORIENTED_EDGE('',*,*,#3907,.T.);
#3907 = EDGE_CURVE('',#3864,#3908,#3910,.T.);
#3908 = VERTEX_POINT('',#3909);
#3909 = CARTESIAN_POINT('',(4.248983672365,-13.07702709897,
    2.823686125637));
#3910 = SURFACE_CURVE('',#3911,(#3923,#3930),.PCURVE_S1.);
#3911 = ( BOUNDED_CURVE() B_SPLINE_CURVE(6,(#3912,#3913,#3914,#3915,
    #3916,#3917,#3918,#3919,#3920,#3921,#3922),.UNSPECIFIED.,.F.,.F.) 
B_SPLINE_CURVE_WITH_KNOTS((7,4,7),(0.,0.5,1.),.UNSPECIFIED.) CURVE() 
GEOMETRIC_REPRESENTATION_ITEM() RATIONAL_B_SPLINE_CURVE((1.,1.,1.,1.,1.,
1.,1.,1.,1.,1.,1.)) REPRESENTATION_ITEM('') );
#3912 = CARTESIAN_POINT('',(13.749999999958,3.163698972474E-15,
    2.023686127919));
#3913 = CARTESIAN_POINT('',(13.739702873036,5.762388212338,
    2.090352794596));
#3914 = CARTESIAN_POINT('',(10.884756038537,11.509497548309,
    2.157019460541));
#3915 = CARTESIAN_POINT('',(5.011821727928,15.483707242534,
    2.223686125838));
#3916 = CARTESIAN_POINT('',(-2.014410402269,15.700690789945,
    2.290352790795));
#3917 = CARTESIAN_POINT('',(-13.46339647731,9.78173011217,2.423686121383
    ));
#3918 = CARTESIAN_POINT('',(-15.55473133417,-2.935962137904,
    2.557019454219));
#3919 = CARTESIAN_POINT('',(-13.17714258288,-9.551254386678,
    2.623686121434));
#3920 = CARTESIAN_POINT('',(-7.582608047292,-13.90864849785,
    2.690352789484));
#3921 = CARTESIAN_POINT('',(-1.234555173586,-14.84790983515,
    2.75701945764));
#3922 = CARTESIAN_POINT('',(4.248983672382,-13.07702709903,
    2.823686125637));
#3923 = PCURVE('',#3479,#3924);
#3924 = DEFINITIONAL_REPRESENTATION('',(#3925),#3929);
#3925 = LINE('',#3926,#3927);
#3926 = CARTESIAN_POINT('',(2.,0.));
#3927 = VECTOR('',#3928,1.);
#3928 = DIRECTION('',(0.,1.));
#3929 = ( GEOMETRIC_REPRESENTATION_CONTEXT(2) 
PARAMETRIC_REPRESENTATION_CONTEXT() REPRESENTATION_CONTEXT('2D SPACE',''
  ) );
#3930 = PCURVE('',#3931,#3954);
#3931 = ( BOUNDED_SURFACE() B_SPLINE_SURFACE(1,6,(
    (#3932,#3933,#3934,#3935,#3936,#3937,#3938,#3939,#3940,#3941,#3942)
    ,(#3943,#3944,#3945,#3946,#3947,#3948,#3949,#3950,#3951,#3952,#3953
)),.UNSPECIFIED.,.F.,.F.,.F.) B_SPLINE_SURFACE_WITH_KNOTS((2,2),(7,4,7),
(2.,3.),(0.,0.5,1.),.UNSPECIFIED.) GEOMETRIC_REPRESENTATION_ITEM() 
RATIONAL_B_SPLINE_SURFACE((
    (1.,1.,1.,1.,1.,1.,1.,1.,1.,1.,1.)
,(1.,1.,1.,1.,1.,1.,1.,1.,1.,1.,1.
  ))) REPRESENTATION_ITEM('') SURFACE() );
#3932 = CARTESIAN_POINT('',(13.749999999958,3.163698972474E-15,
    2.023686127919));
#3933 = CARTESIAN_POINT('',(13.739702873036,5.762388212338,
    2.090352794596));
#3934 = CARTESIAN_POINT('',(10.884756038537,11.509497548309,
    2.157019460541));
#3935 = CARTESIAN_POINT('',(5.011821727928,15.483707242534,
    2.223686125838));
#3936 = CARTESIAN_POINT('',(-2.014410402269,15.700690789945,
    2.290352790795));
#3937 = CARTESIAN_POINT('',(-13.46339647731,9.78173011217,2.423686121383
    ));
#3938 = CARTESIAN_POINT('',(-15.55473133417,-2.935962137904,
    2.557019454219));
#3939 = CARTESIAN_POINT('',(-13.17714258288,-9.551254386678,
    2.623686121434));
#3940 = CARTESIAN_POINT('',(-7.582608047292,-13.90864849785,
    2.690352789484));
#3941 = CARTESIAN_POINT('',(-1.234555173586,-14.84790983515,
    2.75701945764));
#3942 = CARTESIAN_POINT('',(4.248983672382,-13.07702709903,
    2.823686125637));
#3943 = CARTESIAN_POINT('',(14.299999999993,-1.458638144376E-12,
    1.876314072214));
#3944 = CARTESIAN_POINT('',(14.289290988298,5.992883740865,
    1.942980738891));
#3945 = CARTESIAN_POINT('',(11.320146279297,11.969877450761,
    2.009647404809));
#3946 = CARTESIAN_POINT('',(5.212294597451,16.103055531631,
    2.076314070049));
#3947 = CARTESIAN_POINT('',(-2.094986818128,16.328718421735,
    2.142980734938));
#3948 = CARTESIAN_POINT('',(-14.0019323364,10.17299931668,2.276314065417
    ));
#3949 = CARTESIAN_POINT('',(-16.17692058762,-3.053400623664,
    2.409647398232));
#3950 = CARTESIAN_POINT('',(-13.70422828547,-9.93330456231,2.47631406547
    ));
#3951 = CARTESIAN_POINT('',(-7.88591236989,-14.46499443714,
    2.542980733574));
#3952 = CARTESIAN_POINT('',(-1.283937380426,-15.44182622885,
    2.609647401791));
#3953 = CARTESIAN_POINT('',(4.418943019322,-13.60010818299,2.67631406984
    ));
#3954 = DEFINITIONAL_REPRESENTATION('',(#3955),#3959);
#3955 = LINE('',#3956,#3957);
#3956 = CARTESIAN_POINT('',(2.,0.));
#3957 = VECTOR('',#3958,1.);
#3958 = DIRECTION('',(0.,1.));
#3959 = ( GEOMETRIC_REPRESENTATION_CONTEXT(2) 
PARAMETRIC_REPRESENTATION_CONTEXT() REPRESENTATION_CONTEXT('2D SPACE',''
  ) );
#3960 = ORIENTED_EDGE('',*,*,#3961,.F.);
#3961 = EDGE_CURVE('',#3270,#3908,#3962,.T.);
#3962 = SURFACE_CURVE('',#3963,(#3966,#3973),.PCURVE_S1.);
#3963 = B_SPLINE_CURVE_WITH_KNOTS('',1,(#3964,#3965),.UNSPECIFIED.,.F.,
  .F.,(2,2),(1.,2.),.PIECEWISE_BEZIER_KNOTS.);
#3964 = CARTESIAN_POINT('',(4.187180273508,-12.88681579577,
    2.823686125622));
#3965 = CARTESIAN_POINT('',(4.248983672382,-13.07702709903,
    2.823686125637));
#3966 = PCURVE('',#3479,#3967);
#3967 = DEFINITIONAL_REPRESENTATION('',(#3968),#3972);
#3968 = LINE('',#3969,#3970);
#3969 = CARTESIAN_POINT('',(0.,1.));
#3970 = VECTOR('',#3971,1.);
#3971 = DIRECTION('',(1.,0.));
#3972 = ( GEOMETRIC_REPRESENTATION_CONTEXT(2) 
PARAMETRIC_REPRESENTATION_CONTEXT() REPRESENTATION_CONTEXT('2D SPACE',''
  ) );
#3973 = PCURVE('',#3192,#3974);
#3974 = DEFINITIONAL_REPRESENTATION('',(#3975),#3978);
#3975 = B_SPLINE_CURVE_WITH_KNOTS('',1,(#3976,#3977),.UNSPECIFIED.,.F.,
  .F.,(2,2),(1.750000001109,2.),.PIECEWISE_BEZIER_KNOTS.);
#3976 = CARTESIAN_POINT('',(1.750000001109,0.));
#3977 = CARTESIAN_POINT('',(2.,0.));
#3978 = ( GEOMETRIC_REPRESENTATION_CONTEXT(2) 
PARAMETRIC_REPRESENTATION_CONTEXT() REPRESENTATION_CONTEXT('2D SPACE',''
  ) );
#3979 = ADVANCED_FACE('',(#3980),#3877,.T.);
#3980 = FACE_BOUND('',#3981,.T.);
#3981 = EDGE_LOOP('',(#3982,#4462,#4483,#4535));
#3982 = ORIENTED_EDGE('',*,*,#3983,.F.);
#3983 = EDGE_CURVE('',#1320,#3247,#3984,.T.);
#3984 = SURFACE_CURVE('',#3985,(#4142,#4302),.PCURVE_S1.);
#3985 = B_SPLINE_CURVE_WITH_KNOTS('',8,(#3986,#3987,#3988,#3989,#3990,
    #3991,#3992,#3993,#3994,#3995,#3996,#3997,#3998,#3999,#4000,#4001,
    #4002,#4003,#4004,#4005,#4006,#4007,#4008,#4009,#4010,#4011,#4012,
    #4013,#4014,#4015,#4016,#4017,#4018,#4019,#4020,#4021,#4022,#4023,
    #4024,#4025,#4026,#4027,#4028,#4029,#4030,#4031,#4032,#4033,#4034,
    #4035,#4036,#4037,#4038,#4039,#4040,#4041,#4042,#4043,#4044,#4045,
    #4046,#4047,#4048,#4049,#4050,#4051,#4052,#4053,#4054,#4055,#4056,
    #4057,#4058,#4059,#4060,#4061,#4062,#4063,#4064,#4065,#4066,#4067,
    #4068,#4069,#4070,#4071,#4072,#4073,#4074,#4075,#4076,#4077,#4078,
    #4079,#4080,#4081,#4082,#4083,#4084,#4085,#4086,#4087,#4088,#4089,
    #4090,#4091,#4092,#4093,#4094,#4095,#4096,#4097,#4098,#4099,#4100,
    #4101,#4102,#4103,#4104,#4105,#4106,#4107,#4108,#4109,#4110,#4111,
    #4112,#4113,#4114,#4115,#4116,#4117,#4118,#4119,#4120,#4121,#4122,
    #4123,#4124,#4125,#4126,#4127,#4128,#4129,#4130,#4131,#4132,#4133,
    #4134,#4135,#4136,#4137,#4138,#4139,#4140,#4141),.UNSPECIFIED.,.F.,
  .F.,(9,7,7,7,7,7,7,7,7,7,7,7,7,7,7,7,7,7,7,7,7,7,9),(0.,
    1.293322003851E-02,6.576961666128E-02,0.103826444505,0.130845776233,
    0.234430715227,0.302186867834,0.364179671121,0.413965255146,
    0.449971077897,0.481139386345,0.500136751484,0.518985127105,
    0.543983272395,0.636744460352,0.699928726084,0.766741717872,
    0.82810447423,0.868386631656,0.896344990128,0.934252777222,
    0.986758617644,1.),.UNSPECIFIED.);
#3986 = CARTESIAN_POINT('',(13.7,-2.30926389122E-14,1.02368612792));
#3987 = CARTESIAN_POINT('',(13.7,0.139081491689,1.025302229075));
#3988 = CARTESIAN_POINT('',(13.698386322962,0.278177169689,1.02691824217
    ));
#3989 = CARTESIAN_POINT('',(13.695158442794,0.417262962616,
    1.028534178045));
#3990 = CARTESIAN_POINT('',(13.69031628161,0.556315054944,1.030150047507
    ));
#3991 = CARTESIAN_POINT('',(13.683860209727,0.695309887007,
    1.031765861324));
#3992 = CARTESIAN_POINT('',(13.67579104567,0.834224154992,1.033381630228
    ));
#3993 = CARTESIAN_POINT('',(13.666110056169,0.973034810946,
    1.034997364916));
#3994 = CARTESIAN_POINT('',(13.608691152201,1.678289190942,
    1.043213779813));
#3995 = CARTESIAN_POINT('',(13.535691287711,2.242738089042,
    1.049813956201));
#3996 = CARTESIAN_POINT('',(13.435933847594,2.803526029686,
    1.056414511659));
#3997 = CARTESIAN_POINT('',(13.309643097933,3.35915083314,1.063015984586
    ));
#3998 = CARTESIAN_POINT('',(13.157142182783,3.908145661475,
    1.069618644128));
#3999 = CARTESIAN_POINT('',(12.978846576511,4.449077841587,
    1.076222561732));
#4000 = CARTESIAN_POINT('',(12.7752618917,4.980548717088,1.08282765543)
  );
#4001 = CARTESIAN_POINT('',(12.382564256779,5.876203600458,
    1.094191892106));
#4002 = CARTESIAN_POINT('',(12.20533177691,6.245598460833,1.098950598763
    ));
#4003 = CARTESIAN_POINT('',(12.015513419223,6.608866693029,
    1.103709703492));
#4004 = CARTESIAN_POINT('',(11.813357071204,6.965508821161,
    1.108469096194));
#4005 = CARTESIAN_POINT('',(11.599133723164,7.315038456777,1.11322867291
    ));
#4006 = CARTESIAN_POINT('',(11.373137499783,7.656982445029,
    1.117988328708));
#4007 = CARTESIAN_POINT('',(11.135685691665,7.990881010841,
    1.122747950573));
#4008 = CARTESIAN_POINT('',(10.710642920739,8.547318112273,
    1.130886499627));
#4009 = CARTESIAN_POINT('',(10.528563388031,8.774069337274,
    1.134265526095));
#4010 = CARTESIAN_POINT('',(10.341001710017,8.996382424513,
    1.137644449721));
#4011 = CARTESIAN_POINT('',(10.14808444577,9.214102783028,1.141023242174
    ));
#4012 = CARTESIAN_POINT('',(9.949943184041,9.427080391451,1.144401883626
    ));
#4013 = CARTESIAN_POINT('',(9.746714535102,9.635169802992,1.147780359613
    ));
#4014 = CARTESIAN_POINT('',(9.538540122594,9.838230150426,1.151158657901
    ));
#4015 = CARTESIAN_POINT('',(8.509082580955,10.79480200426,1.167487531745
    ));
#4016 = CARTESIAN_POINT('',(7.621809529142,11.477797115443,
    1.180439516222));
#4017 = CARTESIAN_POINT('',(6.672288854332,12.077022707415,1.19338637072
    ));
#4018 = CARTESIAN_POINT('',(5.669855365642,12.586019169927,
    1.206329210566));
#4019 = CARTESIAN_POINT('',(4.624421018945,12.999563622394,
    1.219271424449));
#4020 = CARTESIAN_POINT('',(3.546465499863,13.313692068048,
    1.232216204018));
#4021 = CARTESIAN_POINT('',(2.447013483053,13.525692581192,
    1.245164681514));
#4022 = CARTESIAN_POINT('',(0.612223857762,13.705717334593,
    1.266579347176));
#4023 = CARTESIAN_POINT('',(-0.117707441585,13.732784991236,
    1.275048952557));
#4024 = CARTESIAN_POINT('',(-0.848818302892,13.715408495905,
    1.283519188715));
#4025 = CARTESIAN_POINT('',(-1.577948044489,13.653558209852,
    1.291989946064));
#4026 = CARTESIAN_POINT('',(-2.301964915413,13.547467667929,
    1.300461329464));
#4027 = CARTESIAN_POINT('',(-3.017766443075,13.397623827742,
    1.308933368046));
#4028 = CARTESIAN_POINT('',(-3.72228200011,13.204776492119,
    1.317405741136));
#4029 = CARTESIAN_POINT('',(-5.043965032003,12.755130259198,
    1.333628688528));
#4030 = CARTESIAN_POINT('',(-5.663523494848,12.505146510595,
    1.341380069349));
#4031 = CARTESIAN_POINT('',(-6.268832821099,12.22079964154,
    1.349131035161));
#4032 = CARTESIAN_POINT('',(-6.857672755798,11.903050309441,
    1.356881384554));
#4033 = CARTESIAN_POINT('',(-7.427915125349,11.55302063677,
    1.364631171408));
#4034 = CARTESIAN_POINT('',(-7.977521701524,11.171988870264,
    1.372380518618));
#4035 = CARTESIAN_POINT('',(-8.504547751036,10.761393909212,
    1.380129416438));
#4036 = CARTESIAN_POINT('',(-9.410785377065,9.970660766738,
    1.394099891186));
#4037 = CARTESIAN_POINT('',(-9.798688144866,9.60042865588,1.400322059808
    ));
#4038 = CARTESIAN_POINT('',(-10.16990828737,9.212981545145,
    1.406543904109));
#4039 = CARTESIAN_POINT('',(-10.52355734798,8.809200686593,
    1.412765481913));
#4040 = CARTESIAN_POINT('',(-10.85880626938,8.390017263039,
    1.418986940487));
#4041 = CARTESIAN_POINT('',(-11.17488432557,7.956411238279,
    1.425208438265));
#4042 = CARTESIAN_POINT('',(-11.47108041659,7.50941220395,1.431430063848
    ));
#4043 = CARTESIAN_POINT('',(-11.94611352002,6.717921048797,
    1.442151388385));
#4044 = CARTESIAN_POINT('',(-12.13474557148,6.379295125628,
    1.446651131917));
#4045 = CARTESIAN_POINT('',(-12.3123987558,6.034631441311,1.451150986525
    ));
#4046 = CARTESIAN_POINT('',(-12.47884836122,5.684345936496,
    1.455650978301));
#4047 = CARTESIAN_POINT('',(-12.63388910982,5.328863462379,
    1.460151140731));
#4048 = CARTESIAN_POINT('',(-12.77733517856,4.968617738398,
    1.464651499646));
#4049 = CARTESIAN_POINT('',(-12.90902022022,4.604051309928,
    1.469152058168));
#4050 = CARTESIAN_POINT('',(-13.13248204752,3.916680403166,1.47754881645
    ));
#4051 = CARTESIAN_POINT('',(-13.22724437786,3.594843579181,
    1.481445002238));
#4052 = CARTESIAN_POINT('',(-13.31298930923,3.270397560674,
    1.485341320966));
#4053 = CARTESIAN_POINT('',(-13.38963352134,2.943637454006,
    1.489237762001));
#4054 = CARTESIAN_POINT('',(-13.4571054345,2.614860926696,1.493134316775
    ));
#4055 = CARTESIAN_POINT('',(-13.51534520417,2.284368188879,
    1.497030973428));
#4056 = CARTESIAN_POINT('',(-13.56430471561,1.952461974755,1.50092771145
    ));
#4057 = CARTESIAN_POINT('',(-13.6281102609,1.416472212542,1.50719962186)
  );
#4058 = CARTESIAN_POINT('',(-13.64881185473,1.213084817944,
    1.509574769246));
#4059 = CARTESIAN_POINT('',(-13.66604415557,1.009354285431,
    1.511949932918));
#4060 = CARTESIAN_POINT('',(-13.67980061006,0.805349663806,
    1.514325108321));
#4061 = CARTESIAN_POINT('',(-13.69007631654,0.601140104621,
    1.516700291688));
#4062 = CARTESIAN_POINT('',(-13.6968680258,0.396794861309,1.519075479817
    ));
#4063 = CARTESIAN_POINT('',(-13.70017414182,0.192383288298,
    1.521450669849));
#4064 = CARTESIAN_POINT('',(-13.69981671022,-0.214830505913,
    1.526182420481));
#4065 = CARTESIAN_POINT('',(-13.69620761976,-0.417632932645,
    1.528538982944));
#4066 = CARTESIAN_POINT('',(-13.68916751184,-0.620364590963,
    1.530895543474));
#4067 = CARTESIAN_POINT('',(-13.67869805136,-0.822957736734,
    1.53325209908));
#4068 = CARTESIAN_POINT('',(-13.66480250578,-1.025344731524,
    1.535608646524));
#4069 = CARTESIAN_POINT('',(-13.64748574363,-1.227458043342,
    1.537965182096));
#4070 = CARTESIAN_POINT('',(-13.6267542329,-1.429230247372,
    1.540321701404));
#4071 = CARTESIAN_POINT('',(-13.57060213683,-1.897657943167,
    1.545803565194));
#4072 = CARTESIAN_POINT('',(-13.53259580049,-2.164003815427,
    1.548928897788));
#4073 = CARTESIAN_POINT('',(-13.4886158956,-2.42947438149,1.552054181703
    ));
#4074 = CARTESIAN_POINT('',(-13.43868615663,-2.693913340945,
    1.55517940639));
#4075 = CARTESIAN_POINT('',(-13.38283518745,-2.957165359832,
    1.558304564279));
#4076 = CARTESIAN_POINT('',(-13.32109646127,-3.219076075516,
    1.561429649091));
#4077 = CARTESIAN_POINT('',(-13.25350832061,-3.479492101538,
    1.564554654137));
#4078 = CARTESIAN_POINT('',(-12.90776791308,-4.698480807285,
    1.579275269538));
#4079 = CARTESIAN_POINT('',(-12.55541927126,-5.636211098692,
    1.590872047257));
#4080 = CARTESIAN_POINT('',(-12.12529964503,-6.543388139299,
    1.602466268576));
#4081 = CARTESIAN_POINT('',(-11.6205877966,-7.412517151313,
    1.614058227229));
#4082 = CARTESIAN_POINT('',(-11.04524245887,-8.236592360692,
    1.625649687035));
#4083 = CARTESIAN_POINT('',(-10.40394702668,-9.00906931249,
    1.637242541412));
#4084 = CARTESIAN_POINT('',(-9.702158986424,-9.723903337679,
    1.64883742342));
#4085 = CARTESIAN_POINT('',(-8.431374390732,-10.81961741365,
    1.668328128097));
#4086 = CARTESIAN_POINT('',(-7.89129163515,-11.23438547724,
    1.676226025909));
#4087 = CARTESIAN_POINT('',(-7.32797001319,-11.61827355305,
    1.684124387758));
#4088 = CARTESIAN_POINT('',(-6.743480287938,-11.96977347023,
    1.692023194129));
#4089 = CARTESIAN_POINT('',(-6.139992425789,-12.28755132532,
    1.699922572996));
#4090 = CARTESIAN_POINT('',(-5.519771652028,-12.57044236915,
    1.707822579469));
#4091 = CARTESIAN_POINT('',(-4.885180774378,-12.8174570017,
    1.715722992244));
#4092 = CARTESIAN_POINT('',(-3.555068189944,-13.25021880339,
    1.731976972924));
#4093 = CARTESIAN_POINT('',(-2.858071920538,-13.43165481858,
    1.74033133365));
#4094 = CARTESIAN_POINT('',(-2.150620605879,-13.57114736872,
    1.748685333427));
#4095 = CARTESIAN_POINT('',(-1.435666488724,-13.66801315468,
    1.757038669092));
#4096 = CARTESIAN_POINT('',(-0.716189288313,-13.72181776849,
    1.765391369441));
#4097 = CARTESIAN_POINT('',(4.806060365011E-03,-13.73236699677,
    1.773743538827));
#4098 = CARTESIAN_POINT('',(0.724289801328,-13.69971578896,
    1.782095084848));
#4099 = CARTESIAN_POINT('',(2.095803059619,-13.55483457063,
    1.798114600282));
#4100 = CARTESIAN_POINT('',(2.748605501467,-13.44930731313,
    1.805783429388));
#4101 = CARTESIAN_POINT('',(3.395251375694,-13.30785777392,
    1.813451542304));
#4102 = CARTESIAN_POINT('',(4.033434516257,-13.13091709657,
    1.821119032197));
#4103 = CARTESIAN_POINT('',(4.660900504374,-12.91908726334,
    1.828786261572));
#4104 = CARTESIAN_POINT('',(5.27544583779,-12.67313571817,1.836453646623
    ));
#4105 = CARTESIAN_POINT('',(5.87492019221,-12.39400026187,1.844121424901
    ));
#4106 = CARTESIAN_POINT('',(6.839495679551,-11.87851665616,
    1.856823124675));
#4107 = CARTESIAN_POINT('',(7.214375769337,-11.66040616362,
    1.861857092501));
#4108 = CARTESIAN_POINT('',(7.581285393554,-11.42878652779,
    1.866891327247));
#4109 = CARTESIAN_POINT('',(7.939657067881,-11.18399897081,
    1.871925886128));
#4110 = CARTESIAN_POINT('',(8.288942564203,-10.92641211084,
    1.876960837549));
#4111 = CARTESIAN_POINT('',(8.628613000414,-10.65642192202,1.88199623255
    ));
#4112 = CARTESIAN_POINT('',(8.958158930233,-10.37445169435,
    1.887032076249));
#4113 = CARTESIAN_POINT('',(9.498449015883,-9.87724468575,1.895563755772
    ));
#4114 = CARTESIAN_POINT('',(9.714695890282,-9.667982064322,
    1.899059418215));
#4115 = CARTESIAN_POINT('',(9.925667847048,-9.45331436478,1.902555272345
    ));
#4116 = CARTESIAN_POINT('',(10.131207403968,-9.233397090247,
    1.906051305211));
#4117 = CARTESIAN_POINT('',(10.33116281577,-9.008391005341,1.90954750144
    ));
#4118 = CARTESIAN_POINT('',(10.52538808411,-8.778462129995,
    1.913043839507));
#4119 = CARTESIAN_POINT('',(10.713742967559,-8.543781733267,
    1.916540288002));
#4120 = CARTESIAN_POINT('',(11.143335185547,-7.980128061611,
    1.924777606135));
#4121 = CARTESIAN_POINT('',(11.379540154677,-7.647316526618,
    1.929518568472));
#4122 = CARTESIAN_POINT('',(11.604371894361,-7.306533082498,
    1.934259562119));
#4123 = CARTESIAN_POINT('',(11.817517244188,-6.958232387904,
    1.939000475234));
#4124 = CARTESIAN_POINT('',(12.018685856471,-6.602882256651,
    1.943741203979));
#4125 = CARTESIAN_POINT('',(12.207610164765,-6.240963514535,
    1.948481645582));
#4126 = CARTESIAN_POINT('',(12.384045352378,-5.872969856156,
    1.953221691391));
#4127 = CARTESIAN_POINT('',(12.774542372598,-4.981989082233,
    1.96452591149));
#4128 = CARTESIAN_POINT('',(12.976931018282,-4.453883777986,
    1.971089659297));
#4129 = CARTESIAN_POINT('',(13.154348579695,-3.916430349994,
    1.977652246801));
#4130 = CARTESIAN_POINT('',(13.306298472483,-3.371001327733,
    1.984213591764));
#4131 = CARTESIAN_POINT('',(13.432372086479,-2.81900232857,
    1.990773762602));
#4132 = CARTESIAN_POINT('',(13.532250853269,-2.261872185095,
    1.997333021082));
#4133 = CARTESIAN_POINT('',(13.605712501015,-1.701084080395,
    2.003891891377));
#4134 = CARTESIAN_POINT('',(13.664476461336,-0.996181465952,
    2.012105453339));
#4135 = CARTESIAN_POINT('',(13.674623942542,-0.854079328749,
    2.013759674274));
#4136 = CARTESIAN_POINT('',(13.683082046223,-0.71186570806,
    2.015413929731));
#4137 = CARTESIAN_POINT('',(13.689849369676,-0.569565313058,
    2.017068231187));
#4138 = CARTESIAN_POINT('',(13.694925001422,-0.427203133679,
    2.018722590158));
#4139 = CARTESIAN_POINT('',(13.698308521206,-0.284804440615,
    2.020377018199));
#4140 = CARTESIAN_POINT('',(13.7,-0.142394785318,2.022031526907));
#4141 = CARTESIAN_POINT('',(13.7,-2.30926389122E-14,2.02368612792));
#4142 = PCURVE('',#3877,#4143);
#4143 = DEFINITIONAL_REPRESENTATION('',(#4144),#4301);
#4144 = B_SPLINE_CURVE_WITH_KNOTS('',8,(#4145,#4146,#4147,#4148,#4149,
    #4150,#4151,#4152,#4153,#4154,#4155,#4156,#4157,#4158,#4159,#4160,
    #4161,#4162,#4163,#4164,#4165,#4166,#4167,#4168,#4169,#4170,#4171,
    #4172,#4173,#4174,#4175,#4176,#4177,#4178,#4179,#4180,#4181,#4182,
    #4183,#4184,#4185,#4186,#4187,#4188,#4189,#4190,#4191,#4192,#4193,
    #4194,#4195,#4196,#4197,#4198,#4199,#4200,#4201,#4202,#4203,#4204,
    #4205,#4206,#4207,#4208,#4209,#4210,#4211,#4212,#4213,#4214,#4215,
    #4216,#4217,#4218,#4219,#4220,#4221,#4222,#4223,#4224,#4225,#4226,
    #4227,#4228,#4229,#4230,#4231,#4232,#4233,#4234,#4235,#4236,#4237,
    #4238,#4239,#4240,#4241,#4242,#4243,#4244,#4245,#4246,#4247,#4248,
    #4249,#4250,#4251,#4252,#4253,#4254,#4255,#4256,#4257,#4258,#4259,
    #4260,#4261,#4262,#4263,#4264,#4265,#4266,#4267,#4268,#4269,#4270,
    #4271,#4272,#4273,#4274,#4275,#4276,#4277,#4278,#4279,#4280,#4281,
    #4282,#4283,#4284,#4285,#4286,#4287,#4288,#4289,#4290,#4291,#4292,
    #4293,#4294,#4295,#4296,#4297,#4298,#4299,#4300),.UNSPECIFIED.,.F.,
  .F.,(9,7,7,7,7,7,7,7,7,7,7,7,7,7,7,7,7,7,7,7,7,7,9),(0.,
    1.293322003851E-02,6.576961666128E-02,0.103826444505,0.130845776233,
    0.234430715227,0.302186867834,0.364179671121,0.413965255146,
    0.449971077897,0.481139386345,0.500136751484,0.518985127105,
    0.543983272395,0.636744460352,0.699928726084,0.766741717872,
    0.82810447423,0.868386631656,0.896344990128,0.934252777222,
    0.986758617644,1.),.UNSPECIFIED.);
#4145 = CARTESIAN_POINT('',(1.749999999942,0.));
#4146 = CARTESIAN_POINT('',(1.754691010746,1.616101154983E-03));
#4147 = CARTESIAN_POINT('',(1.758958256113,3.232114249479E-03));
#4148 = CARTESIAN_POINT('',(1.762825116885,4.848050124918E-03));
#4149 = CARTESIAN_POINT('',(1.76631422469,6.463919586447E-03));
#4150 = CARTESIAN_POINT('',(1.769447461943,8.079733402929E-03));
#4151 = CARTESIAN_POINT('',(1.772245961844,9.695502306947E-03));
#4152 = CARTESIAN_POINT('',(1.774730108381,1.13112369948E-02));
#4153 = CARTESIAN_POINT('',(1.785864059267,1.952765188998E-02));
#4154 = CARTESIAN_POINT('',(1.789889104599,2.612782827464E-02));
#4155 = CARTESIAN_POINT('',(1.790333269171,3.27283837298E-02));
#4156 = CARTESIAN_POINT('',(1.788315550203,3.932985665198E-02));
#4157 = CARTESIAN_POINT('',(1.784736517374,4.593251618916E-02));
#4158 = CARTESIAN_POINT('',(1.780290974464,5.253643378712E-02));
#4159 = CARTESIAN_POINT('',(1.77549211053,5.914152747776E-02));
#4160 = CARTESIAN_POINT('',(1.767260638095,7.050576414013E-02));
#4161 = CARTESIAN_POINT('',(1.763821226475,7.526447079056E-02));
#4162 = CARTESIAN_POINT('',(1.760525704858,8.002357551259E-02));
#4163 = CARTESIAN_POINT('',(1.757470778549,8.478296820782E-02));
#4164 = CARTESIAN_POINT('',(1.754719044733,8.954254491651E-02));
#4165 = CARTESIAN_POINT('',(1.752304978129,9.430220070658E-02));
#4166 = CARTESIAN_POINT('',(1.750240916644,9.90618225626E-02));
#4167 = CARTESIAN_POINT('',(1.747303405468,0.107200371602));
#4168 = CARTESIAN_POINT('',(1.746258255876,0.110579398064));
#4169 = CARTESIAN_POINT('',(1.745386086753,0.113958321683));
#4170 = CARTESIAN_POINT('',(1.744681309688,0.117337114129));
#4171 = CARTESIAN_POINT('',(1.744135086609,0.120715755573));
#4172 = CARTESIAN_POINT('',(1.743736157022,0.124094231554));
#4173 = CARTESIAN_POINT('',(1.743471665262,0.127472529835));
#4174 = CARTESIAN_POINT('',(1.742777166266,0.143801403642));
#4175 = CARTESIAN_POINT('',(1.744001383188,0.156753388087));
#4176 = CARTESIAN_POINT('',(1.7462312701,0.169700242551));
#4177 = CARTESIAN_POINT('',(1.748489416312,0.182643082361));
#4178 = CARTESIAN_POINT('',(1.750162715695,0.195585296207));
#4179 = CARTESIAN_POINT('',(1.751107768938,0.208530075737));
#4180 = CARTESIAN_POINT('',(1.75144689972,0.221478553193));
#4181 = CARTESIAN_POINT('',(1.751366401595,0.24289321879));
#4182 = CARTESIAN_POINT('',(1.751168778856,0.251362824144));
#4183 = CARTESIAN_POINT('',(1.750865298839,0.259833060276));
#4184 = CARTESIAN_POINT('',(1.750535343296,0.268303817599));
#4185 = CARTESIAN_POINT('',(1.750251113595,0.276775200973));
#4186 = CARTESIAN_POINT('',(1.750060807422,0.285247239529));
#4187 = CARTESIAN_POINT('',(1.74998160152,0.293719612593));
#4188 = CARTESIAN_POINT('',(1.750021506865,0.309942559938));
#4189 = CARTESIAN_POINT('',(1.75012428173,0.317693940736));
#4190 = CARTESIAN_POINT('',(1.750303402381,0.325444906527));
#4191 = CARTESIAN_POINT('',(1.750530903084,0.3331952559));
#4192 = CARTESIAN_POINT('',(1.750764604977,0.340945042733));
#4193 = CARTESIAN_POINT('',(1.750956892001,0.348694389923));
#4194 = CARTESIAN_POINT('',(1.751065872858,0.356443287724));
#4195 = CARTESIAN_POINT('',(1.751071383317,0.37041376244));
#4196 = CARTESIAN_POINT('',(1.751005376468,0.376635931048));
#4197 = CARTESIAN_POINT('',(1.750858976332,0.382857775336));
#4198 = CARTESIAN_POINT('',(1.750626879273,0.389079353127));
#4199 = CARTESIAN_POINT('',(1.750314498575,0.395300811689));
#4200 = CARTESIAN_POINT('',(1.749939332934,0.401522309456));
#4201 = CARTESIAN_POINT('',(1.749529614998,0.407743935029));
#4202 = CARTESIAN_POINT('',(1.748824172602,0.418465259549));
#4203 = CARTESIAN_POINT('',(1.748528398038,0.422965003074));
#4204 = CARTESIAN_POINT('',(1.748245603625,0.427464857676));
#4205 = CARTESIAN_POINT('',(1.747990948482,0.431964849446));
#4206 = CARTESIAN_POINT('',(1.74778018565,0.436465011871));
#4207 = CARTESIAN_POINT('',(1.747627784269,0.44096537078));
#4208 = CARTESIAN_POINT('',(1.747545051756,0.445465929298));
#4209 = CARTESIAN_POINT('',(1.747532373249,0.453862687572));
#4210 = CARTESIAN_POINT('',(1.747583333209,0.457758873357));
#4211 = CARTESIAN_POINT('',(1.747694766825,0.461655192082));
#4212 = CARTESIAN_POINT('',(1.747867298049,0.465551633115));
#4213 = CARTESIAN_POINT('',(1.748096864813,0.469448187886));
#4214 = CARTESIAN_POINT('',(1.748373040005,0.473344844537));
#4215 = CARTESIAN_POINT('',(1.748677352456,0.477241582558));
#4216 = CARTESIAN_POINT('',(1.749167054363,0.483513492965));
#4217 = CARTESIAN_POINT('',(1.749352450905,0.48588864035));
#4218 = CARTESIAN_POINT('',(1.749531418343,0.488263804022));
#4219 = CARTESIAN_POINT('',(1.749696165267,0.490638979424));
#4220 = CARTESIAN_POINT('',(1.74983734903,0.493014162791));
#4221 = CARTESIAN_POINT('',(1.749943936739,0.49538935092));
#4222 = CARTESIAN_POINT('',(1.75000306623,0.497764540952));
#4223 = CARTESIAN_POINT('',(1.749996772658,0.502496291584));
#4224 = CARTESIAN_POINT('',(1.749933545867,0.504852854048));
#4225 = CARTESIAN_POINT('',(1.749824641782,0.507209414578));
#4226 = CARTESIAN_POINT('',(1.749682519125,0.509565970185));
#4227 = CARTESIAN_POINT('',(1.749517838806,0.511922517628));
#4228 = CARTESIAN_POINT('',(1.749339622486,0.514279053201));
#4229 = CARTESIAN_POINT('',(1.749155411133,0.516635572511));
#4230 = CARTESIAN_POINT('',(1.748727405358,0.522117436303));
#4231 = CARTESIAN_POINT('',(1.748483789954,0.525242768897));
#4232 = CARTESIAN_POINT('',(1.74825505074,0.528368052815));
#4233 = CARTESIAN_POINT('',(1.748051614924,0.531493277503));
#4234 = CARTESIAN_POINT('',(1.74788043882,0.534618435394));
#4235 = CARTESIAN_POINT('',(1.747745583112,0.537743520208));
#4236 = CARTESIAN_POINT('',(1.74764878811,0.540868525257));
#4237 = CARTESIAN_POINT('',(1.747372084513,0.555589140671));
#4238 = CARTESIAN_POINT('',(1.74767761472,0.567185918402));
#4239 = CARTESIAN_POINT('',(1.748507055234,0.578780139737));
#4240 = CARTESIAN_POINT('',(1.749508112769,0.590372098408));
#4241 = CARTESIAN_POINT('',(1.750351446046,0.601963558234));
#4242 = CARTESIAN_POINT('',(1.75087736781,0.613556412634));
#4243 = CARTESIAN_POINT('',(1.751089074037,0.625151294668));
#4244 = CARTESIAN_POINT('',(1.751053454433,0.64464199939));
#4245 = CARTESIAN_POINT('',(1.75093126268,0.652539897221));
#4246 = CARTESIAN_POINT('',(1.750726561856,0.66043825909));
#4247 = CARTESIAN_POINT('',(1.750484879432,0.668337065482));
#4248 = CARTESIAN_POINT('',(1.750256803527,0.67623644437));
#4249 = CARTESIAN_POINT('',(1.750085749661,0.684136450865));
#4250 = CARTESIAN_POINT('',(1.749998710344,0.692036863663));
#4251 = CARTESIAN_POINT('',(1.75000133804,0.70829084439));
#4252 = CARTESIAN_POINT('',(1.750101498756,0.71664520514));
#4253 = CARTESIAN_POINT('',(1.750306999478,0.724999204942));
#4254 = CARTESIAN_POINT('',(1.750597073218,0.733352540632));
#4255 = CARTESIAN_POINT('',(1.750922289484,0.741705241007));
#4256 = CARTESIAN_POINT('',(1.751211952309,0.750057410418));
#4257 = CARTESIAN_POINT('',(1.75139026302,0.758408956465));
#4258 = CARTESIAN_POINT('',(1.751411336361,0.774428471947));
#4259 = CARTESIAN_POINT('',(1.7512799505,0.782097301076));
#4260 = CARTESIAN_POINT('',(1.75096397885,0.789765414015));
#4261 = CARTESIAN_POINT('',(1.750430361439,0.797432903931));
#4262 = CARTESIAN_POINT('',(1.749673813535,0.805100133329));
#4263 = CARTESIAN_POINT('',(1.748727685958,0.812767518401));
#4264 = CARTESIAN_POINT('',(1.747667961804,0.8204352967));
#4265 = CARTESIAN_POINT('',(1.745916136324,0.833136996509));
#4266 = CARTESIAN_POINT('',(1.745222993926,0.838170964348));
#4267 = CARTESIAN_POINT('',(1.744562511794,0.843205199107));
#4268 = CARTESIAN_POINT('',(1.74397477536,0.848239758));
#4269 = CARTESIAN_POINT('',(1.743505661589,0.853274709433));
#4270 = CARTESIAN_POINT('',(1.743204094523,0.858310104447));
#4271 = CARTESIAN_POINT('',(1.743119300825,0.863345948157));
#4272 = CARTESIAN_POINT('',(1.743422139145,0.8718776277));
#4273 = CARTESIAN_POINT('',(1.743673062651,0.875373290151));
#4274 = CARTESIAN_POINT('',(1.744066057425,0.878869144288));
#4275 = CARTESIAN_POINT('',(1.744615561689,0.882365177161));
#4276 = CARTESIAN_POINT('',(1.745334253326,0.885861373398));
#4277 = CARTESIAN_POINT('',(1.746232072922,0.889357711472));
#4278 = CARTESIAN_POINT('',(1.747315246797,0.892854159973));
#4279 = CARTESIAN_POINT('',(1.750307345591,0.901091478122));
#4280 = CARTESIAN_POINT('',(1.752372965194,0.905832440467));
#4281 = CARTESIAN_POINT('',(1.754785571226,0.910573434122));
#4282 = CARTESIAN_POINT('',(1.757532563831,0.915314347245));
#4283 = CARTESIAN_POINT('',(1.760579470158,0.920055075998));
#4284 = CARTESIAN_POINT('',(1.763864073584,0.924795517607));
#4285 = CARTESIAN_POINT('',(1.767290542948,0.929535563423));
#4286 = CARTESIAN_POINT('',(1.775478614838,0.940839783536));
#4287 = CARTESIAN_POINT('',(1.780246451822,0.947403531351));
#4288 = CARTESIAN_POINT('',(1.784666424026,0.953966118861));
#4289 = CARTESIAN_POINT('',(1.788235422796,0.960527463829));
#4290 = CARTESIAN_POINT('',(1.790273422041,0.967087634672));
#4291 = CARTESIAN_POINT('',(1.78990003286,0.973646893156));
#4292 = CARTESIAN_POINT('',(1.786022070261,0.980205763453));
#4293 = CARTESIAN_POINT('',(1.775140627301,0.988419325417));
#4294 = CARTESIAN_POINT('',(1.772643126529,0.990073546352));
#4295 = CARTESIAN_POINT('',(1.769818655928,0.99172780181));
#4296 = CARTESIAN_POINT('',(1.766645417829,0.993382103266));
#4297 = CARTESIAN_POINT('',(1.763100790641,0.995036462237));
#4298 = CARTESIAN_POINT('',(1.759161328847,0.996690890278));
#4299 = CARTESIAN_POINT('',(1.754802763009,0.998345398987));
#4300 = CARTESIAN_POINT('',(1.749999999764,1.));
#4301 = ( GEOMETRIC_REPRESENTATION_CONTEXT(2) 
PARAMETRIC_REPRESENTATION_CONTEXT() REPRESENTATION_CONTEXT('2D SPACE',''
  ) );
#4302 = PCURVE('',#1643,#4303);
#4303 = DEFINITIONAL_REPRESENTATION('',(#4304),#4461);
#4304 = B_SPLINE_CURVE_WITH_KNOTS('',8,(#4305,#4306,#4307,#4308,#4309,
    #4310,#4311,#4312,#4313,#4314,#4315,#4316,#4317,#4318,#4319,#4320,
    #4321,#4322,#4323,#4324,#4325,#4326,#4327,#4328,#4329,#4330,#4331,
    #4332,#4333,#4334,#4335,#4336,#4337,#4338,#4339,#4340,#4341,#4342,
    #4343,#4344,#4345,#4346,#4347,#4348,#4349,#4350,#4351,#4352,#4353,
    #4354,#4355,#4356,#4357,#4358,#4359,#4360,#4361,#4362,#4363,#4364,
    #4365,#4366,#4367,#4368,#4369,#4370,#4371,#4372,#4373,#4374,#4375,
    #4376,#4377,#4378,#4379,#4380,#4381,#4382,#4383,#4384,#4385,#4386,
    #4387,#4388,#4389,#4390,#4391,#4392,#4393,#4394,#4395,#4396,#4397,
    #4398,#4399,#4400,#4401,#4402,#4403,#4404,#4405,#4406,#4407,#4408,
    #4409,#4410,#4411,#4412,#4413,#4414,#4415,#4416,#4417,#4418,#4419,
    #4420,#4421,#4422,#4423,#4424,#4425,#4426,#4427,#4428,#4429,#4430,
    #4431,#4432,#4433,#4434,#4435,#4436,#4437,#4438,#4439,#4440,#4441,
    #4442,#4443,#4444,#4445,#4446,#4447,#4448,#4449,#4450,#4451,#4452,
    #4453,#4454,#4455,#4456,#4457,#4458,#4459,#4460),.UNSPECIFIED.,.F.,
  .F.,(9,7,7,7,7,7,7,7,7,7,7,7,7,7,7,7,7,7,7,7,7,7,9),(0.,
    1.293322003851E-02,6.576961666128E-02,0.103826444505,0.130845776233,
    0.234430715227,0.302186867834,0.364179671121,0.413965255146,
    0.449971077897,0.481139386345,0.500136751484,0.518985127105,
    0.543983272395,0.636744460352,0.699928726084,0.766741717872,
    0.82810447423,0.868386631656,0.896344990128,0.934252777222,
    0.986758617644,1.),.UNSPECIFIED.);
#4305 = CARTESIAN_POINT('',(0.,0.82368612792));
#4306 = CARTESIAN_POINT('',(1.015193369994E-02,0.825302229075));
#4307 = CARTESIAN_POINT('',(2.030490205823E-02,0.82691824217));
#4308 = CARTESIAN_POINT('',(3.045874411135E-02,0.828534178045));
#4309 = CARTESIAN_POINT('',(4.061331708943E-02,0.830150047507));
#4310 = CARTESIAN_POINT('',(5.076849641619E-02,0.831765861324));
#4311 = CARTESIAN_POINT('',(6.092417570899E-02,0.833381630228));
#4312 = CARTESIAN_POINT('',(7.108026677881E-02,0.834997364916));
#4313 = CARTESIAN_POINT('',(0.122729020399,0.843213779813));
#4314 = CARTESIAN_POINT('',(0.164226179312,0.849813956201));
#4315 = CARTESIAN_POINT('',(0.205724358536,0.856414511659));
#4316 = CARTESIAN_POINT('',(0.247221853986,0.863015984586));
#4317 = CARTESIAN_POINT('',(0.288718319573,0.869618644128));
#4318 = CARTESIAN_POINT('',(0.330214113564,0.876222561732));
#4319 = CARTESIAN_POINT('',(0.371709747055,0.88282765543));
#4320 = CARTESIAN_POINT('',(0.443093813342,0.894191892106));
#4321 = CARTESIAN_POINT('',(0.472982367294,0.898950598763));
#4322 = CARTESIAN_POINT('',(0.502870935166,0.903709703492));
#4323 = CARTESIAN_POINT('',(0.532759548422,0.908469096194));
#4324 = CARTESIAN_POINT('',(0.562648322718,0.91322867291));
#4325 = CARTESIAN_POINT('',(0.592537349378,0.917988328708));
#4326 = CARTESIAN_POINT('',(0.622426586869,0.922747950573));
#4327 = CARTESIAN_POINT('',(0.673536261736,0.930886499627));
#4328 = CARTESIAN_POINT('',(0.694756856048,0.934265526095));
#4329 = CARTESIAN_POINT('',(0.715977479969,0.937644449721));
#4330 = CARTESIAN_POINT('',(0.737198120211,0.941023242174));
#4331 = CARTESIAN_POINT('',(0.758418784959,0.944401883626));
#4332 = CARTESIAN_POINT('',(0.77963948337,0.947780359613));
#4333 = CARTESIAN_POINT('',(0.800860205082,0.951158657901));
#4334 = CARTESIAN_POINT('',(0.903435404787,0.967487531745));
#4335 = CARTESIAN_POINT('',(0.984814790262,0.980439516222));
#4336 = CARTESIAN_POINT('',(1.066181099115,0.99338637072));
#4337 = CARTESIAN_POINT('',(1.147536340907,1.006329210566));
#4338 = CARTESIAN_POINT('',(1.228891632972,1.019271424449));
#4339 = CARTESIAN_POINT('',(1.310258065381,1.032216204018));
#4340 = CARTESIAN_POINT('',(1.391637555431,1.045164681514));
#4341 = CARTESIAN_POINT('',(1.526206916727,1.066579347176));
#4342 = CARTESIAN_POINT('',(1.579424843571,1.075048952557));
#4343 = CARTESIAN_POINT('',(1.632641427063,1.083519188715));
#4344 = CARTESIAN_POINT('',(1.685856334193,1.091989946064));
#4345 = CARTESIAN_POINT('',(1.739071241038,1.100461329464));
#4346 = CARTESIAN_POINT('',(1.792287823008,1.108933368046));
#4347 = CARTESIAN_POINT('',(1.845505745185,1.117405741136));
#4348 = CARTESIAN_POINT('',(1.947409091707,1.133628688528));
#4349 = CARTESIAN_POINT('',(1.996099470013,1.141380069348));
#4350 = CARTESIAN_POINT('',(2.044788985191,1.149131035161));
#4351 = CARTESIAN_POINT('',(2.093477422537,1.156881384554));
#4352 = CARTESIAN_POINT('',(2.142165861229,1.164631171408));
#4353 = CARTESIAN_POINT('',(2.190855380358,1.172380518618));
#4354 = CARTESIAN_POINT('',(2.23954576493,1.180129416438));
#4355 = CARTESIAN_POINT('',(2.327335246722,1.194099891186));
#4356 = CARTESIAN_POINT('',(2.366436945643,1.200322059808));
#4357 = CARTESIAN_POINT('',(2.405538357681,1.206543904109));
#4358 = CARTESIAN_POINT('',(2.444639405197,1.212765481913));
#4359 = CARTESIAN_POINT('',(2.483740448839,1.218986940487));
#4360 = CARTESIAN_POINT('',(2.522841851758,1.225208438265));
#4361 = CARTESIAN_POINT('',(2.561943543022,1.231430063848));
#4362 = CARTESIAN_POINT('',(2.629323148083,1.242151388385));
#4363 = CARTESIAN_POINT('',(2.657601843162,1.246651131917));
#4364 = CARTESIAN_POINT('',(2.685880482072,1.251150986525));
#4365 = CARTESIAN_POINT('',(2.714159051325,1.255650978301));
#4366 = CARTESIAN_POINT('',(2.742437622188,1.260151140731));
#4367 = CARTESIAN_POINT('',(2.770716265525,1.264651499646));
#4368 = CARTESIAN_POINT('',(2.798994966636,1.269152058168));
#4369 = CARTESIAN_POINT('',(2.851752783531,1.27754881645));
#4370 = CARTESIAN_POINT('',(2.876232103631,1.281445002238));
#4371 = CARTESIAN_POINT('',(2.900711401063,1.285341320966));
#4372 = CARTESIAN_POINT('',(2.925190662804,1.289237762001));
#4373 = CARTESIAN_POINT('',(2.949669920324,1.293134316775));
#4374 = CARTESIAN_POINT('',(2.97414920776,1.297030973428));
#4375 = CARTESIAN_POINT('',(2.998628520097,1.30092771145));
#4376 = CARTESIAN_POINT('',(3.03802809578,1.30719962186));
#4377 = CARTESIAN_POINT('',(3.052948425048,1.309574769246));
#4378 = CARTESIAN_POINT('',(3.067868752471,1.311949932918));
#4379 = CARTESIAN_POINT('',(3.082789078127,1.314325108321));
#4380 = CARTESIAN_POINT('',(3.097709405304,1.316700291688));
#4381 = CARTESIAN_POINT('',(3.112629736957,1.319075479817));
#4382 = CARTESIAN_POINT('',(3.127550072167,1.321450669849));
#4383 = CARTESIAN_POINT('',(3.157273718231,1.326182420481));
#4384 = CARTESIAN_POINT('',(3.172077040604,1.328538982944));
#4385 = CARTESIAN_POINT('',(3.18688036042,1.330895543474));
#4386 = CARTESIAN_POINT('',(3.201683675942,1.33325209908));
#4387 = CARTESIAN_POINT('',(3.21648698958,1.335608646524));
#4388 = CARTESIAN_POINT('',(3.231290304477,1.337965182096));
#4389 = CARTESIAN_POINT('',(3.246093621105,1.340321701404));
#4390 = CARTESIAN_POINT('',(3.280530209952,1.345803565194));
#4391 = CARTESIAN_POINT('',(3.300163507121,1.348928897788));
#4392 = CARTESIAN_POINT('',(3.319796796126,1.352054181703));
#4393 = CARTESIAN_POINT('',(3.339430075217,1.35517940639));
#4394 = CARTESIAN_POINT('',(3.359063356219,1.358304564279));
#4395 = CARTESIAN_POINT('',(3.378696650618,1.361429649091));
#4396 = CARTESIAN_POINT('',(3.398329955657,1.364554654137));
#4397 = CARTESIAN_POINT('',(3.49081691805,1.379275269538));
#4398 = CARTESIAN_POINT('',(3.563684755325,1.390872047257));
#4399 = CARTESIAN_POINT('',(3.63654524959,1.402466268576));
#4400 = CARTESIAN_POINT('',(3.709398996873,1.414058227229));
#4401 = CARTESIAN_POINT('',(3.782252841434,1.425649687035));
#4402 = CARTESIAN_POINT('',(3.855113594218,1.437242541412));
#4403 = CARTESIAN_POINT('',(3.9279816722,1.44883742342));
#4404 = CARTESIAN_POINT('',(4.050459048407,1.468328128097));
#4405 = CARTESIAN_POINT('',(4.100085225744,1.476226025909));
#4406 = CARTESIAN_POINT('',(4.14971045617,1.484124387758));
#4407 = CARTESIAN_POINT('',(4.199334499296,1.492023194129));
#4408 = CARTESIAN_POINT('',(4.248958538992,1.499922572996));
#4409 = CARTESIAN_POINT('',(4.298583761325,1.507822579469));
#4410 = CARTESIAN_POINT('',(4.348209932257,1.515722992244));
#4411 = CARTESIAN_POINT('',(4.45030796887,1.531976972924));
#4412 = CARTESIAN_POINT('',(4.502784774766,1.54033133365));
#4413 = CARTESIAN_POINT('',(4.555260330364,1.548685333427));
#4414 = CARTESIAN_POINT('',(4.607734323141,1.557038669092));
#4415 = CARTESIAN_POINT('',(4.660208316338,1.565391369441));
#4416 = CARTESIAN_POINT('',(4.712683874183,1.573743538827));
#4417 = CARTESIAN_POINT('',(4.765160686474,1.582095084848));
#4418 = CARTESIAN_POINT('',(4.86582815852,1.598114600282));
#4419 = CARTESIAN_POINT('',(4.914023480732,1.605783429388));
#4420 = CARTESIAN_POINT('',(4.962217983715,1.613451542304));
#4421 = CARTESIAN_POINT('',(5.010411452106,1.621119032197));
#4422 = CARTESIAN_POINT('',(5.058604905347,1.628786261572));
#4423 = CARTESIAN_POINT('',(5.106799368619,1.636453646623));
#4424 = CARTESIAN_POINT('',(5.154994639979,1.644121424901));
#4425 = CARTESIAN_POINT('',(5.234825072536,1.656823124675));
#4426 = CARTESIAN_POINT('',(5.266462309042,1.661857092501));
#4427 = CARTESIAN_POINT('',(5.298099451629,1.666891327247));
#4428 = CARTESIAN_POINT('',(5.329736481259,1.671925886128));
#4429 = CARTESIAN_POINT('',(5.361373522983,1.676960837549));
#4430 = CARTESIAN_POINT('',(5.393010697468,1.68199623255));
#4431 = CARTESIAN_POINT('',(5.424647972525,1.687032076249));
#4432 = CARTESIAN_POINT('',(5.478243117705,1.695563755772));
#4433 = CARTESIAN_POINT('',(5.500201254197,1.699059418215));
#4434 = CARTESIAN_POINT('',(5.522159365083,1.702555272345));
#4435 = CARTESIAN_POINT('',(5.544117438771,1.706051305211));
#4436 = CARTESIAN_POINT('',(5.566075486825,1.70954750144));
#4437 = CARTESIAN_POINT('',(5.588033519685,1.713043839507));
#4438 = CARTESIAN_POINT('',(5.609991522382,1.716540288002));
#4439 = CARTESIAN_POINT('',(5.661721410526,1.724777606135));
#4440 = CARTESIAN_POINT('',(5.6914934594,1.729518568472));
#4441 = CARTESIAN_POINT('',(5.721265299455,1.734259562119));
#4442 = CARTESIAN_POINT('',(5.751036890142,1.739000475234));
#4443 = CARTESIAN_POINT('',(5.780808321361,1.743741203979));
#4444 = CARTESIAN_POINT('',(5.810579707038,1.748481645582));
#4445 = CARTESIAN_POINT('',(5.840351078701,1.753221691391));
#4446 = CARTESIAN_POINT('',(5.91135818372,1.76452591149));
#4447 = CARTESIAN_POINT('',(5.952594051916,1.771089659297));
#4448 = CARTESIAN_POINT('',(5.993830078603,1.777652246801));
#4449 = CARTESIAN_POINT('',(6.035066755393,1.784213591764));
#4450 = CARTESIAN_POINT('',(6.07630443353,1.790773762602));
#4451 = CARTESIAN_POINT('',(6.117542789317,1.797333021082));
#4452 = CARTESIAN_POINT('',(6.158780191962,1.803891891377));
#4453 = CARTESIAN_POINT('',(6.210411417657,1.812105453339));
#4454 = CARTESIAN_POINT('',(6.220809513777,1.813759674274));
#4455 = CARTESIAN_POINT('',(6.231207189228,1.815413929731));
#4456 = CARTESIAN_POINT('',(6.241604351096,1.817068231187));
#4457 = CARTESIAN_POINT('',(6.252000886545,1.818722590158));
#4458 = CARTESIAN_POINT('',(6.262396662817,1.820377018199));
#4459 = CARTESIAN_POINT('',(6.272791527229,1.822031526907));
#4460 = CARTESIAN_POINT('',(6.28318530718,1.82368612792));
#4461 = ( GEOMETRIC_REPRESENTATION_CONTEXT(2) 
PARAMETRIC_REPRESENTATION_CONTEXT() REPRESENTATION_CONTEXT('2D SPACE',''
  ) );
#4462 = ORIENTED_EDGE('',*,*,#4463,.T.);
#4463 = EDGE_CURVE('',#1320,#4464,#4466,.T.);
#4464 = VERTEX_POINT('',#4465);
#4465 = CARTESIAN_POINT('',(13.750000000006,6.0000981577E-15,
    1.023686127919));
#4466 = SURFACE_CURVE('',#4467,(#4470,#4476),.PCURVE_S1.);
#4467 = B_SPLINE_CURVE_WITH_KNOTS('',1,(#4468,#4469),.UNSPECIFIED.,.F.,
  .F.,(2,2),(1.,2.),.PIECEWISE_BEZIER_KNOTS.);
#4468 = CARTESIAN_POINT('',(13.55,-1.91203607252E-14,1.023686127919));
#4469 = CARTESIAN_POINT('',(13.75,7.004474440531E-15,1.023686127919));
#4470 = PCURVE('',#3877,#4471);
#4471 = DEFINITIONAL_REPRESENTATION('',(#4472),#4475);
#4472 = B_SPLINE_CURVE_WITH_KNOTS('',1,(#4473,#4474),.UNSPECIFIED.,.F.,
  .F.,(2,2),(1.749999999942,2.),.PIECEWISE_BEZIER_KNOTS.);
#4473 = CARTESIAN_POINT('',(1.749999999942,0.));
#4474 = CARTESIAN_POINT('',(2.,0.));
#4475 = ( GEOMETRIC_REPRESENTATION_CONTEXT(2) 
PARAMETRIC_REPRESENTATION_CONTEXT() REPRESENTATION_CONTEXT('2D SPACE',''
  ) );
#4476 = PCURVE('',#1253,#4477);
#4477 = DEFINITIONAL_REPRESENTATION('',(#4478),#4482);
#4478 = LINE('',#4479,#4480);
#4479 = CARTESIAN_POINT('',(0.,1.));
#4480 = VECTOR('',#4481,1.);
#4481 = DIRECTION('',(1.,0.));
#4482 = ( GEOMETRIC_REPRESENTATION_CONTEXT(2) 
PARAMETRIC_REPRESENTATION_CONTEXT() REPRESENTATION_CONTEXT('2D SPACE',''
  ) );
#4483 = ORIENTED_EDGE('',*,*,#4484,.T.);
#4484 = EDGE_CURVE('',#4464,#3864,#4485,.T.);
#4485 = SURFACE_CURVE('',#4486,(#4498,#4505),.PCURVE_S1.);
#4486 = ( BOUNDED_CURVE() B_SPLINE_CURVE(6,(#4487,#4488,#4489,#4490,
    #4491,#4492,#4493,#4494,#4495,#4496,#4497),.UNSPECIFIED.,.F.,.F.) 
B_SPLINE_CURVE_WITH_KNOTS((7,4,7),(0.,0.5,1.),.UNSPECIFIED.) CURVE() 
GEOMETRIC_REPRESENTATION_ITEM() RATIONAL_B_SPLINE_CURVE((1.,1.,1.,1.,1.,
1.,1.,1.,1.,1.,1.)) REPRESENTATION_ITEM('') );
#4487 = CARTESIAN_POINT('',(13.750000000012,4.995721874869E-15,
    1.023686127919));
#4488 = CARTESIAN_POINT('',(13.701445579749,7.197831642732,
    1.107019461254));
#4489 = CARTESIAN_POINT('',(9.369136897338,14.395663285456,
    1.190352794732));
#4490 = CARTESIAN_POINT('',(-8.163211905472E-02,18.087075014376,
    1.273686128415));
#4491 = CARTESIAN_POINT('',(-9.2445138853,14.395663285451,1.357019462075
    ));
#4492 = CARTESIAN_POINT('',(-18.25548611465,-1.234491016402E-11,
    1.523686129059));
#4493 = CARTESIAN_POINT('',(-9.244513885276,-14.39566328547,
    1.690352795401));
#4494 = CARTESIAN_POINT('',(-8.163211902168E-02,-18.08707501438,
    1.773686128408));
#4495 = CARTESIAN_POINT('',(9.369136897372,-14.39566328546,
    1.857019461417));
#4496 = CARTESIAN_POINT('',(13.701445579785,-7.197831642731,
    1.940352794587));
#4497 = CARTESIAN_POINT('',(13.750000000047,4.017972084747E-15,
    2.023686127919));
#4498 = PCURVE('',#3877,#4499);
#4499 = DEFINITIONAL_REPRESENTATION('',(#4500),#4504);
#4500 = LINE('',#4501,#4502);
#4501 = CARTESIAN_POINT('',(2.,0.));
#4502 = VECTOR('',#4503,1.);
#4503 = DIRECTION('',(0.,1.));
#4504 = ( GEOMETRIC_REPRESENTATION_CONTEXT(2) 
PARAMETRIC_REPRESENTATION_CONTEXT() REPRESENTATION_CONTEXT('2D SPACE',''
  ) );
#4505 = PCURVE('',#4506,#4529);
#4506 = ( BOUNDED_SURFACE() B_SPLINE_SURFACE(1,6,(
    (#4507,#4508,#4509,#4510,#4511,#4512,#4513,#4514,#4515,#4516,#4517)
    ,(#4518,#4519,#4520,#4521,#4522,#4523,#4524,#4525,#4526,#4527,#4528
)),.UNSPECIFIED.,.F.,.F.,.F.) B_SPLINE_SURFACE_WITH_KNOTS((2,2),(7,4,7),
(2.,3.),(0.,0.5,1.),.UNSPECIFIED.) GEOMETRIC_REPRESENTATION_ITEM() 
RATIONAL_B_SPLINE_SURFACE((
    (1.,1.,1.,1.,1.,1.,1.,1.,1.,1.,1.)
,(1.,1.,1.,1.,1.,1.,1.,1.,1.,1.,1.
  ))) REPRESENTATION_ITEM('') SURFACE() );
#4507 = CARTESIAN_POINT('',(13.750000000012,4.995721874869E-15,
    1.023686127919));
#4508 = CARTESIAN_POINT('',(13.701445579749,7.197831642732,
    1.107019461254));
#4509 = CARTESIAN_POINT('',(9.369136897338,14.395663285456,
    1.190352794732));
#4510 = CARTESIAN_POINT('',(-8.163211905472E-02,18.087075014376,
    1.273686128415));
#4511 = CARTESIAN_POINT('',(-9.2445138853,14.395663285451,1.357019462075
    ));
#4512 = CARTESIAN_POINT('',(-18.25548611465,-1.234491016402E-11,
    1.523686129059));
#4513 = CARTESIAN_POINT('',(-9.244513885276,-14.39566328547,
    1.690352795401));
#4514 = CARTESIAN_POINT('',(-8.163211902168E-02,-18.08707501438,
    1.773686128408));
#4515 = CARTESIAN_POINT('',(9.369136897372,-14.39566328546,
    1.857019461417));
#4516 = CARTESIAN_POINT('',(13.701445579785,-7.197831642731,
    1.940352794587));
#4517 = CARTESIAN_POINT('',(13.750000000047,4.017972084747E-15,
    2.023686127919));
#4518 = CARTESIAN_POINT('',(14.300000000006,3.046566146641E-13,
    0.876314072062));
#4519 = CARTESIAN_POINT('',(14.249503403071,7.485744908481,
    0.959647405397));
#4520 = CARTESIAN_POINT('',(9.743902372892,14.971489816957,
    1.042980738882));
#4521 = CARTESIAN_POINT('',(-8.489740359082E-02,18.81055801481,
    1.126314072578));
#4522 = CARTESIAN_POINT('',(-9.614294440739,14.97148981695,
    1.209647406251));
#4523 = CARTESIAN_POINT('',(-18.98570555922,-1.289799144495E-11,
    1.376314073248));
#4524 = CARTESIAN_POINT('',(-9.614294440715,-14.97148981697,
    1.542980739577));
#4525 = CARTESIAN_POINT('',(-8.489740355713E-02,-18.81055801482,
    1.626314072571));
#4526 = CARTESIAN_POINT('',(9.743902372927,-14.97148981696,
    1.709647405566));
#4527 = CARTESIAN_POINT('',(14.249503403107,-7.48574490848,1.79298073873
    ));
#4528 = CARTESIAN_POINT('',(14.300000000042,2.976282570609E-13,
    1.876314072062));
#4529 = DEFINITIONAL_REPRESENTATION('',(#4530),#4534);
#4530 = LINE('',#4531,#4532);
#4531 = CARTESIAN_POINT('',(2.,0.));
#4532 = VECTOR('',#4533,1.);
#4533 = DIRECTION('',(0.,1.));
#4534 = ( GEOMETRIC_REPRESENTATION_CONTEXT(2) 
PARAMETRIC_REPRESENTATION_CONTEXT() REPRESENTATION_CONTEXT('2D SPACE',''
  ) );
#4535 = ORIENTED_EDGE('',*,*,#3863,.F.);
#4536 = ADVANCED_FACE('',(#4537),#4506,.T.);
#4537 = FACE_BOUND('',#4538,.T.);
#4538 = EDGE_LOOP('',(#4539,#4560,#4614,#4633));
#4539 = ORIENTED_EDGE('',*,*,#4540,.T.);
#4540 = EDGE_CURVE('',#4464,#4541,#4543,.T.);
#4541 = VERTEX_POINT('',#4542);
#4542 = CARTESIAN_POINT('',(14.300000000003,1.917521929052E-13,
    0.876314072072));
#4543 = SURFACE_CURVE('',#4544,(#4547,#4553),.PCURVE_S1.);
#4544 = B_SPLINE_CURVE_WITH_KNOTS('',1,(#4545,#4546),.UNSPECIFIED.,.F.,
  .F.,(2,2),(2.,3.),.PIECEWISE_BEZIER_KNOTS.);
#4545 = CARTESIAN_POINT('',(13.75,7.004474440531E-15,1.023686127919));
#4546 = CARTESIAN_POINT('',(14.3,7.88477711463E-14,0.876314072081));
#4547 = PCURVE('',#4506,#4548);
#4548 = DEFINITIONAL_REPRESENTATION('',(#4549),#4552);
#4549 = B_SPLINE_CURVE_WITH_KNOTS('',1,(#4550,#4551),.UNSPECIFIED.,.F.,
  .F.,(2,2),(2.,3.),.PIECEWISE_BEZIER_KNOTS.);
#4550 = CARTESIAN_POINT('',(2.,0.));
#4551 = CARTESIAN_POINT('',(3.,0.));
#4552 = ( GEOMETRIC_REPRESENTATION_CONTEXT(2) 
PARAMETRIC_REPRESENTATION_CONTEXT() REPRESENTATION_CONTEXT('2D SPACE',''
  ) );
#4553 = PCURVE('',#1196,#4554);
#4554 = DEFINITIONAL_REPRESENTATION('',(#4555),#4559);
#4555 = LINE('',#4556,#4557);
#4556 = CARTESIAN_POINT('',(0.,1.));
#4557 = VECTOR('',#4558,1.);
#4558 = DIRECTION('',(1.,0.));
#4559 = ( GEOMETRIC_REPRESENTATION_CONTEXT(2) 
PARAMETRIC_REPRESENTATION_CONTEXT() REPRESENTATION_CONTEXT('2D SPACE',''
  ) );
#4560 = ORIENTED_EDGE('',*,*,#4561,.T.);
#4561 = EDGE_CURVE('',#4541,#4562,#4564,.T.);
#4562 = VERTEX_POINT('',#4563);
#4563 = CARTESIAN_POINT('',(14.300000000018,-5.805049436573E-13,
    1.876314072138));
#4564 = SURFACE_CURVE('',#4565,(#4577,#4584),.PCURVE_S1.);
#4565 = ( BOUNDED_CURVE() B_SPLINE_CURVE(6,(#4566,#4567,#4568,#4569,
    #4570,#4571,#4572,#4573,#4574,#4575,#4576),.UNSPECIFIED.,.F.,.F.) 
B_SPLINE_CURVE_WITH_KNOTS((7,4,7),(0.,0.5,1.),.UNSPECIFIED.) CURVE() 
GEOMETRIC_REPRESENTATION_ITEM() RATIONAL_B_SPLINE_CURVE((1.,1.,1.,1.,1.,
1.,1.,1.,1.,1.,1.)) REPRESENTATION_ITEM('') );
#4566 = CARTESIAN_POINT('',(14.300000000006,3.046566146641E-13,
    0.876314072062));
#4567 = CARTESIAN_POINT('',(14.249503403071,7.485744908481,
    0.959647405397));
#4568 = CARTESIAN_POINT('',(9.743902372892,14.971489816957,
    1.042980738882));
#4569 = CARTESIAN_POINT('',(-8.489740359082E-02,18.81055801481,
    1.126314072578));
#4570 = CARTESIAN_POINT('',(-9.614294440739,14.97148981695,
    1.209647406251));
#4571 = CARTESIAN_POINT('',(-18.98570555922,-1.289799144495E-11,
    1.376314073248));
#4572 = CARTESIAN_POINT('',(-9.614294440715,-14.97148981697,
    1.542980739577));
#4573 = CARTESIAN_POINT('',(-8.489740355713E-02,-18.81055801482,
    1.626314072571));
#4574 = CARTESIAN_POINT('',(9.743902372927,-14.97148981696,
    1.709647405566));
#4575 = CARTESIAN_POINT('',(14.249503403107,-7.48574490848,1.79298073873
    ));
#4576 = CARTESIAN_POINT('',(14.300000000042,2.976282570609E-13,
    1.876314072062));
#4577 = PCURVE('',#4506,#4578);
#4578 = DEFINITIONAL_REPRESENTATION('',(#4579),#4583);
#4579 = LINE('',#4580,#4581);
#4580 = CARTESIAN_POINT('',(3.,0.));
#4581 = VECTOR('',#4582,1.);
#4582 = DIRECTION('',(0.,1.));
#4583 = ( GEOMETRIC_REPRESENTATION_CONTEXT(2) 
PARAMETRIC_REPRESENTATION_CONTEXT() REPRESENTATION_CONTEXT('2D SPACE',''
  ) );
#4584 = PCURVE('',#4585,#4608);
#4585 = ( BOUNDED_SURFACE() B_SPLINE_SURFACE(1,6,(
    (#4586,#4587,#4588,#4589,#4590,#4591,#4592,#4593,#4594,#4595,#4596)
    ,(#4597,#4598,#4599,#4600,#4601,#4602,#4603,#4604,#4605,#4606,#4607
)),.UNSPECIFIED.,.F.,.F.,.F.) B_SPLINE_SURFACE_WITH_KNOTS((2,2),(7,4,7),
(3.,4.),(0.,0.5,1.),.UNSPECIFIED.) GEOMETRIC_REPRESENTATION_ITEM() 
RATIONAL_B_SPLINE_SURFACE((
    (1.,1.,1.,1.,1.,1.,1.,1.,1.,1.,1.)
,(1.,1.,1.,1.,1.,1.,1.,1.,1.,1.,1.
  ))) REPRESENTATION_ITEM('') SURFACE() );
#4586 = CARTESIAN_POINT('',(14.300000000006,3.046566146641E-13,
    0.876314072062));
#4587 = CARTESIAN_POINT('',(14.249503403071,7.485744908481,
    0.959647405397));
#4588 = CARTESIAN_POINT('',(9.743902372892,14.971489816957,
    1.042980738882));
#4589 = CARTESIAN_POINT('',(-8.489740359082E-02,18.81055801481,
    1.126314072578));
#4590 = CARTESIAN_POINT('',(-9.614294440739,14.97148981695,
    1.209647406251));
#4591 = CARTESIAN_POINT('',(-18.98570555922,-1.289799144495E-11,
    1.376314073248));
#4592 = CARTESIAN_POINT('',(-9.614294440715,-14.97148981697,
    1.542980739577));
#4593 = CARTESIAN_POINT('',(-8.489740355713E-02,-18.81055801482,
    1.626314072571));
#4594 = CARTESIAN_POINT('',(9.743902372927,-14.97148981696,
    1.709647405566));
#4595 = CARTESIAN_POINT('',(14.249503403107,-7.48574490848,1.79298073873
    ));
#4596 = CARTESIAN_POINT('',(14.300000000042,2.976282570609E-13,
    1.876314072062));
#4597 = CARTESIAN_POINT('',(14.299999999994,3.068449769241E-13,
    0.523686127899));
#4598 = CARTESIAN_POINT('',(14.249503403059,7.485744908481,
    0.607019461234));
#4599 = CARTESIAN_POINT('',(9.743902372879,14.971489816957,
    0.690352794719));
#4600 = CARTESIAN_POINT('',(-8.489740360339E-02,18.81055801481,
    0.773686128415));
#4601 = CARTESIAN_POINT('',(-9.614294440751,14.97148981695,
    0.857019462088));
#4602 = CARTESIAN_POINT('',(-18.98570555923,-1.289580308269E-11,
    1.023686129085));
#4603 = CARTESIAN_POINT('',(-9.614294440728,-14.97148981697,
    1.190352795414));
#4604 = CARTESIAN_POINT('',(-8.48974035697E-02,-18.81055801482,
    1.273686128408));
#4605 = CARTESIAN_POINT('',(9.743902372914,-14.97148981696,
    1.357019461404));
#4606 = CARTESIAN_POINT('',(14.249503403095,-7.48574490848,
    1.440352794567));
#4607 = CARTESIAN_POINT('',(14.300000000029,2.998166193208E-13,
    1.523686127899));
#4608 = DEFINITIONAL_REPRESENTATION('',(#4609),#4613);
#4609 = LINE('',#4610,#4611);
#4610 = CARTESIAN_POINT('',(3.,0.));
#4611 = VECTOR('',#4612,1.);
#4612 = DIRECTION('',(0.,1.));
#4613 = ( GEOMETRIC_REPRESENTATION_CONTEXT(2) 
PARAMETRIC_REPRESENTATION_CONTEXT() REPRESENTATION_CONTEXT('2D SPACE',''
  ) );
#4614 = ORIENTED_EDGE('',*,*,#4615,.F.);
#4615 = EDGE_CURVE('',#3864,#4562,#4616,.T.);
#4616 = SURFACE_CURVE('',#4617,(#4620,#4627),.PCURVE_S1.);
#4617 = B_SPLINE_CURVE_WITH_KNOTS('',1,(#4618,#4619),.UNSPECIFIED.,.F.,
  .F.,(2,2),(2.,3.),.PIECEWISE_BEZIER_KNOTS.);
#4618 = CARTESIAN_POINT('',(13.750000000047,4.017972084747E-15,
    2.023686127919));
#4619 = CARTESIAN_POINT('',(14.300000000042,2.976282570609E-13,
    1.876314072062));
#4620 = PCURVE('',#4506,#4621);
#4621 = DEFINITIONAL_REPRESENTATION('',(#4622),#4626);
#4622 = LINE('',#4623,#4624);
#4623 = CARTESIAN_POINT('',(0.,1.));
#4624 = VECTOR('',#4625,1.);
#4625 = DIRECTION('',(1.,0.));
#4626 = ( GEOMETRIC_REPRESENTATION_CONTEXT(2) 
PARAMETRIC_REPRESENTATION_CONTEXT() REPRESENTATION_CONTEXT('2D SPACE',''
  ) );
#4627 = PCURVE('',#3931,#4628);
#4628 = DEFINITIONAL_REPRESENTATION('',(#4629),#4632);
#4629 = B_SPLINE_CURVE_WITH_KNOTS('',1,(#4630,#4631),.UNSPECIFIED.,.F.,
  .F.,(2,2),(2.,3.),.PIECEWISE_BEZIER_KNOTS.);
#4630 = CARTESIAN_POINT('',(2.,0.));
#4631 = CARTESIAN_POINT('',(3.,0.));
#4632 = ( GEOMETRIC_REPRESENTATION_CONTEXT(2) 
PARAMETRIC_REPRESENTATION_CONTEXT() REPRESENTATION_CONTEXT('2D SPACE',''
  ) );
#4633 = ORIENTED_EDGE('',*,*,#4484,.F.);
#4634 = ADVANCED_FACE('',(#4635),#4585,.T.);
#4635 = FACE_BOUND('',#4636,.T.);
#4636 = EDGE_LOOP('',(#4637,#4681,#4712,#4754));
#4637 = ORIENTED_EDGE('',*,*,#4638,.T.);
#4638 = EDGE_CURVE('',#4541,#4639,#4641,.T.);
#4639 = VERTEX_POINT('',#4640);
#4640 = CARTESIAN_POINT('',(14.299999999997,1.928463740352E-13,
    0.523686127909));
#4641 = SURFACE_CURVE('',#4642,(#4645,#4651),.PCURVE_S1.);
#4642 = B_SPLINE_CURVE_WITH_KNOTS('',1,(#4643,#4644),.UNSPECIFIED.,.F.,
  .F.,(2,2),(3.,4.),.PIECEWISE_BEZIER_KNOTS.);
#4643 = CARTESIAN_POINT('',(14.3,7.88477711463E-14,0.876314072081));
#4644 = CARTESIAN_POINT('',(14.3,7.88477711463E-14,0.523686127919));
#4645 = PCURVE('',#4585,#4646);
#4646 = DEFINITIONAL_REPRESENTATION('',(#4647),#4650);
#4647 = B_SPLINE_CURVE_WITH_KNOTS('',1,(#4648,#4649),.UNSPECIFIED.,.F.,
  .F.,(2,2),(3.,4.),.PIECEWISE_BEZIER_KNOTS.);
#4648 = CARTESIAN_POINT('',(3.,0.));
#4649 = CARTESIAN_POINT('',(4.,0.));
#4650 = ( GEOMETRIC_REPRESENTATION_CONTEXT(2) 
PARAMETRIC_REPRESENTATION_CONTEXT() REPRESENTATION_CONTEXT('2D SPACE',''
  ) );
#4651 = PCURVE('',#4652,#4675);
#4652 = ( BOUNDED_SURFACE() B_SPLINE_SURFACE(1,6,(
    (#4653,#4654,#4655,#4656,#4657,#4658,#4659,#4660,#4661,#4662,#4663)
    ,(#4664,#4665,#4666,#4667,#4668,#4669,#4670,#4671,#4672,#4673,#4674
)),.UNSPECIFIED.,.F.,.F.,.F.) B_SPLINE_SURFACE_WITH_KNOTS((2,2),(7,4,7),
(3.,4.),(0.,0.5,1.),.UNSPECIFIED.) GEOMETRIC_REPRESENTATION_ITEM() 
RATIONAL_B_SPLINE_SURFACE((
    (1.,1.,1.,1.,1.,1.,1.,1.,1.,1.,1.)
,(1.,1.,1.,1.,1.,1.,1.,1.,1.,1.,1.
  ))) REPRESENTATION_ITEM('') SURFACE() );
#4653 = CARTESIAN_POINT('',(14.3,7.967026135827E-14,-0.123685927919));
#4654 = CARTESIAN_POINT('',(14.249503403065,7.485744908481,
    -4.035259458501E-02));
#4655 = CARTESIAN_POINT('',(9.743902372885,14.971489816958,
    4.298073873904E-02));
#4656 = CARTESIAN_POINT('',(-8.489740359846E-02,18.810558014815,
    0.126314072085));
#4657 = CARTESIAN_POINT('',(-9.614294440751,14.97148981696,
    0.209647405418));
#4658 = CARTESIAN_POINT('',(-18.98570555925,2.459951696351E-13,
    0.376314072081));
#4659 = CARTESIAN_POINT('',(-9.614294440751,-14.97148981696,
    0.542980738744));
#4660 = CARTESIAN_POINT('',(-8.489740359769E-02,-18.81055801481,
    0.626314072078));
#4661 = CARTESIAN_POINT('',(9.743902372885,-14.97148981696,
    0.709647405424));
#4662 = CARTESIAN_POINT('',(14.249503403065,-7.485744908481,
    0.792980738748));
#4663 = CARTESIAN_POINT('',(14.3,7.88477711463E-14,0.876314072081));
#4664 = CARTESIAN_POINT('',(14.3,7.967026135827E-14,-0.476313872081));
#4665 = CARTESIAN_POINT('',(14.249503403065,7.485744908481,
    -0.392980538748));
#4666 = CARTESIAN_POINT('',(9.743902372885,14.971489816958,
    -0.309647205424));
#4667 = CARTESIAN_POINT('',(-8.489740359846E-02,18.810558014815,
    -0.226313872078));
#4668 = CARTESIAN_POINT('',(-9.614294440751,14.97148981696,
    -0.142980538744));
#4669 = CARTESIAN_POINT('',(-18.98570555925,2.459951696351E-13,
    2.368612791852E-02));
#4670 = CARTESIAN_POINT('',(-9.614294440751,-14.97148981696,
    0.190352794582));
#4671 = CARTESIAN_POINT('',(-8.489740359769E-02,-18.81055801481,
    0.273686127915));
#4672 = CARTESIAN_POINT('',(9.743902372885,-14.97148981696,
    0.357019461261));
#4673 = CARTESIAN_POINT('',(14.249503403065,-7.485744908481,
    0.440352794585));
#4674 = CARTESIAN_POINT('',(14.3,7.88477711463E-14,0.523686127919));
#4675 = DEFINITIONAL_REPRESENTATION('',(#4676),#4680);
#4676 = LINE('',#4677,#4678);
#4677 = CARTESIAN_POINT('',(0.,1.));
#4678 = VECTOR('',#4679,1.);
#4679 = DIRECTION('',(1.,0.));
#4680 = ( GEOMETRIC_REPRESENTATION_CONTEXT(2) 
PARAMETRIC_REPRESENTATION_CONTEXT() REPRESENTATION_CONTEXT('2D SPACE',''
  ) );
#4681 = ORIENTED_EDGE('',*,*,#4682,.T.);
#4682 = EDGE_CURVE('',#4639,#4683,#4685,.T.);
#4683 = VERTEX_POINT('',#4684);
#4684 = CARTESIAN_POINT('',(14.300000000054,-5.778512530463E-13,
    1.523686127975));
#4685 = SURFACE_CURVE('',#4686,(#4698,#4705),.PCURVE_S1.);
#4686 = ( BOUNDED_CURVE() B_SPLINE_CURVE(6,(#4687,#4688,#4689,#4690,
    #4691,#4692,#4693,#4694,#4695,#4696,#4697),.UNSPECIFIED.,.F.,.F.) 
B_SPLINE_CURVE_WITH_KNOTS((7,4,7),(0.,0.5,1.),.UNSPECIFIED.) CURVE() 
GEOMETRIC_REPRESENTATION_ITEM() RATIONAL_B_SPLINE_CURVE((1.,1.,1.,1.,1.,
1.,1.,1.,1.,1.,1.)) REPRESENTATION_ITEM('') );
#4687 = CARTESIAN_POINT('',(14.299999999994,3.068449769241E-13,
    0.523686127899));
#4688 = CARTESIAN_POINT('',(14.249503403059,7.485744908481,
    0.607019461234));
#4689 = CARTESIAN_POINT('',(9.743902372879,14.971489816957,
    0.690352794719));
#4690 = CARTESIAN_POINT('',(-8.489740360339E-02,18.81055801481,
    0.773686128415));
#4691 = CARTESIAN_POINT('',(-9.614294440751,14.97148981695,
    0.857019462088));
#4692 = CARTESIAN_POINT('',(-18.98570555923,-1.289580308269E-11,
    1.023686129085));
#4693 = CARTESIAN_POINT('',(-9.614294440728,-14.97148981697,
    1.190352795414));
#4694 = CARTESIAN_POINT('',(-8.48974035697E-02,-18.81055801482,
    1.273686128408));
#4695 = CARTESIAN_POINT('',(9.743902372914,-14.97148981696,
    1.357019461404));
#4696 = CARTESIAN_POINT('',(14.249503403095,-7.48574490848,
    1.440352794567));
#4697 = CARTESIAN_POINT('',(14.300000000029,2.998166193208E-13,
    1.523686127899));
#4698 = PCURVE('',#4585,#4699);
#4699 = DEFINITIONAL_REPRESENTATION('',(#4700),#4704);
#4700 = LINE('',#4701,#4702);
#4701 = CARTESIAN_POINT('',(4.,0.));
#4702 = VECTOR('',#4703,1.);
#4703 = DIRECTION('',(0.,1.));
#4704 = ( GEOMETRIC_REPRESENTATION_CONTEXT(2) 
PARAMETRIC_REPRESENTATION_CONTEXT() REPRESENTATION_CONTEXT('2D SPACE',''
  ) );
#4705 = PCURVE('',#2211,#4706);
#4706 = DEFINITIONAL_REPRESENTATION('',(#4707),#4711);
#4707 = LINE('',#4708,#4709);
#4708 = CARTESIAN_POINT('',(4.,0.));
#4709 = VECTOR('',#4710,1.);
#4710 = DIRECTION('',(0.,1.));
#4711 = ( GEOMETRIC_REPRESENTATION_CONTEXT(2) 
PARAMETRIC_REPRESENTATION_CONTEXT() REPRESENTATION_CONTEXT('2D SPACE',''
  ) );
#4712 = ORIENTED_EDGE('',*,*,#4713,.F.);
#4713 = EDGE_CURVE('',#4562,#4683,#4714,.T.);
#4714 = SURFACE_CURVE('',#4715,(#4718,#4725),.PCURVE_S1.);
#4715 = B_SPLINE_CURVE_WITH_KNOTS('',1,(#4716,#4717),.UNSPECIFIED.,.F.,
  .F.,(2,2),(3.,4.),.PIECEWISE_BEZIER_KNOTS.);
#4716 = CARTESIAN_POINT('',(14.300000000042,2.976282570609E-13,
    1.876314072062));
#4717 = CARTESIAN_POINT('',(14.300000000029,2.998166193208E-13,
    1.523686127899));
#4718 = PCURVE('',#4585,#4719);
#4719 = DEFINITIONAL_REPRESENTATION('',(#4720),#4724);
#4720 = LINE('',#4721,#4722);
#4721 = CARTESIAN_POINT('',(0.,1.));
#4722 = VECTOR('',#4723,1.);
#4723 = DIRECTION('',(1.,0.));
#4724 = ( GEOMETRIC_REPRESENTATION_CONTEXT(2) 
PARAMETRIC_REPRESENTATION_CONTEXT() REPRESENTATION_CONTEXT('2D SPACE',''
  ) );
#4725 = PCURVE('',#4726,#4749);
#4726 = ( BOUNDED_SURFACE() B_SPLINE_SURFACE(1,6,(
    (#4727,#4728,#4729,#4730,#4731,#4732,#4733,#4734,#4735,#4736,#4737)
    ,(#4738,#4739,#4740,#4741,#4742,#4743,#4744,#4745,#4746,#4747,#4748
)),.UNSPECIFIED.,.F.,.F.,.F.) B_SPLINE_SURFACE_WITH_KNOTS((2,2),(7,4,7),
(3.,4.),(0.,0.5,1.),.UNSPECIFIED.) GEOMETRIC_REPRESENTATION_ITEM() 
RATIONAL_B_SPLINE_SURFACE((
    (1.,1.,1.,1.,1.,1.,1.,1.,1.,1.,1.)
,(1.,1.,1.,1.,1.,1.,1.,1.,1.,1.,1.
  ))) REPRESENTATION_ITEM('') SURFACE() );
#4727 = CARTESIAN_POINT('',(14.299999999993,-1.458638144376E-12,
    1.876314072214));
#4728 = CARTESIAN_POINT('',(14.289290988298,5.992883740865,
    1.942980738891));
#4729 = CARTESIAN_POINT('',(11.320146279297,11.969877450761,
    2.009647404809));
#4730 = CARTESIAN_POINT('',(5.212294597451,16.103055531631,
    2.076314070049));
#4731 = CARTESIAN_POINT('',(-2.094986818128,16.328718421735,
    2.142980734938));
#4732 = CARTESIAN_POINT('',(-14.0019323364,10.17299931668,2.276314065417
    ));
#4733 = CARTESIAN_POINT('',(-16.17692058762,-3.053400623664,
    2.409647398232));
#4734 = CARTESIAN_POINT('',(-13.70422828547,-9.93330456231,2.47631406547
    ));
#4735 = CARTESIAN_POINT('',(-7.88591236989,-14.46499443714,
    2.542980733574));
#4736 = CARTESIAN_POINT('',(-1.283937380426,-15.44182622885,
    2.609647401791));
#4737 = CARTESIAN_POINT('',(4.418943019322,-13.60010818299,2.67631406984
    ));
#4738 = CARTESIAN_POINT('',(14.300000000078,-1.455519125413E-12,
    1.523686128051));
#4739 = CARTESIAN_POINT('',(14.289290988382,5.992883740865,
    1.590352794728));
#4740 = CARTESIAN_POINT('',(11.320146279382,11.969877450761,
    1.657019460646));
#4741 = CARTESIAN_POINT('',(5.212294597536,16.103055531631,
    1.723686125886));
#4742 = CARTESIAN_POINT('',(-2.094986818043,16.328718421735,
    1.790352790775));
#4743 = CARTESIAN_POINT('',(-14.00193233631,10.17299931668,
    1.923686121254));
#4744 = CARTESIAN_POINT('',(-16.17692058754,-3.053400623664,
    2.057019454069));
#4745 = CARTESIAN_POINT('',(-13.70422828538,-9.93330456231,
    2.123686121307));
#4746 = CARTESIAN_POINT('',(-7.885912369805,-14.46499443714,
    2.190352789411));
#4747 = CARTESIAN_POINT('',(-1.283937380341,-15.44182622885,
    2.257019457628));
#4748 = CARTESIAN_POINT('',(4.418943019407,-13.60010818299,
    2.323686125678));
#4749 = DEFINITIONAL_REPRESENTATION('',(#4750),#4753);
#4750 = B_SPLINE_CURVE_WITH_KNOTS('',1,(#4751,#4752),.UNSPECIFIED.,.F.,
  .F.,(2,2),(3.,4.),.PIECEWISE_BEZIER_KNOTS.);
#4751 = CARTESIAN_POINT('',(3.,0.));
#4752 = CARTESIAN_POINT('',(4.,0.));
#4753 = ( GEOMETRIC_REPRESENTATION_CONTEXT(2) 
PARAMETRIC_REPRESENTATION_CONTEXT() REPRESENTATION_CONTEXT('2D SPACE',''
  ) );
#4754 = ORIENTED_EDGE('',*,*,#4561,.F.);
#4755 = ADVANCED_FACE('',(#4756),#4726,.T.);
#4756 = FACE_BOUND('',#4757,.T.);
#4757 = EDGE_LOOP('',(#4758,#4759,#4790,#4828));
#4758 = ORIENTED_EDGE('',*,*,#4713,.T.);
#4759 = ORIENTED_EDGE('',*,*,#4760,.T.);
#4760 = EDGE_CURVE('',#4683,#4761,#4763,.T.);
#4761 = VERTEX_POINT('',#4762);
#4762 = CARTESIAN_POINT('',(4.418943019415,-13.60010818302,
    2.323686125771));
#4763 = SURFACE_CURVE('',#4764,(#4776,#4783),.PCURVE_S1.);
#4764 = ( BOUNDED_CURVE() B_SPLINE_CURVE(6,(#4765,#4766,#4767,#4768,
    #4769,#4770,#4771,#4772,#4773,#4774,#4775),.UNSPECIFIED.,.F.,.F.) 
B_SPLINE_CURVE_WITH_KNOTS((7,4,7),(0.,0.5,1.),.UNSPECIFIED.) CURVE() 
GEOMETRIC_REPRESENTATION_ITEM() RATIONAL_B_SPLINE_CURVE((1.,1.,1.,1.,1.,
1.,1.,1.,1.,1.,1.)) REPRESENTATION_ITEM('') );
#4765 = CARTESIAN_POINT('',(14.300000000078,-1.455519125413E-12,
    1.523686128051));
#4766 = CARTESIAN_POINT('',(14.289290988382,5.992883740865,
    1.590352794728));
#4767 = CARTESIAN_POINT('',(11.320146279382,11.969877450761,
    1.657019460646));
#4768 = CARTESIAN_POINT('',(5.212294597536,16.103055531631,
    1.723686125886));
#4769 = CARTESIAN_POINT('',(-2.094986818043,16.328718421735,
    1.790352790775));
#4770 = CARTESIAN_POINT('',(-14.00193233631,10.17299931668,
    1.923686121254));
#4771 = CARTESIAN_POINT('',(-16.17692058754,-3.053400623664,
    2.057019454069));
#4772 = CARTESIAN_POINT('',(-13.70422828538,-9.93330456231,
    2.123686121307));
#4773 = CARTESIAN_POINT('',(-7.885912369805,-14.46499443714,
    2.190352789411));
#4774 = CARTESIAN_POINT('',(-1.283937380341,-15.44182622885,
    2.257019457628));
#4775 = CARTESIAN_POINT('',(4.418943019407,-13.60010818299,
    2.323686125678));
#4776 = PCURVE('',#4726,#4777);
#4777 = DEFINITIONAL_REPRESENTATION('',(#4778),#4782);
#4778 = LINE('',#4779,#4780);
#4779 = CARTESIAN_POINT('',(4.,0.));
#4780 = VECTOR('',#4781,1.);
#4781 = DIRECTION('',(0.,1.));
#4782 = ( GEOMETRIC_REPRESENTATION_CONTEXT(2) 
PARAMETRIC_REPRESENTATION_CONTEXT() REPRESENTATION_CONTEXT('2D SPACE',''
  ) );
#4783 = PCURVE('',#2330,#4784);
#4784 = DEFINITIONAL_REPRESENTATION('',(#4785),#4789);
#4785 = LINE('',#4786,#4787);
#4786 = CARTESIAN_POINT('',(4.,0.));
#4787 = VECTOR('',#4788,1.);
#4788 = DIRECTION('',(0.,1.));
#4789 = ( GEOMETRIC_REPRESENTATION_CONTEXT(2) 
PARAMETRIC_REPRESENTATION_CONTEXT() REPRESENTATION_CONTEXT('2D SPACE',''
  ) );
#4790 = ORIENTED_EDGE('',*,*,#4791,.F.);
#4791 = EDGE_CURVE('',#4792,#4761,#4794,.T.);
#4792 = VERTEX_POINT('',#4793);
#4793 = CARTESIAN_POINT('',(4.418943019312,-13.60010818296,
    2.676314069934));
#4794 = SURFACE_CURVE('',#4795,(#4798,#4805),.PCURVE_S1.);
#4795 = B_SPLINE_CURVE_WITH_KNOTS('',1,(#4796,#4797),.UNSPECIFIED.,.F.,
  .F.,(2,2),(3.,4.),.PIECEWISE_BEZIER_KNOTS.);
#4796 = CARTESIAN_POINT('',(4.418943019322,-13.60010818299,2.67631406984
    ));
#4797 = CARTESIAN_POINT('',(4.418943019407,-13.60010818299,
    2.323686125678));
#4798 = PCURVE('',#4726,#4799);
#4799 = DEFINITIONAL_REPRESENTATION('',(#4800),#4804);
#4800 = LINE('',#4801,#4802);
#4801 = CARTESIAN_POINT('',(0.,1.));
#4802 = VECTOR('',#4803,1.);
#4803 = DIRECTION('',(1.,0.));
#4804 = ( GEOMETRIC_REPRESENTATION_CONTEXT(2) 
PARAMETRIC_REPRESENTATION_CONTEXT() REPRESENTATION_CONTEXT('2D SPACE',''
  ) );
#4805 = PCURVE('',#4806,#4823);
#4806 = ( BOUNDED_SURFACE() B_SPLINE_SURFACE(1,7,(
    (#4807,#4808,#4809,#4810,#4811,#4812,#4813,#4814)
    ,(#4815,#4816,#4817,#4818,#4819,#4820,#4821,#4822
)),.UNSPECIFIED.,.F.,.F.,.F.) B_SPLINE_SURFACE_WITH_KNOTS((2,2),(8,8),(
    3.,4.),(0.,1.),.PIECEWISE_BEZIER_KNOTS.) 
GEOMETRIC_REPRESENTATION_ITEM() RATIONAL_B_SPLINE_SURFACE((
    (1.,1.,1.,1.000000000001,0.999999999999,1.,1.,1.)
    ,(1.,1.,1.,1.000000000001,0.999999999999,1.,1.,1.
))) REPRESENTATION_ITEM('') SURFACE() );
#4807 = CARTESIAN_POINT('',(4.418943019302,-13.60010818293,
    2.676314070028));
#4808 = CARTESIAN_POINT('',(7.441129080127,-12.54323038479,
    2.689098264956));
#4809 = CARTESIAN_POINT('',(10.172166452361,-10.70195182213,
    2.701893429478));
#4810 = CARTESIAN_POINT('',(12.367628510008,-8.171563631554,
    2.714699418937));
#4811 = CARTESIAN_POINT('',(13.82075898759,-5.142442512693,
    2.727516085942));
#4812 = CARTESIAN_POINT('',(14.415279428566,-1.881208411829,
    2.74034328042));
#4813 = CARTESIAN_POINT('',(14.151969754643,1.334189229405,
    2.753180849607));
#4814 = CARTESIAN_POINT('',(13.124579924703,4.264434522429,
    2.766028638078));
#4815 = CARTESIAN_POINT('',(4.418943019424,-13.60010818305,
    2.323686125865));
#4816 = CARTESIAN_POINT('',(7.441129080234,-12.54323038489,
    2.382151196018));
#4817 = CARTESIAN_POINT('',(10.172166452452,-10.70195182221,
    2.440666433929));
#4818 = CARTESIAN_POINT('',(12.367628510083,-8.171563631623,
    2.499231178223));
#4819 = CARTESIAN_POINT('',(13.820758987648,-5.142442512748,
    2.557844754903));
#4820 = CARTESIAN_POINT('',(14.415279428608,-1.881208411869,
    2.616506477464));
#4821 = CARTESIAN_POINT('',(14.15196975467,1.33418922938,2.67521564698)
  );
#4822 = CARTESIAN_POINT('',(13.124579924714,4.264434522418,
    2.733971552245));
#4823 = DEFINITIONAL_REPRESENTATION('',(#4824),#4827);
#4824 = B_SPLINE_CURVE_WITH_KNOTS('',1,(#4825,#4826),.UNSPECIFIED.,.F.,
  .F.,(2,2),(3.,4.),.PIECEWISE_BEZIER_KNOTS.);
#4825 = CARTESIAN_POINT('',(3.,0.));
#4826 = CARTESIAN_POINT('',(4.,0.));
#4827 = ( GEOMETRIC_REPRESENTATION_CONTEXT(2) 
PARAMETRIC_REPRESENTATION_CONTEXT() REPRESENTATION_CONTEXT('2D SPACE',''
  ) );
#4828 = ORIENTED_EDGE('',*,*,#4829,.F.);
#4829 = EDGE_CURVE('',#4562,#4792,#4830,.T.);
#4830 = SURFACE_CURVE('',#4831,(#4843,#4850),.PCURVE_S1.);
#4831 = ( BOUNDED_CURVE() B_SPLINE_CURVE(6,(#4832,#4833,#4834,#4835,
    #4836,#4837,#4838,#4839,#4840,#4841,#4842),.UNSPECIFIED.,.F.,.F.) 
B_SPLINE_CURVE_WITH_KNOTS((7,4,7),(0.,0.5,1.),.UNSPECIFIED.) CURVE() 
GEOMETRIC_REPRESENTATION_ITEM() RATIONAL_B_SPLINE_CURVE((1.,1.,1.,1.,1.,
1.,1.,1.,1.,1.,1.)) REPRESENTATION_ITEM('') );
#4832 = CARTESIAN_POINT('',(14.299999999993,-1.458638144376E-12,
    1.876314072214));
#4833 = CARTESIAN_POINT('',(14.289290988298,5.992883740865,
    1.942980738891));
#4834 = CARTESIAN_POINT('',(11.320146279297,11.969877450761,
    2.009647404809));
#4835 = CARTESIAN_POINT('',(5.212294597451,16.103055531631,
    2.076314070049));
#4836 = CARTESIAN_POINT('',(-2.094986818128,16.328718421735,
    2.142980734938));
#4837 = CARTESIAN_POINT('',(-14.0019323364,10.17299931668,2.276314065417
    ));
#4838 = CARTESIAN_POINT('',(-16.17692058762,-3.053400623664,
    2.409647398232));
#4839 = CARTESIAN_POINT('',(-13.70422828547,-9.93330456231,2.47631406547
    ));
#4840 = CARTESIAN_POINT('',(-7.88591236989,-14.46499443714,
    2.542980733574));
#4841 = CARTESIAN_POINT('',(-1.283937380426,-15.44182622885,
    2.609647401791));
#4842 = CARTESIAN_POINT('',(4.418943019322,-13.60010818299,2.67631406984
    ));
#4843 = PCURVE('',#4726,#4844);
#4844 = DEFINITIONAL_REPRESENTATION('',(#4845),#4849);
#4845 = LINE('',#4846,#4847);
#4846 = CARTESIAN_POINT('',(3.,0.));
#4847 = VECTOR('',#4848,1.);
#4848 = DIRECTION('',(0.,1.));
#4849 = ( GEOMETRIC_REPRESENTATION_CONTEXT(2) 
PARAMETRIC_REPRESENTATION_CONTEXT() REPRESENTATION_CONTEXT('2D SPACE',''
  ) );
#4850 = PCURVE('',#3931,#4851);
#4851 = DEFINITIONAL_REPRESENTATION('',(#4852),#4856);
#4852 = LINE('',#4853,#4854);
#4853 = CARTESIAN_POINT('',(3.,0.));
#4854 = VECTOR('',#4855,1.);
#4855 = DIRECTION('',(0.,1.));
#4856 = ( GEOMETRIC_REPRESENTATION_CONTEXT(2) 
PARAMETRIC_REPRESENTATION_CONTEXT() REPRESENTATION_CONTEXT('2D SPACE',''
  ) );
#4857 = ADVANCED_FACE('',(#4858),#4806,.T.);
#4858 = FACE_BOUND('',#4859,.T.);
#4859 = EDGE_LOOP('',(#4860,#4861,#4889,#4910));
#4860 = ORIENTED_EDGE('',*,*,#4791,.T.);
#4861 = ORIENTED_EDGE('',*,*,#4862,.T.);
#4862 = EDGE_CURVE('',#4761,#4863,#4865,.T.);
#4863 = VERTEX_POINT('',#4864);
#4864 = CARTESIAN_POINT('',(13.124579924714,4.264434522418,
    2.733971552245));
#4865 = SURFACE_CURVE('',#4866,(#4875,#4882),.PCURVE_S1.);
#4866 = ( BOUNDED_CURVE() B_SPLINE_CURVE(7,(#4867,#4868,#4869,#4870,
    #4871,#4872,#4873,#4874),.UNSPECIFIED.,.F.,.F.) 
B_SPLINE_CURVE_WITH_KNOTS((8,8),(0.,1.),.PIECEWISE_BEZIER_KNOTS.) CURVE(
) GEOMETRIC_REPRESENTATION_ITEM() RATIONAL_B_SPLINE_CURVE((1.,1.,1.,
1.000000000001,0.999999999999,1.,1.,1.)) REPRESENTATION_ITEM('') );
#4867 = CARTESIAN_POINT('',(4.418943019424,-13.60010818305,
    2.323686125865));
#4868 = CARTESIAN_POINT('',(7.441129080234,-12.54323038489,
    2.382151196018));
#4869 = CARTESIAN_POINT('',(10.172166452452,-10.70195182221,
    2.440666433929));
#4870 = CARTESIAN_POINT('',(12.367628510083,-8.171563631623,
    2.499231178223));
#4871 = CARTESIAN_POINT('',(13.820758987648,-5.142442512748,
    2.557844754903));
#4872 = CARTESIAN_POINT('',(14.415279428608,-1.881208411869,
    2.616506477464));
#4873 = CARTESIAN_POINT('',(14.15196975467,1.33418922938,2.67521564698)
  );
#4874 = CARTESIAN_POINT('',(13.124579924714,4.264434522418,
    2.733971552245));
#4875 = PCURVE('',#4806,#4876);
#4876 = DEFINITIONAL_REPRESENTATION('',(#4877),#4881);
#4877 = LINE('',#4878,#4879);
#4878 = CARTESIAN_POINT('',(4.,0.));
#4879 = VECTOR('',#4880,1.);
#4880 = DIRECTION('',(0.,1.));
#4881 = ( GEOMETRIC_REPRESENTATION_CONTEXT(2) 
PARAMETRIC_REPRESENTATION_CONTEXT() REPRESENTATION_CONTEXT('2D SPACE',''
  ) );
#4882 = PCURVE('',#2735,#4883);
#4883 = DEFINITIONAL_REPRESENTATION('',(#4884),#4888);
#4884 = LINE('',#4885,#4886);
#4885 = CARTESIAN_POINT('',(4.,0.));
#4886 = VECTOR('',#4887,1.);
#4887 = DIRECTION('',(0.,1.));
#4888 = ( GEOMETRIC_REPRESENTATION_CONTEXT(2) 
PARAMETRIC_REPRESENTATION_CONTEXT() REPRESENTATION_CONTEXT('2D SPACE',''
  ) );
#4889 = ORIENTED_EDGE('',*,*,#4890,.F.);
#4890 = EDGE_CURVE('',#4891,#4863,#4893,.T.);
#4891 = VERTEX_POINT('',#4892);
#4892 = CARTESIAN_POINT('',(13.124579924703,4.264434522429,
    2.766028638078));
#4893 = SURFACE_CURVE('',#4894,(#4897,#4904),.PCURVE_S1.);
#4894 = B_SPLINE_CURVE_WITH_KNOTS('',1,(#4895,#4896),.UNSPECIFIED.,.F.,
  .F.,(2,2),(3.,4.),.PIECEWISE_BEZIER_KNOTS.);
#4895 = CARTESIAN_POINT('',(13.124579924703,4.264434522429,
    2.766028638078));
#4896 = CARTESIAN_POINT('',(13.124579924714,4.264434522418,
    2.733971552245));
#4897 = PCURVE('',#4806,#4898);
#4898 = DEFINITIONAL_REPRESENTATION('',(#4899),#4903);
#4899 = LINE('',#4900,#4901);
#4900 = CARTESIAN_POINT('',(0.,1.));
#4901 = VECTOR('',#4902,1.);
#4902 = DIRECTION('',(1.,0.));
#4903 = ( GEOMETRIC_REPRESENTATION_CONTEXT(2) 
PARAMETRIC_REPRESENTATION_CONTEXT() REPRESENTATION_CONTEXT('2D SPACE',''
  ) );
#4904 = PCURVE('',#3106,#4905);
#4905 = DEFINITIONAL_REPRESENTATION('',(#4906),#4909);
#4906 = B_SPLINE_CURVE_WITH_KNOTS('',1,(#4907,#4908),.UNSPECIFIED.,.F.,
  .F.,(2,2),(3.,4.),.PIECEWISE_BEZIER_KNOTS.);
#4907 = CARTESIAN_POINT('',(8.194434716964E-02,0.));
#4908 = CARTESIAN_POINT('',(6.416227536767E-02,-2.667310770295E-02));
#4909 = ( GEOMETRIC_REPRESENTATION_CONTEXT(2) 
PARAMETRIC_REPRESENTATION_CONTEXT() REPRESENTATION_CONTEXT('2D SPACE',''
  ) );
#4910 = ORIENTED_EDGE('',*,*,#4911,.F.);
#4911 = EDGE_CURVE('',#4792,#4891,#4912,.T.);
#4912 = SURFACE_CURVE('',#4913,(#4922,#4929),.PCURVE_S1.);
#4913 = ( BOUNDED_CURVE() B_SPLINE_CURVE(7,(#4914,#4915,#4916,#4917,
    #4918,#4919,#4920,#4921),.UNSPECIFIED.,.F.,.F.) 
B_SPLINE_CURVE_WITH_KNOTS((8,8),(0.,1.),.PIECEWISE_BEZIER_KNOTS.) CURVE(
) GEOMETRIC_REPRESENTATION_ITEM() RATIONAL_B_SPLINE_CURVE((1.,1.,1.,
1.000000000001,0.999999999999,1.,1.,1.)) REPRESENTATION_ITEM('') );
#4914 = CARTESIAN_POINT('',(4.418943019302,-13.60010818293,
    2.676314070028));
#4915 = CARTESIAN_POINT('',(7.441129080127,-12.54323038479,
    2.689098264956));
#4916 = CARTESIAN_POINT('',(10.172166452361,-10.70195182213,
    2.701893429478));
#4917 = CARTESIAN_POINT('',(12.367628510008,-8.171563631554,
    2.714699418937));
#4918 = CARTESIAN_POINT('',(13.82075898759,-5.142442512693,
    2.727516085942));
#4919 = CARTESIAN_POINT('',(14.415279428566,-1.881208411829,
    2.74034328042));
#4920 = CARTESIAN_POINT('',(14.151969754643,1.334189229405,
    2.753180849607));
#4921 = CARTESIAN_POINT('',(13.124579924703,4.264434522429,
    2.766028638078));
#4922 = PCURVE('',#4806,#4923);
#4923 = DEFINITIONAL_REPRESENTATION('',(#4924),#4928);
#4924 = LINE('',#4925,#4926);
#4925 = CARTESIAN_POINT('',(3.,0.));
#4926 = VECTOR('',#4927,1.);
#4927 = DIRECTION('',(0.,1.));
#4928 = ( GEOMETRIC_REPRESENTATION_CONTEXT(2) 
PARAMETRIC_REPRESENTATION_CONTEXT() REPRESENTATION_CONTEXT('2D SPACE',''
  ) );
#4929 = PCURVE('',#4930,#4947);
#4930 = ( BOUNDED_SURFACE() B_SPLINE_SURFACE(1,7,(
    (#4931,#4932,#4933,#4934,#4935,#4936,#4937,#4938)
    ,(#4939,#4940,#4941,#4942,#4943,#4944,#4945,#4946
)),.UNSPECIFIED.,.F.,.F.,.F.) B_SPLINE_SURFACE_WITH_KNOTS((2,2),(8,8),(
    2.,3.),(0.,1.),.PIECEWISE_BEZIER_KNOTS.) 
GEOMETRIC_REPRESENTATION_ITEM() RATIONAL_B_SPLINE_SURFACE((
    (1.,1.,1.,1.000000000001,0.999999999999,1.,1.,1.)
    ,(1.,1.,1.,1.000000000001,0.999999999999,1.,1.,1.
))) REPRESENTATION_ITEM('') SURFACE() );
#4931 = CARTESIAN_POINT('',(4.248983672348,-13.07702709892,
    2.823686125637));
#4932 = CARTESIAN_POINT('',(7.176101525223,-12.12595548236,
    2.817379137902));
#4933 = CARTESIAN_POINT('',(9.857321722068,-10.40964307348,2.81106673789
    ));
#4934 = CARTESIAN_POINT('',(12.052502561601,-8.003722543538,
    2.804748996884));
#4935 = CARTESIAN_POINT('',(13.549420905367,-5.07770691758,
    2.798425987569));
#4936 = CARTESIAN_POINT('',(14.215831089491,-1.882847503323,
    2.792097784048));
#4937 = CARTESIAN_POINT('',(14.032841311804,1.307307419996,
    2.785764461807));
#4938 = CARTESIAN_POINT('',(13.077027098884,4.248983672715,
    2.779426097688));
#4939 = CARTESIAN_POINT('',(4.418943019302,-13.60010818293,
    2.676314070028));
#4940 = CARTESIAN_POINT('',(7.441129080127,-12.54323038479,
    2.689098264956));
#4941 = CARTESIAN_POINT('',(10.172166452361,-10.70195182213,
    2.701893429478));
#4942 = CARTESIAN_POINT('',(12.367628510008,-8.171563631554,
    2.714699418937));
#4943 = CARTESIAN_POINT('',(13.82075898759,-5.142442512693,
    2.727516085942));
#4944 = CARTESIAN_POINT('',(14.415279428566,-1.881208411829,
    2.74034328042));
#4945 = CARTESIAN_POINT('',(14.151969754643,1.334189229405,
    2.753180849607));
#4946 = CARTESIAN_POINT('',(13.124579924703,4.264434522429,
    2.766028638078));
#4947 = DEFINITIONAL_REPRESENTATION('',(#4948),#4952);
#4948 = LINE('',#4949,#4950);
#4949 = CARTESIAN_POINT('',(3.,0.));
#4950 = VECTOR('',#4951,1.);
#4951 = DIRECTION('',(0.,1.));
#4952 = ( GEOMETRIC_REPRESENTATION_CONTEXT(2) 
PARAMETRIC_REPRESENTATION_CONTEXT() REPRESENTATION_CONTEXT('2D SPACE',''
  ) );
#4953 = ADVANCED_FACE('',(#4954),#4930,.T.);
#4954 = FACE_BOUND('',#4955,.T.);
#4955 = EDGE_LOOP('',(#4956,#4975,#4976,#4997));
#4956 = ORIENTED_EDGE('',*,*,#4957,.T.);
#4957 = EDGE_CURVE('',#3908,#4792,#4958,.T.);
#4958 = SURFACE_CURVE('',#4959,(#4962,#4968),.PCURVE_S1.);
#4959 = B_SPLINE_CURVE_WITH_KNOTS('',1,(#4960,#4961),.UNSPECIFIED.,.F.,
  .F.,(2,2),(2.,3.),.PIECEWISE_BEZIER_KNOTS.);
#4960 = CARTESIAN_POINT('',(4.248983672382,-13.07702709903,
    2.823686125637));
#4961 = CARTESIAN_POINT('',(4.418943019322,-13.60010818299,2.67631406984
    ));
#4962 = PCURVE('',#4930,#4963);
#4963 = DEFINITIONAL_REPRESENTATION('',(#4964),#4967);
#4964 = B_SPLINE_CURVE_WITH_KNOTS('',1,(#4965,#4966),.UNSPECIFIED.,.F.,
  .F.,(2,2),(2.,3.),.PIECEWISE_BEZIER_KNOTS.);
#4965 = CARTESIAN_POINT('',(2.,0.));
#4966 = CARTESIAN_POINT('',(3.,0.));
#4967 = ( GEOMETRIC_REPRESENTATION_CONTEXT(2) 
PARAMETRIC_REPRESENTATION_CONTEXT() REPRESENTATION_CONTEXT('2D SPACE',''
  ) );
#4968 = PCURVE('',#3931,#4969);
#4969 = DEFINITIONAL_REPRESENTATION('',(#4970),#4974);
#4970 = LINE('',#4971,#4972);
#4971 = CARTESIAN_POINT('',(0.,1.));
#4972 = VECTOR('',#4973,1.);
#4973 = DIRECTION('',(1.,0.));
#4974 = ( GEOMETRIC_REPRESENTATION_CONTEXT(2) 
PARAMETRIC_REPRESENTATION_CONTEXT() REPRESENTATION_CONTEXT('2D SPACE',''
  ) );
#4975 = ORIENTED_EDGE('',*,*,#4911,.T.);
#4976 = ORIENTED_EDGE('',*,*,#4977,.F.);
#4977 = EDGE_CURVE('',#4978,#4891,#4980,.T.);
#4978 = VERTEX_POINT('',#4979);
#4979 = CARTESIAN_POINT('',(13.077027098884,4.248983672715,
    2.779426097688));
#4980 = SURFACE_CURVE('',#4981,(#4984,#4991),.PCURVE_S1.);
#4981 = B_SPLINE_CURVE_WITH_KNOTS('',1,(#4982,#4983),.UNSPECIFIED.,.F.,
  .F.,(2,2),(2.,3.),.PIECEWISE_BEZIER_KNOTS.);
#4982 = CARTESIAN_POINT('',(13.077027098884,4.248983672715,
    2.779426097688));
#4983 = CARTESIAN_POINT('',(13.124579924703,4.264434522429,
    2.766028638078));
#4984 = PCURVE('',#4930,#4985);
#4985 = DEFINITIONAL_REPRESENTATION('',(#4986),#4990);
#4986 = LINE('',#4987,#4988);
#4987 = CARTESIAN_POINT('',(0.,1.));
#4988 = VECTOR('',#4989,1.);
#4989 = DIRECTION('',(1.,0.));
#4990 = ( GEOMETRIC_REPRESENTATION_CONTEXT(2) 
PARAMETRIC_REPRESENTATION_CONTEXT() REPRESENTATION_CONTEXT('2D SPACE',''
  ) );
#4991 = PCURVE('',#3106,#4992);
#4992 = DEFINITIONAL_REPRESENTATION('',(#4993),#4996);
#4993 = B_SPLINE_CURVE_WITH_KNOTS('',1,(#4994,#4995),.UNSPECIFIED.,.F.,
  .F.,(2,2),(2.,3.),.PIECEWISE_BEZIER_KNOTS.);
#4994 = CARTESIAN_POINT('',(4.777340593374E-02,3.888237003276E-02));
#4995 = CARTESIAN_POINT('',(8.194434716964E-02,0.));
#4996 = ( GEOMETRIC_REPRESENTATION_CONTEXT(2) 
PARAMETRIC_REPRESENTATION_CONTEXT() REPRESENTATION_CONTEXT('2D SPACE',''
  ) );
#4997 = ORIENTED_EDGE('',*,*,#4998,.F.);
#4998 = EDGE_CURVE('',#3908,#4978,#4999,.T.);
#4999 = SURFACE_CURVE('',#5000,(#5009,#5016),.PCURVE_S1.);
#5000 = ( BOUNDED_CURVE() B_SPLINE_CURVE(7,(#5001,#5002,#5003,#5004,
    #5005,#5006,#5007,#5008),.UNSPECIFIED.,.F.,.F.) 
B_SPLINE_CURVE_WITH_KNOTS((8,8),(0.,1.),.PIECEWISE_BEZIER_KNOTS.) CURVE(
) GEOMETRIC_REPRESENTATION_ITEM() RATIONAL_B_SPLINE_CURVE((1.,1.,1.,
1.000000000001,0.999999999999,1.,1.,1.)) REPRESENTATION_ITEM('') );
#5001 = CARTESIAN_POINT('',(4.248983672348,-13.07702709892,
    2.823686125637));
#5002 = CARTESIAN_POINT('',(7.176101525223,-12.12595548236,
    2.817379137902));
#5003 = CARTESIAN_POINT('',(9.857321722068,-10.40964307348,2.81106673789
    ));
#5004 = CARTESIAN_POINT('',(12.052502561601,-8.003722543538,
    2.804748996884));
#5005 = CARTESIAN_POINT('',(13.549420905367,-5.07770691758,
    2.798425987569));
#5006 = CARTESIAN_POINT('',(14.215831089491,-1.882847503323,
    2.792097784048));
#5007 = CARTESIAN_POINT('',(14.032841311804,1.307307419996,
    2.785764461807));
#5008 = CARTESIAN_POINT('',(13.077027098884,4.248983672715,
    2.779426097688));
#5009 = PCURVE('',#4930,#5010);
#5010 = DEFINITIONAL_REPRESENTATION('',(#5011),#5015);
#5011 = LINE('',#5012,#5013);
#5012 = CARTESIAN_POINT('',(2.,0.));
#5013 = VECTOR('',#5014,1.);
#5014 = DIRECTION('',(0.,1.));
#5015 = ( GEOMETRIC_REPRESENTATION_CONTEXT(2) 
PARAMETRIC_REPRESENTATION_CONTEXT() REPRESENTATION_CONTEXT('2D SPACE',''
  ) );
#5016 = PCURVE('',#3192,#5017);
#5017 = DEFINITIONAL_REPRESENTATION('',(#5018),#5022);
#5018 = LINE('',#5019,#5020);
#5019 = CARTESIAN_POINT('',(2.,0.));
#5020 = VECTOR('',#5021,1.);
#5021 = DIRECTION('',(0.,1.));
#5022 = ( GEOMETRIC_REPRESENTATION_CONTEXT(2) 
PARAMETRIC_REPRESENTATION_CONTEXT() REPRESENTATION_CONTEXT('2D SPACE',''
  ) );
#5023 = ADVANCED_FACE('',(#5024),#4652,.T.);
#5024 = FACE_BOUND('',#5025,.T.);
#5025 = EDGE_LOOP('',(#5026,#5078,#5107,#5108,#5139));
#5026 = ORIENTED_EDGE('',*,*,#5027,.F.);
#5027 = EDGE_CURVE('',#5028,#5030,#5032,.T.);
#5028 = VERTEX_POINT('',#5029);
#5029 = CARTESIAN_POINT('',(13.445961807953,-4.850513316655,
    0.468602673299));
#5030 = VERTEX_POINT('',#5031);
#5031 = CARTESIAN_POINT('',(10.699907955179,-9.488444063739,0.4755001));
#5032 = SURFACE_CURVE('',#5033,(#5046,#5062),.PCURVE_S1.);
#5033 = B_SPLINE_CURVE_WITH_KNOTS('',6,(#5034,#5035,#5036,#5037,#5038,
    #5039,#5040,#5041,#5042,#5043,#5044,#5045),.UNSPECIFIED.,.F.,.F.,(7,
    5,7),(0.,0.781014587458,1.),.UNSPECIFIED.);
#5034 = CARTESIAN_POINT('',(13.445961807953,-4.850513316655,
    0.468602673299));
#5035 = CARTESIAN_POINT('',(13.207488047619,-5.514831742935,
    0.469706366198));
#5036 = CARTESIAN_POINT('',(12.929801430605,-6.165081651927,
    0.470973178346));
#5037 = CARTESIAN_POINT('',(12.613748533252,-6.7982656521,0.472183539069
    ));
#5038 = CARTESIAN_POINT('',(12.260566082508,-7.411548773756,
    0.473225242847));
#5039 = CARTESIAN_POINT('',(11.871814213843,-8.002229704342,
    0.474059385666));
#5040 = CARTESIAN_POINT('',(11.330963292552,-8.726327575477,
    0.474862018521));
#5041 = CARTESIAN_POINT('',(11.20987726628,-8.882918971965,
    0.475021482358));
#5042 = CARTESIAN_POINT('',(11.086184973101,-9.037479605314,
    0.475164687077));
#5043 = CARTESIAN_POINT('',(10.959929342968,-9.189955521805,
    0.475291870221));
#5044 = CARTESIAN_POINT('',(10.831154938538,-9.3402941026,0.475403464941
    ));
#5045 = CARTESIAN_POINT('',(10.699907955178,-9.48844406374,0.4755001));
#5046 = PCURVE('',#4652,#5047);
#5047 = DEFINITIONAL_REPRESENTATION('',(#5048),#5061);
#5048 = B_SPLINE_CURVE_WITH_KNOTS('',6,(#5049,#5050,#5051,#5052,#5053,
    #5054,#5055,#5056,#5057,#5058,#5059,#5060),.UNSPECIFIED.,.F.,.F.,(7,
    5,7),(0.,0.781014587458,1.),.UNSPECIFIED.);
#5049 = CARTESIAN_POINT('',(4.,0.944916545379));
#5050 = CARTESIAN_POINT('',(3.974582586862,0.937057348138));
#5051 = CARTESIAN_POINT('',(3.948699437482,0.929197038531));
#5052 = CARTESIAN_POINT('',(3.922975324244,0.921336358087));
#5053 = CARTESIAN_POINT('',(3.897728726347,0.913475405952));
#5054 = CARTESIAN_POINT('',(3.873070504749,0.905614370782));
#5055 = CARTESIAN_POINT('',(3.842254170892,0.895550303182));
#5056 = CARTESIAN_POINT('',(3.835552193481,0.893346462502));
#5057 = CARTESIAN_POINT('',(3.828896467463,0.891142672239));
#5058 = CARTESIAN_POINT('',(3.82228633662,0.888938938533));
#5059 = CARTESIAN_POINT('',(3.815720587284,0.886735266563));
#5060 = CARTESIAN_POINT('',(3.809197448346,0.884531660549));
#5061 = ( GEOMETRIC_REPRESENTATION_CONTEXT(2) 
PARAMETRIC_REPRESENTATION_CONTEXT() REPRESENTATION_CONTEXT('2D SPACE',''
  ) );
#5062 = PCURVE('',#1154,#5063);
#5063 = DEFINITIONAL_REPRESENTATION('',(#5064),#5077);
#5064 = B_SPLINE_CURVE_WITH_KNOTS('',6,(#5065,#5066,#5067,#5068,#5069,
    #5070,#5071,#5072,#5073,#5074,#5075,#5076),.UNSPECIFIED.,.F.,.F.,(7,
    5,7),(0.,0.781014587458,1.),.UNSPECIFIED.);
#5065 = CARTESIAN_POINT('',(5.936973659709,-6.897426701307E-03));
#5066 = CARTESIAN_POINT('',(5.887594975441,-5.793733802022E-03));
#5067 = CARTESIAN_POINT('',(5.838220371092,-4.526921653842E-03));
#5068 = CARTESIAN_POINT('',(5.788852955757,-3.316560931002E-03));
#5069 = CARTESIAN_POINT('',(5.739488653763,-2.274857152762E-03));
#5070 = CARTESIAN_POINT('',(5.690124510675,-1.440714333834E-03));
#5071 = CARTESIAN_POINT('',(5.626923218576,-6.380814790929E-04));
#5072 = CARTESIAN_POINT('',(5.613083146235,-4.786176421421E-04));
#5073 = CARTESIAN_POINT('',(5.59924314038,-3.35412922798E-04));
#5074 = CARTESIAN_POINT('',(5.585403181,-2.082297789476E-04));
#5075 = CARTESIAN_POINT('',(5.571563250273,-9.663505862276E-05));
#5076 = CARTESIAN_POINT('',(5.557723332563,0.));
#5077 = ( GEOMETRIC_REPRESENTATION_CONTEXT(2) 
PARAMETRIC_REPRESENTATION_CONTEXT() REPRESENTATION_CONTEXT('2D SPACE',''
  ) );
#5078 = ORIENTED_EDGE('',*,*,#5079,.T.);
#5079 = EDGE_CURVE('',#5028,#4639,#5080,.T.);
#5080 = SURFACE_CURVE('',#5081,(#5093,#5100),.PCURVE_S1.);
#5081 = ( BOUNDED_CURVE() B_SPLINE_CURVE(6,(#5082,#5083,#5084,#5085,
    #5086,#5087,#5088,#5089,#5090,#5091,#5092),.UNSPECIFIED.,.F.,.F.) 
B_SPLINE_CURVE_WITH_KNOTS((7,4,7),(0.,0.5,1.),.UNSPECIFIED.) CURVE() 
GEOMETRIC_REPRESENTATION_ITEM() RATIONAL_B_SPLINE_CURVE((1.,1.,1.,1.,1.,
1.,1.,1.,1.,1.,1.)) REPRESENTATION_ITEM('') );
#5082 = CARTESIAN_POINT('',(14.3,7.967026135827E-14,-0.476313872081));
#5083 = CARTESIAN_POINT('',(14.249503403065,7.485744908481,
    -0.392980538748));
#5084 = CARTESIAN_POINT('',(9.743902372885,14.971489816958,
    -0.309647205424));
#5085 = CARTESIAN_POINT('',(-8.489740359846E-02,18.810558014815,
    -0.226313872078));
#5086 = CARTESIAN_POINT('',(-9.614294440751,14.97148981696,
    -0.142980538744));
#5087 = CARTESIAN_POINT('',(-18.98570555925,2.459951696351E-13,
    2.368612791852E-02));
#5088 = CARTESIAN_POINT('',(-9.614294440751,-14.97148981696,
    0.190352794582));
#5089 = CARTESIAN_POINT('',(-8.489740359769E-02,-18.81055801481,
    0.273686127915));
#5090 = CARTESIAN_POINT('',(9.743902372885,-14.97148981696,
    0.357019461261));
#5091 = CARTESIAN_POINT('',(14.249503403065,-7.485744908481,
    0.440352794585));
#5092 = CARTESIAN_POINT('',(14.3,7.88477711463E-14,0.523686127919));
#5093 = PCURVE('',#4652,#5094);
#5094 = DEFINITIONAL_REPRESENTATION('',(#5095),#5099);
#5095 = LINE('',#5096,#5097);
#5096 = CARTESIAN_POINT('',(4.,0.));
#5097 = VECTOR('',#5098,1.);
#5098 = DIRECTION('',(0.,1.));
#5099 = ( GEOMETRIC_REPRESENTATION_CONTEXT(2) 
PARAMETRIC_REPRESENTATION_CONTEXT() REPRESENTATION_CONTEXT('2D SPACE',''
  ) );
#5100 = PCURVE('',#1096,#5101);
#5101 = DEFINITIONAL_REPRESENTATION('',(#5102),#5106);
#5102 = LINE('',#5103,#5104);
#5103 = CARTESIAN_POINT('',(4.,0.));
#5104 = VECTOR('',#5105,1.);
#5105 = DIRECTION('',(0.,1.));
#5106 = ( GEOMETRIC_REPRESENTATION_CONTEXT(2) 
PARAMETRIC_REPRESENTATION_CONTEXT() REPRESENTATION_CONTEXT('2D SPACE',''
  ) );
#5107 = ORIENTED_EDGE('',*,*,#4638,.F.);
#5108 = ORIENTED_EDGE('',*,*,#5109,.F.);
#5109 = EDGE_CURVE('',#5110,#4541,#5112,.T.);
#5110 = VERTEX_POINT('',#5111);
#5111 = CARTESIAN_POINT('',(10.699907955182,-9.488444063736,
    0.760845732632));
#5112 = SURFACE_CURVE('',#5113,(#5125,#5132),.PCURVE_S1.);
#5113 = ( BOUNDED_CURVE() B_SPLINE_CURVE(6,(#5114,#5115,#5116,#5117,
    #5118,#5119,#5120,#5121,#5122,#5123,#5124),.UNSPECIFIED.,.F.,.F.) 
B_SPLINE_CURVE_WITH_KNOTS((7,4,7),(0.,0.5,1.),.UNSPECIFIED.) CURVE() 
GEOMETRIC_REPRESENTATION_ITEM() RATIONAL_B_SPLINE_CURVE((1.,1.,1.,1.,1.,
1.,1.,1.,1.,1.,1.)) REPRESENTATION_ITEM('') );
#5114 = CARTESIAN_POINT('',(14.3,7.967026135827E-14,-0.123685927919));
#5115 = CARTESIAN_POINT('',(14.249503403065,7.485744908481,
    -4.035259458501E-02));
#5116 = CARTESIAN_POINT('',(9.743902372885,14.971489816958,
    4.298073873904E-02));
#5117 = CARTESIAN_POINT('',(-8.489740359846E-02,18.810558014815,
    0.126314072085));
#5118 = CARTESIAN_POINT('',(-9.614294440751,14.97148981696,
    0.209647405418));
#5119 = CARTESIAN_POINT('',(-18.98570555925,2.459951696351E-13,
    0.376314072081));
#5120 = CARTESIAN_POINT('',(-9.614294440751,-14.97148981696,
    0.542980738744));
#5121 = CARTESIAN_POINT('',(-8.489740359769E-02,-18.81055801481,
    0.626314072078));
#5122 = CARTESIAN_POINT('',(9.743902372885,-14.97148981696,
    0.709647405424));
#5123 = CARTESIAN_POINT('',(14.249503403065,-7.485744908481,
    0.792980738748));
#5124 = CARTESIAN_POINT('',(14.3,7.88477711463E-14,0.876314072081));
#5125 = PCURVE('',#4652,#5126);
#5126 = DEFINITIONAL_REPRESENTATION('',(#5127),#5131);
#5127 = LINE('',#5128,#5129);
#5128 = CARTESIAN_POINT('',(3.,0.));
#5129 = VECTOR('',#5130,1.);
#5130 = DIRECTION('',(0.,1.));
#5131 = ( GEOMETRIC_REPRESENTATION_CONTEXT(2) 
PARAMETRIC_REPRESENTATION_CONTEXT() REPRESENTATION_CONTEXT('2D SPACE',''
  ) );
#5132 = PCURVE('',#1196,#5133);
#5133 = DEFINITIONAL_REPRESENTATION('',(#5134),#5138);
#5134 = LINE('',#5135,#5136);
#5135 = CARTESIAN_POINT('',(3.,0.));
#5136 = VECTOR('',#5137,1.);
#5137 = DIRECTION('',(0.,1.));
#5138 = ( GEOMETRIC_REPRESENTATION_CONTEXT(2) 
PARAMETRIC_REPRESENTATION_CONTEXT() REPRESENTATION_CONTEXT('2D SPACE',''
  ) );
#5139 = ORIENTED_EDGE('',*,*,#5140,.F.);
#5140 = EDGE_CURVE('',#5030,#5110,#5141,.T.);
#5141 = SURFACE_CURVE('',#5142,(#5149,#5159),.PCURVE_S1.);
#5142 = B_SPLINE_CURVE_WITH_KNOTS('',5,(#5143,#5144,#5145,#5146,#5147,
    #5148),.UNSPECIFIED.,.F.,.F.,(6,6),(0.,1.),
  .PIECEWISE_BEZIER_KNOTS.);
#5143 = CARTESIAN_POINT('',(10.699907955178,-9.48844406374,0.4754995));
#5144 = CARTESIAN_POINT('',(10.699907955178,-9.48844406374,
    0.523371837967));
#5145 = CARTESIAN_POINT('',(10.699907955181,-9.488444063737,
    0.587725936294));
#5146 = CARTESIAN_POINT('',(10.699907955172,-9.488444063746,
    0.649610044226));
#5147 = CARTESIAN_POINT('',(10.69990795518,-9.488444063738,
    0.704354862344));
#5148 = CARTESIAN_POINT('',(10.69990795518,-9.488444063738,
    0.760845732632));
#5149 = PCURVE('',#4652,#5150);
#5150 = DEFINITIONAL_REPRESENTATION('',(#5151),#5158);
#5151 = B_SPLINE_CURVE_WITH_KNOTS('',5,(#5152,#5153,#5154,#5155,#5156,
    #5157),.UNSPECIFIED.,.F.,.F.,(6,6),(0.,1.),
  .PIECEWISE_BEZIER_KNOTS.);
#5152 = CARTESIAN_POINT('',(3.809199149856,0.884531660549));
#5153 = CARTESIAN_POINT('',(3.673440374183,0.884531660549));
#5154 = CARTESIAN_POINT('',(3.490941796314,0.884531660549));
#5155 = CARTESIAN_POINT('',(3.315447741018,0.884531660549));
#5156 = CARTESIAN_POINT('',(3.160199641644,0.884531660549));
#5157 = CARTESIAN_POINT('',(3.,0.884531660549));
#5158 = ( GEOMETRIC_REPRESENTATION_CONTEXT(2) 
PARAMETRIC_REPRESENTATION_CONTEXT() REPRESENTATION_CONTEXT('2D SPACE',''
  ) );
#5159 = PCURVE('',#5160,#5165);
#5160 = CYLINDRICAL_SURFACE('',#5161,14.301);
#5161 = AXIS2_PLACEMENT_3D('',#5162,#5163,#5164);
#5162 = CARTESIAN_POINT('',(0.,0.,0.2000001));
#5163 = DIRECTION('',(-0.,-0.,-1.));
#5164 = DIRECTION('',(1.,0.,-0.));
#5165 = DEFINITIONAL_REPRESENTATION('',(#5166),#5173);
#5166 = B_SPLINE_CURVE_WITH_KNOTS('',5,(#5167,#5168,#5169,#5170,#5171,
    #5172),.UNSPECIFIED.,.F.,.F.,(6,6),(0.,1.),
  .PIECEWISE_BEZIER_KNOTS.);
#5167 = CARTESIAN_POINT('',(-5.557723332563,-0.2754994));
#5168 = CARTESIAN_POINT('',(-5.557723332563,-0.323371737967));
#5169 = CARTESIAN_POINT('',(-5.557723332564,-0.387725836294));
#5170 = CARTESIAN_POINT('',(-5.557723332563,-0.449609944226));
#5171 = CARTESIAN_POINT('',(-5.557723332563,-0.504354762344));
#5172 = CARTESIAN_POINT('',(-5.557723332563,-0.560845632632));
#5173 = ( GEOMETRIC_REPRESENTATION_CONTEXT(2) 
PARAMETRIC_REPRESENTATION_CONTEXT() REPRESENTATION_CONTEXT('2D SPACE',''
  ) );
#5174 = ADVANCED_FACE('',(#5175),#5160,.T.);
#5175 = FACE_BOUND('',#5176,.F.);
#5176 = EDGE_LOOP('',(#5177,#5201,#5253,#5286));
#5177 = ORIENTED_EDGE('',*,*,#5178,.F.);
#5178 = EDGE_CURVE('',#5179,#5030,#5181,.T.);
#5179 = VERTEX_POINT('',#5180);
#5180 = CARTESIAN_POINT('',(7.550449059645,-12.14534149366,0.4755001));
#5181 = SURFACE_CURVE('',#5182,(#5187,#5194),.PCURVE_S1.);
#5182 = CIRCLE('',#5183,14.301);
#5183 = AXIS2_PLACEMENT_3D('',#5184,#5185,#5186);
#5184 = CARTESIAN_POINT('',(0.,0.,0.4755001));
#5185 = DIRECTION('',(0.,0.,1.));
#5186 = DIRECTION('',(1.,0.,-0.));
#5187 = PCURVE('',#5160,#5188);
#5188 = DEFINITIONAL_REPRESENTATION('',(#5189),#5193);
#5189 = LINE('',#5190,#5191);
#5190 = CARTESIAN_POINT('',(-0.,-0.2755));
#5191 = VECTOR('',#5192,1.);
#5192 = DIRECTION('',(-1.,0.));
#5193 = ( GEOMETRIC_REPRESENTATION_CONTEXT(2) 
PARAMETRIC_REPRESENTATION_CONTEXT() REPRESENTATION_CONTEXT('2D SPACE',''
  ) );
#5194 = PCURVE('',#1154,#5195);
#5195 = DEFINITIONAL_REPRESENTATION('',(#5196),#5200);
#5196 = LINE('',#5197,#5198);
#5197 = CARTESIAN_POINT('',(0.,-0.));
#5198 = VECTOR('',#5199,1.);
#5199 = DIRECTION('',(1.,-0.));
#5200 = ( GEOMETRIC_REPRESENTATION_CONTEXT(2) 
PARAMETRIC_REPRESENTATION_CONTEXT() REPRESENTATION_CONTEXT('2D SPACE',''
  ) );
#5201 = ORIENTED_EDGE('',*,*,#5202,.T.);
#5202 = EDGE_CURVE('',#5179,#5203,#5205,.T.);
#5203 = VERTEX_POINT('',#5204);
#5204 = CARTESIAN_POINT('',(7.550449059646,-12.14534149366,
    0.714824352014));
#5205 = SURFACE_CURVE('',#5206,(#5212,#5221),.PCURVE_S1.);
#5206 = B_SPLINE_CURVE_WITH_KNOTS('',4,(#5207,#5208,#5209,#5210,#5211),
  .UNSPECIFIED.,.F.,.F.,(5,5),(0.,1.),.PIECEWISE_BEZIER_KNOTS.);
#5207 = CARTESIAN_POINT('',(7.550449059646,-12.14534149366,0.4754995));
#5208 = CARTESIAN_POINT('',(7.550449059646,-12.14534149366,
    0.535330713003));
#5209 = CARTESIAN_POINT('',(7.550449059652,-12.14534149365,
    0.595161926007));
#5210 = CARTESIAN_POINT('',(7.550449059649,-12.14534149366,0.65499313901
    ));
#5211 = CARTESIAN_POINT('',(7.550449059649,-12.14534149366,
    0.714824352014));
#5212 = PCURVE('',#5160,#5213);
#5213 = DEFINITIONAL_REPRESENTATION('',(#5214),#5220);
#5214 = B_SPLINE_CURVE_WITH_KNOTS('',4,(#5215,#5216,#5217,#5218,#5219),
  .UNSPECIFIED.,.F.,.F.,(5,5),(0.,1.),.PIECEWISE_BEZIER_KNOTS.);
#5215 = CARTESIAN_POINT('',(-5.268593347592,-0.2754994));
#5216 = CARTESIAN_POINT('',(-5.268593347592,-0.335330613003));
#5217 = CARTESIAN_POINT('',(-5.268593347592,-0.395161826007));
#5218 = CARTESIAN_POINT('',(-5.268593347592,-0.45499303901));
#5219 = CARTESIAN_POINT('',(-5.268593347592,-0.514824252014));
#5220 = ( GEOMETRIC_REPRESENTATION_CONTEXT(2) 
PARAMETRIC_REPRESENTATION_CONTEXT() REPRESENTATION_CONTEXT('2D SPACE',''
  ) );
#5221 = PCURVE('',#5222,#5245);
#5222 = ( BOUNDED_SURFACE() B_SPLINE_SURFACE(1,6,(
    (#5223,#5224,#5225,#5226,#5227,#5228,#5229,#5230,#5231,#5232,#5233)
    ,(#5234,#5235,#5236,#5237,#5238,#5239,#5240,#5241,#5242,#5243,#5244
)),.UNSPECIFIED.,.F.,.F.,.F.) B_SPLINE_SURFACE_WITH_KNOTS((2,2),(7,4,7),
(3.,4.),(0.,0.5,1.),.UNSPECIFIED.) GEOMETRIC_REPRESENTATION_ITEM() 
RATIONAL_B_SPLINE_SURFACE((
    (1.,1.,1.,1.,1.,1.,1.,1.,1.,1.,1.)
,(1.,1.,1.,1.,1.,1.,1.,1.,1.,1.,1.
  ))) REPRESENTATION_ITEM('') SURFACE() );
#5223 = CARTESIAN_POINT('',(14.3,7.967026135827E-14,-0.123685927919));
#5224 = CARTESIAN_POINT('',(14.249503403065,7.485744908481,
    -4.035259458501E-02));
#5225 = CARTESIAN_POINT('',(9.743902372885,14.971489816958,
    4.298073873904E-02));
#5226 = CARTESIAN_POINT('',(-8.489740359846E-02,18.810558014815,
    0.126314072085));
#5227 = CARTESIAN_POINT('',(-9.614294440751,14.97148981696,
    0.209647405418));
#5228 = CARTESIAN_POINT('',(-18.98570555925,2.459951696351E-13,
    0.376314072081));
#5229 = CARTESIAN_POINT('',(-9.614294440751,-14.97148981696,
    0.542980738744));
#5230 = CARTESIAN_POINT('',(-8.489740359769E-02,-18.81055801481,
    0.626314072078));
#5231 = CARTESIAN_POINT('',(9.743902372885,-14.97148981696,
    0.709647405424));
#5232 = CARTESIAN_POINT('',(14.249503403065,-7.485744908481,
    0.792980738748));
#5233 = CARTESIAN_POINT('',(14.3,7.88477711463E-14,0.876314072081));
#5234 = CARTESIAN_POINT('',(14.3,7.967026135827E-14,-0.476313872081));
#5235 = CARTESIAN_POINT('',(14.249503403065,7.485744908481,
    -0.392980538748));
#5236 = CARTESIAN_POINT('',(9.743902372885,14.971489816958,
    -0.309647205424));
#5237 = CARTESIAN_POINT('',(-8.489740359846E-02,18.810558014815,
    -0.226313872078));
#5238 = CARTESIAN_POINT('',(-9.614294440751,14.97148981696,
    -0.142980538744));
#5239 = CARTESIAN_POINT('',(-18.98570555925,2.459951696351E-13,
    2.368612791852E-02));
#5240 = CARTESIAN_POINT('',(-9.614294440751,-14.97148981696,
    0.190352794582));
#5241 = CARTESIAN_POINT('',(-8.489740359769E-02,-18.81055801481,
    0.273686127915));
#5242 = CARTESIAN_POINT('',(9.743902372885,-14.97148981696,
    0.357019461261));
#5243 = CARTESIAN_POINT('',(14.249503403065,-7.485744908481,
    0.440352794585));
#5244 = CARTESIAN_POINT('',(14.3,7.88477711463E-14,0.523686127919));
#5245 = DEFINITIONAL_REPRESENTATION('',(#5246),#5252);
#5246 = B_SPLINE_CURVE_WITH_KNOTS('',4,(#5247,#5248,#5249,#5250,#5251),
  .UNSPECIFIED.,.F.,.F.,(5,5),(0.,1.),.PIECEWISE_BEZIER_KNOTS.);
#5247 = CARTESIAN_POINT('',(3.678689411816,0.83851027993));
#5248 = CARTESIAN_POINT('',(3.509017058862,0.83851027993));
#5249 = CARTESIAN_POINT('',(3.339344705908,0.83851027993));
#5250 = CARTESIAN_POINT('',(3.169672352954,0.83851027993));
#5251 = CARTESIAN_POINT('',(3.,0.83851027993));
#5252 = ( GEOMETRIC_REPRESENTATION_CONTEXT(2) 
PARAMETRIC_REPRESENTATION_CONTEXT() REPRESENTATION_CONTEXT('2D SPACE',''
  ) );
#5253 = ORIENTED_EDGE('',*,*,#5254,.T.);
#5254 = EDGE_CURVE('',#5203,#5110,#5255,.T.);
#5255 = SURFACE_CURVE('',#5256,(#5264,#5275),.PCURVE_S1.);
#5256 = B_SPLINE_CURVE_WITH_KNOTS('',6,(#5257,#5258,#5259,#5260,#5261,
    #5262,#5263),.UNSPECIFIED.,.F.,.F.,(7,7),(0.,1.),
  .PIECEWISE_BEZIER_KNOTS.);
#5257 = CARTESIAN_POINT('',(7.550449059644,-12.14534149366,
    0.714824352014));
#5258 = CARTESIAN_POINT('',(8.135709018111,-11.78150030357,
    0.722547009195));
#5259 = CARTESIAN_POINT('',(8.69993984734,-11.38380973597,0.730262692832
    ));
#5260 = CARTESIAN_POINT('',(9.240672112242,-10.9538019518,0.737961863437
    ));
#5261 = CARTESIAN_POINT('',(9.755622559732,-10.49323161126,
    0.745632899595));
#5262 = CARTESIAN_POINT('',(10.242676718369,-10.00405358994,
    0.753263303959));
#5263 = CARTESIAN_POINT('',(10.699907955181,-9.488444063736,
    0.760845732632));
#5264 = PCURVE('',#5160,#5265);
#5265 = DEFINITIONAL_REPRESENTATION('',(#5266),#5274);
#5266 = B_SPLINE_CURVE_WITH_KNOTS('',6,(#5267,#5268,#5269,#5270,#5271,
    #5272,#5273),.UNSPECIFIED.,.F.,.F.,(7,7),(0.,1.),
  .PIECEWISE_BEZIER_KNOTS.);
#5267 = CARTESIAN_POINT('',(-5.268593347591,-0.514824252014));
#5268 = CARTESIAN_POINT('',(-5.316781367564,-0.522546909195));
#5269 = CARTESIAN_POINT('',(-5.364970224549,-0.530262592832));
#5270 = CARTESIAN_POINT('',(-5.413158149587,-0.537961763437));
#5271 = CARTESIAN_POINT('',(-5.461346120547,-0.545632799595));
#5272 = CARTESIAN_POINT('',(-5.509535111846,-0.553263203959));
#5273 = CARTESIAN_POINT('',(-5.557723332564,-0.560845632632));
#5274 = ( GEOMETRIC_REPRESENTATION_CONTEXT(2) 
PARAMETRIC_REPRESENTATION_CONTEXT() REPRESENTATION_CONTEXT('2D SPACE',''
  ) );
#5275 = PCURVE('',#1196,#5276);
#5276 = DEFINITIONAL_REPRESENTATION('',(#5277),#5285);
#5277 = B_SPLINE_CURVE_WITH_KNOTS('',6,(#5278,#5279,#5280,#5281,#5282,
    #5283,#5284),.UNSPECIFIED.,.F.,.F.,(7,7),(0.,1.),
  .PIECEWISE_BEZIER_KNOTS.);
#5278 = CARTESIAN_POINT('',(3.,0.83851027993));
#5279 = CARTESIAN_POINT('',(2.999628109098,0.846178130785));
#5280 = CARTESIAN_POINT('',(2.999309570102,0.853846870675));
#5281 = CARTESIAN_POINT('',(2.999108753626,0.861516446543));
#5282 = CARTESIAN_POINT('',(2.99910653083,0.869187155123));
#5283 = CARTESIAN_POINT('',(2.999388285129,0.876859082197));
#5284 = CARTESIAN_POINT('',(3.,0.884531660549));
#5285 = ( GEOMETRIC_REPRESENTATION_CONTEXT(2) 
PARAMETRIC_REPRESENTATION_CONTEXT() REPRESENTATION_CONTEXT('2D SPACE',''
  ) );
#5286 = ORIENTED_EDGE('',*,*,#5140,.F.);
#5287 = ADVANCED_FACE('',(#5288),#5222,.T.);
#5288 = FACE_BOUND('',#5289,.T.);
#5289 = EDGE_LOOP('',(#5290,#5321,#5444));
#5290 = ORIENTED_EDGE('',*,*,#5291,.F.);
#5291 = EDGE_CURVE('',#5292,#5203,#5294,.T.);
#5292 = VERTEX_POINT('',#5293);
#5293 = CARTESIAN_POINT('',(-11.66289280772,-8.274512540771,
    0.474522003191));
#5294 = SURFACE_CURVE('',#5295,(#5307,#5314),.PCURVE_S1.);
#5295 = ( BOUNDED_CURVE() B_SPLINE_CURVE(6,(#5296,#5297,#5298,#5299,
    #5300,#5301,#5302,#5303,#5304,#5305,#5306),.UNSPECIFIED.,.F.,.F.) 
B_SPLINE_CURVE_WITH_KNOTS((7,4,7),(0.,0.5,1.),.UNSPECIFIED.) CURVE() 
GEOMETRIC_REPRESENTATION_ITEM() RATIONAL_B_SPLINE_CURVE((1.,1.,1.,1.,1.,
1.,1.,1.,1.,1.,1.)) REPRESENTATION_ITEM('') );
#5296 = CARTESIAN_POINT('',(14.3,7.967026135827E-14,-0.123685927919));
#5297 = CARTESIAN_POINT('',(14.249503403065,7.485744908481,
    -4.035259458501E-02));
#5298 = CARTESIAN_POINT('',(9.743902372885,14.971489816958,
    4.298073873904E-02));
#5299 = CARTESIAN_POINT('',(-8.489740359846E-02,18.810558014815,
    0.126314072085));
#5300 = CARTESIAN_POINT('',(-9.614294440751,14.97148981696,
    0.209647405418));
#5301 = CARTESIAN_POINT('',(-18.98570555925,2.459951696351E-13,
    0.376314072081));
#5302 = CARTESIAN_POINT('',(-9.614294440751,-14.97148981696,
    0.542980738744));
#5303 = CARTESIAN_POINT('',(-8.489740359769E-02,-18.81055801481,
    0.626314072078));
#5304 = CARTESIAN_POINT('',(9.743902372885,-14.97148981696,
    0.709647405424));
#5305 = CARTESIAN_POINT('',(14.249503403065,-7.485744908481,
    0.792980738748));
#5306 = CARTESIAN_POINT('',(14.3,7.88477711463E-14,0.876314072081));
#5307 = PCURVE('',#5222,#5308);
#5308 = DEFINITIONAL_REPRESENTATION('',(#5309),#5313);
#5309 = LINE('',#5310,#5311);
#5310 = CARTESIAN_POINT('',(3.,0.));
#5311 = VECTOR('',#5312,1.);
#5312 = DIRECTION('',(0.,1.));
#5313 = ( GEOMETRIC_REPRESENTATION_CONTEXT(2) 
PARAMETRIC_REPRESENTATION_CONTEXT() REPRESENTATION_CONTEXT('2D SPACE',''
  ) );
#5314 = PCURVE('',#1196,#5315);
#5315 = DEFINITIONAL_REPRESENTATION('',(#5316),#5320);
#5316 = LINE('',#5317,#5318);
#5317 = CARTESIAN_POINT('',(3.,0.));
#5318 = VECTOR('',#5319,1.);
#5319 = DIRECTION('',(0.,1.));
#5320 = ( GEOMETRIC_REPRESENTATION_CONTEXT(2) 
PARAMETRIC_REPRESENTATION_CONTEXT() REPRESENTATION_CONTEXT('2D SPACE',''
  ) );
#5321 = ORIENTED_EDGE('',*,*,#5322,.F.);
#5322 = EDGE_CURVE('',#5179,#5292,#5323,.T.);
#5323 = SURFACE_CURVE('',#5324,(#5362,#5403),.PCURVE_S1.);
#5324 = B_SPLINE_CURVE_WITH_KNOTS('',8,(#5325,#5326,#5327,#5328,#5329,
    #5330,#5331,#5332,#5333,#5334,#5335,#5336,#5337,#5338,#5339,#5340,
    #5341,#5342,#5343,#5344,#5345,#5346,#5347,#5348,#5349,#5350,#5351,
    #5352,#5353,#5354,#5355,#5356,#5357,#5358,#5359,#5360,#5361),
  .UNSPECIFIED.,.F.,.F.,(9,7,7,7,7,9),(0.,0.199555262057,0.302892338705,
    0.343878977137,0.801331752431,1.),.UNSPECIFIED.);
#5325 = CARTESIAN_POINT('',(7.550449059644,-12.14534149366,0.4755001));
#5326 = CARTESIAN_POINT('',(7.09297054725,-12.42955597969,0.475340236113
    ));
#5327 = CARTESIAN_POINT('',(6.62324374905,-12.69407019934,0.475163292106
    ));
#5328 = CARTESIAN_POINT('',(6.142274657126,-12.93827426266,
    0.474983601247));
#5329 = CARTESIAN_POINT('',(5.651096394585,-13.1616242373,0.474813102715
    ));
#5330 = CARTESIAN_POINT('',(5.150767271379,-13.36363823815,
    0.474660587036));
#5331 = CARTESIAN_POINT('',(4.642369978026,-13.54389502717,
    0.474531453633));
#5332 = CARTESIAN_POINT('',(4.127011917194,-13.70203512318,
    0.474427980471));
#5333 = CARTESIAN_POINT('',(3.335937726362,-13.90805005985,
    0.474309779455));
#5334 = CARTESIAN_POINT('',(3.064484224155,-13.9723266572,0.474276342602
    ));
#5335 = CARTESIAN_POINT('',(2.791622623188,-14.03055343979,
    0.474249728418));
#5336 = CARTESIAN_POINT('',(2.517510260899,-14.08269446416,
    0.474229747559));
#5337 = CARTESIAN_POINT('',(2.242305355534,-14.12871861742,
    0.474216088183));
#5338 = CARTESIAN_POINT('',(1.966167006148,-14.16859961729,0.47420831595
    ));
#5339 = CARTESIAN_POINT('',(1.689255192604,-14.20231601202,
    0.474205874022));
#5340 = CARTESIAN_POINT('',(1.301656121776,-14.24077246863,
    0.474208959234));
#5341 = CARTESIAN_POINT('',(1.191485054539,-14.25072136282,
    0.474210571808));
#5342 = CARTESIAN_POINT('',(1.081227592423,-14.25969683157,
    0.474212881379));
#5343 = CARTESIAN_POINT('',(0.970893763743,-14.26769796653,0.47421584751
    ));
#5344 = CARTESIAN_POINT('',(0.860493606578,-14.27472398244,
    0.474219428734));
#5345 = CARTESIAN_POINT('',(0.750037168767,-14.28077421712,
    0.474223582555));
#5346 = CARTESIAN_POINT('',(0.639534507909,-14.28584813147,
    0.474228265446));
#5347 = CARTESIAN_POINT('',(-0.704730477448,-14.335674004,0.47429110634)
  );
#5348 = CARTESIAN_POINT('',(-1.943473115471,-14.25975119489,
    0.474409190613));
#5349 = CARTESIAN_POINT('',(-3.172464941419,-14.06139440186,
    0.474526600937));
#5350 = CARTESIAN_POINT('',(-4.37761042833,-13.74220102926,
    0.474574468508));
#5351 = CARTESIAN_POINT('',(-5.545338861843,-13.30551265566,
    0.474525439651));
#5352 = CARTESIAN_POINT('',(-6.662642381407,-12.75646151562,
    0.474424273705));
#5353 = CARTESIAN_POINT('',(-7.717084297461,-12.10190168275,
    0.474333307664));
#5354 = CARTESIAN_POINT('',(-9.122646945567,-11.02489750025,
    0.474275480698));
#5355 = CARTESIAN_POINT('',(-9.534276603439,-10.68055591471,
    0.474267526609));
#5356 = CARTESIAN_POINT('',(-9.931024901636,-10.31868732139,
    0.474272412532));
#5357 = CARTESIAN_POINT('',(-10.31202520647,-9.940047647638,0.4742927318
    ));
#5358 = CARTESIAN_POINT('',(-10.67645910547,-9.545439383712,
    0.47432961306));
#5359 = CARTESIAN_POINT('',(-11.02355536262,-9.135710307793,
    0.474382278988));
#5360 = CARTESIAN_POINT('',(-11.35259075748,-8.711754056414,
    0.474447937175));
#5361 = CARTESIAN_POINT('',(-11.66289280798,-8.274512540404,
    0.474522003186));
#5362 = PCURVE('',#5222,#5363);
#5363 = DEFINITIONAL_REPRESENTATION('',(#5364),#5402);
#5364 = B_SPLINE_CURVE_WITH_KNOTS('',8,(#5365,#5366,#5367,#5368,#5369,
    #5370,#5371,#5372,#5373,#5374,#5375,#5376,#5377,#5378,#5379,#5380,
    #5381,#5382,#5383,#5384,#5385,#5386,#5387,#5388,#5389,#5390,#5391,
    #5392,#5393,#5394,#5395,#5396,#5397,#5398,#5399,#5400,#5401),
  .UNSPECIFIED.,.F.,.F.,(9,7,7,7,7,9),(0.,0.199555262057,0.302892338705,
    0.343878977137,0.801331752431,1.),.UNSPECIFIED.);
#5365 = CARTESIAN_POINT('',(3.678687710305,0.83851027993));
#5366 = CARTESIAN_POINT('',(3.662146940079,0.832517678244));
#5367 = CARTESIAN_POINT('',(3.645655389863,0.826525352788));
#5368 = CARTESIAN_POINT('',(3.629172452786,0.820533317714));
#5369 = CARTESIAN_POINT('',(3.612663993082,0.814541474975));
#5370 = CARTESIAN_POINT('',(3.596104655663,0.808549674185));
#5371 = CARTESIAN_POINT('',(3.579478717427,0.802557770362));
#5372 = CARTESIAN_POINT('',(3.562779480342,0.796565679559));
#5373 = CARTESIAN_POINT('',(3.537321904,0.787470425734));
#5374 = CARTESIAN_POINT('',(3.528616887184,0.784367356697));
#5375 = CARTESIAN_POINT('',(3.519892317005,0.781264215267));
#5376 = CARTESIAN_POINT('',(3.511148706464,0.778160992999));
#5377 = CARTESIAN_POINT('',(3.502386920384,0.775057683011));
#5378 = CARTESIAN_POINT('',(3.493608175411,0.771954279986));
#5379 = CARTESIAN_POINT('',(3.48481404001,0.76885078017));
#5380 = CARTESIAN_POINT('',(3.472513069304,0.764516199371));
#5381 = CARTESIAN_POINT('',(3.469017571288,0.763285201666));
#5382 = CARTESIAN_POINT('',(3.465520051783,0.762054188124));
#5383 = CARTESIAN_POINT('',(3.462020625196,0.760823158652));
#5384 = CARTESIAN_POINT('',(3.458519408972,0.759592113197));
#5385 = CARTESIAN_POINT('',(3.455016523599,0.75836105175));
#5386 = CARTESIAN_POINT('',(3.451512092605,0.757129974344));
#5387 = CARTESIAN_POINT('',(3.408877372919,0.742158621686));
#5388 = CARTESIAN_POINT('',(3.369555404917,0.728410681223));
#5389 = CARTESIAN_POINT('',(3.330238454004,0.714663835975));
#5390 = CARTESIAN_POINT('',(3.291122767681,0.700918419494));
#5391 = CARTESIAN_POINT('',(3.252282122222,0.687173093679));
#5392 = CARTESIAN_POINT('',(3.213585716504,0.673426493739));
#5393 = CARTESIAN_POINT('',(3.1748573539,0.659678824812));
#5394 = CARTESIAN_POINT('',(3.11913406607,0.639971409416));
#5395 = CARTESIAN_POINT('',(3.102235127967,0.634004417526));
#5396 = CARTESIAN_POINT('',(3.085300800789,0.628037786471));
#5397 = CARTESIAN_POINT('',(3.068323668029,0.622071494315));
#5398 = CARTESIAN_POINT('',(3.051300263651,0.616105447486));
#5399 = CARTESIAN_POINT('',(3.034232479378,0.610139535735));
#5400 = CARTESIAN_POINT('',(3.017128033327,0.604173688275));
#5401 = CARTESIAN_POINT('',(3.,0.598207931107));
#5402 = ( GEOMETRIC_REPRESENTATION_CONTEXT(2) 
PARAMETRIC_REPRESENTATION_CONTEXT() REPRESENTATION_CONTEXT('2D SPACE',''
  ) );
#5403 = PCURVE('',#1154,#5404);
#5404 = DEFINITIONAL_REPRESENTATION('',(#5405),#5443);
#5405 = B_SPLINE_CURVE_WITH_KNOTS('',8,(#5406,#5407,#5408,#5409,#5410,
    #5411,#5412,#5413,#5414,#5415,#5416,#5417,#5418,#5419,#5420,#5421,
    #5422,#5423,#5424,#5425,#5426,#5427,#5428,#5429,#5430,#5431,#5432,
    #5433,#5434,#5435,#5436,#5437,#5438,#5439,#5440,#5441,#5442),
  .UNSPECIFIED.,.F.,.F.,(9,7,7,7,7,9),(0.,0.199555262057,0.302892338705,
    0.343878977137,0.801331752431,1.),.UNSPECIFIED.);
#5406 = CARTESIAN_POINT('',(5.268593347591,0.));
#5407 = CARTESIAN_POINT('',(5.230933302392,-1.598638869087E-04));
#5408 = CARTESIAN_POINT('',(5.193272231252,-3.368078936273E-04));
#5409 = CARTESIAN_POINT('',(5.155610804257,-5.164987525797E-04));
#5410 = CARTESIAN_POINT('',(5.11794914075,-6.86997285247E-04));
#5411 = CARTESIAN_POINT('',(5.080287090458,-8.39512963971E-04));
#5412 = CARTESIAN_POINT('',(5.042624516207,-9.686463672524E-04));
#5413 = CARTESIAN_POINT('',(5.004961578232,-1.072119528548E-03));
#5414 = CARTESIAN_POINT('',(4.947795958025,-1.190320545274E-03));
#5415 = CARTESIAN_POINT('',(4.928292868464,-1.223757397885E-03));
#5416 = CARTESIAN_POINT('',(4.908789767222,-1.250371581814E-03));
#5417 = CARTESIAN_POINT('',(4.889286668212,-1.270352440736E-03));
#5418 = CARTESIAN_POINT('',(4.869783583429,-1.284011816582E-03));
#5419 = CARTESIAN_POINT('',(4.850280522954,-1.291784049541E-03));
#5420 = CARTESIAN_POINT('',(4.830777494949,-1.294225978057E-03));
#5421 = CARTESIAN_POINT('',(4.803539024884,-1.291140766454E-03));
#5422 = CARTESIAN_POINT('',(4.795803549277,-1.289528191892E-03));
#5423 = CARTESIAN_POINT('',(4.788068079157,-1.287218621064E-03));
#5424 = CARTESIAN_POINT('',(4.780332614797,-1.284252490204E-03));
#5425 = CARTESIAN_POINT('',(4.77259715642,-1.280671265856E-03));
#5426 = CARTESIAN_POINT('',(4.764861704209,-1.276517444877E-03));
#5427 = CARTESIAN_POINT('',(4.757126258298,-1.271834554434E-03));
#5428 = CARTESIAN_POINT('',(4.663055407714,-1.208993659597E-03));
#5429 = CARTESIAN_POINT('',(4.576684964161,-1.090909362219E-03));
#5430 = CARTESIAN_POINT('',(4.490334126694,-9.734991505498E-04));
#5431 = CARTESIAN_POINT('',(4.403999802061,-9.256313676884E-04));
#5432 = CARTESIAN_POINT('',(4.317664553166,-9.746604386749E-04));
#5433 = CARTESIAN_POINT('',(4.231312000297,-1.075826269987E-03));
#5434 = CARTESIAN_POINT('',(4.144940488058,-1.166792335633E-03));
#5435 = CARTESIAN_POINT('',(4.021110244405,-1.22461930241E-03));
#5436 = CARTESIAN_POINT('',(3.983614959595,-1.232573393152E-03));
#5437 = CARTESIAN_POINT('',(3.946119952224,-1.227687465997E-03));
#5438 = CARTESIAN_POINT('',(3.908625329935,-1.20736819714E-03));
#5439 = CARTESIAN_POINT('',(3.87113088666,-1.170486941764E-03));
#5440 = CARTESIAN_POINT('',(3.833636415903,-1.117821016489E-03));
#5441 = CARTESIAN_POINT('',(3.796142013118,-1.052162822748E-03));
#5442 = CARTESIAN_POINT('',(3.758648367203,-9.780968110655E-04));
#5443 = ( GEOMETRIC_REPRESENTATION_CONTEXT(2) 
PARAMETRIC_REPRESENTATION_CONTEXT() REPRESENTATION_CONTEXT('2D SPACE',''
  ) );
#5444 = ORIENTED_EDGE('',*,*,#5202,.T.);
#5445 = ADVANCED_FACE('',(#5446),#3931,.T.);
#5446 = FACE_BOUND('',#5447,.T.);
#5447 = EDGE_LOOP('',(#5448,#5449,#5450,#5451));
#5448 = ORIENTED_EDGE('',*,*,#4615,.T.);
#5449 = ORIENTED_EDGE('',*,*,#4829,.T.);
#5450 = ORIENTED_EDGE('',*,*,#4957,.F.);
#5451 = ORIENTED_EDGE('',*,*,#3907,.F.);
#5452 = ADVANCED_FACE('',(#5453),#3192,.T.);
#5453 = FACE_BOUND('',#5454,.T.);
#5454 = EDGE_LOOP('',(#5455,#5456,#5457,#5458,#5479,#5505));
#5455 = ORIENTED_EDGE('',*,*,#3606,.F.);
#5456 = ORIENTED_EDGE('',*,*,#3961,.T.);
#5457 = ORIENTED_EDGE('',*,*,#4998,.T.);
#5458 = ORIENTED_EDGE('',*,*,#5459,.F.);
#5459 = EDGE_CURVE('',#5460,#4978,#5462,.T.);
#5460 = VERTEX_POINT('',#5461);
#5461 = CARTESIAN_POINT('',(13.059735162224,4.243365181908,
    2.779426097684));
#5462 = SURFACE_CURVE('',#5463,(#5466,#5473),.PCURVE_S1.);
#5463 = B_SPLINE_CURVE_WITH_KNOTS('',1,(#5464,#5465),.UNSPECIFIED.,.F.,
  .F.,(2,2),(1.,2.),.PIECEWISE_BEZIER_KNOTS.);
#5464 = CARTESIAN_POINT('',(13.059735162224,4.243365181908,
    2.779426097684));
#5465 = CARTESIAN_POINT('',(13.077027098884,4.248983672715,
    2.779426097688));
#5466 = PCURVE('',#3192,#5467);
#5467 = DEFINITIONAL_REPRESENTATION('',(#5468),#5472);
#5468 = LINE('',#5469,#5470);
#5469 = CARTESIAN_POINT('',(0.,1.));
#5470 = VECTOR('',#5471,1.);
#5471 = DIRECTION('',(1.,0.));
#5472 = ( GEOMETRIC_REPRESENTATION_CONTEXT(2) 
PARAMETRIC_REPRESENTATION_CONTEXT() REPRESENTATION_CONTEXT('2D SPACE',''
  ) );
#5473 = PCURVE('',#3106,#5474);
#5474 = DEFINITIONAL_REPRESENTATION('',(#5475),#5478);
#5475 = B_SPLINE_CURVE_WITH_KNOTS('',1,(#5476,#5477),.UNSPECIFIED.,.F.,
  .F.,(2,2),(1.,2.),.PIECEWISE_BEZIER_KNOTS.);
#5476 = CARTESIAN_POINT('',(3.264521876396E-02,4.896782814594E-02));
#5477 = CARTESIAN_POINT('',(4.777340593374E-02,3.888237003276E-02));
#5478 = ( GEOMETRIC_REPRESENTATION_CONTEXT(2) 
PARAMETRIC_REPRESENTATION_CONTEXT() REPRESENTATION_CONTEXT('2D SPACE',''
  ) );
#5479 = ORIENTED_EDGE('',*,*,#5480,.F.);
#5480 = EDGE_CURVE('',#3173,#5460,#5481,.T.);
#5481 = SURFACE_CURVE('',#5482,(#5491,#5498),.PCURVE_S1.);
#5482 = ( BOUNDED_CURVE() B_SPLINE_CURVE(7,(#5483,#5484,#5485,#5486,
    #5487,#5488,#5489,#5490),.UNSPECIFIED.,.F.,.F.) 
B_SPLINE_CURVE_WITH_KNOTS((8,8),(0.,1.),.PIECEWISE_BEZIER_KNOTS.) CURVE(
) GEOMETRIC_REPRESENTATION_ITEM() RATIONAL_B_SPLINE_CURVE((1.,1.,1.,
1.000000000001,0.999999999999,1.,1.,1.)) REPRESENTATION_ITEM('') );
#5483 = CARTESIAN_POINT('',(4.187180273475,-12.88681579566,
    2.823686125554));
#5484 = CARTESIAN_POINT('',(7.079727868911,-11.97421915422,2.81737913782
    ));
#5485 = CARTESIAN_POINT('',(9.742832729246,-10.30334898307,
    2.811066737816));
#5486 = CARTESIAN_POINT('',(11.937911307649,-7.94268942064,
    2.804748996824));
#5487 = CARTESIAN_POINT('',(13.450752511837,-5.054166701177,
    2.798425987527));
#5488 = CARTESIAN_POINT('',(14.143304420745,-1.883443536603,
    2.792097784023));
#5489 = CARTESIAN_POINT('',(13.989521878048,1.297532216572,
    2.785764461795));
#5490 = CARTESIAN_POINT('',(13.059735162224,4.243365181908,
    2.779426097684));
#5491 = PCURVE('',#3192,#5492);
#5492 = DEFINITIONAL_REPRESENTATION('',(#5493),#5497);
#5493 = LINE('',#5494,#5495);
#5494 = CARTESIAN_POINT('',(1.,0.));
#5495 = VECTOR('',#5496,1.);
#5496 = DIRECTION('',(0.,1.));
#5497 = ( GEOMETRIC_REPRESENTATION_CONTEXT(2) 
PARAMETRIC_REPRESENTATION_CONTEXT() REPRESENTATION_CONTEXT('2D SPACE',''
  ) );
#5498 = PCURVE('',#3069,#5499);
#5499 = DEFINITIONAL_REPRESENTATION('',(#5500),#5504);
#5500 = LINE('',#5501,#5502);
#5501 = CARTESIAN_POINT('',(1.,0.));
#5502 = VECTOR('',#5503,1.);
#5503 = DIRECTION('',(0.,1.));
#5504 = ( GEOMETRIC_REPRESENTATION_CONTEXT(2) 
PARAMETRIC_REPRESENTATION_CONTEXT() REPRESENTATION_CONTEXT('2D SPACE',''
  ) );
#5505 = ORIENTED_EDGE('',*,*,#3172,.F.);
#5506 = ADVANCED_FACE('',(#5507),#3137,.T.);
#5507 = FACE_BOUND('',#5508,.T.);
#5508 = EDGE_LOOP('',(#5509,#5532,#5559,#5560));
#5509 = ORIENTED_EDGE('',*,*,#5510,.T.);
#5510 = EDGE_CURVE('',#3121,#5511,#5513,.T.);
#5511 = VERTEX_POINT('',#5512);
#5512 = CARTESIAN_POINT('',(13.3,-3.257560485732E-15,6.45));
#5513 = SEAM_CURVE('',#5514,(#5518,#5525),.PCURVE_S1.);
#5514 = LINE('',#5515,#5516);
#5515 = CARTESIAN_POINT('',(14.7,-3.600461589493E-15,6.05));
#5516 = VECTOR('',#5517,1.);
#5517 = DIRECTION('',(-0.961523947641,2.355054449564E-16,0.274721127897)
  );
#5518 = PCURVE('',#3137,#5519);
#5519 = DEFINITIONAL_REPRESENTATION('',(#5520),#5524);
#5520 = LINE('',#5521,#5522);
#5521 = CARTESIAN_POINT('',(-6.28318530718,0.));
#5522 = VECTOR('',#5523,1.);
#5523 = DIRECTION('',(-0.,-1.));
#5524 = ( GEOMETRIC_REPRESENTATION_CONTEXT(2) 
PARAMETRIC_REPRESENTATION_CONTEXT() REPRESENTATION_CONTEXT('2D SPACE',''
  ) );
#5525 = PCURVE('',#3137,#5526);
#5526 = DEFINITIONAL_REPRESENTATION('',(#5527),#5531);
#5527 = LINE('',#5528,#5529);
#5528 = CARTESIAN_POINT('',(0.,-0.));
#5529 = VECTOR('',#5530,1.);
#5530 = DIRECTION('',(-0.,-1.));
#5531 = ( GEOMETRIC_REPRESENTATION_CONTEXT(2) 
PARAMETRIC_REPRESENTATION_CONTEXT() REPRESENTATION_CONTEXT('2D SPACE',''
  ) );
#5532 = ORIENTED_EDGE('',*,*,#5533,.F.);
#5533 = EDGE_CURVE('',#5511,#5511,#5534,.T.);
#5534 = SURFACE_CURVE('',#5535,(#5540,#5547),.PCURVE_S1.);
#5535 = CIRCLE('',#5536,13.3);
#5536 = AXIS2_PLACEMENT_3D('',#5537,#5538,#5539);
#5537 = CARTESIAN_POINT('',(0.,0.,6.45));
#5538 = DIRECTION('',(0.,0.,1.));
#5539 = DIRECTION('',(1.,0.,-0.));
#5540 = PCURVE('',#3137,#5541);
#5541 = DEFINITIONAL_REPRESENTATION('',(#5542),#5546);
#5542 = LINE('',#5543,#5544);
#5543 = CARTESIAN_POINT('',(-0.,-0.4));
#5544 = VECTOR('',#5545,1.);
#5545 = DIRECTION('',(-1.,-0.));
#5546 = ( GEOMETRIC_REPRESENTATION_CONTEXT(2) 
PARAMETRIC_REPRESENTATION_CONTEXT() REPRESENTATION_CONTEXT('2D SPACE',''
  ) );
#5547 = PCURVE('',#5548,#5553);
#5548 = PLANE('',#5549);
#5549 = AXIS2_PLACEMENT_3D('',#5550,#5551,#5552);
#5550 = CARTESIAN_POINT('',(0.,0.,6.45));
#5551 = DIRECTION('',(0.,0.,1.));
#5552 = DIRECTION('',(1.,0.,-0.));
#5553 = DEFINITIONAL_REPRESENTATION('',(#5554),#5558);
#5554 = CIRCLE('',#5555,13.3);
#5555 = AXIS2_PLACEMENT_2D('',#5556,#5557);
#5556 = CARTESIAN_POINT('',(0.,0.));
#5557 = DIRECTION('',(1.,0.));
#5558 = ( GEOMETRIC_REPRESENTATION_CONTEXT(2) 
PARAMETRIC_REPRESENTATION_CONTEXT() REPRESENTATION_CONTEXT('2D SPACE',''
  ) );
#5559 = ORIENTED_EDGE('',*,*,#5510,.F.);
#5560 = ORIENTED_EDGE('',*,*,#3120,.T.);
#5561 = ADVANCED_FACE('',(#5562,#5565),#5548,.T.);
#5562 = FACE_BOUND('',#5563,.T.);
#5563 = EDGE_LOOP('',(#5564));
#5564 = ORIENTED_EDGE('',*,*,#5533,.T.);
#5565 = FACE_BOUND('',#5566,.T.);
#5566 = EDGE_LOOP('',(#5567));
#5567 = ORIENTED_EDGE('',*,*,#5568,.F.);
#5568 = EDGE_CURVE('',#5569,#5569,#5571,.T.);
#5569 = VERTEX_POINT('',#5570);
#5570 = CARTESIAN_POINT('',(12.8,-3.135095805817E-15,6.45));
#5571 = SURFACE_CURVE('',#5572,(#5577,#5584),.PCURVE_S1.);
#5572 = CIRCLE('',#5573,12.8);
#5573 = AXIS2_PLACEMENT_3D('',#5574,#5575,#5576);
#5574 = CARTESIAN_POINT('',(0.,0.,6.45));
#5575 = DIRECTION('',(0.,0.,1.));
#5576 = DIRECTION('',(1.,0.,-0.));
#5577 = PCURVE('',#5548,#5578);
#5578 = DEFINITIONAL_REPRESENTATION('',(#5579),#5583);
#5579 = CIRCLE('',#5580,12.8);
#5580 = AXIS2_PLACEMENT_2D('',#5581,#5582);
#5581 = CARTESIAN_POINT('',(0.,0.));
#5582 = DIRECTION('',(1.,0.));
#5583 = ( GEOMETRIC_REPRESENTATION_CONTEXT(2) 
PARAMETRIC_REPRESENTATION_CONTEXT() REPRESENTATION_CONTEXT('2D SPACE',''
  ) );
#5584 = PCURVE('',#5585,#5590);
#5585 = CYLINDRICAL_SURFACE('',#5586,12.8);
#5586 = AXIS2_PLACEMENT_3D('',#5587,#5588,#5589);
#5587 = CARTESIAN_POINT('',(0.,0.,0.));
#5588 = DIRECTION('',(0.,0.,1.));
#5589 = DIRECTION('',(1.,0.,-0.));
#5590 = DEFINITIONAL_REPRESENTATION('',(#5591),#5595);
#5591 = LINE('',#5592,#5593);
#5592 = CARTESIAN_POINT('',(0.,6.45));
#5593 = VECTOR('',#5594,1.);
#5594 = DIRECTION('',(1.,0.));
#5595 = ( GEOMETRIC_REPRESENTATION_CONTEXT(2) 
PARAMETRIC_REPRESENTATION_CONTEXT() REPRESENTATION_CONTEXT('2D SPACE',''
  ) );
#5596 = ADVANCED_FACE('',(#5597),#5585,.F.);
#5597 = FACE_BOUND('',#5598,.F.);
#5598 = EDGE_LOOP('',(#5599,#5622,#5623,#5624));
#5599 = ORIENTED_EDGE('',*,*,#5600,.T.);
#5600 = EDGE_CURVE('',#5601,#5569,#5603,.T.);
#5601 = VERTEX_POINT('',#5602);
#5602 = CARTESIAN_POINT('',(12.8,-3.135095805817E-15,3.8));
#5603 = SEAM_CURVE('',#5604,(#5608,#5615),.PCURVE_S1.);
#5604 = LINE('',#5605,#5606);
#5605 = CARTESIAN_POINT('',(12.8,-3.135095805817E-15,0.));
#5606 = VECTOR('',#5607,1.);
#5607 = DIRECTION('',(0.,0.,1.));
#5608 = PCURVE('',#5585,#5609);
#5609 = DEFINITIONAL_REPRESENTATION('',(#5610),#5614);
#5610 = LINE('',#5611,#5612);
#5611 = CARTESIAN_POINT('',(6.28318530718,-0.));
#5612 = VECTOR('',#5613,1.);
#5613 = DIRECTION('',(0.,1.));
#5614 = ( GEOMETRIC_REPRESENTATION_CONTEXT(2) 
PARAMETRIC_REPRESENTATION_CONTEXT() REPRESENTATION_CONTEXT('2D SPACE',''
  ) );
#5615 = PCURVE('',#5585,#5616);
#5616 = DEFINITIONAL_REPRESENTATION('',(#5617),#5621);
#5617 = LINE('',#5618,#5619);
#5618 = CARTESIAN_POINT('',(0.,-0.));
#5619 = VECTOR('',#5620,1.);
#5620 = DIRECTION('',(0.,1.));
#5621 = ( GEOMETRIC_REPRESENTATION_CONTEXT(2) 
PARAMETRIC_REPRESENTATION_CONTEXT() REPRESENTATION_CONTEXT('2D SPACE',''
  ) );
#5622 = ORIENTED_EDGE('',*,*,#5568,.F.);
#5623 = ORIENTED_EDGE('',*,*,#5600,.F.);
#5624 = ORIENTED_EDGE('',*,*,#5625,.T.);
#5625 = EDGE_CURVE('',#5601,#5601,#5626,.T.);
#5626 = SURFACE_CURVE('',#5627,(#5632,#5639),.PCURVE_S1.);
#5627 = CIRCLE('',#5628,12.8);
#5628 = AXIS2_PLACEMENT_3D('',#5629,#5630,#5631);
#5629 = CARTESIAN_POINT('',(0.,0.,3.8));
#5630 = DIRECTION('',(0.,0.,1.));
#5631 = DIRECTION('',(1.,0.,-0.));
#5632 = PCURVE('',#5585,#5633);
#5633 = DEFINITIONAL_REPRESENTATION('',(#5634),#5638);
#5634 = LINE('',#5635,#5636);
#5635 = CARTESIAN_POINT('',(0.,3.8));
#5636 = VECTOR('',#5637,1.);
#5637 = DIRECTION('',(1.,0.));
#5638 = ( GEOMETRIC_REPRESENTATION_CONTEXT(2) 
PARAMETRIC_REPRESENTATION_CONTEXT() REPRESENTATION_CONTEXT('2D SPACE',''
  ) );
#5639 = PCURVE('',#5640,#5645);
#5640 = PLANE('',#5641);
#5641 = AXIS2_PLACEMENT_3D('',#5642,#5643,#5644);
#5642 = CARTESIAN_POINT('',(0.,0.,3.8));
#5643 = DIRECTION('',(0.,0.,1.));
#5644 = DIRECTION('',(1.,0.,-0.));
#5645 = DEFINITIONAL_REPRESENTATION('',(#5646),#5650);
#5646 = CIRCLE('',#5647,12.8);
#5647 = AXIS2_PLACEMENT_2D('',#5648,#5649);
#5648 = CARTESIAN_POINT('',(0.,0.));
#5649 = DIRECTION('',(1.,0.));
#5650 = ( GEOMETRIC_REPRESENTATION_CONTEXT(2) 
PARAMETRIC_REPRESENTATION_CONTEXT() REPRESENTATION_CONTEXT('2D SPACE',''
  ) );
#5651 = ADVANCED_FACE('',(#5652,#5655),#5640,.T.);
#5652 = FACE_BOUND('',#5653,.T.);
#5653 = EDGE_LOOP('',(#5654));
#5654 = ORIENTED_EDGE('',*,*,#5625,.T.);
#5655 = FACE_BOUND('',#5656,.T.);
#5656 = EDGE_LOOP('',(#5657));
#5657 = ORIENTED_EDGE('',*,*,#5658,.F.);
#5658 = EDGE_CURVE('',#5659,#5659,#5661,.T.);
#5659 = VERTEX_POINT('',#5660);
#5660 = CARTESIAN_POINT('',(12.75,-2.632990618167E-15,3.8));
#5661 = SURFACE_CURVE('',#5662,(#5667,#5674),.PCURVE_S1.);
#5662 = CIRCLE('',#5663,10.75);
#5663 = AXIS2_PLACEMENT_3D('',#5664,#5665,#5666);
#5664 = CARTESIAN_POINT('',(2.,0.,3.8));
#5665 = DIRECTION('',(0.,0.,1.));
#5666 = DIRECTION('',(1.,0.,-0.));
#5667 = PCURVE('',#5640,#5668);
#5668 = DEFINITIONAL_REPRESENTATION('',(#5669),#5673);
#5669 = CIRCLE('',#5670,10.75);
#5670 = AXIS2_PLACEMENT_2D('',#5671,#5672);
#5671 = CARTESIAN_POINT('',(2.,0.));
#5672 = DIRECTION('',(1.,0.));
#5673 = ( GEOMETRIC_REPRESENTATION_CONTEXT(2) 
PARAMETRIC_REPRESENTATION_CONTEXT() REPRESENTATION_CONTEXT('2D SPACE',''
  ) );
#5674 = PCURVE('',#5675,#5680);
#5675 = CYLINDRICAL_SURFACE('',#5676,10.75);
#5676 = AXIS2_PLACEMENT_3D('',#5677,#5678,#5679);
#5677 = CARTESIAN_POINT('',(2.,0.,0.));
#5678 = DIRECTION('',(0.,0.,1.));
#5679 = DIRECTION('',(1.,0.,-0.));
#5680 = DEFINITIONAL_REPRESENTATION('',(#5681),#5685);
#5681 = LINE('',#5682,#5683);
#5682 = CARTESIAN_POINT('',(0.,3.8));
#5683 = VECTOR('',#5684,1.);
#5684 = DIRECTION('',(1.,0.));
#5685 = ( GEOMETRIC_REPRESENTATION_CONTEXT(2) 
PARAMETRIC_REPRESENTATION_CONTEXT() REPRESENTATION_CONTEXT('2D SPACE',''
  ) );
#5686 = ADVANCED_FACE('',(#5687),#5675,.F.);
#5687 = FACE_BOUND('',#5688,.F.);
#5688 = EDGE_LOOP('',(#5689,#5690,#5713,#5740));
#5689 = ORIENTED_EDGE('',*,*,#5658,.F.);
#5690 = ORIENTED_EDGE('',*,*,#5691,.F.);
#5691 = EDGE_CURVE('',#5692,#5659,#5694,.T.);
#5692 = VERTEX_POINT('',#5693);
#5693 = CARTESIAN_POINT('',(12.75,-2.632990618167E-15,0.));
#5694 = SEAM_CURVE('',#5695,(#5699,#5706),.PCURVE_S1.);
#5695 = LINE('',#5696,#5697);
#5696 = CARTESIAN_POINT('',(12.75,-2.632990618167E-15,0.));
#5697 = VECTOR('',#5698,1.);
#5698 = DIRECTION('',(0.,0.,1.));
#5699 = PCURVE('',#5675,#5700);
#5700 = DEFINITIONAL_REPRESENTATION('',(#5701),#5705);
#5701 = LINE('',#5702,#5703);
#5702 = CARTESIAN_POINT('',(6.28318530718,-0.));
#5703 = VECTOR('',#5704,1.);
#5704 = DIRECTION('',(0.,1.));
#5705 = ( GEOMETRIC_REPRESENTATION_CONTEXT(2) 
PARAMETRIC_REPRESENTATION_CONTEXT() REPRESENTATION_CONTEXT('2D SPACE',''
  ) );
#5706 = PCURVE('',#5675,#5707);
#5707 = DEFINITIONAL_REPRESENTATION('',(#5708),#5712);
#5708 = LINE('',#5709,#5710);
#5709 = CARTESIAN_POINT('',(0.,-0.));
#5710 = VECTOR('',#5711,1.);
#5711 = DIRECTION('',(0.,1.));
#5712 = ( GEOMETRIC_REPRESENTATION_CONTEXT(2) 
PARAMETRIC_REPRESENTATION_CONTEXT() REPRESENTATION_CONTEXT('2D SPACE',''
  ) );
#5713 = ORIENTED_EDGE('',*,*,#5714,.T.);
#5714 = EDGE_CURVE('',#5692,#5692,#5715,.T.);
#5715 = SURFACE_CURVE('',#5716,(#5721,#5728),.PCURVE_S1.);
#5716 = CIRCLE('',#5717,10.75);
#5717 = AXIS2_PLACEMENT_3D('',#5718,#5719,#5720);
#5718 = CARTESIAN_POINT('',(2.,0.,0.));
#5719 = DIRECTION('',(0.,0.,1.));
#5720 = DIRECTION('',(1.,0.,-0.));
#5721 = PCURVE('',#5675,#5722);
#5722 = DEFINITIONAL_REPRESENTATION('',(#5723),#5727);
#5723 = LINE('',#5724,#5725);
#5724 = CARTESIAN_POINT('',(0.,0.));
#5725 = VECTOR('',#5726,1.);
#5726 = DIRECTION('',(1.,0.));
#5727 = ( GEOMETRIC_REPRESENTATION_CONTEXT(2) 
PARAMETRIC_REPRESENTATION_CONTEXT() REPRESENTATION_CONTEXT('2D SPACE',''
  ) );
#5728 = PCURVE('',#5729,#5734);
#5729 = PLANE('',#5730);
#5730 = AXIS2_PLACEMENT_3D('',#5731,#5732,#5733);
#5731 = CARTESIAN_POINT('',(0.,0.,0.));
#5732 = DIRECTION('',(0.,0.,1.));
#5733 = DIRECTION('',(1.,0.,-0.));
#5734 = DEFINITIONAL_REPRESENTATION('',(#5735),#5739);
#5735 = CIRCLE('',#5736,10.75);
#5736 = AXIS2_PLACEMENT_2D('',#5737,#5738);
#5737 = CARTESIAN_POINT('',(2.,0.));
#5738 = DIRECTION('',(1.,0.));
#5739 = ( GEOMETRIC_REPRESENTATION_CONTEXT(2) 
PARAMETRIC_REPRESENTATION_CONTEXT() REPRESENTATION_CONTEXT('2D SPACE',''
  ) );
#5740 = ORIENTED_EDGE('',*,*,#5691,.T.);
#5741 = ADVANCED_FACE('',(#5742),#5729,.T.);
#5742 = FACE_BOUND('',#5743,.T.);
#5743 = EDGE_LOOP('',(#5744));
#5744 = ORIENTED_EDGE('',*,*,#5714,.T.);
#5745 = ADVANCED_FACE('',(#5746),#3069,.T.);
#5746 = FACE_BOUND('',#5747,.T.);
#5747 = EDGE_LOOP('',(#5748,#5749,#5750,#5751));
#5748 = ORIENTED_EDGE('',*,*,#3048,.F.);
#5749 = ORIENTED_EDGE('',*,*,#3218,.F.);
#5750 = ORIENTED_EDGE('',*,*,#5480,.T.);
#5751 = ORIENTED_EDGE('',*,*,#5752,.F.);
#5752 = EDGE_CURVE('',#3049,#5460,#5753,.T.);
#5753 = SURFACE_CURVE('',#5754,(#5757,#5764),.PCURVE_S1.);
#5754 = B_SPLINE_CURVE_WITH_KNOTS('',1,(#5755,#5756),.UNSPECIFIED.,.F.,
  .F.,(2,2),(0.,1.),.PIECEWISE_BEZIER_KNOTS.);
#5755 = CARTESIAN_POINT('',(13.059735162244,4.243365181889,
    2.720574092608));
#5756 = CARTESIAN_POINT('',(13.059735162224,4.243365181908,
    2.779426097684));
#5757 = PCURVE('',#3069,#5758);
#5758 = DEFINITIONAL_REPRESENTATION('',(#5759),#5763);
#5759 = LINE('',#5760,#5761);
#5760 = CARTESIAN_POINT('',(0.,1.));
#5761 = VECTOR('',#5762,1.);
#5762 = DIRECTION('',(1.,0.));
#5763 = ( GEOMETRIC_REPRESENTATION_CONTEXT(2) 
PARAMETRIC_REPRESENTATION_CONTEXT() REPRESENTATION_CONTEXT('2D SPACE',''
  ) );
#5764 = PCURVE('',#3106,#5765);
#5765 = DEFINITIONAL_REPRESENTATION('',(#5766),#5769);
#5766 = B_SPLINE_CURVE_WITH_KNOTS('',1,(#5767,#5768),.UNSPECIFIED.,.F.,
  .F.,(2,2),(0.,1.),.PIECEWISE_BEZIER_KNOTS.);
#5767 = CARTESIAN_POINT('',(0.,0.));
#5768 = CARTESIAN_POINT('',(3.264521876396E-02,4.896782814594E-02));
#5769 = ( GEOMETRIC_REPRESENTATION_CONTEXT(2) 
PARAMETRIC_REPRESENTATION_CONTEXT() REPRESENTATION_CONTEXT('2D SPACE',''
  ) );
#5770 = ADVANCED_FACE('',(#5771),#3106,.F.);
#5771 = FACE_BOUND('',#5772,.T.);
#5772 = EDGE_LOOP('',(#5773,#5774,#5775,#5776,#5777,#5796));
#5773 = ORIENTED_EDGE('',*,*,#5752,.T.);
#5774 = ORIENTED_EDGE('',*,*,#5459,.T.);
#5775 = ORIENTED_EDGE('',*,*,#4977,.T.);
#5776 = ORIENTED_EDGE('',*,*,#4890,.T.);
#5777 = ORIENTED_EDGE('',*,*,#5778,.T.);
#5778 = EDGE_CURVE('',#4863,#2715,#5779,.T.);
#5779 = SURFACE_CURVE('',#5780,(#5783,#5789),.PCURVE_S1.);
#5780 = B_SPLINE_CURVE_WITH_KNOTS('',1,(#5781,#5782),.UNSPECIFIED.,.F.,
  .F.,(2,2),(4.,5.),.PIECEWISE_BEZIER_KNOTS.);
#5781 = CARTESIAN_POINT('',(13.124579924714,4.264434522418,
    2.733971552245));
#5782 = CARTESIAN_POINT('',(13.077027098904,4.248983672696,
    2.720574092612));
#5783 = PCURVE('',#3106,#5784);
#5784 = DEFINITIONAL_REPRESENTATION('',(#5785),#5788);
#5785 = B_SPLINE_CURVE_WITH_KNOTS('',1,(#5786,#5787),.UNSPECIFIED.,.F.,
  .F.,(2,2),(4.,5.),.PIECEWISE_BEZIER_KNOTS.);
#5786 = CARTESIAN_POINT('',(6.416227536767E-02,-2.667310770295E-02));
#5787 = CARTESIAN_POINT('',(1.512818716978E-02,-1.008545811319E-02));
#5788 = ( GEOMETRIC_REPRESENTATION_CONTEXT(2) 
PARAMETRIC_REPRESENTATION_CONTEXT() REPRESENTATION_CONTEXT('2D SPACE',''
  ) );
#5789 = PCURVE('',#2735,#5790);
#5790 = DEFINITIONAL_REPRESENTATION('',(#5791),#5795);
#5791 = LINE('',#5792,#5793);
#5792 = CARTESIAN_POINT('',(0.,1.));
#5793 = VECTOR('',#5794,1.);
#5794 = DIRECTION('',(1.,0.));
#5795 = ( GEOMETRIC_REPRESENTATION_CONTEXT(2) 
PARAMETRIC_REPRESENTATION_CONTEXT() REPRESENTATION_CONTEXT('2D SPACE',''
  ) );
#5796 = ORIENTED_EDGE('',*,*,#3093,.T.);
#5797 = ADVANCED_FACE('',(#5798),#2735,.T.);
#5798 = FACE_BOUND('',#5799,.T.);
#5799 = EDGE_LOOP('',(#5800,#5819,#5820,#5821));
#5800 = ORIENTED_EDGE('',*,*,#5801,.T.);
#5801 = EDGE_CURVE('',#4761,#2307,#5802,.T.);
#5802 = SURFACE_CURVE('',#5803,(#5806,#5812),.PCURVE_S1.);
#5803 = B_SPLINE_CURVE_WITH_KNOTS('',1,(#5804,#5805),.UNSPECIFIED.,.F.,
  .F.,(2,2),(4.,5.),.PIECEWISE_BEZIER_KNOTS.);
#5804 = CARTESIAN_POINT('',(4.418943019407,-13.60010818299,
    2.323686125678));
#5805 = CARTESIAN_POINT('',(4.248983672538,-13.07702709903,2.1763140698)
  );
#5806 = PCURVE('',#2735,#5807);
#5807 = DEFINITIONAL_REPRESENTATION('',(#5808),#5811);
#5808 = B_SPLINE_CURVE_WITH_KNOTS('',1,(#5809,#5810),.UNSPECIFIED.,.F.,
  .F.,(2,2),(4.,5.),.PIECEWISE_BEZIER_KNOTS.);
#5809 = CARTESIAN_POINT('',(4.,0.));
#5810 = CARTESIAN_POINT('',(5.,0.));
#5811 = ( GEOMETRIC_REPRESENTATION_CONTEXT(2) 
PARAMETRIC_REPRESENTATION_CONTEXT() REPRESENTATION_CONTEXT('2D SPACE',''
  ) );
#5812 = PCURVE('',#2330,#5813);
#5813 = DEFINITIONAL_REPRESENTATION('',(#5814),#5818);
#5814 = LINE('',#5815,#5816);
#5815 = CARTESIAN_POINT('',(0.,1.));
#5816 = VECTOR('',#5817,1.);
#5817 = DIRECTION('',(1.,0.));
#5818 = ( GEOMETRIC_REPRESENTATION_CONTEXT(2) 
PARAMETRIC_REPRESENTATION_CONTEXT() REPRESENTATION_CONTEXT('2D SPACE',''
  ) );
#5819 = ORIENTED_EDGE('',*,*,#2714,.T.);
#5820 = ORIENTED_EDGE('',*,*,#5778,.F.);
#5821 = ORIENTED_EDGE('',*,*,#4862,.F.);
#5822 = ADVANCED_FACE('',(#5823),#2330,.T.);
#5823 = FACE_BOUND('',#5824,.T.);
#5824 = EDGE_LOOP('',(#5825,#5844,#5845,#5846));
#5825 = ORIENTED_EDGE('',*,*,#5826,.T.);
#5826 = EDGE_CURVE('',#4683,#2188,#5827,.T.);
#5827 = SURFACE_CURVE('',#5828,(#5831,#5837),.PCURVE_S1.);
#5828 = B_SPLINE_CURVE_WITH_KNOTS('',1,(#5829,#5830),.UNSPECIFIED.,.F.,
  .F.,(2,2),(4.,5.),.PIECEWISE_BEZIER_KNOTS.);
#5829 = CARTESIAN_POINT('',(14.300000000029,2.998166193208E-13,
    1.523686127899));
#5830 = CARTESIAN_POINT('',(13.750000000024,8.035477216074E-15,
    1.376314072081));
#5831 = PCURVE('',#2330,#5832);
#5832 = DEFINITIONAL_REPRESENTATION('',(#5833),#5836);
#5833 = B_SPLINE_CURVE_WITH_KNOTS('',1,(#5834,#5835),.UNSPECIFIED.,.F.,
  .F.,(2,2),(4.,5.),.PIECEWISE_BEZIER_KNOTS.);
#5834 = CARTESIAN_POINT('',(4.,0.));
#5835 = CARTESIAN_POINT('',(5.,0.));
#5836 = ( GEOMETRIC_REPRESENTATION_CONTEXT(2) 
PARAMETRIC_REPRESENTATION_CONTEXT() REPRESENTATION_CONTEXT('2D SPACE',''
  ) );
#5837 = PCURVE('',#2211,#5838);
#5838 = DEFINITIONAL_REPRESENTATION('',(#5839),#5843);
#5839 = LINE('',#5840,#5841);
#5840 = CARTESIAN_POINT('',(0.,1.));
#5841 = VECTOR('',#5842,1.);
#5842 = DIRECTION('',(1.,0.));
#5843 = ( GEOMETRIC_REPRESENTATION_CONTEXT(2) 
PARAMETRIC_REPRESENTATION_CONTEXT() REPRESENTATION_CONTEXT('2D SPACE',''
  ) );
#5844 = ORIENTED_EDGE('',*,*,#2306,.T.);
#5845 = ORIENTED_EDGE('',*,*,#5801,.F.);
#5846 = ORIENTED_EDGE('',*,*,#4760,.F.);
#5847 = ADVANCED_FACE('',(#5848),#2211,.T.);
#5848 = FACE_BOUND('',#5849,.T.);
#5849 = EDGE_LOOP('',(#5850,#5869,#5870,#5871));
#5850 = ORIENTED_EDGE('',*,*,#5851,.T.);
#5851 = EDGE_CURVE('',#4639,#2186,#5852,.T.);
#5852 = SURFACE_CURVE('',#5853,(#5856,#5862),.PCURVE_S1.);
#5853 = B_SPLINE_CURVE_WITH_KNOTS('',1,(#5854,#5855),.UNSPECIFIED.,.F.,
  .F.,(2,2),(4.,5.),.PIECEWISE_BEZIER_KNOTS.);
#5854 = CARTESIAN_POINT('',(14.3,7.88477711463E-14,0.523686127919));
#5855 = CARTESIAN_POINT('',(13.75,7.004474440531E-15,0.376314072081));
#5856 = PCURVE('',#2211,#5857);
#5857 = DEFINITIONAL_REPRESENTATION('',(#5858),#5861);
#5858 = B_SPLINE_CURVE_WITH_KNOTS('',1,(#5859,#5860),.UNSPECIFIED.,.F.,
  .F.,(2,2),(4.,5.),.PIECEWISE_BEZIER_KNOTS.);
#5859 = CARTESIAN_POINT('',(4.,0.));
#5860 = CARTESIAN_POINT('',(5.,0.));
#5861 = ( GEOMETRIC_REPRESENTATION_CONTEXT(2) 
PARAMETRIC_REPRESENTATION_CONTEXT() REPRESENTATION_CONTEXT('2D SPACE',''
  ) );
#5862 = PCURVE('',#1096,#5863);
#5863 = DEFINITIONAL_REPRESENTATION('',(#5864),#5868);
#5864 = LINE('',#5865,#5866);
#5865 = CARTESIAN_POINT('',(0.,1.));
#5866 = VECTOR('',#5867,1.);
#5867 = DIRECTION('',(1.,0.));
#5868 = ( GEOMETRIC_REPRESENTATION_CONTEXT(2) 
PARAMETRIC_REPRESENTATION_CONTEXT() REPRESENTATION_CONTEXT('2D SPACE',''
  ) );
#5869 = ORIENTED_EDGE('',*,*,#2185,.T.);
#5870 = ORIENTED_EDGE('',*,*,#5826,.F.);
#5871 = ORIENTED_EDGE('',*,*,#4682,.F.);
#5872 = ADVANCED_FACE('',(#5873),#1643,.T.);
#5873 = FACE_BOUND('',#5874,.T.);
#5874 = EDGE_LOOP('',(#5875,#5876,#5877,#5878,#5879));
#5875 = ORIENTED_EDGE('',*,*,#3983,.T.);
#5876 = ORIENTED_EDGE('',*,*,#3246,.T.);
#5877 = ORIENTED_EDGE('',*,*,#2760,.F.);
#5878 = ORIENTED_EDGE('',*,*,#2361,.F.);
#5879 = ORIENTED_EDGE('',*,*,#1627,.F.);
#5880 = ADVANCED_FACE('',(#5881),#1253,.T.);
#5881 = FACE_BOUND('',#5882,.T.);
#5882 = EDGE_LOOP('',(#5883,#5884,#5885,#5914));
#5883 = ORIENTED_EDGE('',*,*,#1319,.F.);
#5884 = ORIENTED_EDGE('',*,*,#1233,.F.);
#5885 = ORIENTED_EDGE('',*,*,#5886,.T.);
#5886 = EDGE_CURVE('',#1167,#4464,#5887,.T.);
#5887 = SURFACE_CURVE('',#5888,(#5900,#5907),.PCURVE_S1.);
#5888 = ( BOUNDED_CURVE() B_SPLINE_CURVE(6,(#5889,#5890,#5891,#5892,
    #5893,#5894,#5895,#5896,#5897,#5898,#5899),.UNSPECIFIED.,.F.,.F.) 
B_SPLINE_CURVE_WITH_KNOTS((7,4,7),(0.,0.5,1.),.UNSPECIFIED.) CURVE() 
GEOMETRIC_REPRESENTATION_ITEM() RATIONAL_B_SPLINE_CURVE((1.,1.,1.,1.,1.,
1.,1.,1.,1.,1.,1.)) REPRESENTATION_ITEM('') );
#5889 = CARTESIAN_POINT('',(13.75,1.7763568394E-15,2.368612791856E-02));
#5890 = CARTESIAN_POINT('',(13.701445579737,7.197831642732,
    0.107019461252));
#5891 = CARTESIAN_POINT('',(9.369136897326,14.395663285458,
    0.190352794576));
#5892 = CARTESIAN_POINT('',(-8.16321190679E-02,18.087075014382,
    0.273686127922));
#5893 = CARTESIAN_POINT('',(-9.244513885317,14.39566328546,
    0.357019461256));
#5894 = CARTESIAN_POINT('',(-18.25548611468,5.06771514457E-13,
    0.523686127919));
#5895 = CARTESIAN_POINT('',(-9.244513885318,-14.39566328546,
    0.690352794581));
#5896 = CARTESIAN_POINT('',(-8.163211906721E-02,-18.08707501438,
    0.773686127915));
#5897 = CARTESIAN_POINT('',(9.369136897325,-14.39566328546,
    0.857019461261));
#5898 = CARTESIAN_POINT('',(13.701445579738,-7.197831642731,
    0.940352794585));
#5899 = CARTESIAN_POINT('',(13.75,7.004474440531E-15,1.023686127919));
#5900 = PCURVE('',#1253,#5901);
#5901 = DEFINITIONAL_REPRESENTATION('',(#5902),#5906);
#5902 = LINE('',#5903,#5904);
#5903 = CARTESIAN_POINT('',(2.,0.));
#5904 = VECTOR('',#5905,1.);
#5905 = DIRECTION('',(0.,1.));
#5906 = ( GEOMETRIC_REPRESENTATION_CONTEXT(2) 
PARAMETRIC_REPRESENTATION_CONTEXT() REPRESENTATION_CONTEXT('2D SPACE',''
  ) );
#5907 = PCURVE('',#1196,#5908);
#5908 = DEFINITIONAL_REPRESENTATION('',(#5909),#5913);
#5909 = LINE('',#5910,#5911);
#5910 = CARTESIAN_POINT('',(2.,0.));
#5911 = VECTOR('',#5912,1.);
#5912 = DIRECTION('',(0.,1.));
#5913 = ( GEOMETRIC_REPRESENTATION_CONTEXT(2) 
PARAMETRIC_REPRESENTATION_CONTEXT() REPRESENTATION_CONTEXT('2D SPACE',''
  ) );
#5914 = ORIENTED_EDGE('',*,*,#4463,.F.);
#5915 = ADVANCED_FACE('',(#5916),#1196,.T.);
#5916 = FACE_BOUND('',#5917,.T.);
#5917 = EDGE_LOOP('',(#5918,#5919,#5920,#6028,#6029,#6030,#6031));
#5918 = ORIENTED_EDGE('',*,*,#5886,.F.);
#5919 = ORIENTED_EDGE('',*,*,#1166,.F.);
#5920 = ORIENTED_EDGE('',*,*,#5921,.T.);
#5921 = EDGE_CURVE('',#1134,#5292,#5922,.T.);
#5922 = SURFACE_CURVE('',#5923,(#5956,#5992),.PCURVE_S1.);
#5923 = B_SPLINE_CURVE_WITH_KNOTS('',7,(#5924,#5925,#5926,#5927,#5928,
    #5929,#5930,#5931,#5932,#5933,#5934,#5935,#5936,#5937,#5938,#5939,
    #5940,#5941,#5942,#5943,#5944,#5945,#5946,#5947,#5948,#5949,#5950,
    #5951,#5952,#5953,#5954,#5955),.UNSPECIFIED.,.F.,.F.,(8,6,6,6,6,8),(
    0.,0.248598887635,0.501867773223,0.713761145359,0.785066221079,1.),
  .UNSPECIFIED.);
#5924 = CARTESIAN_POINT('',(-1.815340106113E-02,14.025488251894,
    0.2000001));
#5925 = CARTESIAN_POINT('',(-1.117858854303,14.033921378749,
    0.209856578518));
#5926 = CARTESIAN_POINT('',(-2.218539437347,13.941760690468,
    0.219715107183));
#5927 = CARTESIAN_POINT('',(-3.308791264308,13.748944419476,
    0.229562196599));
#5928 = CARTESIAN_POINT('',(-4.377678673358,13.457108816571,
    0.239387844072));
#5929 = CARTESIAN_POINT('',(-5.414661238061,13.069235791183,
    0.24919203737));
#5930 = CARTESIAN_POINT('',(-6.409610612378,12.589635219997,
    0.25898250252));
#5931 = CARTESIAN_POINT('',(-8.313944078151,11.448267936229,
    0.278728631109));
#5932 = CARTESIAN_POINT('',(-9.221728530333,10.783033324201,
    0.288687657467));
#5933 = CARTESIAN_POINT('',(-10.06605412384,10.034733436893,
    0.298645567489));
#5934 = CARTESIAN_POINT('',(-10.83806517825,9.210826226121,
    0.308612406437));
#5935 = CARTESIAN_POINT('',(-11.53000237286,8.319746187931,
    0.318591777052));
#5936 = CARTESIAN_POINT('',(-12.13519298058,7.370895550601,
    0.328570278248));
#5937 = CARTESIAN_POINT('',(-13.07767917464,5.5415547373,0.346862675738)
  );
#5938 = CARTESIAN_POINT('',(-13.4427002474,4.675002955334,0.355184325158
    ));
#5939 = CARTESIAN_POINT('',(-13.74028960893,3.781333282051,
    0.363485218393));
#5940 = CARTESIAN_POINT('',(-13.96817354909,2.866867329435,
    0.371756419098));
#5941 = CARTESIAN_POINT('',(-14.12479928455,1.938085263084,
    0.379996423522));
#5942 = CARTESIAN_POINT('',(-14.20934202554,1.001618508289,
    0.388223807969));
#5943 = CARTESIAN_POINT('',(-14.22605984912,-0.251152669828,
    0.39927957821));
#5944 = CARTESIAN_POINT('',(-14.22211245946,-0.566691687105,
    0.402068828258));
#5945 = CARTESIAN_POINT('',(-14.21000548356,-0.882086839119,
    0.404862020483));
#5946 = CARTESIAN_POINT('',(-14.18974472055,-1.197084899858,
    0.407656254992));
#5947 = CARTESIAN_POINT('',(-14.16134819847,-1.511433318427,
    0.410451110778));
#5948 = CARTESIAN_POINT('',(-14.12484245225,-1.82488043709,
    0.413244971041));
#5949 = CARTESIAN_POINT('',(-13.94589605146,-3.078520700123,
    0.424454169018));
#5950 = CARTESIAN_POINT('',(-13.73817478832,-4.009489655137,
    0.432857661737));
#5951 = CARTESIAN_POINT('',(-13.45812043008,-4.92306198755,
    0.441226197301));
#5952 = CARTESIAN_POINT('',(-13.10761619234,-5.812568059613,
    0.449565226051));
#5953 = CARTESIAN_POINT('',(-12.68925322686,-6.671635524544,
    0.457888171582));
#5954 = CARTESIAN_POINT('',(-12.20631366512,-7.494190415927,
    0.466205512565));
#5955 = CARTESIAN_POINT('',(-11.66289280798,-8.274512540404,
    0.474522003186));
#5956 = PCURVE('',#1196,#5957);
#5957 = DEFINITIONAL_REPRESENTATION('',(#5958),#5991);
#5958 = B_SPLINE_CURVE_WITH_KNOTS('',7,(#5959,#5960,#5961,#5962,#5963,
    #5964,#5965,#5966,#5967,#5968,#5969,#5970,#5971,#5972,#5973,#5974,
    #5975,#5976,#5977,#5978,#5979,#5980,#5981,#5982,#5983,#5984,#5985,
    #5986,#5987,#5988,#5989,#5990),.UNSPECIFIED.,.F.,.F.,(8,6,6,6,6,8),(
    0.,0.248598887635,0.501867773223,0.713761145359,0.785066221079,1.),
  .UNSPECIFIED.);
#5959 = CARTESIAN_POINT('',(2.50133078558,0.250196120607));
#5960 = CARTESIAN_POINT('',(2.519127014654,0.262675265989));
#5961 = CARTESIAN_POINT('',(2.536867011891,0.275148174517));
#5962 = CARTESIAN_POINT('',(2.554614543176,0.287610754105));
#5963 = CARTESIAN_POINT('',(2.572436419122,0.300062848074));
#5964 = CARTESIAN_POINT('',(2.590340251256,0.312505565921));
#5965 = CARTESIAN_POINT('',(2.608272077508,0.324938681171));
#5966 = CARTESIAN_POINT('',(2.644411926332,0.350010813578));
#5967 = CARTESIAN_POINT('',(2.662625342754,0.362653988558));
#5968 = CARTESIAN_POINT('',(2.680751463085,0.375283182197));
#5969 = CARTESIAN_POINT('',(2.698732465649,0.387899918459));
#5970 = CARTESIAN_POINT('',(2.71656058742,0.400506656032));
#5971 = CARTESIAN_POINT('',(2.734341304298,0.413105538028));
#5972 = CARTESIAN_POINT('',(2.767087893737,0.436223867726));
#5973 = CARTESIAN_POINT('',(2.782043233906,0.446749516372));
#5974 = CARTESIAN_POINT('',(2.797093241465,0.457268360162));
#5975 = CARTESIAN_POINT('',(2.812301250617,0.467780796441));
#5976 = CARTESIAN_POINT('',(2.827681744927,0.478287455931));
#5977 = CARTESIAN_POINT('',(2.843106565181,0.48878802785));
#5978 = CARTESIAN_POINT('',(2.863243425031,0.502811408526));
#5979 = CARTESIAN_POINT('',(2.868270388401,0.5063414925));
#5980 = CARTESIAN_POINT('',(2.873265123739,0.509870769141));
#5981 = CARTESIAN_POINT('',(2.878247225131,0.513399226174));
#5982 = CARTESIAN_POINT('',(2.883219459693,0.516926850391));
#5983 = CARTESIAN_POINT('',(2.888192698005,0.520453627007));
#5984 = CARTESIAN_POINT('',(2.908174690624,0.534607612317));
#5985 = CARTESIAN_POINT('',(2.923223060461,0.545228814236));
#5986 = CARTESIAN_POINT('',(2.938446934138,0.555840923361));
#5987 = CARTESIAN_POINT('',(2.953810292485,0.566444081816));
#5988 = CARTESIAN_POINT('',(2.969230073504,0.577039472176));
#5989 = CARTESIAN_POINT('',(2.984640306559,0.587627850886));
#5990 = CARTESIAN_POINT('',(3.,0.598207931107));
#5991 = ( GEOMETRIC_REPRESENTATION_CONTEXT(2) 
PARAMETRIC_REPRESENTATION_CONTEXT() REPRESENTATION_CONTEXT('2D SPACE',''
  ) );
#5992 = PCURVE('',#1154,#5993);
#5993 = DEFINITIONAL_REPRESENTATION('',(#5994),#6027);
#5994 = B_SPLINE_CURVE_WITH_KNOTS('',7,(#5995,#5996,#5997,#5998,#5999,
    #6000,#6001,#6002,#6003,#6004,#6005,#6006,#6007,#6008,#6009,#6010,
    #6011,#6012,#6013,#6014,#6015,#6016,#6017,#6018,#6019,#6020,#6021,
    #6022,#6023,#6024,#6025,#6026),.UNSPECIFIED.,.F.,.F.,(8,6,6,6,6,8),(
    0.,0.248598887635,0.501867773223,0.713761145359,0.785066221079,1.),
  .UNSPECIFIED.);
#5995 = CARTESIAN_POINT('',(1.57209064116,-0.2755));
#5996 = CARTESIAN_POINT('',(1.650497372969,-0.265643518762));
#5997 = CARTESIAN_POINT('',(1.728854101254,-0.255784996669));
#5998 = CARTESIAN_POINT('',(1.807136487797,-0.245937902832));
#5999 = CARTESIAN_POINT('',(1.885348864491,-0.236112253455));
#6000 = CARTESIAN_POINT('',(1.963504736765,-0.226308064213));
#6001 = CARTESIAN_POINT('',(2.041607837565,-0.21651759748));
#6002 = CARTESIAN_POINT('',(2.199125363937,-0.196771468891));
#6003 = CARTESIAN_POINT('',(2.278566296329,-0.186812442533));
#6004 = CARTESIAN_POINT('',(2.357930237756,-0.176854532511));
#6005 = CARTESIAN_POINT('',(2.437225117233,-0.166887693563));
#6006 = CARTESIAN_POINT('',(2.516460063389,-0.156908322948));
#6007 = CARTESIAN_POINT('',(2.595641927282,-0.146929821752));
#6008 = CARTESIAN_POINT('',(2.740923595871,-0.128637424262));
#6009 = CARTESIAN_POINT('',(2.807064493367,-0.120315774842));
#6010 = CARTESIAN_POINT('',(2.873155664985,-0.112014881607));
#6011 = CARTESIAN_POINT('',(2.939198701189,-0.103743680902));
#6012 = CARTESIAN_POINT('',(3.005199988609,-9.550367647847E-02));
#6013 = CARTESIAN_POINT('',(3.071161913762,-8.727629203146E-02));
#6014 = CARTESIAN_POINT('',(3.159253202565,-7.622052178999E-02));
#6015 = CARTESIAN_POINT('',(3.181428282401,-7.343127175604E-02));
#6016 = CARTESIAN_POINT('',(3.203598312437,-7.063807946966E-02));
#6017 = CARTESIAN_POINT('',(3.225763291971,-6.78438450777E-02));
#6018 = CARTESIAN_POINT('',(3.24792323947,-6.50489891773E-02));
#6019 = CARTESIAN_POINT('',(3.270078166404,-6.225512895914E-02));
#6020 = CARTESIAN_POINT('',(3.358993974167,-5.104593098161E-02));
#6021 = CARTESIAN_POINT('',(3.425720338346,-4.26424382661E-02));
#6022 = CARTESIAN_POINT('',(3.492396014069,-3.427390269509E-02));
#6023 = CARTESIAN_POINT('',(3.559023550118,-2.593487394702E-02));
#6024 = CARTESIAN_POINT('',(3.625609274602,-1.761192842425E-02));
#6025 = CARTESIAN_POINT('',(3.692154581018,-9.294587432055E-03));
#6026 = CARTESIAN_POINT('',(3.758648367203,-9.780968110682E-04));
#6027 = ( GEOMETRIC_REPRESENTATION_CONTEXT(2) 
PARAMETRIC_REPRESENTATION_CONTEXT() REPRESENTATION_CONTEXT('2D SPACE',''
  ) );
#6028 = ORIENTED_EDGE('',*,*,#5291,.T.);
#6029 = ORIENTED_EDGE('',*,*,#5254,.T.);
#6030 = ORIENTED_EDGE('',*,*,#5109,.T.);
#6031 = ORIENTED_EDGE('',*,*,#4540,.F.);
#6032 = ADVANCED_FACE('',(#6033),#1154,.T.);
#6033 = FACE_BOUND('',#6034,.F.);
#6034 = EDGE_LOOP('',(#6035,#6036,#6037,#6038,#6110,#6111));
#6035 = ORIENTED_EDGE('',*,*,#5322,.F.);
#6036 = ORIENTED_EDGE('',*,*,#5178,.T.);
#6037 = ORIENTED_EDGE('',*,*,#5027,.F.);
#6038 = ORIENTED_EDGE('',*,*,#6039,.F.);
#6039 = EDGE_CURVE('',#1067,#5028,#6040,.T.);
#6040 = SURFACE_CURVE('',#6041,(#6062,#6086),.PCURVE_S1.);
#6041 = B_SPLINE_CURVE_WITH_KNOTS('',7,(#6042,#6043,#6044,#6045,#6046,
    #6047,#6048,#6049,#6050,#6051,#6052,#6053,#6054,#6055,#6056,#6057,
    #6058,#6059,#6060,#6061),.UNSPECIFIED.,.F.,.F.,(8,6,6,8),(0.,
    0.451107873885,0.626430074627,1.),.UNSPECIFIED.);
#6042 = CARTESIAN_POINT('',(-1.815340106157E-02,-14.02548825189,
    0.2000001));
#6043 = CARTESIAN_POINT('',(1.100293433165,-14.04429946558,
    0.217363679546));
#6044 = CARTESIAN_POINT('',(2.220723995242,-13.95901797537,
    0.234690977363));
#6045 = CARTESIAN_POINT('',(3.33111848898,-13.76952854131,0.25195700736)
  );
#6046 = CARTESIAN_POINT('',(4.419976408287,-13.47754939959,
    0.269144674086));
#6047 = CARTESIAN_POINT('',(5.476249239929,-13.08622258298,
    0.286252339725));
#6048 = CARTESIAN_POINT('',(6.489338663656,-12.60012349322,
    0.303315943805));
#6049 = CARTESIAN_POINT('',(7.822294073897,-11.8023028445,0.32701393824)
  );
#6050 = CARTESIAN_POINT('',(8.187351782314,-11.56563641805,
    0.333647279456));
#6051 = CARTESIAN_POINT('',(8.543834181193,-11.31595160554,
    0.340284460954));
#6052 = CARTESIAN_POINT('',(8.891193131841,-11.0536346357,0.346929022251
    ));
#6053 = CARTESIAN_POINT('',(9.228904070133,-10.77909951877,
    0.353584713652));
#6054 = CARTESIAN_POINT('',(9.556465775158,-10.49278747915,
    0.360255145943));
#6055 = CARTESIAN_POINT('',(10.54871191082,-9.561006604801,
    0.381194604665));
#6056 = CARTESIAN_POINT('',(11.175818060534,-8.875461072205,
    0.395527731681));
#6057 = CARTESIAN_POINT('',(11.750031233174,-8.143097001982,
    0.409971593357));
#6058 = CARTESIAN_POINT('',(12.26733187076,-7.368913193424,
    0.424546037479));
#6059 = CARTESIAN_POINT('',(12.724263964968,-6.55825479661,
    0.439241459201));
#6060 = CARTESIAN_POINT('',(13.117917765154,-5.716789391918,
    0.453982375817));
#6061 = CARTESIAN_POINT('',(13.445961807953,-4.850513316655,
    0.468602673299));
#6062 = PCURVE('',#1154,#6063);
#6063 = DEFINITIONAL_REPRESENTATION('',(#6064),#6085);
#6064 = B_SPLINE_CURVE_WITH_KNOTS('',7,(#6065,#6066,#6067,#6068,#6069,
    #6070,#6071,#6072,#6073,#6074,#6075,#6076,#6077,#6078,#6079,#6080,
    #6081,#6082,#6083,#6084),.UNSPECIFIED.,.F.,.F.,(8,6,6,8),(0.,
    0.451107873885,0.626430074627,1.),.UNSPECIFIED.);
#6065 = CARTESIAN_POINT('',(4.711094666019,-0.2755));
#6066 = CARTESIAN_POINT('',(4.790840147108,-0.258136421961));
#6067 = CARTESIAN_POINT('',(4.870487099562,-0.240809118605));
#6068 = CARTESIAN_POINT('',(4.950008227934,-0.223543097737));
#6069 = CARTESIAN_POINT('',(5.029412458201,-0.206355422506));
#6070 = CARTESIAN_POINT('',(5.108711344459,-0.189247761292));
#6071 = CARTESIAN_POINT('',(5.187912431193,-0.172184156195));
#6072 = CARTESIAN_POINT('',(5.297717912379,-0.14848616176));
#6073 = CARTESIAN_POINT('',(5.328433093444,-0.141852820544));
#6074 = CARTESIAN_POINT('',(5.359131374339,-0.135215639046));
#6075 = CARTESIAN_POINT('',(5.389812739346,-0.128571077749));
#6076 = CARTESIAN_POINT('',(5.420477241392,-0.121915386348));
#6077 = CARTESIAN_POINT('',(5.451124828872,-0.115244954057));
#6078 = CARTESIAN_POINT('',(5.547021152101,-9.43054953348E-02));
#6079 = CARTESIAN_POINT('',(5.612213089896,-7.997236831946E-02));
#6080 = CARTESIAN_POINT('',(5.677322681171,-6.552850664317E-02));
#6081 = CARTESIAN_POINT('',(5.742351914484,-5.09540625212E-02));
#6082 = CARTESIAN_POINT('',(5.807303285389,-3.625864079891E-02));
#6083 = CARTESIAN_POINT('',(5.872178199858,-2.151772418257E-02));
#6084 = CARTESIAN_POINT('',(5.936973659709,-6.897426701306E-03));
#6085 = ( GEOMETRIC_REPRESENTATION_CONTEXT(2) 
PARAMETRIC_REPRESENTATION_CONTEXT() REPRESENTATION_CONTEXT('2D SPACE',''
  ) );
#6086 = PCURVE('',#1096,#6087);
#6087 = DEFINITIONAL_REPRESENTATION('',(#6088),#6109);
#6088 = B_SPLINE_CURVE_WITH_KNOTS('',7,(#6089,#6090,#6091,#6092,#6093,
    #6094,#6095,#6096,#6097,#6098,#6099,#6100,#6101,#6102,#6103,#6104,
    #6105,#6106,#6107,#6108),.UNSPECIFIED.,.F.,.F.,(8,6,6,8),(0.,
    0.451107873885,0.626430074627,1.),.UNSPECIFIED.);
#6089 = CARTESIAN_POINT('',(4.498669209553,0.749803878676));
#6090 = CARTESIAN_POINT('',(4.466971476886,0.762496098193));
#6091 = CARTESIAN_POINT('',(4.435401401632,0.775170849117));
#6092 = CARTESIAN_POINT('',(4.404097670837,0.787823583951));
#6093 = CARTESIAN_POINT('',(4.373188057602,0.800456037428));
#6094 = CARTESIAN_POINT('',(4.3427047541,0.813071315962));
#6095 = CARTESIAN_POINT('',(4.312421925688,0.825672077362));
#6096 = CARTESIAN_POINT('',(4.270179185356,0.84314467231));
#6097 = CARTESIAN_POINT('',(4.258334687587,0.848032465539));
#6098 = CARTESIAN_POINT('',(4.246448265787,0.85291792062));
#6099 = CARTESIAN_POINT('',(4.234496162777,0.857801075924));
#6100 = CARTESIAN_POINT('',(4.222453140243,0.862681962337));
#6101 = CARTESIAN_POINT('',(4.210294635929,0.86756057085));
#6102 = CARTESIAN_POINT('',(4.171799675381,0.882826948098));
#6103 = CARTESIAN_POINT('',(4.144976185077,0.893207042202));
#6104 = CARTESIAN_POINT('',(4.117322393501,0.903575507762));
#6105 = CARTESIAN_POINT('',(4.088700271471,0.913931850919));
#6106 = CARTESIAN_POINT('',(4.059167954949,0.924275034442));
#6107 = CARTESIAN_POINT('',(4.029227653838,0.934603587331));
#6108 = CARTESIAN_POINT('',(4.,0.944916545379));
#6109 = ( GEOMETRIC_REPRESENTATION_CONTEXT(2) 
PARAMETRIC_REPRESENTATION_CONTEXT() REPRESENTATION_CONTEXT('2D SPACE',''
  ) );
#6110 = ORIENTED_EDGE('',*,*,#1133,.T.);
#6111 = ORIENTED_EDGE('',*,*,#5921,.T.);
#6112 = ADVANCED_FACE('',(#6113),#1096,.T.);
#6113 = FACE_BOUND('',#6114,.T.);
#6114 = EDGE_LOOP('',(#6115,#6116,#6117,#6118,#6147));
#6115 = ORIENTED_EDGE('',*,*,#5079,.F.);
#6116 = ORIENTED_EDGE('',*,*,#6039,.F.);
#6117 = ORIENTED_EDGE('',*,*,#1066,.F.);
#6118 = ORIENTED_EDGE('',*,*,#6119,.T.);
#6119 = EDGE_CURVE('',#1015,#2186,#6120,.T.);
#6120 = SURFACE_CURVE('',#6121,(#6133,#6140),.PCURVE_S1.);
#6121 = ( BOUNDED_CURVE() B_SPLINE_CURVE(6,(#6122,#6123,#6124,#6125,
    #6126,#6127,#6128,#6129,#6130,#6131,#6132),.UNSPECIFIED.,.F.,.F.) 
B_SPLINE_CURVE_WITH_KNOTS((7,4,7),(0.,0.5,1.),.UNSPECIFIED.) CURVE() 
GEOMETRIC_REPRESENTATION_ITEM() RATIONAL_B_SPLINE_CURVE((1.,1.,1.,1.,1.,
1.,1.,1.,1.,1.,1.)) REPRESENTATION_ITEM('') );
#6122 = CARTESIAN_POINT('',(13.75,1.7763568394E-15,-0.623685927919));
#6123 = CARTESIAN_POINT('',(13.701445579737,7.197831642732,
    -0.540352594585));
#6124 = CARTESIAN_POINT('',(9.369136897326,14.395663285458,
    -0.457019261261));
#6125 = CARTESIAN_POINT('',(-8.16321190679E-02,18.087075014382,
    -0.373685927915));
#6126 = CARTESIAN_POINT('',(-9.244513885317,14.39566328546,
    -0.290352594581));
#6127 = CARTESIAN_POINT('',(-18.25548611468,5.06771514457E-13,
    -0.123685927919));
#6128 = CARTESIAN_POINT('',(-9.244513885318,-14.39566328546,
    4.29807387444E-02));
#6129 = CARTESIAN_POINT('',(-8.163211906721E-02,-18.08707501438,
    0.126314072078));
#6130 = CARTESIAN_POINT('',(9.369136897325,-14.39566328546,
    0.209647405424));
#6131 = CARTESIAN_POINT('',(13.701445579738,-7.197831642731,
    0.292980738748));
#6132 = CARTESIAN_POINT('',(13.75,7.004474440531E-15,0.376314072081));
#6133 = PCURVE('',#1096,#6134);
#6134 = DEFINITIONAL_REPRESENTATION('',(#6135),#6139);
#6135 = LINE('',#6136,#6137);
#6136 = CARTESIAN_POINT('',(5.,0.));
#6137 = VECTOR('',#6138,1.);
#6138 = DIRECTION('',(0.,1.));
#6139 = ( GEOMETRIC_REPRESENTATION_CONTEXT(2) 
PARAMETRIC_REPRESENTATION_CONTEXT() REPRESENTATION_CONTEXT('2D SPACE',''
  ) );
#6140 = PCURVE('',#1034,#6141);
#6141 = DEFINITIONAL_REPRESENTATION('',(#6142),#6146);
#6142 = LINE('',#6143,#6144);
#6143 = CARTESIAN_POINT('',(5.,0.));
#6144 = VECTOR('',#6145,1.);
#6145 = DIRECTION('',(0.,1.));
#6146 = ( GEOMETRIC_REPRESENTATION_CONTEXT(2) 
PARAMETRIC_REPRESENTATION_CONTEXT() REPRESENTATION_CONTEXT('2D SPACE',''
  ) );
#6147 = ORIENTED_EDGE('',*,*,#5851,.F.);
#6148 = ADVANCED_FACE('',(#6149),#1034,.T.);
#6149 = FACE_BOUND('',#6150,.T.);
#6150 = EDGE_LOOP('',(#6151,#6152,#6153,#6315));
#6151 = ORIENTED_EDGE('',*,*,#6119,.F.);
#6152 = ORIENTED_EDGE('',*,*,#1014,.F.);
#6153 = ORIENTED_EDGE('',*,*,#6154,.T.);
#6154 = EDGE_CURVE('',#982,#1656,#6155,.T.);
#6155 = SURFACE_CURVE('',#6156,(#6207,#6261),.PCURVE_S1.);
#6156 = B_SPLINE_CURVE_WITH_KNOTS('',7,(#6157,#6158,#6159,#6160,#6161,
    #6162,#6163,#6164,#6165,#6166,#6167,#6168,#6169,#6170,#6171,#6172,
    #6173,#6174,#6175,#6176,#6177,#6178,#6179,#6180,#6181,#6182,#6183,
    #6184,#6185,#6186,#6187,#6188,#6189,#6190,#6191,#6192,#6193,#6194,
    #6195,#6196,#6197,#6198,#6199,#6200,#6201,#6202,#6203,#6204,#6205,
    #6206),.UNSPECIFIED.,.F.,.F.,(8,6,6,6,6,6,6,6,8),(0.,0.3494992906,
    0.720305374683,0.745330007841,0.778370326942,0.818412126299,
    0.867387083686,0.92721219111,1.),.UNSPECIFIED.);
#6157 = CARTESIAN_POINT('',(6.119147549727,-12.25748886455,0.1999977));
#6158 = CARTESIAN_POINT('',(6.797118027325,-11.91903443619,
    0.208797845641));
#6159 = CARTESIAN_POINT('',(7.453279107174,-11.5368157356,0.21759891965)
  );
#6160 = CARTESIAN_POINT('',(8.084185436977,-11.1125440543,0.226400629408
    ));
#6161 = CARTESIAN_POINT('',(8.686630198646,-10.64824624702,
    0.235203452631));
#6162 = CARTESIAN_POINT('',(9.257620118335,-10.14622887707,
    0.244007939917));
#6163 = CARTESIAN_POINT('',(9.794377329464,-9.609077268736,
    0.252814086512));
#6164 = CARTESIAN_POINT('',(10.824840168352,-8.435589639062,
    0.270964348882));
#6165 = CARTESIAN_POINT('',(11.313983142426,-7.79513859552,
    0.280309530965));
#6166 = CARTESIAN_POINT('',(11.758747102486,-7.121793433247,
    0.289654817124));
#6167 = CARTESIAN_POINT('',(12.156524234034,-6.419264063886,
    0.298999557105));
#6168 = CARTESIAN_POINT('',(12.505095520695,-5.691476240047,
    0.308343031652));
#6169 = CARTESIAN_POINT('',(12.802630312135,-4.942567089125,
    0.317684429039));
#6170 = CARTESIAN_POINT('',(13.064278741653,-4.125235095959,
    0.327653178935));
#6171 = CARTESIAN_POINT('',(13.080581575341,-4.073486441288,
    0.328283397945));
#6172 = CARTESIAN_POINT('',(13.096645262809,-4.021662626003,
    0.328913606188));
#6173 = CARTESIAN_POINT('',(13.112469389167,-3.969764974352,0.3295438037
    ));
#6174 = CARTESIAN_POINT('',(13.128053548579,-3.917794813769,
    0.330173990532));
#6175 = CARTESIAN_POINT('',(13.143397344253,-3.86575347487,
    0.330804166757));
#6176 = CARTESIAN_POINT('',(13.17844111631,-3.744839279729,
    0.332266347706));
#6177 = CARTESIAN_POINT('',(13.19796216065,-3.675914513465,
    0.333098344616));
#6178 = CARTESIAN_POINT('',(13.217062628977,-3.60687106244,
    0.333930323406));
#6179 = CARTESIAN_POINT('',(13.235741656548,-3.53771200621,
    0.334762284352));
#6180 = CARTESIAN_POINT('',(13.253998406369,-3.468440434109,
    0.335594227793));
#6181 = CARTESIAN_POINT('',(13.271832069199,-3.399059445249,
    0.336426154131));
#6182 = CARTESIAN_POINT('',(13.310340918002,-3.245359995948,
    0.33826626116));
#6183 = CARTESIAN_POINT('',(13.330817429053,-3.160991707539,
    0.339274434054));
#6184 = CARTESIAN_POINT('',(13.350670005398,-3.076472816469,
    0.340282583346));
#6185 = CARTESIAN_POINT('',(13.369897316627,-2.991808878298,
    0.341290710014));
#6186 = CARTESIAN_POINT('',(13.388498093213,-2.907005470972,
    0.342298815179));
#6187 = CARTESIAN_POINT('',(13.406471126515,-2.822068194828,
    0.343306900106));
#6188 = CARTESIAN_POINT('',(13.445028816664,-2.632959387984,
    0.345547927637));
#6189 = CARTESIAN_POINT('',(13.465301568054,-2.528724254202,
    0.346780860897));
#6190 = CARTESIAN_POINT('',(13.484631421285,-2.424307557474,
    0.348013768569));
#6191 = CARTESIAN_POINT('',(13.503016415859,-2.319719641406,
    0.349246653548));
#6192 = CARTESIAN_POINT('',(13.520454732447,-2.214970906981,
    0.350479519038));
#6193 = CARTESIAN_POINT('',(13.536944692883,-2.11007181256,
    0.351712368553));
#6194 = CARTESIAN_POINT('',(13.571467649477,-1.876723098329,
    0.354451172061));
#6195 = CARTESIAN_POINT('',(13.589033141998,-1.748204665311,
    0.355957119972));
#6196 = CARTESIAN_POINT('',(13.605178428124,-1.619496734711,
    0.35746305667));
#6197 = CARTESIAN_POINT('',(13.619901037374,-1.490618629202,
    0.358968989685));
#6198 = CARTESIAN_POINT('',(13.63319883839,-1.361589834248,
    0.360474927051));
#6199 = CARTESIAN_POINT('',(13.645070038943,-1.232429998103,
    0.361980877311));
#6200 = CARTESIAN_POINT('',(13.668219118606,-0.945877849126,
    0.365319130674));
#6201 = CARTESIAN_POINT('',(13.678811138282,-0.78843216465,
    0.367151443864));
#6202 = CARTESIAN_POINT('',(13.687286588276,-0.630857537121,
    0.368983805593));
#6203 = CARTESIAN_POINT('',(13.693643681681,-0.473190117524,
    0.370816232483));
#6204 = CARTESIAN_POINT('',(13.697881501371,-0.3154665491,0.372648741272
    ));
#6205 = CARTESIAN_POINT('',(13.7,-0.157723967343,0.374481348815));
#6206 = CARTESIAN_POINT('',(13.7,-1.7763568394E-15,0.376314072081));
#6207 = PCURVE('',#1034,#6208);
#6208 = DEFINITIONAL_REPRESENTATION('',(#6209),#6260);
#6209 = B_SPLINE_CURVE_WITH_KNOTS('',7,(#6210,#6211,#6212,#6213,#6214,
    #6215,#6216,#6217,#6218,#6219,#6220,#6221,#6222,#6223,#6224,#6225,
    #6226,#6227,#6228,#6229,#6230,#6231,#6232,#6233,#6234,#6235,#6236,
    #6237,#6238,#6239,#6240,#6241,#6242,#6243,#6244,#6245,#6246,#6247,
    #6248,#6249,#6250,#6251,#6252,#6253,#6254,#6255,#6256,#6257,#6258,
    #6259),.UNSPECIFIED.,.F.,.F.,(8,6,6,6,6,6,6,6,8),(0.,0.3494992906,
    0.720305374683,0.745330007841,0.778370326942,0.818412126299,
    0.867387083686,0.92721219111,1.),.UNSPECIFIED.);
#6210 = CARTESIAN_POINT('',(5.252782095266,0.823683627917));
#6211 = CARTESIAN_POINT('',(5.253983166966,0.832483773557));
#6212 = CARTESIAN_POINT('',(5.255244556472,0.841284847566));
#6213 = CARTESIAN_POINT('',(5.256401974811,0.850086557325));
#6214 = CARTESIAN_POINT('',(5.257213754936,0.858889380548));
#6215 = CARTESIAN_POINT('',(5.257367944067,0.867693867833));
#6216 = CARTESIAN_POINT('',(5.256557470013,0.876500014428));
#6217 = CARTESIAN_POINT('',(5.252571383575,0.894650276799));
#6218 = CARTESIAN_POINT('',(5.249254499346,0.903995458881));
#6219 = CARTESIAN_POINT('',(5.244482147372,0.913340745041));
#6220 = CARTESIAN_POINT('',(5.238253828575,0.922685485023));
#6221 = CARTESIAN_POINT('',(5.23093893245,0.93202895957));
#6222 = CARTESIAN_POINT('',(5.223573878629,0.941370356957));
#6223 = CARTESIAN_POINT('',(5.217683634534,0.951339106853));
#6224 = CARTESIAN_POINT('',(5.217319661588,0.951969325862));
#6225 = CARTESIAN_POINT('',(5.216964682801,0.952599534106));
#6226 = CARTESIAN_POINT('',(5.21661929907,0.953229731618));
#6227 = CARTESIAN_POINT('',(5.216284129519,0.95385991845));
#6228 = CARTESIAN_POINT('',(5.215959811497,0.954490094675));
#6229 = CARTESIAN_POINT('',(5.215233992629,0.955952275624));
#6230 = CARTESIAN_POINT('',(5.21484104481,0.956784272533));
#6231 = CARTESIAN_POINT('',(5.214469665589,0.957616251324));
#6232 = CARTESIAN_POINT('',(5.214121421361,0.95844821227));
#6233 = CARTESIAN_POINT('',(5.213797936453,0.959280155711));
#6234 = CARTESIAN_POINT('',(5.213500893123,0.960112082049));
#6235 = CARTESIAN_POINT('',(5.212906196306,0.961952189078));
#6236 = CARTESIAN_POINT('',(5.212621753764,0.962960361972));
#6237 = CARTESIAN_POINT('',(5.212381800939,0.963968511264));
#6238 = CARTESIAN_POINT('',(5.212189565619,0.964976637932));
#6239 = CARTESIAN_POINT('',(5.21204840637,0.965984743097));
#6240 = CARTESIAN_POINT('',(5.211961812541,0.966992828024));
#6241 = CARTESIAN_POINT('',(5.211898658204,0.969233855555));
#6242 = CARTESIAN_POINT('',(5.211950958608,0.970466788815));
#6243 = CARTESIAN_POINT('',(5.212096929123,0.971699696487));
#6244 = CARTESIAN_POINT('',(5.21234349736,0.972932581466));
#6245 = CARTESIAN_POINT('',(5.212697894891,0.974165446956));
#6246 = CARTESIAN_POINT('',(5.213167657247,0.975398296472));
#6247 = CARTESIAN_POINT('',(5.214484959308,0.97813709998));
#6248 = CARTESIAN_POINT('',(5.215393139062,0.97964304789));
#6249 = CARTESIAN_POINT('',(5.216499457638,0.981148984589));
#6250 = CARTESIAN_POINT('',(5.217818897568,0.982654917603));
#6251 = CARTESIAN_POINT('',(5.219367129469,0.984160854969));
#6252 = CARTESIAN_POINT('',(5.221160512036,0.98566680523));
#6253 = CARTESIAN_POINT('',(5.225717068157,0.989005058592));
#6254 = CARTESIAN_POINT('',(5.228606156078,0.990837371782));
#6255 = CARTESIAN_POINT('',(5.231914095294,0.992669733511));
#6256 = CARTESIAN_POINT('',(5.23567307801,0.994502160401));
#6257 = CARTESIAN_POINT('',(5.239916749151,0.99633466919));
#6258 = CARTESIAN_POINT('',(5.244680206361,0.998167276733));
#6259 = CARTESIAN_POINT('',(5.25,1.));
#6260 = ( GEOMETRIC_REPRESENTATION_CONTEXT(2) 
PARAMETRIC_REPRESENTATION_CONTEXT() REPRESENTATION_CONTEXT('2D SPACE',''
  ) );
#6261 = PCURVE('',#1002,#6262);
#6262 = DEFINITIONAL_REPRESENTATION('',(#6263),#6314);
#6263 = B_SPLINE_CURVE_WITH_KNOTS('',7,(#6264,#6265,#6266,#6267,#6268,
    #6269,#6270,#6271,#6272,#6273,#6274,#6275,#6276,#6277,#6278,#6279,
    #6280,#6281,#6282,#6283,#6284,#6285,#6286,#6287,#6288,#6289,#6290,
    #6291,#6292,#6293,#6294,#6295,#6296,#6297,#6298,#6299,#6300,#6301,
    #6302,#6303,#6304,#6305,#6306,#6307,#6308,#6309,#6310,#6311,#6312,
    #6313),.UNSPECIFIED.,.F.,.F.,(8,6,6,6,6,6,6,6,8),(0.,0.3494992906,
    0.720305374683,0.745330007841,0.778370326942,0.818412126299,
    0.867387083686,0.92721219111,1.),.UNSPECIFIED.);
#6264 = CARTESIAN_POINT('',(5.175410040972,-2.300000000038E-06));
#6265 = CARTESIAN_POINT('',(5.230720756331,8.79784564067E-03));
#6266 = CARTESIAN_POINT('',(5.286033961441,1.759891964953E-02));
#6267 = CARTESIAN_POINT('',(5.341345361664,2.64006294085E-02));
#6268 = CARTESIAN_POINT('',(5.396655639156,3.520345263147E-02));
#6269 = CARTESIAN_POINT('',(5.451967116756,4.400793991659E-02));
#6270 = CARTESIAN_POINT('',(5.507280402498,5.281408651191E-02));
#6271 = CARTESIAN_POINT('',(5.621273570371,7.096434888217E-02));
#6272 = CARTESIAN_POINT('',(5.679959378957,8.030953096459E-02));
#6273 = CARTESIAN_POINT('',(5.738642000341,8.965481712448E-02));
#6274 = CARTESIAN_POINT('',(5.797322584103,9.899955710548E-02));
#6275 = CARTESIAN_POINT('',(5.856003816384,0.108343031652));
#6276 = CARTESIAN_POINT('',(5.914687524113,0.117684429039));
#6277 = CARTESIAN_POINT('',(5.977329189984,0.127653178935));
#6278 = CARTESIAN_POINT('',(5.981289434375,0.128283397945));
#6279 = CARTESIAN_POINT('',(5.985249683166,0.128913606188));
#6280 = CARTESIAN_POINT('',(5.989209936512,0.1295438037));
#6281 = CARTESIAN_POINT('',(5.993170194538,0.130173990532));
#6282 = CARTESIAN_POINT('',(5.997130457341,0.130804166757));
#6283 = CARTESIAN_POINT('',(6.006319513204,0.132266347706));
#6284 = CARTESIAN_POINT('',(6.011548309845,0.133098344616));
#6285 = CARTESIAN_POINT('',(6.016777115091,0.133930323406));
#6286 = CARTESIAN_POINT('',(6.022005928962,0.134762284352));
#6287 = CARTESIAN_POINT('',(6.027234751321,0.135594227793));
#6288 = CARTESIAN_POINT('',(6.032463581873,0.136426154131));
#6289 = CARTESIAN_POINT('',(6.04402928674,0.13826626116));
#6290 = CARTESIAN_POINT('',(6.050366164594,0.139274434054));
#6291 = CARTESIAN_POINT('',(6.056703052982,0.140282583346));
#6292 = CARTESIAN_POINT('',(6.063039950553,0.141290710014));
#6293 = CARTESIAN_POINT('',(6.069376855352,0.142298815179));
#6294 = CARTESIAN_POINT('',(6.07571376482,0.143306900106));
#6295 = CARTESIAN_POINT('',(6.089801325104,0.145547927637));
#6296 = CARTESIAN_POINT('',(6.097551976364,0.146780860897));
#6297 = CARTESIAN_POINT('',(6.105302623977,0.148013768569));
#6298 = CARTESIAN_POINT('',(6.113053259991,0.149246653548));
#6299 = CARTESIAN_POINT('',(6.120803874096,0.150479519038));
#6300 = CARTESIAN_POINT('',(6.128554453625,0.151712368553));
#6301 = CARTESIAN_POINT('',(6.145772603533,0.154451172061));
#6302 = CARTESIAN_POINT('',(6.155240148048,0.155957119972));
#6303 = CARTESIAN_POINT('',(6.164707590533,0.15746305667));
#6304 = CARTESIAN_POINT('',(6.174174895202,0.158968989685));
#6305 = CARTESIAN_POINT('',(6.183642017046,0.160474927051));
#6306 = CARTESIAN_POINT('',(6.19310890183,0.161980877311));
#6307 = CARTESIAN_POINT('',(6.214093257751,0.165319130674));
#6308 = CARTESIAN_POINT('',(6.225610579256,0.167151443864));
#6309 = CARTESIAN_POINT('',(6.23712733911,0.168983805593));
#6310 = CARTESIAN_POINT('',(6.248643390817,0.170816232483));
#6311 = CARTESIAN_POINT('',(6.260158552886,0.172648741272));
#6312 = CARTESIAN_POINT('',(6.271672608833,0.174481348815));
#6313 = CARTESIAN_POINT('',(6.28318530718,0.176314072081));
#6314 = ( GEOMETRIC_REPRESENTATION_CONTEXT(2) 
PARAMETRIC_REPRESENTATION_CONTEXT() REPRESENTATION_CONTEXT('2D SPACE',''
  ) );
#6315 = ORIENTED_EDGE('',*,*,#2241,.F.);
#6316 = ADVANCED_FACE('',(#6317),#1002,.T.);
#6317 = FACE_BOUND('',#6318,.T.);
#6318 = EDGE_LOOP('',(#6319,#6320,#6321));
#6319 = ORIENTED_EDGE('',*,*,#6154,.F.);
#6320 = ORIENTED_EDGE('',*,*,#979,.F.);
#6321 = ORIENTED_EDGE('',*,*,#2160,.T.);
#6322 = ADVANCED_FACE('',(#6323),#965,.F.);
#6323 = FACE_BOUND('',#6324,.F.);
#6324 = EDGE_LOOP('',(#6325,#6348,#6349,#6372));
#6325 = ORIENTED_EDGE('',*,*,#6326,.F.);
#6326 = EDGE_CURVE('',#929,#6327,#6329,.T.);
#6327 = VERTEX_POINT('',#6328);
#6328 = CARTESIAN_POINT('',(15.97,-6.5,2.2));
#6329 = SURFACE_CURVE('',#6330,(#6334,#6341),.PCURVE_S1.);
#6330 = LINE('',#6331,#6332);
#6331 = CARTESIAN_POINT('',(15.97,-6.5,-1.));
#6332 = VECTOR('',#6333,1.);
#6333 = DIRECTION('',(0.,0.,1.));
#6334 = PCURVE('',#965,#6335);
#6335 = DEFINITIONAL_REPRESENTATION('',(#6336),#6340);
#6336 = LINE('',#6337,#6338);
#6337 = CARTESIAN_POINT('',(0.,0.));
#6338 = VECTOR('',#6339,1.);
#6339 = DIRECTION('',(1.,0.));
#6340 = ( GEOMETRIC_REPRESENTATION_CONTEXT(2) 
PARAMETRIC_REPRESENTATION_CONTEXT() REPRESENTATION_CONTEXT('2D SPACE',''
  ) );
#6341 = PCURVE('',#215,#6342);
#6342 = DEFINITIONAL_REPRESENTATION('',(#6343),#6347);
#6343 = LINE('',#6344,#6345);
#6344 = CARTESIAN_POINT('',(0.,3.17));
#6345 = VECTOR('',#6346,1.);
#6346 = DIRECTION('',(1.,0.));
#6347 = ( GEOMETRIC_REPRESENTATION_CONTEXT(2) 
PARAMETRIC_REPRESENTATION_CONTEXT() REPRESENTATION_CONTEXT('2D SPACE',''
  ) );
#6348 = ORIENTED_EDGE('',*,*,#951,.F.);
#6349 = ORIENTED_EDGE('',*,*,#6350,.T.);
#6350 = EDGE_CURVE('',#803,#6351,#6353,.T.);
#6351 = VERTEX_POINT('',#6352);
#6352 = CARTESIAN_POINT('',(15.97,6.5,2.2));
#6353 = SURFACE_CURVE('',#6354,(#6358,#6365),.PCURVE_S1.);
#6354 = LINE('',#6355,#6356);
#6355 = CARTESIAN_POINT('',(15.97,6.5,-1.));
#6356 = VECTOR('',#6357,1.);
#6357 = DIRECTION('',(0.,0.,1.));
#6358 = PCURVE('',#965,#6359);
#6359 = DEFINITIONAL_REPRESENTATION('',(#6360),#6364);
#6360 = LINE('',#6361,#6362);
#6361 = CARTESIAN_POINT('',(0.,-13.));
#6362 = VECTOR('',#6363,1.);
#6363 = DIRECTION('',(1.,0.));
#6364 = ( GEOMETRIC_REPRESENTATION_CONTEXT(2) 
PARAMETRIC_REPRESENTATION_CONTEXT() REPRESENTATION_CONTEXT('2D SPACE',''
  ) );
#6365 = PCURVE('',#44,#6366);
#6366 = DEFINITIONAL_REPRESENTATION('',(#6367),#6371);
#6367 = LINE('',#6368,#6369);
#6368 = CARTESIAN_POINT('',(0.,3.17));
#6369 = VECTOR('',#6370,1.);
#6370 = DIRECTION('',(1.,0.));
#6371 = ( GEOMETRIC_REPRESENTATION_CONTEXT(2) 
PARAMETRIC_REPRESENTATION_CONTEXT() REPRESENTATION_CONTEXT('2D SPACE',''
  ) );
#6372 = ORIENTED_EDGE('',*,*,#6373,.F.);
#6373 = EDGE_CURVE('',#6327,#6351,#6374,.T.);
#6374 = SURFACE_CURVE('',#6375,(#6379,#6386),.PCURVE_S1.);
#6375 = LINE('',#6376,#6377);
#6376 = CARTESIAN_POINT('',(15.97,-6.5,2.2));
#6377 = VECTOR('',#6378,1.);
#6378 = DIRECTION('',(-0.,1.,0.));
#6379 = PCURVE('',#965,#6380);
#6380 = DEFINITIONAL_REPRESENTATION('',(#6381),#6385);
#6381 = LINE('',#6382,#6383);
#6382 = CARTESIAN_POINT('',(3.2,0.));
#6383 = VECTOR('',#6384,1.);
#6384 = DIRECTION('',(0.,-1.));
#6385 = ( GEOMETRIC_REPRESENTATION_CONTEXT(2) 
PARAMETRIC_REPRESENTATION_CONTEXT() REPRESENTATION_CONTEXT('2D SPACE',''
  ) );
#6386 = PCURVE('',#6387,#6392);
#6387 = PLANE('',#6388);
#6388 = AXIS2_PLACEMENT_3D('',#6389,#6390,#6391);
#6389 = CARTESIAN_POINT('',(15.97,-6.5,2.2));
#6390 = DIRECTION('',(0.,0.,1.));
#6391 = DIRECTION('',(1.,0.,-0.));
#6392 = DEFINITIONAL_REPRESENTATION('',(#6393),#6397);
#6393 = LINE('',#6394,#6395);
#6394 = CARTESIAN_POINT('',(0.,0.));
#6395 = VECTOR('',#6396,1.);
#6396 = DIRECTION('',(0.,1.));
#6397 = ( GEOMETRIC_REPRESENTATION_CONTEXT(2) 
PARAMETRIC_REPRESENTATION_CONTEXT() REPRESENTATION_CONTEXT('2D SPACE',''
  ) );
#6398 = ADVANCED_FACE('',(#6399,#6470),#6387,.T.);
#6399 = FACE_BOUND('',#6400,.T.);
#6400 = EDGE_LOOP('',(#6401,#6424,#6425,#6448));
#6401 = ORIENTED_EDGE('',*,*,#6402,.F.);
#6402 = EDGE_CURVE('',#6351,#6403,#6405,.T.);
#6403 = VERTEX_POINT('',#6404);
#6404 = CARTESIAN_POINT('',(18.988283229402,6.5,2.2));
#6405 = SURFACE_CURVE('',#6406,(#6410,#6417),.PCURVE_S1.);
#6406 = LINE('',#6407,#6408);
#6407 = CARTESIAN_POINT('',(15.97,6.5,2.2));
#6408 = VECTOR('',#6409,1.);
#6409 = DIRECTION('',(1.,0.,-0.));
#6410 = PCURVE('',#6387,#6411);
#6411 = DEFINITIONAL_REPRESENTATION('',(#6412),#6416);
#6412 = LINE('',#6413,#6414);
#6413 = CARTESIAN_POINT('',(0.,13.));
#6414 = VECTOR('',#6415,1.);
#6415 = DIRECTION('',(1.,0.));
#6416 = ( GEOMETRIC_REPRESENTATION_CONTEXT(2) 
PARAMETRIC_REPRESENTATION_CONTEXT() REPRESENTATION_CONTEXT('2D SPACE',''
  ) );
#6417 = PCURVE('',#44,#6418);
#6418 = DEFINITIONAL_REPRESENTATION('',(#6419),#6423);
#6419 = LINE('',#6420,#6421);
#6420 = CARTESIAN_POINT('',(3.2,3.17));
#6421 = VECTOR('',#6422,1.);
#6422 = DIRECTION('',(0.,1.));
#6423 = ( GEOMETRIC_REPRESENTATION_CONTEXT(2) 
PARAMETRIC_REPRESENTATION_CONTEXT() REPRESENTATION_CONTEXT('2D SPACE',''
  ) );
#6424 = ORIENTED_EDGE('',*,*,#6373,.F.);
#6425 = ORIENTED_EDGE('',*,*,#6426,.T.);
#6426 = EDGE_CURVE('',#6327,#6427,#6429,.T.);
#6427 = VERTEX_POINT('',#6428);
#6428 = CARTESIAN_POINT('',(18.988283229402,-6.5,2.2));
#6429 = SURFACE_CURVE('',#6430,(#6434,#6441),.PCURVE_S1.);
#6430 = LINE('',#6431,#6432);
#6431 = CARTESIAN_POINT('',(15.97,-6.5,2.2));
#6432 = VECTOR('',#6433,1.);
#6433 = DIRECTION('',(1.,0.,-0.));
#6434 = PCURVE('',#6387,#6435);
#6435 = DEFINITIONAL_REPRESENTATION('',(#6436),#6440);
#6436 = LINE('',#6437,#6438);
#6437 = CARTESIAN_POINT('',(0.,0.));
#6438 = VECTOR('',#6439,1.);
#6439 = DIRECTION('',(1.,0.));
#6440 = ( GEOMETRIC_REPRESENTATION_CONTEXT(2) 
PARAMETRIC_REPRESENTATION_CONTEXT() REPRESENTATION_CONTEXT('2D SPACE',''
  ) );
#6441 = PCURVE('',#215,#6442);
#6442 = DEFINITIONAL_REPRESENTATION('',(#6443),#6447);
#6443 = LINE('',#6444,#6445);
#6444 = CARTESIAN_POINT('',(3.2,3.17));
#6445 = VECTOR('',#6446,1.);
#6446 = DIRECTION('',(0.,1.));
#6447 = ( GEOMETRIC_REPRESENTATION_CONTEXT(2) 
PARAMETRIC_REPRESENTATION_CONTEXT() REPRESENTATION_CONTEXT('2D SPACE',''
  ) );
#6448 = ORIENTED_EDGE('',*,*,#6449,.T.);
#6449 = EDGE_CURVE('',#6427,#6403,#6450,.T.);
#6450 = SURFACE_CURVE('',#6451,(#6456,#6463),.PCURVE_S1.);
#6451 = CIRCLE('',#6452,20.07);
#6452 = AXIS2_PLACEMENT_3D('',#6453,#6454,#6455);
#6453 = CARTESIAN_POINT('',(0.,0.,2.2));
#6454 = DIRECTION('',(0.,0.,1.));
#6455 = DIRECTION('',(0.946102801664,-0.323866467364,0.));
#6456 = PCURVE('',#6387,#6457);
#6457 = DEFINITIONAL_REPRESENTATION('',(#6458),#6462);
#6458 = CIRCLE('',#6459,20.07);
#6459 = AXIS2_PLACEMENT_2D('',#6460,#6461);
#6460 = CARTESIAN_POINT('',(-15.97,6.5));
#6461 = DIRECTION('',(0.946102801664,-0.323866467364));
#6462 = ( GEOMETRIC_REPRESENTATION_CONTEXT(2) 
PARAMETRIC_REPRESENTATION_CONTEXT() REPRESENTATION_CONTEXT('2D SPACE',''
  ) );
#6463 = PCURVE('',#246,#6464);
#6464 = DEFINITIONAL_REPRESENTATION('',(#6465),#6469);
#6465 = LINE('',#6466,#6467);
#6466 = CARTESIAN_POINT('',(5.953371932429,4.2));
#6467 = VECTOR('',#6468,1.);
#6468 = DIRECTION('',(1.,0.));
#6469 = ( GEOMETRIC_REPRESENTATION_CONTEXT(2) 
PARAMETRIC_REPRESENTATION_CONTEXT() REPRESENTATION_CONTEXT('2D SPACE',''
  ) );
#6470 = FACE_BOUND('',#6471,.T.);
#6471 = EDGE_LOOP('',(#6472,#6495,#6516,#6537));
#6472 = ORIENTED_EDGE('',*,*,#6473,.T.);
#6473 = EDGE_CURVE('',#6474,#6476,#6478,.T.);
#6474 = VERTEX_POINT('',#6475);
#6475 = CARTESIAN_POINT('',(18.57,-4.4,2.2));
#6476 = VERTEX_POINT('',#6477);
#6477 = CARTESIAN_POINT('',(16.77,-4.4,2.2));
#6478 = SURFACE_CURVE('',#6479,(#6483,#6489),.PCURVE_S1.);
#6479 = LINE('',#6480,#6481);
#6480 = CARTESIAN_POINT('',(16.37,-4.4,2.2));
#6481 = VECTOR('',#6482,1.);
#6482 = DIRECTION('',(-1.,-0.,0.));
#6483 = PCURVE('',#6387,#6484);
#6484 = DEFINITIONAL_REPRESENTATION('',(#6485),#6488);
#6485 = B_SPLINE_CURVE_WITH_KNOTS('',1,(#6486,#6487),.UNSPECIFIED.,.F.,
  .F.,(2,2),(-2.2,-0.4),.PIECEWISE_BEZIER_KNOTS.);
#6486 = CARTESIAN_POINT('',(2.6,2.1));
#6487 = CARTESIAN_POINT('',(0.8,2.1));
#6488 = ( GEOMETRIC_REPRESENTATION_CONTEXT(2) 
PARAMETRIC_REPRESENTATION_CONTEXT() REPRESENTATION_CONTEXT('2D SPACE',''
  ) );
#6489 = PCURVE('',#332,#6490);
#6490 = DEFINITIONAL_REPRESENTATION('',(#6491),#6494);
#6491 = B_SPLINE_CURVE_WITH_KNOTS('',1,(#6492,#6493),.UNSPECIFIED.,.F.,
  .F.,(2,2),(-2.2,-0.4),.PIECEWISE_BEZIER_KNOTS.);
#6492 = CARTESIAN_POINT('',(4.2,1.8));
#6493 = CARTESIAN_POINT('',(4.2,0.));
#6494 = ( GEOMETRIC_REPRESENTATION_CONTEXT(2) 
PARAMETRIC_REPRESENTATION_CONTEXT() REPRESENTATION_CONTEXT('2D SPACE',''
  ) );
#6495 = ORIENTED_EDGE('',*,*,#6496,.T.);
#6496 = EDGE_CURVE('',#6476,#6497,#6499,.T.);
#6497 = VERTEX_POINT('',#6498);
#6498 = CARTESIAN_POINT('',(16.77,4.4,2.2));
#6499 = SURFACE_CURVE('',#6500,(#6504,#6510),.PCURVE_S1.);
#6500 = LINE('',#6501,#6502);
#6501 = CARTESIAN_POINT('',(16.77,-5.45,2.2));
#6502 = VECTOR('',#6503,1.);
#6503 = DIRECTION('',(-0.,1.,0.));
#6504 = PCURVE('',#6387,#6505);
#6505 = DEFINITIONAL_REPRESENTATION('',(#6506),#6509);
#6506 = B_SPLINE_CURVE_WITH_KNOTS('',1,(#6507,#6508),.UNSPECIFIED.,.F.,
  .F.,(2,2),(1.05,9.85),.PIECEWISE_BEZIER_KNOTS.);
#6507 = CARTESIAN_POINT('',(0.8,2.1));
#6508 = CARTESIAN_POINT('',(0.8,10.9));
#6509 = ( GEOMETRIC_REPRESENTATION_CONTEXT(2) 
PARAMETRIC_REPRESENTATION_CONTEXT() REPRESENTATION_CONTEXT('2D SPACE',''
  ) );
#6510 = PCURVE('',#357,#6511);
#6511 = DEFINITIONAL_REPRESENTATION('',(#6512),#6515);
#6512 = B_SPLINE_CURVE_WITH_KNOTS('',1,(#6513,#6514),.UNSPECIFIED.,.F.,
  .F.,(2,2),(1.05,9.85),.PIECEWISE_BEZIER_KNOTS.);
#6513 = CARTESIAN_POINT('',(4.2,0.));
#6514 = CARTESIAN_POINT('',(4.2,-8.8));
#6515 = ( GEOMETRIC_REPRESENTATION_CONTEXT(2) 
PARAMETRIC_REPRESENTATION_CONTEXT() REPRESENTATION_CONTEXT('2D SPACE',''
  ) );
#6516 = ORIENTED_EDGE('',*,*,#6517,.F.);
#6517 = EDGE_CURVE('',#6518,#6497,#6520,.T.);
#6518 = VERTEX_POINT('',#6519);
#6519 = CARTESIAN_POINT('',(18.57,4.4,2.2));
#6520 = SURFACE_CURVE('',#6521,(#6525,#6531),.PCURVE_S1.);
#6521 = LINE('',#6522,#6523);
#6522 = CARTESIAN_POINT('',(16.37,4.4,2.2));
#6523 = VECTOR('',#6524,1.);
#6524 = DIRECTION('',(-1.,-0.,0.));
#6525 = PCURVE('',#6387,#6526);
#6526 = DEFINITIONAL_REPRESENTATION('',(#6527),#6530);
#6527 = B_SPLINE_CURVE_WITH_KNOTS('',1,(#6528,#6529),.UNSPECIFIED.,.F.,
  .F.,(2,2),(-2.2,-0.4),.PIECEWISE_BEZIER_KNOTS.);
#6528 = CARTESIAN_POINT('',(2.6,10.9));
#6529 = CARTESIAN_POINT('',(0.8,10.9));
#6530 = ( GEOMETRIC_REPRESENTATION_CONTEXT(2) 
PARAMETRIC_REPRESENTATION_CONTEXT() REPRESENTATION_CONTEXT('2D SPACE',''
  ) );
#6531 = PCURVE('',#278,#6532);
#6532 = DEFINITIONAL_REPRESENTATION('',(#6533),#6536);
#6533 = B_SPLINE_CURVE_WITH_KNOTS('',1,(#6534,#6535),.UNSPECIFIED.,.F.,
  .F.,(2,2),(-2.2,-0.4),.PIECEWISE_BEZIER_KNOTS.);
#6534 = CARTESIAN_POINT('',(4.2,1.8));
#6535 = CARTESIAN_POINT('',(4.2,0.));
#6536 = ( GEOMETRIC_REPRESENTATION_CONTEXT(2) 
PARAMETRIC_REPRESENTATION_CONTEXT() REPRESENTATION_CONTEXT('2D SPACE',''
  ) );
#6537 = ORIENTED_EDGE('',*,*,#6538,.F.);
#6538 = EDGE_CURVE('',#6474,#6518,#6539,.T.);
#6539 = SURFACE_CURVE('',#6540,(#6544,#6550),.PCURVE_S1.);
#6540 = LINE('',#6541,#6542);
#6541 = CARTESIAN_POINT('',(18.57,-5.45,2.2));
#6542 = VECTOR('',#6543,1.);
#6543 = DIRECTION('',(-0.,1.,0.));
#6544 = PCURVE('',#6387,#6545);
#6545 = DEFINITIONAL_REPRESENTATION('',(#6546),#6549);
#6546 = B_SPLINE_CURVE_WITH_KNOTS('',1,(#6547,#6548),.UNSPECIFIED.,.F.,
  .F.,(2,2),(1.05,9.85),.PIECEWISE_BEZIER_KNOTS.);
#6547 = CARTESIAN_POINT('',(2.6,2.1));
#6548 = CARTESIAN_POINT('',(2.6,10.9));
#6549 = ( GEOMETRIC_REPRESENTATION_CONTEXT(2) 
PARAMETRIC_REPRESENTATION_CONTEXT() REPRESENTATION_CONTEXT('2D SPACE',''
  ) );
#6550 = PCURVE('',#305,#6551);
#6551 = DEFINITIONAL_REPRESENTATION('',(#6552),#6555);
#6552 = B_SPLINE_CURVE_WITH_KNOTS('',1,(#6553,#6554),.UNSPECIFIED.,.F.,
  .F.,(2,2),(1.05,9.85),.PIECEWISE_BEZIER_KNOTS.);
#6553 = CARTESIAN_POINT('',(4.2,0.));
#6554 = CARTESIAN_POINT('',(4.2,-8.8));
#6555 = ( GEOMETRIC_REPRESENTATION_CONTEXT(2) 
PARAMETRIC_REPRESENTATION_CONTEXT() REPRESENTATION_CONTEXT('2D SPACE',''
  ) );
#6556 = ADVANCED_FACE('',(#6557),#916,.T.);
#6557 = FACE_BOUND('',#6558,.T.);
#6558 = EDGE_LOOP('',(#6559,#6590,#6609,#6610));
#6559 = ORIENTED_EDGE('',*,*,#6560,.T.);
#6560 = EDGE_CURVE('',#6561,#6563,#6565,.T.);
#6561 = VERTEX_POINT('',#6562);
#6562 = CARTESIAN_POINT('',(-14.58735411238,-6.5,0.));
#6563 = VERTEX_POINT('',#6564);
#6564 = CARTESIAN_POINT('',(14.587354112381,-6.5,0.));
#6565 = SURFACE_CURVE('',#6566,(#6571,#6578),.PCURVE_S1.);
#6566 = CIRCLE('',#6567,15.97);
#6567 = AXIS2_PLACEMENT_3D('',#6568,#6569,#6570);
#6568 = CARTESIAN_POINT('',(0.,0.,0.));
#6569 = DIRECTION('',(0.,0.,1.));
#6570 = DIRECTION('',(1.,0.,-0.));
#6571 = PCURVE('',#916,#6572);
#6572 = DEFINITIONAL_REPRESENTATION('',(#6573),#6577);
#6573 = LINE('',#6574,#6575);
#6574 = CARTESIAN_POINT('',(0.,1.));
#6575 = VECTOR('',#6576,1.);
#6576 = DIRECTION('',(1.,0.));
#6577 = ( GEOMETRIC_REPRESENTATION_CONTEXT(2) 
PARAMETRIC_REPRESENTATION_CONTEXT() REPRESENTATION_CONTEXT('2D SPACE',''
  ) );
#6578 = PCURVE('',#6579,#6584);
#6579 = PLANE('',#6580);
#6580 = AXIS2_PLACEMENT_3D('',#6581,#6582,#6583);
#6581 = CARTESIAN_POINT('',(0.,0.,0.));
#6582 = DIRECTION('',(0.,0.,1.));
#6583 = DIRECTION('',(1.,0.,-0.));
#6584 = DEFINITIONAL_REPRESENTATION('',(#6585),#6589);
#6585 = CIRCLE('',#6586,15.97);
#6586 = AXIS2_PLACEMENT_2D('',#6587,#6588);
#6587 = CARTESIAN_POINT('',(0.,0.));
#6588 = DIRECTION('',(1.,0.));
#6589 = ( GEOMETRIC_REPRESENTATION_CONTEXT(2) 
PARAMETRIC_REPRESENTATION_CONTEXT() REPRESENTATION_CONTEXT('2D SPACE',''
  ) );
#6590 = ORIENTED_EDGE('',*,*,#6591,.T.);
#6591 = EDGE_CURVE('',#6563,#900,#6592,.T.);
#6592 = SURFACE_CURVE('',#6593,(#6597,#6603),.PCURVE_S1.);
#6593 = LINE('',#6594,#6595);
#6594 = CARTESIAN_POINT('',(14.587354112381,-6.5,-1.));
#6595 = VECTOR('',#6596,1.);
#6596 = DIRECTION('',(0.,0.,1.));
#6597 = PCURVE('',#916,#6598);
#6598 = DEFINITIONAL_REPRESENTATION('',(#6599),#6602);
#6599 = B_SPLINE_CURVE_WITH_KNOTS('',1,(#6600,#6601),.UNSPECIFIED.,.F.,
  .F.,(2,2),(-2.400000000069E-06,1.2000024),.PIECEWISE_BEZIER_KNOTS.);
#6600 = CARTESIAN_POINT('',(5.864003592166,-2.400000000069E-06));
#6601 = CARTESIAN_POINT('',(5.864003592166,1.2000024));
#6602 = ( GEOMETRIC_REPRESENTATION_CONTEXT(2) 
PARAMETRIC_REPRESENTATION_CONTEXT() REPRESENTATION_CONTEXT('2D SPACE',''
  ) );
#6603 = PCURVE('',#215,#6604);
#6604 = DEFINITIONAL_REPRESENTATION('',(#6605),#6608);
#6605 = B_SPLINE_CURVE_WITH_KNOTS('',1,(#6606,#6607),.UNSPECIFIED.,.F.,
  .F.,(2,2),(-2.400000000069E-06,1.2000024),.PIECEWISE_BEZIER_KNOTS.);
#6606 = CARTESIAN_POINT('',(-2.400000000069E-06,1.787354112381));
#6607 = CARTESIAN_POINT('',(1.2000024,1.787354112381));
#6608 = ( GEOMETRIC_REPRESENTATION_CONTEXT(2) 
PARAMETRIC_REPRESENTATION_CONTEXT() REPRESENTATION_CONTEXT('2D SPACE',''
  ) );
#6609 = ORIENTED_EDGE('',*,*,#899,.F.);
#6610 = ORIENTED_EDGE('',*,*,#6611,.F.);
#6611 = EDGE_CURVE('',#6561,#877,#6612,.T.);
#6612 = SURFACE_CURVE('',#6613,(#6617,#6623),.PCURVE_S1.);
#6613 = LINE('',#6614,#6615);
#6614 = CARTESIAN_POINT('',(-14.58735411238,-6.5,-1.));
#6615 = VECTOR('',#6616,1.);
#6616 = DIRECTION('',(0.,0.,1.));
#6617 = PCURVE('',#916,#6618);
#6618 = DEFINITIONAL_REPRESENTATION('',(#6619),#6622);
#6619 = B_SPLINE_CURVE_WITH_KNOTS('',1,(#6620,#6621),.UNSPECIFIED.,.F.,
  .F.,(2,2),(-2.400000000069E-06,1.2000024),.PIECEWISE_BEZIER_KNOTS.);
#6620 = CARTESIAN_POINT('',(3.560774368603,-2.400000000069E-06));
#6621 = CARTESIAN_POINT('',(3.560774368603,1.2000024));
#6622 = ( GEOMETRIC_REPRESENTATION_CONTEXT(2) 
PARAMETRIC_REPRESENTATION_CONTEXT() REPRESENTATION_CONTEXT('2D SPACE',''
  ) );
#6623 = PCURVE('',#158,#6624);
#6624 = DEFINITIONAL_REPRESENTATION('',(#6625),#6628);
#6625 = B_SPLINE_CURVE_WITH_KNOTS('',1,(#6626,#6627),.UNSPECIFIED.,.F.,
  .F.,(2,2),(-2.400000000069E-06,1.2000024),.PIECEWISE_BEZIER_KNOTS.);
#6626 = CARTESIAN_POINT('',(-2.400000000069E-06,1.382645887619));
#6627 = CARTESIAN_POINT('',(1.2000024,1.382645887619));
#6628 = ( GEOMETRIC_REPRESENTATION_CONTEXT(2) 
PARAMETRIC_REPRESENTATION_CONTEXT() REPRESENTATION_CONTEXT('2D SPACE',''
  ) );
#6629 = ADVANCED_FACE('',(#6630,#6801),#6579,.F.);
#6630 = FACE_BOUND('',#6631,.F.);
#6631 = EDGE_LOOP('',(#6632,#6653,#6686,#6707,#6731,#6752,#6781,#6800));
#6632 = ORIENTED_EDGE('',*,*,#6633,.T.);
#6633 = EDGE_CURVE('',#6563,#6634,#6636,.T.);
#6634 = VERTEX_POINT('',#6635);
#6635 = CARTESIAN_POINT('',(14.806042685336,-6.5,0.));
#6636 = SURFACE_CURVE('',#6637,(#6641,#6647),.PCURVE_S1.);
#6637 = LINE('',#6638,#6639);
#6638 = CARTESIAN_POINT('',(6.4,-6.5,0.));
#6639 = VECTOR('',#6640,1.);
#6640 = DIRECTION('',(1.,0.,-0.));
#6641 = PCURVE('',#6579,#6642);
#6642 = DEFINITIONAL_REPRESENTATION('',(#6643),#6646);
#6643 = B_SPLINE_CURVE_WITH_KNOTS('',1,(#6644,#6645),.UNSPECIFIED.,.F.,
  .F.,(2,2),(8.187354112381,9.77),.PIECEWISE_BEZIER_KNOTS.);
#6644 = CARTESIAN_POINT('',(14.587354112381,-6.5));
#6645 = CARTESIAN_POINT('',(16.17,-6.5));
#6646 = ( GEOMETRIC_REPRESENTATION_CONTEXT(2) 
PARAMETRIC_REPRESENTATION_CONTEXT() REPRESENTATION_CONTEXT('2D SPACE',''
  ) );
#6647 = PCURVE('',#215,#6648);
#6648 = DEFINITIONAL_REPRESENTATION('',(#6649),#6652);
#6649 = B_SPLINE_CURVE_WITH_KNOTS('',1,(#6650,#6651),.UNSPECIFIED.,.F.,
  .F.,(2,2),(8.187354112381,9.77),.PIECEWISE_BEZIER_KNOTS.);
#6650 = CARTESIAN_POINT('',(1.,1.787354112381));
#6651 = CARTESIAN_POINT('',(1.,3.37));
#6652 = ( GEOMETRIC_REPRESENTATION_CONTEXT(2) 
PARAMETRIC_REPRESENTATION_CONTEXT() REPRESENTATION_CONTEXT('2D SPACE',''
  ) );
#6653 = ORIENTED_EDGE('',*,*,#6654,.F.);
#6654 = EDGE_CURVE('',#6655,#6634,#6657,.T.);
#6655 = VERTEX_POINT('',#6656);
#6656 = CARTESIAN_POINT('',(14.806042685336,6.5,0.));
#6657 = SURFACE_CURVE('',#6658,(#6663,#6674),.PCURVE_S1.);
#6658 = CIRCLE('',#6659,16.17);
#6659 = AXIS2_PLACEMENT_3D('',#6660,#6661,#6662);
#6660 = CARTESIAN_POINT('',(0.,0.,0.));
#6661 = DIRECTION('',(0.,0.,-1.));
#6662 = DIRECTION('',(0.915648898289,0.401978973408,0.));
#6663 = PCURVE('',#6579,#6664);
#6664 = DEFINITIONAL_REPRESENTATION('',(#6665),#6673);
#6665 = ( BOUNDED_CURVE() B_SPLINE_CURVE(2,(#6666,#6667,#6668,#6669,
#6670,#6671,#6672),.UNSPECIFIED.,.T.,.F.) B_SPLINE_CURVE_WITH_KNOTS((1,2
    ,2,2,2,1),(-2.094395102393,0.,2.094395102393,4.188790204786,
6.28318530718,8.377580409573),.UNSPECIFIED.) CURVE() 
GEOMETRIC_REPRESENTATION_ITEM() RATIONAL_B_SPLINE_CURVE((1.,0.5,1.,0.5,
1.,0.5,1.)) REPRESENTATION_ITEM('') );
#6666 = CARTESIAN_POINT('',(14.806042685336,6.5));
#6667 = CARTESIAN_POINT('',(26.064372934534,-19.14481819003));
#6668 = CARTESIAN_POINT('',(-1.773856218069,-16.07240909501));
#6669 = CARTESIAN_POINT('',(-29.61208537067,-13.));
#6670 = CARTESIAN_POINT('',(-13.03218646726,9.572409095018));
#6671 = CARTESIAN_POINT('',(3.547712436139,32.144818190036));
#6672 = CARTESIAN_POINT('',(14.806042685336,6.5));
#6673 = ( GEOMETRIC_REPRESENTATION_CONTEXT(2) 
PARAMETRIC_REPRESENTATION_CONTEXT() REPRESENTATION_CONTEXT('2D SPACE',''
  ) );
#6674 = PCURVE('',#6675,#6680);
#6675 = CYLINDRICAL_SURFACE('',#6676,16.17);
#6676 = AXIS2_PLACEMENT_3D('',#6677,#6678,#6679);
#6677 = CARTESIAN_POINT('',(0.,0.,-0.55));
#6678 = DIRECTION('',(0.,0.,1.));
#6679 = DIRECTION('',(1.,0.,-0.));
#6680 = DEFINITIONAL_REPRESENTATION('',(#6681),#6685);
#6681 = LINE('',#6682,#6683);
#6682 = CARTESIAN_POINT('',(6.696862410296,0.55));
#6683 = VECTOR('',#6684,1.);
#6684 = DIRECTION('',(-1.,-0.));
#6685 = ( GEOMETRIC_REPRESENTATION_CONTEXT(2) 
PARAMETRIC_REPRESENTATION_CONTEXT() REPRESENTATION_CONTEXT('2D SPACE',''
  ) );
#6686 = ORIENTED_EDGE('',*,*,#6687,.F.);
#6687 = EDGE_CURVE('',#6688,#6655,#6690,.T.);
#6688 = VERTEX_POINT('',#6689);
#6689 = CARTESIAN_POINT('',(14.587354112381,6.5,0.));
#6690 = SURFACE_CURVE('',#6691,(#6695,#6701),.PCURVE_S1.);
#6691 = LINE('',#6692,#6693);
#6692 = CARTESIAN_POINT('',(6.4,6.5,0.));
#6693 = VECTOR('',#6694,1.);
#6694 = DIRECTION('',(1.,0.,-0.));
#6695 = PCURVE('',#6579,#6696);
#6696 = DEFINITIONAL_REPRESENTATION('',(#6697),#6700);
#6697 = B_SPLINE_CURVE_WITH_KNOTS('',1,(#6698,#6699),.UNSPECIFIED.,.F.,
  .F.,(2,2),(8.187354112381,9.77),.PIECEWISE_BEZIER_KNOTS.);
#6698 = CARTESIAN_POINT('',(14.587354112381,6.5));
#6699 = CARTESIAN_POINT('',(16.17,6.5));
#6700 = ( GEOMETRIC_REPRESENTATION_CONTEXT(2) 
PARAMETRIC_REPRESENTATION_CONTEXT() REPRESENTATION_CONTEXT('2D SPACE',''
  ) );
#6701 = PCURVE('',#44,#6702);
#6702 = DEFINITIONAL_REPRESENTATION('',(#6703),#6706);
#6703 = B_SPLINE_CURVE_WITH_KNOTS('',1,(#6704,#6705),.UNSPECIFIED.,.F.,
  .F.,(2,2),(8.187354112381,9.77),.PIECEWISE_BEZIER_KNOTS.);
#6704 = CARTESIAN_POINT('',(1.,1.787354112381));
#6705 = CARTESIAN_POINT('',(1.,3.37));
#6706 = ( GEOMETRIC_REPRESENTATION_CONTEXT(2) 
PARAMETRIC_REPRESENTATION_CONTEXT() REPRESENTATION_CONTEXT('2D SPACE',''
  ) );
#6707 = ORIENTED_EDGE('',*,*,#6708,.T.);
#6708 = EDGE_CURVE('',#6688,#6709,#6711,.T.);
#6709 = VERTEX_POINT('',#6710);
#6710 = CARTESIAN_POINT('',(-14.58735411238,6.5,0.));
#6711 = SURFACE_CURVE('',#6712,(#6717,#6724),.PCURVE_S1.);
#6712 = CIRCLE('',#6713,15.97);
#6713 = AXIS2_PLACEMENT_3D('',#6714,#6715,#6716);
#6714 = CARTESIAN_POINT('',(0.,0.,0.));
#6715 = DIRECTION('',(0.,0.,1.));
#6716 = DIRECTION('',(1.,0.,-0.));
#6717 = PCURVE('',#6579,#6718);
#6718 = DEFINITIONAL_REPRESENTATION('',(#6719),#6723);
#6719 = CIRCLE('',#6720,15.97);
#6720 = AXIS2_PLACEMENT_2D('',#6721,#6722);
#6721 = CARTESIAN_POINT('',(0.,0.));
#6722 = DIRECTION('',(1.,0.));
#6723 = ( GEOMETRIC_REPRESENTATION_CONTEXT(2) 
PARAMETRIC_REPRESENTATION_CONTEXT() REPRESENTATION_CONTEXT('2D SPACE',''
  ) );
#6724 = PCURVE('',#842,#6725);
#6725 = DEFINITIONAL_REPRESENTATION('',(#6726),#6730);
#6726 = LINE('',#6727,#6728);
#6727 = CARTESIAN_POINT('',(0.,1.));
#6728 = VECTOR('',#6729,1.);
#6729 = DIRECTION('',(1.,0.));
#6730 = ( GEOMETRIC_REPRESENTATION_CONTEXT(2) 
PARAMETRIC_REPRESENTATION_CONTEXT() REPRESENTATION_CONTEXT('2D SPACE',''
  ) );
#6731 = ORIENTED_EDGE('',*,*,#6732,.F.);
#6732 = EDGE_CURVE('',#6733,#6709,#6735,.T.);
#6733 = VERTEX_POINT('',#6734);
#6734 = CARTESIAN_POINT('',(-14.80604268533,6.5,0.));
#6735 = SURFACE_CURVE('',#6736,(#6740,#6746),.PCURVE_S1.);
#6736 = LINE('',#6737,#6738);
#6737 = CARTESIAN_POINT('',(-7.985,6.5,0.));
#6738 = VECTOR('',#6739,1.);
#6739 = DIRECTION('',(1.,0.,-0.));
#6740 = PCURVE('',#6579,#6741);
#6741 = DEFINITIONAL_REPRESENTATION('',(#6742),#6745);
#6742 = B_SPLINE_CURVE_WITH_KNOTS('',1,(#6743,#6744),.UNSPECIFIED.,.F.,
  .F.,(2,2),(-8.185,-6.602354112381),.PIECEWISE_BEZIER_KNOTS.);
#6743 = CARTESIAN_POINT('',(-16.17,6.5));
#6744 = CARTESIAN_POINT('',(-14.58735411238,6.5));
#6745 = ( GEOMETRIC_REPRESENTATION_CONTEXT(2) 
PARAMETRIC_REPRESENTATION_CONTEXT() REPRESENTATION_CONTEXT('2D SPACE',''
  ) );
#6746 = PCURVE('',#101,#6747);
#6747 = DEFINITIONAL_REPRESENTATION('',(#6748),#6751);
#6748 = B_SPLINE_CURVE_WITH_KNOTS('',1,(#6749,#6750),.UNSPECIFIED.,.F.,
  .F.,(2,2),(-8.185,-6.602354112381),.PIECEWISE_BEZIER_KNOTS.);
#6749 = CARTESIAN_POINT('',(1.,-0.2));
#6750 = CARTESIAN_POINT('',(1.,1.382645887619));
#6751 = ( GEOMETRIC_REPRESENTATION_CONTEXT(2) 
PARAMETRIC_REPRESENTATION_CONTEXT() REPRESENTATION_CONTEXT('2D SPACE',''
  ) );
#6752 = ORIENTED_EDGE('',*,*,#6753,.T.);
#6753 = EDGE_CURVE('',#6733,#6754,#6756,.T.);
#6754 = VERTEX_POINT('',#6755);
#6755 = CARTESIAN_POINT('',(-14.80604268533,-6.5,0.));
#6756 = SURFACE_CURVE('',#6757,(#6762,#6769),.PCURVE_S1.);
#6757 = CIRCLE('',#6758,16.17);
#6758 = AXIS2_PLACEMENT_3D('',#6759,#6760,#6761);
#6759 = CARTESIAN_POINT('',(0.,0.,0.));
#6760 = DIRECTION('',(0.,0.,1.));
#6761 = DIRECTION('',(1.,0.,-0.));
#6762 = PCURVE('',#6579,#6763);
#6763 = DEFINITIONAL_REPRESENTATION('',(#6764),#6768);
#6764 = CIRCLE('',#6765,16.17);
#6765 = AXIS2_PLACEMENT_2D('',#6766,#6767);
#6766 = CARTESIAN_POINT('',(0.,0.));
#6767 = DIRECTION('',(1.,0.));
#6768 = ( GEOMETRIC_REPRESENTATION_CONTEXT(2) 
PARAMETRIC_REPRESENTATION_CONTEXT() REPRESENTATION_CONTEXT('2D SPACE',''
  ) );
#6769 = PCURVE('',#6770,#6775);
#6770 = CYLINDRICAL_SURFACE('',#6771,16.17);
#6771 = AXIS2_PLACEMENT_3D('',#6772,#6773,#6774);
#6772 = CARTESIAN_POINT('',(0.,0.,-0.55));
#6773 = DIRECTION('',(0.,0.,1.));
#6774 = DIRECTION('',(1.,0.,-0.));
#6775 = DEFINITIONAL_REPRESENTATION('',(#6776),#6780);
#6776 = LINE('',#6777,#6778);
#6777 = CARTESIAN_POINT('',(0.,0.55));
#6778 = VECTOR('',#6779,1.);
#6779 = DIRECTION('',(1.,0.));
#6780 = ( GEOMETRIC_REPRESENTATION_CONTEXT(2) 
PARAMETRIC_REPRESENTATION_CONTEXT() REPRESENTATION_CONTEXT('2D SPACE',''
  ) );
#6781 = ORIENTED_EDGE('',*,*,#6782,.T.);
#6782 = EDGE_CURVE('',#6754,#6561,#6783,.T.);
#6783 = SURFACE_CURVE('',#6784,(#6788,#6794),.PCURVE_S1.);
#6784 = LINE('',#6785,#6786);
#6785 = CARTESIAN_POINT('',(-7.985,-6.5,0.));
#6786 = VECTOR('',#6787,1.);
#6787 = DIRECTION('',(1.,0.,-0.));
#6788 = PCURVE('',#6579,#6789);
#6789 = DEFINITIONAL_REPRESENTATION('',(#6790),#6793);
#6790 = B_SPLINE_CURVE_WITH_KNOTS('',1,(#6791,#6792),.UNSPECIFIED.,.F.,
  .F.,(2,2),(-8.185,-6.602354112381),.PIECEWISE_BEZIER_KNOTS.);
#6791 = CARTESIAN_POINT('',(-16.17,-6.5));
#6792 = CARTESIAN_POINT('',(-14.58735411238,-6.5));
#6793 = ( GEOMETRIC_REPRESENTATION_CONTEXT(2) 
PARAMETRIC_REPRESENTATION_CONTEXT() REPRESENTATION_CONTEXT('2D SPACE',''
  ) );
#6794 = PCURVE('',#158,#6795);
#6795 = DEFINITIONAL_REPRESENTATION('',(#6796),#6799);
#6796 = B_SPLINE_CURVE_WITH_KNOTS('',1,(#6797,#6798),.UNSPECIFIED.,.F.,
  .F.,(2,2),(-8.185,-6.602354112381),.PIECEWISE_BEZIER_KNOTS.);
#6797 = CARTESIAN_POINT('',(1.,-0.2));
#6798 = CARTESIAN_POINT('',(1.,1.382645887619));
#6799 = ( GEOMETRIC_REPRESENTATION_CONTEXT(2) 
PARAMETRIC_REPRESENTATION_CONTEXT() REPRESENTATION_CONTEXT('2D SPACE',''
  ) );
#6800 = ORIENTED_EDGE('',*,*,#6560,.T.);
#6801 = FACE_BOUND('',#6802,.F.);
#6802 = EDGE_LOOP('',(#6803));
#6803 = ORIENTED_EDGE('',*,*,#6804,.F.);
#6804 = EDGE_CURVE('',#6805,#6805,#6807,.T.);
#6805 = VERTEX_POINT('',#6806);
#6806 = CARTESIAN_POINT('',(15.47,-3.789057196562E-15,0.));
#6807 = SURFACE_CURVE('',#6808,(#6813,#6820),.PCURVE_S1.);
#6808 = CIRCLE('',#6809,15.47);
#6809 = AXIS2_PLACEMENT_3D('',#6810,#6811,#6812);
#6810 = CARTESIAN_POINT('',(0.,0.,0.));
#6811 = DIRECTION('',(0.,0.,1.));
#6812 = DIRECTION('',(1.,0.,-0.));
#6813 = PCURVE('',#6579,#6814);
#6814 = DEFINITIONAL_REPRESENTATION('',(#6815),#6819);
#6815 = CIRCLE('',#6816,15.47);
#6816 = AXIS2_PLACEMENT_2D('',#6817,#6818);
#6817 = CARTESIAN_POINT('',(0.,0.));
#6818 = DIRECTION('',(1.,0.));
#6819 = ( GEOMETRIC_REPRESENTATION_CONTEXT(2) 
PARAMETRIC_REPRESENTATION_CONTEXT() REPRESENTATION_CONTEXT('2D SPACE',''
  ) );
#6820 = PCURVE('',#6821,#6826);
#6821 = CYLINDRICAL_SURFACE('',#6822,15.47);
#6822 = AXIS2_PLACEMENT_3D('',#6823,#6824,#6825);
#6823 = CARTESIAN_POINT('',(0.,0.,-0.55));
#6824 = DIRECTION('',(0.,0.,1.));
#6825 = DIRECTION('',(1.,0.,-0.));
#6826 = DEFINITIONAL_REPRESENTATION('',(#6827),#6831);
#6827 = LINE('',#6828,#6829);
#6828 = CARTESIAN_POINT('',(0.,0.55));
#6829 = VECTOR('',#6830,1.);
#6830 = DIRECTION('',(1.,0.));
#6831 = ( GEOMETRIC_REPRESENTATION_CONTEXT(2) 
PARAMETRIC_REPRESENTATION_CONTEXT() REPRESENTATION_CONTEXT('2D SPACE',''
  ) );
#6832 = ADVANCED_FACE('',(#6833),#6821,.T.);
#6833 = FACE_BOUND('',#6834,.T.);
#6834 = EDGE_LOOP('',(#6835,#6836,#6859,#6886));
#6835 = ORIENTED_EDGE('',*,*,#6804,.F.);
#6836 = ORIENTED_EDGE('',*,*,#6837,.F.);
#6837 = EDGE_CURVE('',#6838,#6805,#6840,.T.);
#6838 = VERTEX_POINT('',#6839);
#6839 = CARTESIAN_POINT('',(15.47,-3.789057196562E-15,-0.55));
#6840 = SEAM_CURVE('',#6841,(#6845,#6852),.PCURVE_S1.);
#6841 = LINE('',#6842,#6843);
#6842 = CARTESIAN_POINT('',(15.47,-3.789057196562E-15,-0.55));
#6843 = VECTOR('',#6844,1.);
#6844 = DIRECTION('',(0.,0.,1.));
#6845 = PCURVE('',#6821,#6846);
#6846 = DEFINITIONAL_REPRESENTATION('',(#6847),#6851);
#6847 = LINE('',#6848,#6849);
#6848 = CARTESIAN_POINT('',(6.28318530718,-0.));
#6849 = VECTOR('',#6850,1.);
#6850 = DIRECTION('',(0.,1.));
#6851 = ( GEOMETRIC_REPRESENTATION_CONTEXT(2) 
PARAMETRIC_REPRESENTATION_CONTEXT() REPRESENTATION_CONTEXT('2D SPACE',''
  ) );
#6852 = PCURVE('',#6821,#6853);
#6853 = DEFINITIONAL_REPRESENTATION('',(#6854),#6858);
#6854 = LINE('',#6855,#6856);
#6855 = CARTESIAN_POINT('',(0.,-0.));
#6856 = VECTOR('',#6857,1.);
#6857 = DIRECTION('',(0.,1.));
#6858 = ( GEOMETRIC_REPRESENTATION_CONTEXT(2) 
PARAMETRIC_REPRESENTATION_CONTEXT() REPRESENTATION_CONTEXT('2D SPACE',''
  ) );
#6859 = ORIENTED_EDGE('',*,*,#6860,.T.);
#6860 = EDGE_CURVE('',#6838,#6838,#6861,.T.);
#6861 = SURFACE_CURVE('',#6862,(#6867,#6874),.PCURVE_S1.);
#6862 = CIRCLE('',#6863,15.47);
#6863 = AXIS2_PLACEMENT_3D('',#6864,#6865,#6866);
#6864 = CARTESIAN_POINT('',(0.,0.,-0.55));
#6865 = DIRECTION('',(0.,0.,1.));
#6866 = DIRECTION('',(1.,0.,-0.));
#6867 = PCURVE('',#6821,#6868);
#6868 = DEFINITIONAL_REPRESENTATION('',(#6869),#6873);
#6869 = LINE('',#6870,#6871);
#6870 = CARTESIAN_POINT('',(0.,0.));
#6871 = VECTOR('',#6872,1.);
#6872 = DIRECTION('',(1.,0.));
#6873 = ( GEOMETRIC_REPRESENTATION_CONTEXT(2) 
PARAMETRIC_REPRESENTATION_CONTEXT() REPRESENTATION_CONTEXT('2D SPACE',''
  ) );
#6874 = PCURVE('',#6875,#6880);
#6875 = PLANE('',#6876);
#6876 = AXIS2_PLACEMENT_3D('',#6877,#6878,#6879);
#6877 = CARTESIAN_POINT('',(0.,0.,-0.55));
#6878 = DIRECTION('',(0.,0.,1.));
#6879 = DIRECTION('',(1.,0.,-0.));
#6880 = DEFINITIONAL_REPRESENTATION('',(#6881),#6885);
#6881 = CIRCLE('',#6882,15.47);
#6882 = AXIS2_PLACEMENT_2D('',#6883,#6884);
#6883 = CARTESIAN_POINT('',(0.,0.));
#6884 = DIRECTION('',(1.,0.));
#6885 = ( GEOMETRIC_REPRESENTATION_CONTEXT(2) 
PARAMETRIC_REPRESENTATION_CONTEXT() REPRESENTATION_CONTEXT('2D SPACE',''
  ) );
#6886 = ORIENTED_EDGE('',*,*,#6837,.T.);
#6887 = ADVANCED_FACE('',(#6888,#7074),#6875,.T.);
#6888 = FACE_BOUND('',#6889,.T.);
#6889 = EDGE_LOOP('',(#6890,#6913,#6941,#6962,#6986,#7007,#7031,#7052));
#6890 = ORIENTED_EDGE('',*,*,#6891,.T.);
#6891 = EDGE_CURVE('',#6892,#6894,#6896,.T.);
#6892 = VERTEX_POINT('',#6893);
#6893 = CARTESIAN_POINT('',(14.587354112381,-6.5,-0.55));
#6894 = VERTEX_POINT('',#6895);
#6895 = CARTESIAN_POINT('',(14.806042685336,-6.5,-0.55));
#6896 = SURFACE_CURVE('',#6897,(#6901,#6907),.PCURVE_S1.);
#6897 = LINE('',#6898,#6899);
#6898 = CARTESIAN_POINT('',(6.4,-6.5,-0.55));
#6899 = VECTOR('',#6900,1.);
#6900 = DIRECTION('',(1.,0.,-0.));
#6901 = PCURVE('',#6875,#6902);
#6902 = DEFINITIONAL_REPRESENTATION('',(#6903),#6906);
#6903 = B_SPLINE_CURVE_WITH_KNOTS('',1,(#6904,#6905),.UNSPECIFIED.,.F.,
  .F.,(2,2),(8.187354112381,9.77),.PIECEWISE_BEZIER_KNOTS.);
#6904 = CARTESIAN_POINT('',(14.587354112381,-6.5));
#6905 = CARTESIAN_POINT('',(16.17,-6.5));
#6906 = ( GEOMETRIC_REPRESENTATION_CONTEXT(2) 
PARAMETRIC_REPRESENTATION_CONTEXT() REPRESENTATION_CONTEXT('2D SPACE',''
  ) );
#6907 = PCURVE('',#215,#6908);
#6908 = DEFINITIONAL_REPRESENTATION('',(#6909),#6912);
#6909 = B_SPLINE_CURVE_WITH_KNOTS('',1,(#6910,#6911),.UNSPECIFIED.,.F.,
  .F.,(2,2),(8.187354112381,9.77),.PIECEWISE_BEZIER_KNOTS.);
#6910 = CARTESIAN_POINT('',(0.45,1.787354112381));
#6911 = CARTESIAN_POINT('',(0.45,3.37));
#6912 = ( GEOMETRIC_REPRESENTATION_CONTEXT(2) 
PARAMETRIC_REPRESENTATION_CONTEXT() REPRESENTATION_CONTEXT('2D SPACE',''
  ) );
#6913 = ORIENTED_EDGE('',*,*,#6914,.F.);
#6914 = EDGE_CURVE('',#6915,#6894,#6917,.T.);
#6915 = VERTEX_POINT('',#6916);
#6916 = CARTESIAN_POINT('',(14.806042685336,6.5,-0.55));
#6917 = SURFACE_CURVE('',#6918,(#6923,#6934),.PCURVE_S1.);
#6918 = CIRCLE('',#6919,16.17);
#6919 = AXIS2_PLACEMENT_3D('',#6920,#6921,#6922);
#6920 = CARTESIAN_POINT('',(0.,0.,-0.55));
#6921 = DIRECTION('',(0.,0.,-1.));
#6922 = DIRECTION('',(0.915648898289,0.401978973408,0.));
#6923 = PCURVE('',#6875,#6924);
#6924 = DEFINITIONAL_REPRESENTATION('',(#6925),#6933);
#6925 = ( BOUNDED_CURVE() B_SPLINE_CURVE(2,(#6926,#6927,#6928,#6929,
#6930,#6931,#6932),.UNSPECIFIED.,.T.,.F.) B_SPLINE_CURVE_WITH_KNOTS((1,2
    ,2,2,2,1),(-2.094395102393,0.,2.094395102393,4.188790204786,
6.28318530718,8.377580409573),.UNSPECIFIED.) CURVE() 
GEOMETRIC_REPRESENTATION_ITEM() RATIONAL_B_SPLINE_CURVE((1.,0.5,1.,0.5,
1.,0.5,1.)) REPRESENTATION_ITEM('') );
#6926 = CARTESIAN_POINT('',(14.806042685336,6.5));
#6927 = CARTESIAN_POINT('',(26.064372934534,-19.14481819003));
#6928 = CARTESIAN_POINT('',(-1.773856218069,-16.07240909501));
#6929 = CARTESIAN_POINT('',(-29.61208537067,-13.));
#6930 = CARTESIAN_POINT('',(-13.03218646726,9.572409095018));
#6931 = CARTESIAN_POINT('',(3.547712436139,32.144818190036));
#6932 = CARTESIAN_POINT('',(14.806042685336,6.5));
#6933 = ( GEOMETRIC_REPRESENTATION_CONTEXT(2) 
PARAMETRIC_REPRESENTATION_CONTEXT() REPRESENTATION_CONTEXT('2D SPACE',''
  ) );
#6934 = PCURVE('',#6675,#6935);
#6935 = DEFINITIONAL_REPRESENTATION('',(#6936),#6940);
#6936 = LINE('',#6937,#6938);
#6937 = CARTESIAN_POINT('',(6.696862410296,0.));
#6938 = VECTOR('',#6939,1.);
#6939 = DIRECTION('',(-1.,-0.));
#6940 = ( GEOMETRIC_REPRESENTATION_CONTEXT(2) 
PARAMETRIC_REPRESENTATION_CONTEXT() REPRESENTATION_CONTEXT('2D SPACE',''
  ) );
#6941 = ORIENTED_EDGE('',*,*,#6942,.F.);
#6942 = EDGE_CURVE('',#6943,#6915,#6945,.T.);
#6943 = VERTEX_POINT('',#6944);
#6944 = CARTESIAN_POINT('',(14.587354112381,6.5,-0.55));
#6945 = SURFACE_CURVE('',#6946,(#6950,#6956),.PCURVE_S1.);
#6946 = LINE('',#6947,#6948);
#6947 = CARTESIAN_POINT('',(6.4,6.5,-0.55));
#6948 = VECTOR('',#6949,1.);
#6949 = DIRECTION('',(1.,0.,-0.));
#6950 = PCURVE('',#6875,#6951);
#6951 = DEFINITIONAL_REPRESENTATION('',(#6952),#6955);
#6952 = B_SPLINE_CURVE_WITH_KNOTS('',1,(#6953,#6954),.UNSPECIFIED.,.F.,
  .F.,(2,2),(8.187354112381,9.77),.PIECEWISE_BEZIER_KNOTS.);
#6953 = CARTESIAN_POINT('',(14.587354112381,6.5));
#6954 = CARTESIAN_POINT('',(16.17,6.5));
#6955 = ( GEOMETRIC_REPRESENTATION_CONTEXT(2) 
PARAMETRIC_REPRESENTATION_CONTEXT() REPRESENTATION_CONTEXT('2D SPACE',''
  ) );
#6956 = PCURVE('',#44,#6957);
#6957 = DEFINITIONAL_REPRESENTATION('',(#6958),#6961);
#6958 = B_SPLINE_CURVE_WITH_KNOTS('',1,(#6959,#6960),.UNSPECIFIED.,.F.,
  .F.,(2,2),(8.187354112381,9.77),.PIECEWISE_BEZIER_KNOTS.);
#6959 = CARTESIAN_POINT('',(0.45,1.787354112381));
#6960 = CARTESIAN_POINT('',(0.45,3.37));
#6961 = ( GEOMETRIC_REPRESENTATION_CONTEXT(2) 
PARAMETRIC_REPRESENTATION_CONTEXT() REPRESENTATION_CONTEXT('2D SPACE',''
  ) );
#6962 = ORIENTED_EDGE('',*,*,#6963,.T.);
#6963 = EDGE_CURVE('',#6943,#6964,#6966,.T.);
#6964 = VERTEX_POINT('',#6965);
#6965 = CARTESIAN_POINT('',(-14.58735411238,6.5,-0.55));
#6966 = SURFACE_CURVE('',#6967,(#6972,#6979),.PCURVE_S1.);
#6967 = CIRCLE('',#6968,15.97);
#6968 = AXIS2_PLACEMENT_3D('',#6969,#6970,#6971);
#6969 = CARTESIAN_POINT('',(0.,0.,-0.55));
#6970 = DIRECTION('',(0.,0.,1.));
#6971 = DIRECTION('',(1.,0.,-0.));
#6972 = PCURVE('',#6875,#6973);
#6973 = DEFINITIONAL_REPRESENTATION('',(#6974),#6978);
#6974 = CIRCLE('',#6975,15.97);
#6975 = AXIS2_PLACEMENT_2D('',#6976,#6977);
#6976 = CARTESIAN_POINT('',(0.,0.));
#6977 = DIRECTION('',(1.,0.));
#6978 = ( GEOMETRIC_REPRESENTATION_CONTEXT(2) 
PARAMETRIC_REPRESENTATION_CONTEXT() REPRESENTATION_CONTEXT('2D SPACE',''
  ) );
#6979 = PCURVE('',#73,#6980);
#6980 = DEFINITIONAL_REPRESENTATION('',(#6981),#6985);
#6981 = LINE('',#6982,#6983);
#6982 = CARTESIAN_POINT('',(0.,0.45));
#6983 = VECTOR('',#6984,1.);
#6984 = DIRECTION('',(1.,0.));
#6985 = ( GEOMETRIC_REPRESENTATION_CONTEXT(2) 
PARAMETRIC_REPRESENTATION_CONTEXT() REPRESENTATION_CONTEXT('2D SPACE',''
  ) );
#6986 = ORIENTED_EDGE('',*,*,#6987,.F.);
#6987 = EDGE_CURVE('',#6988,#6964,#6990,.T.);
#6988 = VERTEX_POINT('',#6989);
#6989 = CARTESIAN_POINT('',(-14.80604268533,6.5,-0.55));
#6990 = SURFACE_CURVE('',#6991,(#6995,#7001),.PCURVE_S1.);
#6991 = LINE('',#6992,#6993);
#6992 = CARTESIAN_POINT('',(-7.985,6.5,-0.55));
#6993 = VECTOR('',#6994,1.);
#6994 = DIRECTION('',(1.,0.,-0.));
#6995 = PCURVE('',#6875,#6996);
#6996 = DEFINITIONAL_REPRESENTATION('',(#6997),#7000);
#6997 = B_SPLINE_CURVE_WITH_KNOTS('',1,(#6998,#6999),.UNSPECIFIED.,.F.,
  .F.,(2,2),(-8.185,-6.602354112381),.PIECEWISE_BEZIER_KNOTS.);
#6998 = CARTESIAN_POINT('',(-16.17,6.5));
#6999 = CARTESIAN_POINT('',(-14.58735411238,6.5));
#7000 = ( GEOMETRIC_REPRESENTATION_CONTEXT(2) 
PARAMETRIC_REPRESENTATION_CONTEXT() REPRESENTATION_CONTEXT('2D SPACE',''
  ) );
#7001 = PCURVE('',#101,#7002);
#7002 = DEFINITIONAL_REPRESENTATION('',(#7003),#7006);
#7003 = B_SPLINE_CURVE_WITH_KNOTS('',1,(#7004,#7005),.UNSPECIFIED.,.F.,
  .F.,(2,2),(-8.185,-6.602354112381),.PIECEWISE_BEZIER_KNOTS.);
#7004 = CARTESIAN_POINT('',(0.45,-0.2));
#7005 = CARTESIAN_POINT('',(0.45,1.382645887619));
#7006 = ( GEOMETRIC_REPRESENTATION_CONTEXT(2) 
PARAMETRIC_REPRESENTATION_CONTEXT() REPRESENTATION_CONTEXT('2D SPACE',''
  ) );
#7007 = ORIENTED_EDGE('',*,*,#7008,.T.);
#7008 = EDGE_CURVE('',#6988,#7009,#7011,.T.);
#7009 = VERTEX_POINT('',#7010);
#7010 = CARTESIAN_POINT('',(-14.80604268533,-6.5,-0.55));
#7011 = SURFACE_CURVE('',#7012,(#7017,#7024),.PCURVE_S1.);
#7012 = CIRCLE('',#7013,16.17);
#7013 = AXIS2_PLACEMENT_3D('',#7014,#7015,#7016);
#7014 = CARTESIAN_POINT('',(0.,0.,-0.55));
#7015 = DIRECTION('',(0.,0.,1.));
#7016 = DIRECTION('',(1.,0.,-0.));
#7017 = PCURVE('',#6875,#7018);
#7018 = DEFINITIONAL_REPRESENTATION('',(#7019),#7023);
#7019 = CIRCLE('',#7020,16.17);
#7020 = AXIS2_PLACEMENT_2D('',#7021,#7022);
#7021 = CARTESIAN_POINT('',(0.,0.));
#7022 = DIRECTION('',(1.,0.));
#7023 = ( GEOMETRIC_REPRESENTATION_CONTEXT(2) 
PARAMETRIC_REPRESENTATION_CONTEXT() REPRESENTATION_CONTEXT('2D SPACE',''
  ) );
#7024 = PCURVE('',#6770,#7025);
#7025 = DEFINITIONAL_REPRESENTATION('',(#7026),#7030);
#7026 = LINE('',#7027,#7028);
#7027 = CARTESIAN_POINT('',(0.,0.));
#7028 = VECTOR('',#7029,1.);
#7029 = DIRECTION('',(1.,0.));
#7030 = ( GEOMETRIC_REPRESENTATION_CONTEXT(2) 
PARAMETRIC_REPRESENTATION_CONTEXT() REPRESENTATION_CONTEXT('2D SPACE',''
  ) );
#7031 = ORIENTED_EDGE('',*,*,#7032,.T.);
#7032 = EDGE_CURVE('',#7009,#7033,#7035,.T.);
#7033 = VERTEX_POINT('',#7034);
#7034 = CARTESIAN_POINT('',(-14.58735411238,-6.5,-0.55));
#7035 = SURFACE_CURVE('',#7036,(#7040,#7046),.PCURVE_S1.);
#7036 = LINE('',#7037,#7038);
#7037 = CARTESIAN_POINT('',(-7.985,-6.5,-0.55));
#7038 = VECTOR('',#7039,1.);
#7039 = DIRECTION('',(1.,0.,-0.));
#7040 = PCURVE('',#6875,#7041);
#7041 = DEFINITIONAL_REPRESENTATION('',(#7042),#7045);
#7042 = B_SPLINE_CURVE_WITH_KNOTS('',1,(#7043,#7044),.UNSPECIFIED.,.F.,
  .F.,(2,2),(-8.185,-6.602354112381),.PIECEWISE_BEZIER_KNOTS.);
#7043 = CARTESIAN_POINT('',(-16.17,-6.5));
#7044 = CARTESIAN_POINT('',(-14.58735411238,-6.5));
#7045 = ( GEOMETRIC_REPRESENTATION_CONTEXT(2) 
PARAMETRIC_REPRESENTATION_CONTEXT() REPRESENTATION_CONTEXT('2D SPACE',''
  ) );
#7046 = PCURVE('',#158,#7047);
#7047 = DEFINITIONAL_REPRESENTATION('',(#7048),#7051);
#7048 = B_SPLINE_CURVE_WITH_KNOTS('',1,(#7049,#7050),.UNSPECIFIED.,.F.,
  .F.,(2,2),(-8.185,-6.602354112381),.PIECEWISE_BEZIER_KNOTS.);
#7049 = CARTESIAN_POINT('',(0.45,-0.2));
#7050 = CARTESIAN_POINT('',(0.45,1.382645887619));
#7051 = ( GEOMETRIC_REPRESENTATION_CONTEXT(2) 
PARAMETRIC_REPRESENTATION_CONTEXT() REPRESENTATION_CONTEXT('2D SPACE',''
  ) );
#7052 = ORIENTED_EDGE('',*,*,#7053,.T.);
#7053 = EDGE_CURVE('',#7033,#6892,#7054,.T.);
#7054 = SURFACE_CURVE('',#7055,(#7060,#7067),.PCURVE_S1.);
#7055 = CIRCLE('',#7056,15.97);
#7056 = AXIS2_PLACEMENT_3D('',#7057,#7058,#7059);
#7057 = CARTESIAN_POINT('',(0.,0.,-0.55));
#7058 = DIRECTION('',(0.,0.,1.));
#7059 = DIRECTION('',(1.,0.,-0.));
#7060 = PCURVE('',#6875,#7061);
#7061 = DEFINITIONAL_REPRESENTATION('',(#7062),#7066);
#7062 = CIRCLE('',#7063,15.97);
#7063 = AXIS2_PLACEMENT_2D('',#7064,#7065);
#7064 = CARTESIAN_POINT('',(0.,0.));
#7065 = DIRECTION('',(1.,0.));
#7066 = ( GEOMETRIC_REPRESENTATION_CONTEXT(2) 
PARAMETRIC_REPRESENTATION_CONTEXT() REPRESENTATION_CONTEXT('2D SPACE',''
  ) );
#7067 = PCURVE('',#187,#7068);
#7068 = DEFINITIONAL_REPRESENTATION('',(#7069),#7073);
#7069 = LINE('',#7070,#7071);
#7070 = CARTESIAN_POINT('',(0.,0.45));
#7071 = VECTOR('',#7072,1.);
#7072 = DIRECTION('',(1.,0.));
#7073 = ( GEOMETRIC_REPRESENTATION_CONTEXT(2) 
PARAMETRIC_REPRESENTATION_CONTEXT() REPRESENTATION_CONTEXT('2D SPACE',''
  ) );
#7074 = FACE_BOUND('',#7075,.T.);
#7075 = EDGE_LOOP('',(#7076));
#7076 = ORIENTED_EDGE('',*,*,#6860,.F.);
#7077 = ADVANCED_FACE('',(#7078),#6770,.F.);
#7078 = FACE_BOUND('',#7079,.F.);
#7079 = EDGE_LOOP('',(#7080,#7081,#7100,#7101));
#7080 = ORIENTED_EDGE('',*,*,#6753,.F.);
#7081 = ORIENTED_EDGE('',*,*,#7082,.F.);
#7082 = EDGE_CURVE('',#6988,#6733,#7083,.T.);
#7083 = SURFACE_CURVE('',#7084,(#7088,#7094),.PCURVE_S1.);
#7084 = LINE('',#7085,#7086);
#7085 = CARTESIAN_POINT('',(-14.80604268533,6.5,-0.55));
#7086 = VECTOR('',#7087,1.);
#7087 = DIRECTION('',(0.,0.,1.));
#7088 = PCURVE('',#6770,#7089);
#7089 = DEFINITIONAL_REPRESENTATION('',(#7090),#7093);
#7090 = B_SPLINE_CURVE_WITH_KNOTS('',1,(#7091,#7092),.UNSPECIFIED.,.F.,
  .F.,(2,2),(-6.000000000173E-07,0.5500006),.PIECEWISE_BEZIER_KNOTS.);
#7091 = CARTESIAN_POINT('',(2.727915550474,-6.000000000173E-07));
#7092 = CARTESIAN_POINT('',(2.727915550474,0.5500006));
#7093 = ( GEOMETRIC_REPRESENTATION_CONTEXT(2) 
PARAMETRIC_REPRESENTATION_CONTEXT() REPRESENTATION_CONTEXT('2D SPACE',''
  ) );
#7094 = PCURVE('',#101,#7095);
#7095 = DEFINITIONAL_REPRESENTATION('',(#7096),#7099);
#7096 = B_SPLINE_CURVE_WITH_KNOTS('',1,(#7097,#7098),.UNSPECIFIED.,.F.,
  .F.,(2,2),(-6.000000000173E-07,0.5500006),.PIECEWISE_BEZIER_KNOTS.);
#7097 = CARTESIAN_POINT('',(0.4499994,1.163957314664));
#7098 = CARTESIAN_POINT('',(1.0000006,1.163957314664));
#7099 = ( GEOMETRIC_REPRESENTATION_CONTEXT(2) 
PARAMETRIC_REPRESENTATION_CONTEXT() REPRESENTATION_CONTEXT('2D SPACE',''
  ) );
#7100 = ORIENTED_EDGE('',*,*,#7008,.T.);
#7101 = ORIENTED_EDGE('',*,*,#7102,.T.);
#7102 = EDGE_CURVE('',#7009,#6754,#7103,.T.);
#7103 = SURFACE_CURVE('',#7104,(#7108,#7114),.PCURVE_S1.);
#7104 = LINE('',#7105,#7106);
#7105 = CARTESIAN_POINT('',(-14.80604268533,-6.5,-0.55));
#7106 = VECTOR('',#7107,1.);
#7107 = DIRECTION('',(0.,0.,1.));
#7108 = PCURVE('',#6770,#7109);
#7109 = DEFINITIONAL_REPRESENTATION('',(#7110),#7113);
#7110 = B_SPLINE_CURVE_WITH_KNOTS('',1,(#7111,#7112),.UNSPECIFIED.,.F.,
  .F.,(2,2),(-6.000000000173E-07,0.5500006),.PIECEWISE_BEZIER_KNOTS.);
#7111 = CARTESIAN_POINT('',(3.555269756706,-6.000000000173E-07));
#7112 = CARTESIAN_POINT('',(3.555269756706,0.5500006));
#7113 = ( GEOMETRIC_REPRESENTATION_CONTEXT(2) 
PARAMETRIC_REPRESENTATION_CONTEXT() REPRESENTATION_CONTEXT('2D SPACE',''
  ) );
#7114 = PCURVE('',#158,#7115);
#7115 = DEFINITIONAL_REPRESENTATION('',(#7116),#7119);
#7116 = B_SPLINE_CURVE_WITH_KNOTS('',1,(#7117,#7118),.UNSPECIFIED.,.F.,
  .F.,(2,2),(-6.000000000173E-07,0.5500006),.PIECEWISE_BEZIER_KNOTS.);
#7117 = CARTESIAN_POINT('',(0.4499994,1.163957314664));
#7118 = CARTESIAN_POINT('',(1.0000006,1.163957314664));
#7119 = ( GEOMETRIC_REPRESENTATION_CONTEXT(2) 
PARAMETRIC_REPRESENTATION_CONTEXT() REPRESENTATION_CONTEXT('2D SPACE',''
  ) );
#7120 = ADVANCED_FACE('',(#7121),#6675,.F.);
#7121 = FACE_BOUND('',#7122,.F.);
#7122 = EDGE_LOOP('',(#7123,#7124,#7143,#7144));
#7123 = ORIENTED_EDGE('',*,*,#6654,.T.);
#7124 = ORIENTED_EDGE('',*,*,#7125,.F.);
#7125 = EDGE_CURVE('',#6894,#6634,#7126,.T.);
#7126 = SURFACE_CURVE('',#7127,(#7131,#7137),.PCURVE_S1.);
#7127 = LINE('',#7128,#7129);
#7128 = CARTESIAN_POINT('',(14.806042685336,-6.5,-0.55));
#7129 = VECTOR('',#7130,1.);
#7130 = DIRECTION('',(0.,0.,1.));
#7131 = PCURVE('',#6675,#7132);
#7132 = DEFINITIONAL_REPRESENTATION('',(#7133),#7136);
#7133 = B_SPLINE_CURVE_WITH_KNOTS('',1,(#7134,#7135),.UNSPECIFIED.,.F.,
  .F.,(2,2),(0.,0.55),.PIECEWISE_BEZIER_KNOTS.);
#7134 = CARTESIAN_POINT('',(5.869508204063,0.));
#7135 = CARTESIAN_POINT('',(5.869508204063,0.55));
#7136 = ( GEOMETRIC_REPRESENTATION_CONTEXT(2) 
PARAMETRIC_REPRESENTATION_CONTEXT() REPRESENTATION_CONTEXT('2D SPACE',''
  ) );
#7137 = PCURVE('',#215,#7138);
#7138 = DEFINITIONAL_REPRESENTATION('',(#7139),#7142);
#7139 = B_SPLINE_CURVE_WITH_KNOTS('',1,(#7140,#7141),.UNSPECIFIED.,.F.,
  .F.,(2,2),(-6.000000000173E-07,0.5500006),.PIECEWISE_BEZIER_KNOTS.);
#7140 = CARTESIAN_POINT('',(0.4499994,2.006042685336));
#7141 = CARTESIAN_POINT('',(1.0000006,2.006042685336));
#7142 = ( GEOMETRIC_REPRESENTATION_CONTEXT(2) 
PARAMETRIC_REPRESENTATION_CONTEXT() REPRESENTATION_CONTEXT('2D SPACE',''
  ) );
#7143 = ORIENTED_EDGE('',*,*,#6914,.F.);
#7144 = ORIENTED_EDGE('',*,*,#7145,.T.);
#7145 = EDGE_CURVE('',#6915,#6655,#7146,.T.);
#7146 = SURFACE_CURVE('',#7147,(#7151,#7157),.PCURVE_S1.);
#7147 = LINE('',#7148,#7149);
#7148 = CARTESIAN_POINT('',(14.806042685336,6.5,-0.55));
#7149 = VECTOR('',#7150,1.);
#7150 = DIRECTION('',(0.,0.,1.));
#7151 = PCURVE('',#6675,#7152);
#7152 = DEFINITIONAL_REPRESENTATION('',(#7153),#7156);
#7153 = B_SPLINE_CURVE_WITH_KNOTS('',1,(#7154,#7155),.UNSPECIFIED.,.F.,
  .F.,(2,2),(0.,0.55),.PIECEWISE_BEZIER_KNOTS.);
#7154 = CARTESIAN_POINT('',(6.696862410296,0.));
#7155 = CARTESIAN_POINT('',(6.696862410296,0.55));
#7156 = ( GEOMETRIC_REPRESENTATION_CONTEXT(2) 
PARAMETRIC_REPRESENTATION_CONTEXT() REPRESENTATION_CONTEXT('2D SPACE',''
  ) );
#7157 = PCURVE('',#44,#7158);
#7158 = DEFINITIONAL_REPRESENTATION('',(#7159),#7162);
#7159 = B_SPLINE_CURVE_WITH_KNOTS('',1,(#7160,#7161),.UNSPECIFIED.,.F.,
  .F.,(2,2),(-6.000000000173E-07,0.5500006),.PIECEWISE_BEZIER_KNOTS.);
#7160 = CARTESIAN_POINT('',(0.4499994,2.006042685336));
#7161 = CARTESIAN_POINT('',(1.0000006,2.006042685336));
#7162 = ( GEOMETRIC_REPRESENTATION_CONTEXT(2) 
PARAMETRIC_REPRESENTATION_CONTEXT() REPRESENTATION_CONTEXT('2D SPACE',''
  ) );
#7163 = ADVANCED_FACE('',(#7164),#842,.T.);
#7164 = FACE_BOUND('',#7165,.T.);
#7165 = EDGE_LOOP('',(#7166,#7167,#7186,#7187));
#7166 = ORIENTED_EDGE('',*,*,#825,.F.);
#7167 = ORIENTED_EDGE('',*,*,#7168,.F.);
#7168 = EDGE_CURVE('',#6688,#801,#7169,.T.);
#7169 = SURFACE_CURVE('',#7170,(#7174,#7180),.PCURVE_S1.);
#7170 = LINE('',#7171,#7172);
#7171 = CARTESIAN_POINT('',(14.587354112381,6.5,-1.));
#7172 = VECTOR('',#7173,1.);
#7173 = DIRECTION('',(0.,0.,1.));
#7174 = PCURVE('',#842,#7175);
#7175 = DEFINITIONAL_REPRESENTATION('',(#7176),#7179);
#7176 = B_SPLINE_CURVE_WITH_KNOTS('',1,(#7177,#7178),.UNSPECIFIED.,.F.,
  .F.,(2,2),(-2.400000000069E-06,1.2000024),.PIECEWISE_BEZIER_KNOTS.);
#7177 = CARTESIAN_POINT('',(0.419181715014,-2.400000000069E-06));
#7178 = CARTESIAN_POINT('',(0.419181715014,1.2000024));
#7179 = ( GEOMETRIC_REPRESENTATION_CONTEXT(2) 
PARAMETRIC_REPRESENTATION_CONTEXT() REPRESENTATION_CONTEXT('2D SPACE',''
  ) );
#7180 = PCURVE('',#44,#7181);
#7181 = DEFINITIONAL_REPRESENTATION('',(#7182),#7185);
#7182 = B_SPLINE_CURVE_WITH_KNOTS('',1,(#7183,#7184),.UNSPECIFIED.,.F.,
  .F.,(2,2),(-2.400000000069E-06,1.2000024),.PIECEWISE_BEZIER_KNOTS.);
#7183 = CARTESIAN_POINT('',(-2.400000000069E-06,1.787354112381));
#7184 = CARTESIAN_POINT('',(1.2000024,1.787354112381));
#7185 = ( GEOMETRIC_REPRESENTATION_CONTEXT(2) 
PARAMETRIC_REPRESENTATION_CONTEXT() REPRESENTATION_CONTEXT('2D SPACE',''
  ) );
#7186 = ORIENTED_EDGE('',*,*,#6708,.T.);
#7187 = ORIENTED_EDGE('',*,*,#7188,.T.);
#7188 = EDGE_CURVE('',#6709,#826,#7189,.T.);
#7189 = SURFACE_CURVE('',#7190,(#7194,#7200),.PCURVE_S1.);
#7190 = LINE('',#7191,#7192);
#7191 = CARTESIAN_POINT('',(-14.58735411238,6.5,-1.));
#7192 = VECTOR('',#7193,1.);
#7193 = DIRECTION('',(0.,0.,1.));
#7194 = PCURVE('',#842,#7195);
#7195 = DEFINITIONAL_REPRESENTATION('',(#7196),#7199);
#7196 = B_SPLINE_CURVE_WITH_KNOTS('',1,(#7197,#7198),.UNSPECIFIED.,.F.,
  .F.,(2,2),(-2.400000000069E-06,1.2000024),.PIECEWISE_BEZIER_KNOTS.);
#7197 = CARTESIAN_POINT('',(2.722410938576,-2.400000000069E-06));
#7198 = CARTESIAN_POINT('',(2.722410938576,1.2000024));
#7199 = ( GEOMETRIC_REPRESENTATION_CONTEXT(2) 
PARAMETRIC_REPRESENTATION_CONTEXT() REPRESENTATION_CONTEXT('2D SPACE',''
  ) );
#7200 = PCURVE('',#101,#7201);
#7201 = DEFINITIONAL_REPRESENTATION('',(#7202),#7205);
#7202 = B_SPLINE_CURVE_WITH_KNOTS('',1,(#7203,#7204),.UNSPECIFIED.,.F.,
  .F.,(2,2),(-2.400000000069E-06,1.2000024),.PIECEWISE_BEZIER_KNOTS.);
#7203 = CARTESIAN_POINT('',(-2.400000000069E-06,1.382645887619));
#7204 = CARTESIAN_POINT('',(1.2000024,1.382645887619));
#7205 = ( GEOMETRIC_REPRESENTATION_CONTEXT(2) 
PARAMETRIC_REPRESENTATION_CONTEXT() REPRESENTATION_CONTEXT('2D SPACE',''
  ) );
#7206 = ADVANCED_FACE('',(#7207),#442,.T.);
#7207 = FACE_BOUND('',#7208,.T.);
#7208 = EDGE_LOOP('',(#7209,#7230,#7231,#7232));
#7209 = ORIENTED_EDGE('',*,*,#7210,.F.);
#7210 = EDGE_CURVE('',#400,#660,#7211,.T.);
#7211 = SURFACE_CURVE('',#7212,(#7216,#7223),.PCURVE_S1.);
#7212 = LINE('',#7213,#7214);
#7213 = CARTESIAN_POINT('',(-16.77,-4.4,-2.));
#7214 = VECTOR('',#7215,1.);
#7215 = DIRECTION('',(0.,0.,1.));
#7216 = PCURVE('',#442,#7217);
#7217 = DEFINITIONAL_REPRESENTATION('',(#7218),#7222);
#7218 = LINE('',#7219,#7220);
#7219 = CARTESIAN_POINT('',(0.,1.8));
#7220 = VECTOR('',#7221,1.);
#7221 = DIRECTION('',(1.,0.));
#7222 = ( GEOMETRIC_REPRESENTATION_CONTEXT(2) 
PARAMETRIC_REPRESENTATION_CONTEXT() REPRESENTATION_CONTEXT('2D SPACE',''
  ) );
#7223 = PCURVE('',#415,#7224);
#7224 = DEFINITIONAL_REPRESENTATION('',(#7225),#7229);
#7225 = LINE('',#7226,#7227);
#7226 = CARTESIAN_POINT('',(0.,0.));
#7227 = VECTOR('',#7228,1.);
#7228 = DIRECTION('',(1.,0.));
#7229 = ( GEOMETRIC_REPRESENTATION_CONTEXT(2) 
PARAMETRIC_REPRESENTATION_CONTEXT() REPRESENTATION_CONTEXT('2D SPACE',''
  ) );
#7230 = ORIENTED_EDGE('',*,*,#426,.T.);
#7231 = ORIENTED_EDGE('',*,*,#481,.T.);
#7232 = ORIENTED_EDGE('',*,*,#659,.F.);
#7233 = ADVANCED_FACE('',(#7234),#415,.F.);
#7234 = FACE_BOUND('',#7235,.F.);
#7235 = EDGE_LOOP('',(#7236,#7237,#7238,#7259));
#7236 = ORIENTED_EDGE('',*,*,#7210,.F.);
#7237 = ORIENTED_EDGE('',*,*,#399,.T.);
#7238 = ORIENTED_EDGE('',*,*,#7239,.T.);
#7239 = EDGE_CURVE('',#371,#682,#7240,.T.);
#7240 = SURFACE_CURVE('',#7241,(#7245,#7252),.PCURVE_S1.);
#7241 = LINE('',#7242,#7243);
#7242 = CARTESIAN_POINT('',(-16.77,4.4,-2.));
#7243 = VECTOR('',#7244,1.);
#7244 = DIRECTION('',(0.,0.,1.));
#7245 = PCURVE('',#415,#7246);
#7246 = DEFINITIONAL_REPRESENTATION('',(#7247),#7251);
#7247 = LINE('',#7248,#7249);
#7248 = CARTESIAN_POINT('',(0.,-8.8));
#7249 = VECTOR('',#7250,1.);
#7250 = DIRECTION('',(1.,0.));
#7251 = ( GEOMETRIC_REPRESENTATION_CONTEXT(2) 
PARAMETRIC_REPRESENTATION_CONTEXT() REPRESENTATION_CONTEXT('2D SPACE',''
  ) );
#7252 = PCURVE('',#388,#7253);
#7253 = DEFINITIONAL_REPRESENTATION('',(#7254),#7258);
#7254 = LINE('',#7255,#7256);
#7255 = CARTESIAN_POINT('',(0.,1.8));
#7256 = VECTOR('',#7257,1.);
#7257 = DIRECTION('',(1.,0.));
#7258 = ( GEOMETRIC_REPRESENTATION_CONTEXT(2) 
PARAMETRIC_REPRESENTATION_CONTEXT() REPRESENTATION_CONTEXT('2D SPACE',''
  ) );
#7259 = ORIENTED_EDGE('',*,*,#702,.F.);
#7260 = ADVANCED_FACE('',(#7261),#388,.F.);
#7261 = FACE_BOUND('',#7262,.F.);
#7262 = EDGE_LOOP('',(#7263,#7264,#7265,#7266));
#7263 = ORIENTED_EDGE('',*,*,#7239,.F.);
#7264 = ORIENTED_EDGE('',*,*,#370,.T.);
#7265 = ORIENTED_EDGE('',*,*,#505,.T.);
#7266 = ORIENTED_EDGE('',*,*,#681,.F.);
#7267 = ADVANCED_FACE('',(#7268),#357,.T.);
#7268 = FACE_BOUND('',#7269,.T.);
#7269 = EDGE_LOOP('',(#7270,#7291,#7292,#7313));
#7270 = ORIENTED_EDGE('',*,*,#7271,.F.);
#7271 = EDGE_CURVE('',#317,#6476,#7272,.T.);
#7272 = SURFACE_CURVE('',#7273,(#7277,#7284),.PCURVE_S1.);
#7273 = LINE('',#7274,#7275);
#7274 = CARTESIAN_POINT('',(16.77,-4.4,-2.));
#7275 = VECTOR('',#7276,1.);
#7276 = DIRECTION('',(0.,0.,1.));
#7277 = PCURVE('',#357,#7278);
#7278 = DEFINITIONAL_REPRESENTATION('',(#7279),#7283);
#7279 = LINE('',#7280,#7281);
#7280 = CARTESIAN_POINT('',(0.,0.));
#7281 = VECTOR('',#7282,1.);
#7282 = DIRECTION('',(1.,0.));
#7283 = ( GEOMETRIC_REPRESENTATION_CONTEXT(2) 
PARAMETRIC_REPRESENTATION_CONTEXT() REPRESENTATION_CONTEXT('2D SPACE',''
  ) );
#7284 = PCURVE('',#332,#7285);
#7285 = DEFINITIONAL_REPRESENTATION('',(#7286),#7290);
#7286 = LINE('',#7287,#7288);
#7287 = CARTESIAN_POINT('',(0.,0.));
#7288 = VECTOR('',#7289,1.);
#7289 = DIRECTION('',(1.,0.));
#7290 = ( GEOMETRIC_REPRESENTATION_CONTEXT(2) 
PARAMETRIC_REPRESENTATION_CONTEXT() REPRESENTATION_CONTEXT('2D SPACE',''
  ) );
#7291 = ORIENTED_EDGE('',*,*,#343,.T.);
#7292 = ORIENTED_EDGE('',*,*,#7293,.T.);
#7293 = EDGE_CURVE('',#263,#6497,#7294,.T.);
#7294 = SURFACE_CURVE('',#7295,(#7299,#7306),.PCURVE_S1.);
#7295 = LINE('',#7296,#7297);
#7296 = CARTESIAN_POINT('',(16.77,4.4,-2.));
#7297 = VECTOR('',#7298,1.);
#7298 = DIRECTION('',(0.,0.,1.));
#7299 = PCURVE('',#357,#7300);
#7300 = DEFINITIONAL_REPRESENTATION('',(#7301),#7305);
#7301 = LINE('',#7302,#7303);
#7302 = CARTESIAN_POINT('',(0.,-8.8));
#7303 = VECTOR('',#7304,1.);
#7304 = DIRECTION('',(1.,0.));
#7305 = ( GEOMETRIC_REPRESENTATION_CONTEXT(2) 
PARAMETRIC_REPRESENTATION_CONTEXT() REPRESENTATION_CONTEXT('2D SPACE',''
  ) );
#7306 = PCURVE('',#278,#7307);
#7307 = DEFINITIONAL_REPRESENTATION('',(#7308),#7312);
#7308 = LINE('',#7309,#7310);
#7309 = CARTESIAN_POINT('',(0.,0.));
#7310 = VECTOR('',#7311,1.);
#7311 = DIRECTION('',(1.,0.));
#7312 = ( GEOMETRIC_REPRESENTATION_CONTEXT(2) 
PARAMETRIC_REPRESENTATION_CONTEXT() REPRESENTATION_CONTEXT('2D SPACE',''
  ) );
#7313 = ORIENTED_EDGE('',*,*,#6496,.F.);
#7314 = ADVANCED_FACE('',(#7315),#332,.T.);
#7315 = FACE_BOUND('',#7316,.T.);
#7316 = EDGE_LOOP('',(#7317,#7338,#7339,#7340));
#7317 = ORIENTED_EDGE('',*,*,#7318,.F.);
#7318 = EDGE_CURVE('',#290,#6474,#7319,.T.);
#7319 = SURFACE_CURVE('',#7320,(#7324,#7331),.PCURVE_S1.);
#7320 = LINE('',#7321,#7322);
#7321 = CARTESIAN_POINT('',(18.57,-4.4,-2.));
#7322 = VECTOR('',#7323,1.);
#7323 = DIRECTION('',(0.,0.,1.));
#7324 = PCURVE('',#332,#7325);
#7325 = DEFINITIONAL_REPRESENTATION('',(#7326),#7330);
#7326 = LINE('',#7327,#7328);
#7327 = CARTESIAN_POINT('',(0.,1.8));
#7328 = VECTOR('',#7329,1.);
#7329 = DIRECTION('',(1.,0.));
#7330 = ( GEOMETRIC_REPRESENTATION_CONTEXT(2) 
PARAMETRIC_REPRESENTATION_CONTEXT() REPRESENTATION_CONTEXT('2D SPACE',''
  ) );
#7331 = PCURVE('',#305,#7332);
#7332 = DEFINITIONAL_REPRESENTATION('',(#7333),#7337);
#7333 = LINE('',#7334,#7335);
#7334 = CARTESIAN_POINT('',(0.,0.));
#7335 = VECTOR('',#7336,1.);
#7336 = DIRECTION('',(1.,0.));
#7337 = ( GEOMETRIC_REPRESENTATION_CONTEXT(2) 
PARAMETRIC_REPRESENTATION_CONTEXT() REPRESENTATION_CONTEXT('2D SPACE',''
  ) );
#7338 = ORIENTED_EDGE('',*,*,#316,.T.);
#7339 = ORIENTED_EDGE('',*,*,#7271,.T.);
#7340 = ORIENTED_EDGE('',*,*,#6473,.F.);
#7341 = ADVANCED_FACE('',(#7342),#305,.F.);
#7342 = FACE_BOUND('',#7343,.F.);
#7343 = EDGE_LOOP('',(#7344,#7345,#7346,#7367));
#7344 = ORIENTED_EDGE('',*,*,#7318,.F.);
#7345 = ORIENTED_EDGE('',*,*,#289,.T.);
#7346 = ORIENTED_EDGE('',*,*,#7347,.T.);
#7347 = EDGE_CURVE('',#261,#6518,#7348,.T.);
#7348 = SURFACE_CURVE('',#7349,(#7353,#7360),.PCURVE_S1.);
#7349 = LINE('',#7350,#7351);
#7350 = CARTESIAN_POINT('',(18.57,4.4,-2.));
#7351 = VECTOR('',#7352,1.);
#7352 = DIRECTION('',(0.,0.,1.));
#7353 = PCURVE('',#305,#7354);
#7354 = DEFINITIONAL_REPRESENTATION('',(#7355),#7359);
#7355 = LINE('',#7356,#7357);
#7356 = CARTESIAN_POINT('',(0.,-8.8));
#7357 = VECTOR('',#7358,1.);
#7358 = DIRECTION('',(1.,0.));
#7359 = ( GEOMETRIC_REPRESENTATION_CONTEXT(2) 
PARAMETRIC_REPRESENTATION_CONTEXT() REPRESENTATION_CONTEXT('2D SPACE',''
  ) );
#7360 = PCURVE('',#278,#7361);
#7361 = DEFINITIONAL_REPRESENTATION('',(#7362),#7366);
#7362 = LINE('',#7363,#7364);
#7363 = CARTESIAN_POINT('',(0.,1.8));
#7364 = VECTOR('',#7365,1.);
#7365 = DIRECTION('',(1.,0.));
#7366 = ( GEOMETRIC_REPRESENTATION_CONTEXT(2) 
PARAMETRIC_REPRESENTATION_CONTEXT() REPRESENTATION_CONTEXT('2D SPACE',''
  ) );
#7367 = ORIENTED_EDGE('',*,*,#6538,.F.);
#7368 = ADVANCED_FACE('',(#7369),#278,.F.);
#7369 = FACE_BOUND('',#7370,.F.);
#7370 = EDGE_LOOP('',(#7371,#7372,#7373,#7374));
#7371 = ORIENTED_EDGE('',*,*,#7347,.F.);
#7372 = ORIENTED_EDGE('',*,*,#260,.T.);
#7373 = ORIENTED_EDGE('',*,*,#7293,.T.);
#7374 = ORIENTED_EDGE('',*,*,#6517,.F.);
#7375 = ADVANCED_FACE('',(#7376),#246,.T.);
#7376 = FACE_BOUND('',#7377,.T.);
#7377 = EDGE_LOOP('',(#7378,#7379,#7399,#7400));
#7378 = ORIENTED_EDGE('',*,*,#227,.F.);
#7379 = ORIENTED_EDGE('',*,*,#7380,.T.);
#7380 = EDGE_CURVE('',#22,#6403,#7381,.T.);
#7381 = SURFACE_CURVE('',#7382,(#7386,#7392),.PCURVE_S1.);
#7382 = LINE('',#7383,#7384);
#7383 = CARTESIAN_POINT('',(18.988283229402,6.5,-2.));
#7384 = VECTOR('',#7385,1.);
#7385 = DIRECTION('',(0.,0.,1.));
#7386 = PCURVE('',#246,#7387);
#7387 = DEFINITIONAL_REPRESENTATION('',(#7388),#7391);
#7388 = B_SPLINE_CURVE_WITH_KNOTS('',1,(#7389,#7390),.UNSPECIFIED.,.F.,
  .F.,(2,2),(1.,4.2),.PIECEWISE_BEZIER_KNOTS.);
#7389 = CARTESIAN_POINT('',(6.61299868193,1.));
#7390 = CARTESIAN_POINT('',(6.61299868193,4.2));
#7391 = ( GEOMETRIC_REPRESENTATION_CONTEXT(2) 
PARAMETRIC_REPRESENTATION_CONTEXT() REPRESENTATION_CONTEXT('2D SPACE',''
  ) );
#7392 = PCURVE('',#44,#7393);
#7393 = DEFINITIONAL_REPRESENTATION('',(#7394),#7398);
#7394 = LINE('',#7395,#7396);
#7395 = CARTESIAN_POINT('',(-1.,6.188283229402));
#7396 = VECTOR('',#7397,1.);
#7397 = DIRECTION('',(1.,0.));
#7398 = ( GEOMETRIC_REPRESENTATION_CONTEXT(2) 
PARAMETRIC_REPRESENTATION_CONTEXT() REPRESENTATION_CONTEXT('2D SPACE',''
  ) );
#7399 = ORIENTED_EDGE('',*,*,#6449,.F.);
#7400 = ORIENTED_EDGE('',*,*,#7401,.F.);
#7401 = EDGE_CURVE('',#200,#6427,#7402,.T.);
#7402 = SURFACE_CURVE('',#7403,(#7407,#7413),.PCURVE_S1.);
#7403 = LINE('',#7404,#7405);
#7404 = CARTESIAN_POINT('',(18.988283229402,-6.5,-2.));
#7405 = VECTOR('',#7406,1.);
#7406 = DIRECTION('',(0.,0.,1.));
#7407 = PCURVE('',#246,#7408);
#7408 = DEFINITIONAL_REPRESENTATION('',(#7409),#7412);
#7409 = B_SPLINE_CURVE_WITH_KNOTS('',1,(#7410,#7411),.UNSPECIFIED.,.F.,
  .F.,(2,2),(1.,4.2),.PIECEWISE_BEZIER_KNOTS.);
#7410 = CARTESIAN_POINT('',(5.953371932429,1.));
#7411 = CARTESIAN_POINT('',(5.953371932429,4.2));
#7412 = ( GEOMETRIC_REPRESENTATION_CONTEXT(2) 
PARAMETRIC_REPRESENTATION_CONTEXT() REPRESENTATION_CONTEXT('2D SPACE',''
  ) );
#7413 = PCURVE('',#215,#7414);
#7414 = DEFINITIONAL_REPRESENTATION('',(#7415),#7419);
#7415 = LINE('',#7416,#7417);
#7416 = CARTESIAN_POINT('',(-1.,6.188283229402));
#7417 = VECTOR('',#7418,1.);
#7418 = DIRECTION('',(1.,0.));
#7419 = ( GEOMETRIC_REPRESENTATION_CONTEXT(2) 
PARAMETRIC_REPRESENTATION_CONTEXT() REPRESENTATION_CONTEXT('2D SPACE',''
  ) );
#7420 = ADVANCED_FACE('',(#7421),#215,.F.);
#7421 = FACE_BOUND('',#7422,.F.);
#7422 = EDGE_LOOP('',(#7423,#7424,#7443,#7444,#7445,#7446,#7447,#7448,
    #7449,#7450));
#7423 = ORIENTED_EDGE('',*,*,#199,.F.);
#7424 = ORIENTED_EDGE('',*,*,#7425,.T.);
#7425 = EDGE_CURVE('',#171,#6892,#7426,.T.);
#7426 = SURFACE_CURVE('',#7427,(#7431,#7437),.PCURVE_S1.);
#7427 = LINE('',#7428,#7429);
#7428 = CARTESIAN_POINT('',(14.587354112381,-6.5,-1.));
#7429 = VECTOR('',#7430,1.);
#7430 = DIRECTION('',(0.,0.,1.));
#7431 = PCURVE('',#215,#7432);
#7432 = DEFINITIONAL_REPRESENTATION('',(#7433),#7436);
#7433 = B_SPLINE_CURVE_WITH_KNOTS('',1,(#7434,#7435),.UNSPECIFIED.,.F.,
  .F.,(2,2),(-2.400000000069E-06,1.2000024),.PIECEWISE_BEZIER_KNOTS.);
#7434 = CARTESIAN_POINT('',(-2.400000000069E-06,1.787354112381));
#7435 = CARTESIAN_POINT('',(1.2000024,1.787354112381));
#7436 = ( GEOMETRIC_REPRESENTATION_CONTEXT(2) 
PARAMETRIC_REPRESENTATION_CONTEXT() REPRESENTATION_CONTEXT('2D SPACE',''
  ) );
#7437 = PCURVE('',#187,#7438);
#7438 = DEFINITIONAL_REPRESENTATION('',(#7439),#7442);
#7439 = B_SPLINE_CURVE_WITH_KNOTS('',1,(#7440,#7441),.UNSPECIFIED.,.F.,
  .F.,(2,2),(-2.400000000069E-06,1.2000024),.PIECEWISE_BEZIER_KNOTS.);
#7440 = CARTESIAN_POINT('',(5.864003592166,-2.400000000069E-06));
#7441 = CARTESIAN_POINT('',(5.864003592166,1.2000024));
#7442 = ( GEOMETRIC_REPRESENTATION_CONTEXT(2) 
PARAMETRIC_REPRESENTATION_CONTEXT() REPRESENTATION_CONTEXT('2D SPACE',''
  ) );
#7443 = ORIENTED_EDGE('',*,*,#6891,.T.);
#7444 = ORIENTED_EDGE('',*,*,#7125,.T.);
#7445 = ORIENTED_EDGE('',*,*,#6633,.F.);
#7446 = ORIENTED_EDGE('',*,*,#6591,.T.);
#7447 = ORIENTED_EDGE('',*,*,#928,.T.);
#7448 = ORIENTED_EDGE('',*,*,#6326,.T.);
#7449 = ORIENTED_EDGE('',*,*,#6426,.T.);
#7450 = ORIENTED_EDGE('',*,*,#7401,.F.);
#7451 = ADVANCED_FACE('',(#7452),#187,.T.);
#7452 = FACE_BOUND('',#7453,.T.);
#7453 = EDGE_LOOP('',(#7454,#7455,#7456,#7457));
#7454 = ORIENTED_EDGE('',*,*,#170,.T.);
#7455 = ORIENTED_EDGE('',*,*,#7425,.T.);
#7456 = ORIENTED_EDGE('',*,*,#7053,.F.);
#7457 = ORIENTED_EDGE('',*,*,#7458,.F.);
#7458 = EDGE_CURVE('',#143,#7033,#7459,.T.);
#7459 = SURFACE_CURVE('',#7460,(#7464,#7470),.PCURVE_S1.);
#7460 = LINE('',#7461,#7462);
#7461 = CARTESIAN_POINT('',(-14.58735411238,-6.5,-1.));
#7462 = VECTOR('',#7463,1.);
#7463 = DIRECTION('',(0.,0.,1.));
#7464 = PCURVE('',#187,#7465);
#7465 = DEFINITIONAL_REPRESENTATION('',(#7466),#7469);
#7466 = B_SPLINE_CURVE_WITH_KNOTS('',1,(#7467,#7468),.UNSPECIFIED.,.F.,
  .F.,(2,2),(-2.400000000069E-06,1.2000024),.PIECEWISE_BEZIER_KNOTS.);
#7467 = CARTESIAN_POINT('',(3.560774368603,-2.400000000069E-06));
#7468 = CARTESIAN_POINT('',(3.560774368603,1.2000024));
#7469 = ( GEOMETRIC_REPRESENTATION_CONTEXT(2) 
PARAMETRIC_REPRESENTATION_CONTEXT() REPRESENTATION_CONTEXT('2D SPACE',''
  ) );
#7470 = PCURVE('',#158,#7471);
#7471 = DEFINITIONAL_REPRESENTATION('',(#7472),#7475);
#7472 = B_SPLINE_CURVE_WITH_KNOTS('',1,(#7473,#7474),.UNSPECIFIED.,.F.,
  .F.,(2,2),(-2.400000000069E-06,1.2000024),.PIECEWISE_BEZIER_KNOTS.);
#7473 = CARTESIAN_POINT('',(-2.400000000069E-06,1.382645887619));
#7474 = CARTESIAN_POINT('',(1.2000024,1.382645887619));
#7475 = ( GEOMETRIC_REPRESENTATION_CONTEXT(2) 
PARAMETRIC_REPRESENTATION_CONTEXT() REPRESENTATION_CONTEXT('2D SPACE',''
  ) );
#7476 = ADVANCED_FACE('',(#7477),#158,.F.);
#7477 = FACE_BOUND('',#7478,.F.);
#7478 = EDGE_LOOP('',(#7479,#7480,#7500,#7501,#7502,#7503,#7504,#7505,
    #7506,#7507));
#7479 = ORIENTED_EDGE('',*,*,#142,.F.);
#7480 = ORIENTED_EDGE('',*,*,#7481,.T.);
#7481 = EDGE_CURVE('',#114,#581,#7482,.T.);
#7482 = SURFACE_CURVE('',#7483,(#7487,#7494),.PCURVE_S1.);
#7483 = LINE('',#7484,#7485);
#7484 = CARTESIAN_POINT('',(-18.9882832294,-6.5,-2.));
#7485 = VECTOR('',#7486,1.);
#7486 = DIRECTION('',(0.,0.,1.));
#7487 = PCURVE('',#158,#7488);
#7488 = DEFINITIONAL_REPRESENTATION('',(#7489),#7493);
#7489 = LINE('',#7490,#7491);
#7490 = CARTESIAN_POINT('',(-1.,-3.018283229402));
#7491 = VECTOR('',#7492,1.);
#7492 = DIRECTION('',(1.,0.));
#7493 = ( GEOMETRIC_REPRESENTATION_CONTEXT(2) 
PARAMETRIC_REPRESENTATION_CONTEXT() REPRESENTATION_CONTEXT('2D SPACE',''
  ) );
#7494 = PCURVE('',#130,#7495);
#7495 = DEFINITIONAL_REPRESENTATION('',(#7496),#7499);
#7496 = B_SPLINE_CURVE_WITH_KNOTS('',1,(#7497,#7498),.UNSPECIFIED.,.F.,
  .F.,(2,2),(0.68,4.52),.PIECEWISE_BEZIER_KNOTS.);
#7497 = CARTESIAN_POINT('',(3.47140602834,0.68));
#7498 = CARTESIAN_POINT('',(3.47140602834,4.52));
#7499 = ( GEOMETRIC_REPRESENTATION_CONTEXT(2) 
PARAMETRIC_REPRESENTATION_CONTEXT() REPRESENTATION_CONTEXT('2D SPACE',''
  ) );
#7500 = ORIENTED_EDGE('',*,*,#608,.T.);
#7501 = ORIENTED_EDGE('',*,*,#724,.F.);
#7502 = ORIENTED_EDGE('',*,*,#876,.T.);
#7503 = ORIENTED_EDGE('',*,*,#6611,.F.);
#7504 = ORIENTED_EDGE('',*,*,#6782,.F.);
#7505 = ORIENTED_EDGE('',*,*,#7102,.F.);
#7506 = ORIENTED_EDGE('',*,*,#7032,.T.);
#7507 = ORIENTED_EDGE('',*,*,#7458,.F.);
#7508 = ADVANCED_FACE('',(#7509),#130,.T.);
#7509 = FACE_BOUND('',#7510,.T.);
#7510 = EDGE_LOOP('',(#7511,#7512,#7513,#7514));
#7511 = ORIENTED_EDGE('',*,*,#113,.T.);
#7512 = ORIENTED_EDGE('',*,*,#7481,.T.);
#7513 = ORIENTED_EDGE('',*,*,#580,.T.);
#7514 = ORIENTED_EDGE('',*,*,#7515,.F.);
#7515 = EDGE_CURVE('',#86,#556,#7516,.T.);
#7516 = SURFACE_CURVE('',#7517,(#7521,#7527),.PCURVE_S1.);
#7517 = LINE('',#7518,#7519);
#7518 = CARTESIAN_POINT('',(-18.9882832294,6.5,-2.));
#7519 = VECTOR('',#7520,1.);
#7520 = DIRECTION('',(0.,0.,1.));
#7521 = PCURVE('',#130,#7522);
#7522 = DEFINITIONAL_REPRESENTATION('',(#7523),#7526);
#7523 = B_SPLINE_CURVE_WITH_KNOTS('',1,(#7524,#7525),.UNSPECIFIED.,.F.,
  .F.,(2,2),(0.68,4.52),.PIECEWISE_BEZIER_KNOTS.);
#7524 = CARTESIAN_POINT('',(2.81177927884,0.68));
#7525 = CARTESIAN_POINT('',(2.81177927884,4.52));
#7526 = ( GEOMETRIC_REPRESENTATION_CONTEXT(2) 
PARAMETRIC_REPRESENTATION_CONTEXT() REPRESENTATION_CONTEXT('2D SPACE',''
  ) );
#7527 = PCURVE('',#101,#7528);
#7528 = DEFINITIONAL_REPRESENTATION('',(#7529),#7533);
#7529 = LINE('',#7530,#7531);
#7530 = CARTESIAN_POINT('',(-1.,-3.018283229402));
#7531 = VECTOR('',#7532,1.);
#7532 = DIRECTION('',(1.,0.));
#7533 = ( GEOMETRIC_REPRESENTATION_CONTEXT(2) 
PARAMETRIC_REPRESENTATION_CONTEXT() REPRESENTATION_CONTEXT('2D SPACE',''
  ) );
#7534 = ADVANCED_FACE('',(#7535),#101,.T.);
#7535 = FACE_BOUND('',#7536,.T.);
#7536 = EDGE_LOOP('',(#7537,#7556,#7557,#7558,#7559,#7560,#7561,#7562,
    #7563,#7564));
#7537 = ORIENTED_EDGE('',*,*,#7538,.F.);
#7538 = EDGE_CURVE('',#57,#6964,#7539,.T.);
#7539 = SURFACE_CURVE('',#7540,(#7544,#7550),.PCURVE_S1.);
#7540 = LINE('',#7541,#7542);
#7541 = CARTESIAN_POINT('',(-14.58735411238,6.5,-1.));
#7542 = VECTOR('',#7543,1.);
#7543 = DIRECTION('',(0.,0.,1.));
#7544 = PCURVE('',#101,#7545);
#7545 = DEFINITIONAL_REPRESENTATION('',(#7546),#7549);
#7546 = B_SPLINE_CURVE_WITH_KNOTS('',1,(#7547,#7548),.UNSPECIFIED.,.F.,
  .F.,(2,2),(-2.400000000069E-06,1.2000024),.PIECEWISE_BEZIER_KNOTS.);
#7547 = CARTESIAN_POINT('',(-2.400000000069E-06,1.382645887619));
#7548 = CARTESIAN_POINT('',(1.2000024,1.382645887619));
#7549 = ( GEOMETRIC_REPRESENTATION_CONTEXT(2) 
PARAMETRIC_REPRESENTATION_CONTEXT() REPRESENTATION_CONTEXT('2D SPACE',''
  ) );
#7550 = PCURVE('',#73,#7551);
#7551 = DEFINITIONAL_REPRESENTATION('',(#7552),#7555);
#7552 = B_SPLINE_CURVE_WITH_KNOTS('',1,(#7553,#7554),.UNSPECIFIED.,.F.,
  .F.,(2,2),(-2.400000000069E-06,1.2000024),.PIECEWISE_BEZIER_KNOTS.);
#7553 = CARTESIAN_POINT('',(2.722410938576,-2.400000000069E-06));
#7554 = CARTESIAN_POINT('',(2.722410938576,1.2000024));
#7555 = ( GEOMETRIC_REPRESENTATION_CONTEXT(2) 
PARAMETRIC_REPRESENTATION_CONTEXT() REPRESENTATION_CONTEXT('2D SPACE',''
  ) );
#7556 = ORIENTED_EDGE('',*,*,#85,.T.);
#7557 = ORIENTED_EDGE('',*,*,#7515,.T.);
#7558 = ORIENTED_EDGE('',*,*,#555,.T.);
#7559 = ORIENTED_EDGE('',*,*,#775,.F.);
#7560 = ORIENTED_EDGE('',*,*,#854,.T.);
#7561 = ORIENTED_EDGE('',*,*,#7188,.F.);
#7562 = ORIENTED_EDGE('',*,*,#6732,.F.);
#7563 = ORIENTED_EDGE('',*,*,#7082,.F.);
#7564 = ORIENTED_EDGE('',*,*,#6987,.T.);
#7565 = ADVANCED_FACE('',(#7566),#73,.T.);
#7566 = FACE_BOUND('',#7567,.T.);
#7567 = EDGE_LOOP('',(#7568,#7569,#7588,#7589));
#7568 = ORIENTED_EDGE('',*,*,#6963,.F.);
#7569 = ORIENTED_EDGE('',*,*,#7570,.F.);
#7570 = EDGE_CURVE('',#24,#6943,#7571,.T.);
#7571 = SURFACE_CURVE('',#7572,(#7576,#7582),.PCURVE_S1.);
#7572 = LINE('',#7573,#7574);
#7573 = CARTESIAN_POINT('',(14.587354112381,6.5,-1.));
#7574 = VECTOR('',#7575,1.);
#7575 = DIRECTION('',(0.,0.,1.));
#7576 = PCURVE('',#73,#7577);
#7577 = DEFINITIONAL_REPRESENTATION('',(#7578),#7581);
#7578 = B_SPLINE_CURVE_WITH_KNOTS('',1,(#7579,#7580),.UNSPECIFIED.,.F.,
  .F.,(2,2),(-2.400000000069E-06,1.2000024),.PIECEWISE_BEZIER_KNOTS.);
#7579 = CARTESIAN_POINT('',(0.419181715014,-2.400000000069E-06));
#7580 = CARTESIAN_POINT('',(0.419181715014,1.2000024));
#7581 = ( GEOMETRIC_REPRESENTATION_CONTEXT(2) 
PARAMETRIC_REPRESENTATION_CONTEXT() REPRESENTATION_CONTEXT('2D SPACE',''
  ) );
#7582 = PCURVE('',#44,#7583);
#7583 = DEFINITIONAL_REPRESENTATION('',(#7584),#7587);
#7584 = B_SPLINE_CURVE_WITH_KNOTS('',1,(#7585,#7586),.UNSPECIFIED.,.F.,
  .F.,(2,2),(-2.400000000069E-06,1.2000024),.PIECEWISE_BEZIER_KNOTS.);
#7585 = CARTESIAN_POINT('',(-2.400000000069E-06,1.787354112381));
#7586 = CARTESIAN_POINT('',(1.2000024,1.787354112381));
#7587 = ( GEOMETRIC_REPRESENTATION_CONTEXT(2) 
PARAMETRIC_REPRESENTATION_CONTEXT() REPRESENTATION_CONTEXT('2D SPACE',''
  ) );
#7588 = ORIENTED_EDGE('',*,*,#56,.T.);
#7589 = ORIENTED_EDGE('',*,*,#7538,.T.);
#7590 = ADVANCED_FACE('',(#7591),#44,.T.);
#7591 = FACE_BOUND('',#7592,.T.);
#7592 = EDGE_LOOP('',(#7593,#7594,#7595,#7596,#7597,#7598,#7599,#7600,
    #7601,#7602));
#7593 = ORIENTED_EDGE('',*,*,#21,.T.);
#7594 = ORIENTED_EDGE('',*,*,#7570,.T.);
#7595 = ORIENTED_EDGE('',*,*,#6942,.T.);
#7596 = ORIENTED_EDGE('',*,*,#7145,.T.);
#7597 = ORIENTED_EDGE('',*,*,#6687,.F.);
#7598 = ORIENTED_EDGE('',*,*,#7168,.T.);
#7599 = ORIENTED_EDGE('',*,*,#800,.T.);
#7600 = ORIENTED_EDGE('',*,*,#6350,.T.);
#7601 = ORIENTED_EDGE('',*,*,#6402,.T.);
#7602 = ORIENTED_EDGE('',*,*,#7380,.F.);
#7603 = ( GEOMETRIC_REPRESENTATION_CONTEXT(3) 
GLOBAL_UNCERTAINTY_ASSIGNED_CONTEXT((#7607)) 
GLOBAL_UNIT_ASSIGNED_CONTEXT((#7604,#7605,#7606)) REPRESENTATION_CONTEXT
('Context #1','3D Context with UNIT and UNCERTAINTY') );
#7604 = ( LENGTH_UNIT() NAMED_UNIT(*) SI_UNIT(.MILLI.,.METRE.) );
#7605 = ( NAMED_UNIT(*) PLANE_ANGLE_UNIT() SI_UNIT($,.RADIAN.) );
#7606 = ( NAMED_UNIT(*) SI_UNIT($,.STERADIAN.) SOLID_ANGLE_UNIT() );
#7607 = UNCERTAINTY_MEASURE_WITH_UNIT(LENGTH_MEASURE(1.E-06),#7604,
  'distance_accuracy_value','confusion accuracy');
#7608 = PRODUCT_RELATED_PRODUCT_CATEGORY('part',$,(#7));
ENDSEC;
END-ISO-10303-21;
