ISO-10303-21;
HEADER;
FILE_DESCRIPTION(('Open CASCADE Model'),'2;1');
FILE_NAME('Open CASCADE Shape Model','2026-09-01T07:35:42',('Author'),(
    'Open CASCADE'),'Open CASCADE STEP processor 7.9','build123d',
  'Unknown');
FILE_SCHEMA(('AUTOMOTIVE_DESIGN { 1 0 10303 214 1 1 1 1 }'));
ENDSEC;
DATA;
#1 = APPLICATION_PROTOCOL_DEFINITION('international standard',
  'automotive_design',2000,#2);
#2 = APPLICATION_CONTEXT(
  'core data for automotive mechanical design processes');
#3 = SHAPE_DEFINITION_REPRESENTATION(#4,#10);
#4 = PRODUCT_DEFINITION_SHAPE('','',#5);
#5 = PRODUCT_DEFINITION('design','',#6,#9);
#6 = PRODUCT_DEFINITION_FORMATION('','',#7);
#7 = PRODUCT('COMPOUND','COMPOUND','',(#8));
#8 = PRODUCT_CONTEXT('',#2,'mechanical');
#9 = PRODUCT_DEFINITION_CONTEXT('part definition',#2,'design');
#10 = ADVANCED_BREP_SHAPE_REPRESENTATION('',(#11,#15),#6927);
#11 = AXIS2_PLACEMENT_3D('',#12,#13,#14);
#12 = CARTESIAN_POINT('',(0.,0.,0.));
#13 = DIRECTION('',(0.,0.,1.));
#14 = DIRECTION('',(1.,0.,-0.));
#15 = MANIFOLD_SOLID_BREP('',#16);
#16 = CLOSED_SHELL('',(#17,#477,#551,#720,#796,#1305,#2171,#2292,#2700,
    #3106,#3848,#3969,#4526,#4624,#4745,#4847,#4943,#5013,#5164,#5277,
    #5435,#5442,#5496,#5551,#5586,#5641,#5676,#5731,#5735,#5760,#5787,
    #5812,#5837,#5862,#5870,#5905,#6022,#6102,#6138,#6306,#6312,#6388,
    #6546,#6573,#6600,#6607,#6654,#6681,#6708,#6715,#6760,#6787,#6812,
    #6840,#6866,#6893,#6918));
#17 = ADVANCED_FACE('',(#18,#257,#367),#32,.F.);
#18 = FACE_BOUND('',#19,.F.);
#19 = EDGE_LOOP('',(#20,#55,#84,#112,#141,#169,#198,#226));
#20 = ORIENTED_EDGE('',*,*,#21,.T.);
#21 = EDGE_CURVE('',#22,#24,#26,.T.);
#22 = VERTEX_POINT('',#23);
#23 = CARTESIAN_POINT('',(18.988283229402,6.5,-1.));
#24 = VERTEX_POINT('',#25);
#25 = CARTESIAN_POINT('',(14.587354112381,6.5,-1.));
#26 = SURFACE_CURVE('',#27,(#31,#43),.PCURVE_S1.);
#27 = LINE('',#28,#29);
#28 = CARTESIAN_POINT('',(18.988283229402,6.5,-1.));
#29 = VECTOR('',#30,1.);
#30 = DIRECTION('',(-1.,0.,0.));
#31 = PCURVE('',#32,#37);
#32 = PLANE('',#33);
#33 = AXIS2_PLACEMENT_3D('',#34,#35,#36);
#34 = CARTESIAN_POINT('',(0.,0.,-1.));
#35 = DIRECTION('',(0.,0.,1.));
#36 = DIRECTION('',(1.,0.,-0.));
#37 = DEFINITIONAL_REPRESENTATION('',(#38),#42);
#38 = LINE('',#39,#40);
#39 = CARTESIAN_POINT('',(18.988283229402,6.5));
#40 = VECTOR('',#41,1.);
#41 = DIRECTION('',(-1.,0.));
#42 = ( GEOMETRIC_REPRESENTATION_CONTEXT(2) 
PARAMETRIC_REPRESENTATION_CONTEXT() REPRESENTATION_CONTEXT('2D SPACE',''
  ) );
#43 = PCURVE('',#44,#49);
#44 = PLANE('',#45);
#45 = AXIS2_PLACEMENT_3D('',#46,#47,#48);
#46 = CARTESIAN_POINT('',(12.8,6.5,-1.));
#47 = DIRECTION('',(-0.,1.,0.));
#48 = DIRECTION('',(0.,0.,1.));
#49 = DEFINITIONAL_REPRESENTATION('',(#50),#54);
#50 = LINE('',#51,#52);
#51 = CARTESIAN_POINT('',(0.,6.188283229402));
#52 = VECTOR('',#53,1.);
#53 = DIRECTION('',(0.,-1.));
#54 = ( GEOMETRIC_REPRESENTATION_CONTEXT(2) 
PARAMETRIC_REPRESENTATION_CONTEXT() REPRESENTATION_CONTEXT('2D SPACE',''
  ) );
#55 = ORIENTED_EDGE('',*,*,#56,.T.);
#56 = EDGE_CURVE('',#24,#57,#59,.T.);
#57 = VERTEX_POINT('',#58);
#58 = CARTESIAN_POINT('',(-14.58735411238,6.5,-1.));
#59 = SURFACE_CURVE('',#60,(#65,#72),.PCURVE_S1.);
#60 = CIRCLE('',#61,15.97);
#61 = AXIS2_PLACEMENT_3D('',#62,#63,#64);
#62 = CARTESIAN_POINT('',(0.,0.,-1.));
#63 = DIRECTION('',(0.,0.,1.));
#64 = DIRECTION('',(1.,0.,-0.));
#65 = PCURVE('',#32,#66);
#66 = DEFINITIONAL_REPRESENTATION('',(#67),#71);
#67 = CIRCLE('',#68,15.97);
#68 = AXIS2_PLACEMENT_2D('',#69,#70);
#69 = CARTESIAN_POINT('',(0.,0.));
#70 = DIRECTION('',(1.,0.));
#71 = ( GEOMETRIC_REPRESENTATION_CONTEXT(2) 
PARAMETRIC_REPRESENTATION_CONTEXT() REPRESENTATION_CONTEXT('2D SPACE',''
  ) );
#72 = PCURVE('',#73,#78);
#73 = CYLINDRICAL_SURFACE('',#74,15.97);
#74 = AXIS2_PLACEMENT_3D('',#75,#76,#77);
#75 = CARTESIAN_POINT('',(0.,0.,-1.));
#76 = DIRECTION('',(0.,0.,1.));
#77 = DIRECTION('',(1.,0.,-0.));
#78 = DEFINITIONAL_REPRESENTATION('',(#79),#83);
#79 = LINE('',#80,#81);
#80 = CARTESIAN_POINT('',(0.,0.));
#81 = VECTOR('',#82,1.);
#82 = DIRECTION('',(1.,0.));
#83 = ( GEOMETRIC_REPRESENTATION_CONTEXT(2) 
PARAMETRIC_REPRESENTATION_CONTEXT() REPRESENTATION_CONTEXT('2D SPACE',''
  ) );
#84 = ORIENTED_EDGE('',*,*,#85,.T.);
#85 = EDGE_CURVE('',#57,#86,#88,.T.);
#86 = VERTEX_POINT('',#87);
#87 = CARTESIAN_POINT('',(-18.9882832294,6.5,-1.));
#88 = SURFACE_CURVE('',#89,(#93,#100),.PCURVE_S1.);
#89 = LINE('',#90,#91);
#90 = CARTESIAN_POINT('',(-12.8,6.5,-1.));
#91 = VECTOR('',#92,1.);
#92 = DIRECTION('',(-1.,0.,0.));
#93 = PCURVE('',#32,#94);
#94 = DEFINITIONAL_REPRESENTATION('',(#95),#99);
#95 = LINE('',#96,#97);
#96 = CARTESIAN_POINT('',(-12.8,6.5));
#97 = VECTOR('',#98,1.);
#98 = DIRECTION('',(-1.,0.));
#99 = ( GEOMETRIC_REPRESENTATION_CONTEXT(2) 
PARAMETRIC_REPRESENTATION_CONTEXT() REPRESENTATION_CONTEXT('2D SPACE',''
  ) );
#100 = PCURVE('',#101,#106);
#101 = PLANE('',#102);
#102 = AXIS2_PLACEMENT_3D('',#103,#104,#105);
#103 = CARTESIAN_POINT('',(-15.97,6.5,-1.));
#104 = DIRECTION('',(-0.,1.,0.));
#105 = DIRECTION('',(0.,0.,1.));
#106 = DEFINITIONAL_REPRESENTATION('',(#107),#111);
#107 = LINE('',#108,#109);
#108 = CARTESIAN_POINT('',(0.,3.17));
#109 = VECTOR('',#110,1.);
#110 = DIRECTION('',(0.,-1.));
#111 = ( GEOMETRIC_REPRESENTATION_CONTEXT(2) 
PARAMETRIC_REPRESENTATION_CONTEXT() REPRESENTATION_CONTEXT('2D SPACE',''
  ) );
#112 = ORIENTED_EDGE('',*,*,#113,.T.);
#113 = EDGE_CURVE('',#86,#114,#116,.T.);
#114 = VERTEX_POINT('',#115);
#115 = CARTESIAN_POINT('',(-18.9882832294,-6.5,-1.));
#116 = SURFACE_CURVE('',#117,(#122,#129),.PCURVE_S1.);
#117 = CIRCLE('',#118,20.07);
#118 = AXIS2_PLACEMENT_3D('',#119,#120,#121);
#119 = CARTESIAN_POINT('',(0.,0.,-1.));
#120 = DIRECTION('',(0.,0.,1.));
#121 = DIRECTION('',(-0.946102801664,0.323866467364,0.));
#122 = PCURVE('',#32,#123);
#123 = DEFINITIONAL_REPRESENTATION('',(#124),#128);
#124 = CIRCLE('',#125,20.07);
#125 = AXIS2_PLACEMENT_2D('',#126,#127);
#126 = CARTESIAN_POINT('',(0.,0.));
#127 = DIRECTION('',(-0.946102801664,0.323866467364));
#128 = ( GEOMETRIC_REPRESENTATION_CONTEXT(2) 
PARAMETRIC_REPRESENTATION_CONTEXT() REPRESENTATION_CONTEXT('2D SPACE',''
  ) );
#129 = PCURVE('',#130,#135);
#130 = CYLINDRICAL_SURFACE('',#131,20.07);
#131 = AXIS2_PLACEMENT_3D('',#132,#133,#134);
#132 = CARTESIAN_POINT('',(0.,0.,-2.));
#133 = DIRECTION('',(0.,0.,1.));
#134 = DIRECTION('',(1.,0.,-0.));
#135 = DEFINITIONAL_REPRESENTATION('',(#136),#140);
#136 = LINE('',#137,#138);
#137 = CARTESIAN_POINT('',(2.81177927884,1.));
#138 = VECTOR('',#139,1.);
#139 = DIRECTION('',(1.,0.));
#140 = ( GEOMETRIC_REPRESENTATION_CONTEXT(2) 
PARAMETRIC_REPRESENTATION_CONTEXT() REPRESENTATION_CONTEXT('2D SPACE',''
  ) );
#141 = ORIENTED_EDGE('',*,*,#142,.T.);
#142 = EDGE_CURVE('',#114,#143,#145,.T.);
#143 = VERTEX_POINT('',#144);
#144 = CARTESIAN_POINT('',(-14.58735411238,-6.5,-1.));
#145 = SURFACE_CURVE('',#146,(#150,#157),.PCURVE_S1.);
#146 = LINE('',#147,#148);
#147 = CARTESIAN_POINT('',(-18.9882832294,-6.5,-1.));
#148 = VECTOR('',#149,1.);
#149 = DIRECTION('',(1.,0.,0.));
#150 = PCURVE('',#32,#151);
#151 = DEFINITIONAL_REPRESENTATION('',(#152),#156);
#152 = LINE('',#153,#154);
#153 = CARTESIAN_POINT('',(-18.9882832294,-6.5));
#154 = VECTOR('',#155,1.);
#155 = DIRECTION('',(1.,0.));
#156 = ( GEOMETRIC_REPRESENTATION_CONTEXT(2) 
PARAMETRIC_REPRESENTATION_CONTEXT() REPRESENTATION_CONTEXT('2D SPACE',''
  ) );
#157 = PCURVE('',#158,#163);
#158 = PLANE('',#159);
#159 = AXIS2_PLACEMENT_3D('',#160,#161,#162);
#160 = CARTESIAN_POINT('',(-15.97,-6.5,-1.));
#161 = DIRECTION('',(-0.,1.,0.));
#162 = DIRECTION('',(0.,0.,1.));
#163 = DEFINITIONAL_REPRESENTATION('',(#164),#168);
#164 = LINE('',#165,#166);
#165 = CARTESIAN_POINT('',(0.,-3.018283229402));
#166 = VECTOR('',#167,1.);
#167 = DIRECTION('',(0.,1.));
#168 = ( GEOMETRIC_REPRESENTATION_CONTEXT(2) 
PARAMETRIC_REPRESENTATION_CONTEXT() REPRESENTATION_CONTEXT('2D SPACE',''
  ) );
#169 = ORIENTED_EDGE('',*,*,#170,.T.);
#170 = EDGE_CURVE('',#143,#171,#173,.T.);
#171 = VERTEX_POINT('',#172);
#172 = CARTESIAN_POINT('',(14.587354112381,-6.5,-1.));
#173 = SURFACE_CURVE('',#174,(#179,#186),.PCURVE_S1.);
#174 = CIRCLE('',#175,15.97);
#175 = AXIS2_PLACEMENT_3D('',#176,#177,#178);
#176 = CARTESIAN_POINT('',(0.,0.,-1.));
#177 = DIRECTION('',(0.,0.,1.));
#178 = DIRECTION('',(1.,0.,-0.));
#179 = PCURVE('',#32,#180);
#180 = DEFINITIONAL_REPRESENTATION('',(#181),#185);
#181 = CIRCLE('',#182,15.97);
#182 = AXIS2_PLACEMENT_2D('',#183,#184);
#183 = CARTESIAN_POINT('',(0.,0.));
#184 = DIRECTION('',(1.,0.));
#185 = ( GEOMETRIC_REPRESENTATION_CONTEXT(2) 
PARAMETRIC_REPRESENTATION_CONTEXT() REPRESENTATION_CONTEXT('2D SPACE',''
  ) );
#186 = PCURVE('',#187,#192);
#187 = CYLINDRICAL_SURFACE('',#188,15.97);
#188 = AXIS2_PLACEMENT_3D('',#189,#190,#191);
#189 = CARTESIAN_POINT('',(0.,0.,-1.));
#190 = DIRECTION('',(0.,0.,1.));
#191 = DIRECTION('',(1.,0.,-0.));
#192 = DEFINITIONAL_REPRESENTATION('',(#193),#197);
#193 = LINE('',#194,#195);
#194 = CARTESIAN_POINT('',(0.,0.));
#195 = VECTOR('',#196,1.);
#196 = DIRECTION('',(1.,0.));
#197 = ( GEOMETRIC_REPRESENTATION_CONTEXT(2) 
PARAMETRIC_REPRESENTATION_CONTEXT() REPRESENTATION_CONTEXT('2D SPACE',''
  ) );
#198 = ORIENTED_EDGE('',*,*,#199,.T.);
#199 = EDGE_CURVE('',#171,#200,#202,.T.);
#200 = VERTEX_POINT('',#201);
#201 = CARTESIAN_POINT('',(18.988283229402,-6.5,-1.));
#202 = SURFACE_CURVE('',#203,(#207,#214),.PCURVE_S1.);
#203 = LINE('',#204,#205);
#204 = CARTESIAN_POINT('',(12.8,-6.5,-1.));
#205 = VECTOR('',#206,1.);
#206 = DIRECTION('',(1.,0.,0.));
#207 = PCURVE('',#32,#208);
#208 = DEFINITIONAL_REPRESENTATION('',(#209),#213);
#209 = LINE('',#210,#211);
#210 = CARTESIAN_POINT('',(12.8,-6.5));
#211 = VECTOR('',#212,1.);
#212 = DIRECTION('',(1.,0.));
#213 = ( GEOMETRIC_REPRESENTATION_CONTEXT(2) 
PARAMETRIC_REPRESENTATION_CONTEXT() REPRESENTATION_CONTEXT('2D SPACE',''
  ) );
#214 = PCURVE('',#215,#220);
#215 = PLANE('',#216);
#216 = AXIS2_PLACEMENT_3D('',#217,#218,#219);
#217 = CARTESIAN_POINT('',(12.8,-6.5,-1.));
#218 = DIRECTION('',(-0.,1.,0.));
#219 = DIRECTION('',(0.,0.,1.));
#220 = DEFINITIONAL_REPRESENTATION('',(#221),#225);
#221 = LINE('',#222,#223);
#222 = CARTESIAN_POINT('',(0.,0.));
#223 = VECTOR('',#224,1.);
#224 = DIRECTION('',(0.,1.));
#225 = ( GEOMETRIC_REPRESENTATION_CONTEXT(2) 
PARAMETRIC_REPRESENTATION_CONTEXT() REPRESENTATION_CONTEXT('2D SPACE',''
  ) );
#226 = ORIENTED_EDGE('',*,*,#227,.F.);
#227 = EDGE_CURVE('',#22,#200,#228,.T.);
#228 = SURFACE_CURVE('',#229,(#234,#245),.PCURVE_S1.);
#229 = CIRCLE('',#230,20.07);
#230 = AXIS2_PLACEMENT_3D('',#231,#232,#233);
#231 = CARTESIAN_POINT('',(0.,0.,-1.));
#232 = DIRECTION('',(0.,0.,-1.));
#233 = DIRECTION('',(0.946102801664,0.323866467364,0.));
#234 = PCURVE('',#32,#235);
#235 = DEFINITIONAL_REPRESENTATION('',(#236),#244);
#236 = ( BOUNDED_CURVE() B_SPLINE_CURVE(2,(#237,#238,#239,#240,#241,#242
,#243),.UNSPECIFIED.,.T.,.F.) B_SPLINE_CURVE_WITH_KNOTS((1,2,2,2,2,1),(
    -2.094395102393,0.,2.094395102393,4.188790204786,6.28318530718,
8.377580409573),.UNSPECIFIED.) CURVE() GEOMETRIC_REPRESENTATION_ITEM() 
RATIONAL_B_SPLINE_CURVE((1.,0.5,1.,0.5,1.,0.5,1.)) REPRESENTATION_ITEM(
  '') );
#237 = CARTESIAN_POINT('',(18.988283229402,6.5));
#238 = CARTESIAN_POINT('',(30.2466134786,-26.38867130183));
#239 = CARTESIAN_POINT('',(-3.864976490102,-19.69433565091));
#240 = CARTESIAN_POINT('',(-37.9765664588,-13.));
#241 = CARTESIAN_POINT('',(-15.1233067393,13.194335650916));
#242 = CARTESIAN_POINT('',(7.729952980205,39.388671301833));
#243 = CARTESIAN_POINT('',(18.988283229402,6.5));
#244 = ( GEOMETRIC_REPRESENTATION_CONTEXT(2) 
PARAMETRIC_REPRESENTATION_CONTEXT() REPRESENTATION_CONTEXT('2D SPACE',''
  ) );
#245 = PCURVE('',#246,#251);
#246 = CYLINDRICAL_SURFACE('',#247,20.07);
#247 = AXIS2_PLACEMENT_3D('',#248,#249,#250);
#248 = CARTESIAN_POINT('',(0.,0.,-2.));
#249 = DIRECTION('',(0.,0.,1.));
#250 = DIRECTION('',(1.,0.,-0.));
#251 = DEFINITIONAL_REPRESENTATION('',(#252),#256);
#252 = LINE('',#253,#254);
#253 = CARTESIAN_POINT('',(6.61299868193,1.));
#254 = VECTOR('',#255,1.);
#255 = DIRECTION('',(-1.,-0.));
#256 = ( GEOMETRIC_REPRESENTATION_CONTEXT(2) 
PARAMETRIC_REPRESENTATION_CONTEXT() REPRESENTATION_CONTEXT('2D SPACE',''
  ) );
#257 = FACE_BOUND('',#258,.F.);
#258 = EDGE_LOOP('',(#259,#288,#315,#342));
#259 = ORIENTED_EDGE('',*,*,#260,.F.);
#260 = EDGE_CURVE('',#261,#263,#265,.T.);
#261 = VERTEX_POINT('',#262);
#262 = CARTESIAN_POINT('',(18.57,4.4,-1.));
#263 = VERTEX_POINT('',#264);
#264 = CARTESIAN_POINT('',(16.77,4.4,-1.));
#265 = SURFACE_CURVE('',#266,(#270,#277),.PCURVE_S1.);
#266 = LINE('',#267,#268);
#267 = CARTESIAN_POINT('',(14.785,4.4,-1.));
#268 = VECTOR('',#269,1.);
#269 = DIRECTION('',(-1.,-0.,0.));
#270 = PCURVE('',#32,#271);
#271 = DEFINITIONAL_REPRESENTATION('',(#272),#276);
#272 = LINE('',#273,#274);
#273 = CARTESIAN_POINT('',(14.785,4.4));
#274 = VECTOR('',#275,1.);
#275 = DIRECTION('',(-1.,0.));
#276 = ( GEOMETRIC_REPRESENTATION_CONTEXT(2) 
PARAMETRIC_REPRESENTATION_CONTEXT() REPRESENTATION_CONTEXT('2D SPACE',''
  ) );
#277 = PCURVE('',#278,#283);
#278 = PLANE('',#279);
#279 = AXIS2_PLACEMENT_3D('',#280,#281,#282);
#280 = CARTESIAN_POINT('',(16.77,4.4,-2.));
#281 = DIRECTION('',(-0.,1.,0.));
#282 = DIRECTION('',(0.,0.,1.));
#283 = DEFINITIONAL_REPRESENTATION('',(#284),#287);
#284 = B_SPLINE_CURVE_WITH_KNOTS('',1,(#285,#286),.UNSPECIFIED.,.F.,.F.,
  (2,2),(-3.785,-1.985),.PIECEWISE_BEZIER_KNOTS.);
#285 = CARTESIAN_POINT('',(1.,1.8));
#286 = CARTESIAN_POINT('',(1.,0.));
#287 = ( GEOMETRIC_REPRESENTATION_CONTEXT(2) 
PARAMETRIC_REPRESENTATION_CONTEXT() REPRESENTATION_CONTEXT('2D SPACE',''
  ) );
#288 = ORIENTED_EDGE('',*,*,#289,.F.);
#289 = EDGE_CURVE('',#290,#261,#292,.T.);
#290 = VERTEX_POINT('',#291);
#291 = CARTESIAN_POINT('',(18.57,-4.4,-1.));
#292 = SURFACE_CURVE('',#293,(#297,#304),.PCURVE_S1.);
#293 = LINE('',#294,#295);
#294 = CARTESIAN_POINT('',(18.57,-5.45,-1.));
#295 = VECTOR('',#296,1.);
#296 = DIRECTION('',(-0.,1.,0.));
#297 = PCURVE('',#32,#298);
#298 = DEFINITIONAL_REPRESENTATION('',(#299),#303);
#299 = LINE('',#300,#301);
#300 = CARTESIAN_POINT('',(18.57,-5.45));
#301 = VECTOR('',#302,1.);
#302 = DIRECTION('',(0.,1.));
#303 = ( GEOMETRIC_REPRESENTATION_CONTEXT(2) 
PARAMETRIC_REPRESENTATION_CONTEXT() REPRESENTATION_CONTEXT('2D SPACE',''
  ) );
#304 = PCURVE('',#305,#310);
#305 = PLANE('',#306);
#306 = AXIS2_PLACEMENT_3D('',#307,#308,#309);
#307 = CARTESIAN_POINT('',(18.57,-4.4,-2.));
#308 = DIRECTION('',(1.,0.,-0.));
#309 = DIRECTION('',(0.,0.,1.));
#310 = DEFINITIONAL_REPRESENTATION('',(#311),#314);
#311 = B_SPLINE_CURVE_WITH_KNOTS('',1,(#312,#313),.UNSPECIFIED.,.F.,.F.,
  (2,2),(1.05,9.85),.PIECEWISE_BEZIER_KNOTS.);
#312 = CARTESIAN_POINT('',(1.,0.));
#313 = CARTESIAN_POINT('',(1.,-8.8));
#314 = ( GEOMETRIC_REPRESENTATION_CONTEXT(2) 
PARAMETRIC_REPRESENTATION_CONTEXT() REPRESENTATION_CONTEXT('2D SPACE',''
  ) );
#315 = ORIENTED_EDGE('',*,*,#316,.T.);
#316 = EDGE_CURVE('',#290,#317,#319,.T.);
#317 = VERTEX_POINT('',#318);
#318 = CARTESIAN_POINT('',(16.77,-4.4,-1.));
#319 = SURFACE_CURVE('',#320,(#324,#331),.PCURVE_S1.);
#320 = LINE('',#321,#322);
#321 = CARTESIAN_POINT('',(14.785,-4.4,-1.));
#322 = VECTOR('',#323,1.);
#323 = DIRECTION('',(-1.,-0.,0.));
#324 = PCURVE('',#32,#325);
#325 = DEFINITIONAL_REPRESENTATION('',(#326),#330);
#326 = LINE('',#327,#328);
#327 = CARTESIAN_POINT('',(14.785,-4.4));
#328 = VECTOR('',#329,1.);
#329 = DIRECTION('',(-1.,0.));
#330 = ( GEOMETRIC_REPRESENTATION_CONTEXT(2) 
PARAMETRIC_REPRESENTATION_CONTEXT() REPRESENTATION_CONTEXT('2D SPACE',''
  ) );
#331 = PCURVE('',#332,#337);
#332 = PLANE('',#333);
#333 = AXIS2_PLACEMENT_3D('',#334,#335,#336);
#334 = CARTESIAN_POINT('',(16.77,-4.4,-2.));
#335 = DIRECTION('',(-0.,1.,0.));
#336 = DIRECTION('',(0.,0.,1.));
#337 = DEFINITIONAL_REPRESENTATION('',(#338),#341);
#338 = B_SPLINE_CURVE_WITH_KNOTS('',1,(#339,#340),.UNSPECIFIED.,.F.,.F.,
  (2,2),(-3.785,-1.985),.PIECEWISE_BEZIER_KNOTS.);
#339 = CARTESIAN_POINT('',(1.,1.8));
#340 = CARTESIAN_POINT('',(1.,0.));
#341 = ( GEOMETRIC_REPRESENTATION_CONTEXT(2) 
PARAMETRIC_REPRESENTATION_CONTEXT() REPRESENTATION_CONTEXT('2D SPACE',''
  ) );
#342 = ORIENTED_EDGE('',*,*,#343,.T.);
#343 = EDGE_CURVE('',#317,#263,#344,.T.);
#344 = SURFACE_CURVE('',#345,(#349,#356),.PCURVE_S1.);
#345 = LINE('',#346,#347);
#346 = CARTESIAN_POINT('',(16.77,-5.45,-1.));
#347 = VECTOR('',#348,1.);
#348 = DIRECTION('',(-0.,1.,0.));
#349 = PCURVE('',#32,#350);
#350 = DEFINITIONAL_REPRESENTATION('',(#351),#355);
#351 = LINE('',#352,#353);
#352 = CARTESIAN_POINT('',(16.77,-5.45));
#353 = VECTOR('',#354,1.);
#354 = DIRECTION('',(0.,1.));
#355 = ( GEOMETRIC_REPRESENTATION_CONTEXT(2) 
PARAMETRIC_REPRESENTATION_CONTEXT() REPRESENTATION_CONTEXT('2D SPACE',''
  ) );
#356 = PCURVE('',#357,#362);
#357 = PLANE('',#358);
#358 = AXIS2_PLACEMENT_3D('',#359,#360,#361);
#359 = CARTESIAN_POINT('',(16.77,-4.4,-2.));
#360 = DIRECTION('',(1.,0.,-0.));
#361 = DIRECTION('',(0.,0.,1.));
#362 = DEFINITIONAL_REPRESENTATION('',(#363),#366);
#363 = B_SPLINE_CURVE_WITH_KNOTS('',1,(#364,#365),.UNSPECIFIED.,.F.,.F.,
  (2,2),(1.05,9.85),.PIECEWISE_BEZIER_KNOTS.);
#364 = CARTESIAN_POINT('',(1.,0.));
#365 = CARTESIAN_POINT('',(1.,-8.8));
#366 = ( GEOMETRIC_REPRESENTATION_CONTEXT(2) 
PARAMETRIC_REPRESENTATION_CONTEXT() REPRESENTATION_CONTEXT('2D SPACE',''
  ) );
#367 = FACE_BOUND('',#368,.F.);
#368 = EDGE_LOOP('',(#369,#398,#425,#452));
#369 = ORIENTED_EDGE('',*,*,#370,.F.);
#370 = EDGE_CURVE('',#371,#373,#375,.T.);
#371 = VERTEX_POINT('',#372);
#372 = CARTESIAN_POINT('',(-16.77,4.4,-1.));
#373 = VERTEX_POINT('',#374);
#374 = CARTESIAN_POINT('',(-18.57,4.4,-1.));
#375 = SURFACE_CURVE('',#376,(#380,#387),.PCURVE_S1.);
#376 = LINE('',#377,#378);
#377 = CARTESIAN_POINT('',(-17.27,4.4,-1.));
#378 = VECTOR('',#379,1.);
#379 = DIRECTION('',(-1.,-0.,0.));
#380 = PCURVE('',#32,#381);
#381 = DEFINITIONAL_REPRESENTATION('',(#382),#386);
#382 = LINE('',#383,#384);
#383 = CARTESIAN_POINT('',(-17.27,4.4));
#384 = VECTOR('',#385,1.);
#385 = DIRECTION('',(-1.,0.));
#386 = ( GEOMETRIC_REPRESENTATION_CONTEXT(2) 
PARAMETRIC_REPRESENTATION_CONTEXT() REPRESENTATION_CONTEXT('2D SPACE',''
  ) );
#387 = PCURVE('',#388,#393);
#388 = PLANE('',#389);
#389 = AXIS2_PLACEMENT_3D('',#390,#391,#392);
#390 = CARTESIAN_POINT('',(-18.57,4.4,-2.));
#391 = DIRECTION('',(-0.,1.,0.));
#392 = DIRECTION('',(0.,0.,1.));
#393 = DEFINITIONAL_REPRESENTATION('',(#394),#397);
#394 = B_SPLINE_CURVE_WITH_KNOTS('',1,(#395,#396),.UNSPECIFIED.,.F.,.F.,
  (2,2),(-0.5,1.3),.PIECEWISE_BEZIER_KNOTS.);
#395 = CARTESIAN_POINT('',(1.,1.8));
#396 = CARTESIAN_POINT('',(1.,0.));
#397 = ( GEOMETRIC_REPRESENTATION_CONTEXT(2) 
PARAMETRIC_REPRESENTATION_CONTEXT() REPRESENTATION_CONTEXT('2D SPACE',''
  ) );
#398 = ORIENTED_EDGE('',*,*,#399,.F.);
#399 = EDGE_CURVE('',#400,#371,#402,.T.);
#400 = VERTEX_POINT('',#401);
#401 = CARTESIAN_POINT('',(-16.77,-4.4,-1.));
#402 = SURFACE_CURVE('',#403,(#407,#414),.PCURVE_S1.);
#403 = LINE('',#404,#405);
#404 = CARTESIAN_POINT('',(-16.77,-5.45,-1.));
#405 = VECTOR('',#406,1.);
#406 = DIRECTION('',(-0.,1.,0.));
#407 = PCURVE('',#32,#408);
#408 = DEFINITIONAL_REPRESENTATION('',(#409),#413);
#409 = LINE('',#410,#411);
#410 = CARTESIAN_POINT('',(-16.77,-5.45));
#411 = VECTOR('',#412,1.);
#412 = DIRECTION('',(0.,1.));
#413 = ( GEOMETRIC_REPRESENTATION_CONTEXT(2) 
PARAMETRIC_REPRESENTATION_CONTEXT() REPRESENTATION_CONTEXT('2D SPACE',''
  ) );
#414 = PCURVE('',#415,#420);
#415 = PLANE('',#416);
#416 = AXIS2_PLACEMENT_3D('',#417,#418,#419);
#417 = CARTESIAN_POINT('',(-16.77,-4.4,-2.));
#418 = DIRECTION('',(1.,0.,-0.));
#419 = DIRECTION('',(0.,0.,1.));
#420 = DEFINITIONAL_REPRESENTATION('',(#421),#424);
#421 = B_SPLINE_CURVE_WITH_KNOTS('',1,(#422,#423),.UNSPECIFIED.,.F.,.F.,
  (2,2),(1.05,9.85),.PIECEWISE_BEZIER_KNOTS.);
#422 = CARTESIAN_POINT('',(1.,0.));
#423 = CARTESIAN_POINT('',(1.,-8.8));
#424 = ( GEOMETRIC_REPRESENTATION_CONTEXT(2) 
PARAMETRIC_REPRESENTATION_CONTEXT() REPRESENTATION_CONTEXT('2D SPACE',''
  ) );
#425 = ORIENTED_EDGE('',*,*,#426,.T.);
#426 = EDGE_CURVE('',#400,#427,#429,.T.);
#427 = VERTEX_POINT('',#428);
#428 = CARTESIAN_POINT('',(-18.57,-4.4,-1.));
#429 = SURFACE_CURVE('',#430,(#434,#441),.PCURVE_S1.);
#430 = LINE('',#431,#432);
#431 = CARTESIAN_POINT('',(-17.27,-4.4,-1.));
#432 = VECTOR('',#433,1.);
#433 = DIRECTION('',(-1.,-0.,0.));
#434 = PCURVE('',#32,#435);
#435 = DEFINITIONAL_REPRESENTATION('',(#436),#440);
#436 = LINE('',#437,#438);
#437 = CARTESIAN_POINT('',(-17.27,-4.4));
#438 = VECTOR('',#439,1.);
#439 = DIRECTION('',(-1.,0.));
#440 = ( GEOMETRIC_REPRESENTATION_CONTEXT(2) 
PARAMETRIC_REPRESENTATION_CONTEXT() REPRESENTATION_CONTEXT('2D SPACE',''
  ) );
#441 = PCURVE('',#442,#447);
#442 = PLANE('',#443);
#443 = AXIS2_PLACEMENT_3D('',#444,#445,#446);
#444 = CARTESIAN_POINT('',(-18.57,-4.4,-2.));
#445 = DIRECTION('',(-0.,1.,0.));
#446 = DIRECTION('',(0.,0.,1.));
#447 = DEFINITIONAL_REPRESENTATION('',(#448),#451);
#448 = B_SPLINE_CURVE_WITH_KNOTS('',1,(#449,#450),.UNSPECIFIED.,.F.,.F.,
  (2,2),(-0.5,1.3),.PIECEWISE_BEZIER_KNOTS.);
#449 = CARTESIAN_POINT('',(1.,1.8));
#450 = CARTESIAN_POINT('',(1.,0.));
#451 = ( GEOMETRIC_REPRESENTATION_CONTEXT(2) 
PARAMETRIC_REPRESENTATION_CONTEXT() REPRESENTATION_CONTEXT('2D SPACE',''
  ) );
#452 = ORIENTED_EDGE('',*,*,#453,.T.);
#453 = EDGE_CURVE('',#427,#373,#454,.T.);
#454 = SURFACE_CURVE('',#455,(#459,#466),.PCURVE_S1.);
#455 = LINE('',#456,#457);
#456 = CARTESIAN_POINT('',(-18.57,-5.45,-1.));
#457 = VECTOR('',#458,1.);
#458 = DIRECTION('',(-0.,1.,0.));
#459 = PCURVE('',#32,#460);
#460 = DEFINITIONAL_REPRESENTATION('',(#461),#465);
#461 = LINE('',#462,#463);
#462 = CARTESIAN_POINT('',(-18.57,-5.45));
#463 = VECTOR('',#464,1.);
#464 = DIRECTION('',(0.,1.));
#465 = ( GEOMETRIC_REPRESENTATION_CONTEXT(2) 
PARAMETRIC_REPRESENTATION_CONTEXT() REPRESENTATION_CONTEXT('2D SPACE',''
  ) );
#466 = PCURVE('',#467,#472);
#467 = PLANE('',#468);
#468 = AXIS2_PLACEMENT_3D('',#469,#470,#471);
#469 = CARTESIAN_POINT('',(-18.57,-4.4,-2.));
#470 = DIRECTION('',(1.,0.,-0.));
#471 = DIRECTION('',(0.,0.,1.));
#472 = DEFINITIONAL_REPRESENTATION('',(#473),#476);
#473 = B_SPLINE_CURVE_WITH_KNOTS('',1,(#474,#475),.UNSPECIFIED.,.F.,.F.,
  (2,2),(1.05,9.85),.PIECEWISE_BEZIER_KNOTS.);
#474 = CARTESIAN_POINT('',(1.,0.));
#475 = CARTESIAN_POINT('',(1.,-8.8));
#476 = ( GEOMETRIC_REPRESENTATION_CONTEXT(2) 
PARAMETRIC_REPRESENTATION_CONTEXT() REPRESENTATION_CONTEXT('2D SPACE',''
  ) );
#477 = ADVANCED_FACE('',(#478),#467,.T.);
#478 = FACE_BOUND('',#479,.T.);
#479 = EDGE_LOOP('',(#480,#503,#504,#527));
#480 = ORIENTED_EDGE('',*,*,#481,.F.);
#481 = EDGE_CURVE('',#427,#482,#484,.T.);
#482 = VERTEX_POINT('',#483);
#483 = CARTESIAN_POINT('',(-18.57,-4.4,2.2));
#484 = SURFACE_CURVE('',#485,(#489,#496),.PCURVE_S1.);
#485 = LINE('',#486,#487);
#486 = CARTESIAN_POINT('',(-18.57,-4.4,-2.));
#487 = VECTOR('',#488,1.);
#488 = DIRECTION('',(0.,0.,1.));
#489 = PCURVE('',#467,#490);
#490 = DEFINITIONAL_REPRESENTATION('',(#491),#495);
#491 = LINE('',#492,#493);
#492 = CARTESIAN_POINT('',(0.,0.));
#493 = VECTOR('',#494,1.);
#494 = DIRECTION('',(1.,0.));
#495 = ( GEOMETRIC_REPRESENTATION_CONTEXT(2) 
PARAMETRIC_REPRESENTATION_CONTEXT() REPRESENTATION_CONTEXT('2D SPACE',''
  ) );
#496 = PCURVE('',#442,#497);
#497 = DEFINITIONAL_REPRESENTATION('',(#498),#502);
#498 = LINE('',#499,#500);
#499 = CARTESIAN_POINT('',(0.,0.));
#500 = VECTOR('',#501,1.);
#501 = DIRECTION('',(1.,0.));
#502 = ( GEOMETRIC_REPRESENTATION_CONTEXT(2) 
PARAMETRIC_REPRESENTATION_CONTEXT() REPRESENTATION_CONTEXT('2D SPACE',''
  ) );
#503 = ORIENTED_EDGE('',*,*,#453,.T.);
#504 = ORIENTED_EDGE('',*,*,#505,.T.);
#505 = EDGE_CURVE('',#373,#506,#508,.T.);
#506 = VERTEX_POINT('',#507);
#507 = CARTESIAN_POINT('',(-18.57,4.4,2.2));
#508 = SURFACE_CURVE('',#509,(#513,#520),.PCURVE_S1.);
#509 = LINE('',#510,#511);
#510 = CARTESIAN_POINT('',(-18.57,4.4,-2.));
#511 = VECTOR('',#512,1.);
#512 = DIRECTION('',(0.,0.,1.));
#513 = PCURVE('',#467,#514);
#514 = DEFINITIONAL_REPRESENTATION('',(#515),#519);
#515 = LINE('',#516,#517);
#516 = CARTESIAN_POINT('',(0.,-8.8));
#517 = VECTOR('',#518,1.);
#518 = DIRECTION('',(1.,0.));
#519 = ( GEOMETRIC_REPRESENTATION_CONTEXT(2) 
PARAMETRIC_REPRESENTATION_CONTEXT() REPRESENTATION_CONTEXT('2D SPACE',''
  ) );
#520 = PCURVE('',#388,#521);
#521 = DEFINITIONAL_REPRESENTATION('',(#522),#526);
#522 = LINE('',#523,#524);
#523 = CARTESIAN_POINT('',(0.,0.));
#524 = VECTOR('',#525,1.);
#525 = DIRECTION('',(1.,0.));
#526 = ( GEOMETRIC_REPRESENTATION_CONTEXT(2) 
PARAMETRIC_REPRESENTATION_CONTEXT() REPRESENTATION_CONTEXT('2D SPACE',''
  ) );
#527 = ORIENTED_EDGE('',*,*,#528,.F.);
#528 = EDGE_CURVE('',#482,#506,#529,.T.);
#529 = SURFACE_CURVE('',#530,(#534,#540),.PCURVE_S1.);
#530 = LINE('',#531,#532);
#531 = CARTESIAN_POINT('',(-18.57,-5.45,2.2));
#532 = VECTOR('',#533,1.);
#533 = DIRECTION('',(-0.,1.,0.));
#534 = PCURVE('',#467,#535);
#535 = DEFINITIONAL_REPRESENTATION('',(#536),#539);
#536 = B_SPLINE_CURVE_WITH_KNOTS('',1,(#537,#538),.UNSPECIFIED.,.F.,.F.,
  (2,2),(1.05,9.85),.PIECEWISE_BEZIER_KNOTS.);
#537 = CARTESIAN_POINT('',(4.2,0.));
#538 = CARTESIAN_POINT('',(4.2,-8.8));
#539 = ( GEOMETRIC_REPRESENTATION_CONTEXT(2) 
PARAMETRIC_REPRESENTATION_CONTEXT() REPRESENTATION_CONTEXT('2D SPACE',''
  ) );
#540 = PCURVE('',#541,#546);
#541 = PLANE('',#542);
#542 = AXIS2_PLACEMENT_3D('',#543,#544,#545);
#543 = CARTESIAN_POINT('',(-20.07,-6.5,2.2));
#544 = DIRECTION('',(0.,0.,1.));
#545 = DIRECTION('',(1.,0.,-0.));
#546 = DEFINITIONAL_REPRESENTATION('',(#547),#550);
#547 = B_SPLINE_CURVE_WITH_KNOTS('',1,(#548,#549),.UNSPECIFIED.,.F.,.F.,
  (2,2),(1.05,9.85),.PIECEWISE_BEZIER_KNOTS.);
#548 = CARTESIAN_POINT('',(1.5,2.1));
#549 = CARTESIAN_POINT('',(1.5,10.9));
#550 = ( GEOMETRIC_REPRESENTATION_CONTEXT(2) 
PARAMETRIC_REPRESENTATION_CONTEXT() REPRESENTATION_CONTEXT('2D SPACE',''
  ) );
#551 = ADVANCED_FACE('',(#552,#656),#541,.T.);
#552 = FACE_BOUND('',#553,.T.);
#553 = EDGE_LOOP('',(#554,#579,#607,#630));
#554 = ORIENTED_EDGE('',*,*,#555,.F.);
#555 = EDGE_CURVE('',#556,#558,#560,.T.);
#556 = VERTEX_POINT('',#557);
#557 = CARTESIAN_POINT('',(-18.9882832294,6.5,2.2));
#558 = VERTEX_POINT('',#559);
#559 = CARTESIAN_POINT('',(-15.97,6.5,2.2));
#560 = SURFACE_CURVE('',#561,(#565,#572),.PCURVE_S1.);
#561 = LINE('',#562,#563);
#562 = CARTESIAN_POINT('',(-20.07,6.5,2.2));
#563 = VECTOR('',#564,1.);
#564 = DIRECTION('',(1.,0.,-0.));
#565 = PCURVE('',#541,#566);
#566 = DEFINITIONAL_REPRESENTATION('',(#567),#571);
#567 = LINE('',#568,#569);
#568 = CARTESIAN_POINT('',(0.,13.));
#569 = VECTOR('',#570,1.);
#570 = DIRECTION('',(1.,0.));
#571 = ( GEOMETRIC_REPRESENTATION_CONTEXT(2) 
PARAMETRIC_REPRESENTATION_CONTEXT() REPRESENTATION_CONTEXT('2D SPACE',''
  ) );
#572 = PCURVE('',#101,#573);
#573 = DEFINITIONAL_REPRESENTATION('',(#574),#578);
#574 = LINE('',#575,#576);
#575 = CARTESIAN_POINT('',(3.2,-4.1));
#576 = VECTOR('',#577,1.);
#577 = DIRECTION('',(0.,1.));
#578 = ( GEOMETRIC_REPRESENTATION_CONTEXT(2) 
PARAMETRIC_REPRESENTATION_CONTEXT() REPRESENTATION_CONTEXT('2D SPACE',''
  ) );
#579 = ORIENTED_EDGE('',*,*,#580,.F.);
#580 = EDGE_CURVE('',#581,#556,#583,.T.);
#581 = VERTEX_POINT('',#582);
#582 = CARTESIAN_POINT('',(-18.9882832294,-6.5,2.2));
#583 = SURFACE_CURVE('',#584,(#589,#600),.PCURVE_S1.);
#584 = CIRCLE('',#585,20.07);
#585 = AXIS2_PLACEMENT_3D('',#586,#587,#588);
#586 = CARTESIAN_POINT('',(0.,0.,2.2));
#587 = DIRECTION('',(-0.,0.,-1.));
#588 = DIRECTION('',(-0.946102801664,-0.323866467364,0.));
#589 = PCURVE('',#541,#590);
#590 = DEFINITIONAL_REPRESENTATION('',(#591),#599);
#591 = ( BOUNDED_CURVE() B_SPLINE_CURVE(2,(#592,#593,#594,#595,#596,#597
,#598),.UNSPECIFIED.,.T.,.F.) B_SPLINE_CURVE_WITH_KNOTS((1,2,2,2,2,1),(
    -2.094395102393,0.,2.094395102393,4.188790204786,6.28318530718,
8.377580409573),.UNSPECIFIED.) CURVE() GEOMETRIC_REPRESENTATION_ITEM() 
RATIONAL_B_SPLINE_CURVE((1.,0.5,1.,0.5,1.,0.5,1.)) REPRESENTATION_ITEM(
  '') );
#592 = CARTESIAN_POINT('',(1.081716770598,0.));
#593 = CARTESIAN_POINT('',(-10.1766134786,32.888671301833));
#594 = CARTESIAN_POINT('',(23.934976490102,26.194335650916));
#595 = CARTESIAN_POINT('',(58.046566458805,19.5));
#596 = CARTESIAN_POINT('',(35.1933067393,-6.694335650916));
#597 = CARTESIAN_POINT('',(12.340047019795,-32.88867130183));
#598 = CARTESIAN_POINT('',(1.081716770598,0.));
#599 = ( GEOMETRIC_REPRESENTATION_CONTEXT(2) 
PARAMETRIC_REPRESENTATION_CONTEXT() REPRESENTATION_CONTEXT('2D SPACE',''
  ) );
#600 = PCURVE('',#130,#601);
#601 = DEFINITIONAL_REPRESENTATION('',(#602),#606);
#602 = LINE('',#603,#604);
#603 = CARTESIAN_POINT('',(3.47140602834,4.2));
#604 = VECTOR('',#605,1.);
#605 = DIRECTION('',(-1.,-0.));
#606 = ( GEOMETRIC_REPRESENTATION_CONTEXT(2) 
PARAMETRIC_REPRESENTATION_CONTEXT() REPRESENTATION_CONTEXT('2D SPACE',''
  ) );
#607 = ORIENTED_EDGE('',*,*,#608,.T.);
#608 = EDGE_CURVE('',#581,#609,#611,.T.);
#609 = VERTEX_POINT('',#610);
#610 = CARTESIAN_POINT('',(-15.97,-6.5,2.2));
#611 = SURFACE_CURVE('',#612,(#616,#623),.PCURVE_S1.);
#612 = LINE('',#613,#614);
#613 = CARTESIAN_POINT('',(-20.07,-6.5,2.2));
#614 = VECTOR('',#615,1.);
#615 = DIRECTION('',(1.,0.,-0.));
#616 = PCURVE('',#541,#617);
#617 = DEFINITIONAL_REPRESENTATION('',(#618),#622);
#618 = LINE('',#619,#620);
#619 = CARTESIAN_POINT('',(0.,0.));
#620 = VECTOR('',#621,1.);
#621 = DIRECTION('',(1.,0.));
#622 = ( GEOMETRIC_REPRESENTATION_CONTEXT(2) 
PARAMETRIC_REPRESENTATION_CONTEXT() REPRESENTATION_CONTEXT('2D SPACE',''
  ) );
#623 = PCURVE('',#158,#624);
#624 = DEFINITIONAL_REPRESENTATION('',(#625),#629);
#625 = LINE('',#626,#627);
#626 = CARTESIAN_POINT('',(3.2,-4.1));
#627 = VECTOR('',#628,1.);
#628 = DIRECTION('',(0.,1.));
#629 = ( GEOMETRIC_REPRESENTATION_CONTEXT(2) 
PARAMETRIC_REPRESENTATION_CONTEXT() REPRESENTATION_CONTEXT('2D SPACE',''
  ) );
#630 = ORIENTED_EDGE('',*,*,#631,.T.);
#631 = EDGE_CURVE('',#609,#558,#632,.T.);
#632 = SURFACE_CURVE('',#633,(#637,#644),.PCURVE_S1.);
#633 = LINE('',#634,#635);
#634 = CARTESIAN_POINT('',(-15.97,-6.5,2.2));
#635 = VECTOR('',#636,1.);
#636 = DIRECTION('',(-0.,1.,0.));
#637 = PCURVE('',#541,#638);
#638 = DEFINITIONAL_REPRESENTATION('',(#639),#643);
#639 = LINE('',#640,#641);
#640 = CARTESIAN_POINT('',(4.1,0.));
#641 = VECTOR('',#642,1.);
#642 = DIRECTION('',(0.,1.));
#643 = ( GEOMETRIC_REPRESENTATION_CONTEXT(2) 
PARAMETRIC_REPRESENTATION_CONTEXT() REPRESENTATION_CONTEXT('2D SPACE',''
  ) );
#644 = PCURVE('',#645,#650);
#645 = PLANE('',#646);
#646 = AXIS2_PLACEMENT_3D('',#647,#648,#649);
#647 = CARTESIAN_POINT('',(-15.97,-6.5,-1.));
#648 = DIRECTION('',(1.,0.,-0.));
#649 = DIRECTION('',(0.,0.,1.));
#650 = DEFINITIONAL_REPRESENTATION('',(#651),#655);
#651 = LINE('',#652,#653);
#652 = CARTESIAN_POINT('',(3.2,0.));
#653 = VECTOR('',#654,1.);
#654 = DIRECTION('',(0.,-1.));
#655 = ( GEOMETRIC_REPRESENTATION_CONTEXT(2) 
PARAMETRIC_REPRESENTATION_CONTEXT() REPRESENTATION_CONTEXT('2D SPACE',''
  ) );
#656 = FACE_BOUND('',#657,.T.);
#657 = EDGE_LOOP('',(#658,#679,#680,#701));
#658 = ORIENTED_EDGE('',*,*,#659,.T.);
#659 = EDGE_CURVE('',#660,#482,#662,.T.);
#660 = VERTEX_POINT('',#661);
#661 = CARTESIAN_POINT('',(-16.77,-4.4,2.2));
#662 = SURFACE_CURVE('',#663,(#667,#673),.PCURVE_S1.);
#663 = LINE('',#664,#665);
#664 = CARTESIAN_POINT('',(-19.32,-4.4,2.2));
#665 = VECTOR('',#666,1.);
#666 = DIRECTION('',(-1.,-0.,0.));
#667 = PCURVE('',#541,#668);
#668 = DEFINITIONAL_REPRESENTATION('',(#669),#672);
#669 = B_SPLINE_CURVE_WITH_KNOTS('',1,(#670,#671),.UNSPECIFIED.,.F.,.F.,
  (2,2),(-2.55,-0.75),.PIECEWISE_BEZIER_KNOTS.);
#670 = CARTESIAN_POINT('',(3.3,2.1));
#671 = CARTESIAN_POINT('',(1.5,2.1));
#672 = ( GEOMETRIC_REPRESENTATION_CONTEXT(2) 
PARAMETRIC_REPRESENTATION_CONTEXT() REPRESENTATION_CONTEXT('2D SPACE',''
  ) );
#673 = PCURVE('',#442,#674);
#674 = DEFINITIONAL_REPRESENTATION('',(#675),#678);
#675 = B_SPLINE_CURVE_WITH_KNOTS('',1,(#676,#677),.UNSPECIFIED.,.F.,.F.,
  (2,2),(-2.55,-0.75),.PIECEWISE_BEZIER_KNOTS.);
#676 = CARTESIAN_POINT('',(4.2,1.8));
#677 = CARTESIAN_POINT('',(4.2,0.));
#678 = ( GEOMETRIC_REPRESENTATION_CONTEXT(2) 
PARAMETRIC_REPRESENTATION_CONTEXT() REPRESENTATION_CONTEXT('2D SPACE',''
  ) );
#679 = ORIENTED_EDGE('',*,*,#528,.T.);
#680 = ORIENTED_EDGE('',*,*,#681,.F.);
#681 = EDGE_CURVE('',#682,#506,#684,.T.);
#682 = VERTEX_POINT('',#683);
#683 = CARTESIAN_POINT('',(-16.77,4.4,2.2));
#684 = SURFACE_CURVE('',#685,(#689,#695),.PCURVE_S1.);
#685 = LINE('',#686,#687);
#686 = CARTESIAN_POINT('',(-19.32,4.4,2.2));
#687 = VECTOR('',#688,1.);
#688 = DIRECTION('',(-1.,-0.,0.));
#689 = PCURVE('',#541,#690);
#690 = DEFINITIONAL_REPRESENTATION('',(#691),#694);
#691 = B_SPLINE_CURVE_WITH_KNOTS('',1,(#692,#693),.UNSPECIFIED.,.F.,.F.,
  (2,2),(-2.55,-0.75),.PIECEWISE_BEZIER_KNOTS.);
#692 = CARTESIAN_POINT('',(3.3,10.9));
#693 = CARTESIAN_POINT('',(1.5,10.9));
#694 = ( GEOMETRIC_REPRESENTATION_CONTEXT(2) 
PARAMETRIC_REPRESENTATION_CONTEXT() REPRESENTATION_CONTEXT('2D SPACE',''
  ) );
#695 = PCURVE('',#388,#696);
#696 = DEFINITIONAL_REPRESENTATION('',(#697),#700);
#697 = B_SPLINE_CURVE_WITH_KNOTS('',1,(#698,#699),.UNSPECIFIED.,.F.,.F.,
  (2,2),(-2.55,-0.75),.PIECEWISE_BEZIER_KNOTS.);
#698 = CARTESIAN_POINT('',(4.2,1.8));
#699 = CARTESIAN_POINT('',(4.2,0.));
#700 = ( GEOMETRIC_REPRESENTATION_CONTEXT(2) 
PARAMETRIC_REPRESENTATION_CONTEXT() REPRESENTATION_CONTEXT('2D SPACE',''
  ) );
#701 = ORIENTED_EDGE('',*,*,#702,.F.);
#702 = EDGE_CURVE('',#660,#682,#703,.T.);
#703 = SURFACE_CURVE('',#704,(#708,#714),.PCURVE_S1.);
#704 = LINE('',#705,#706);
#705 = CARTESIAN_POINT('',(-16.77,-5.45,2.2));
#706 = VECTOR('',#707,1.);
#707 = DIRECTION('',(-0.,1.,0.));
#708 = PCURVE('',#541,#709);
#709 = DEFINITIONAL_REPRESENTATION('',(#710),#713);
#710 = B_SPLINE_CURVE_WITH_KNOTS('',1,(#711,#712),.UNSPECIFIED.,.F.,.F.,
  (2,2),(1.05,9.85),.PIECEWISE_BEZIER_KNOTS.);
#711 = CARTESIAN_POINT('',(3.3,2.1));
#712 = CARTESIAN_POINT('',(3.3,10.9));
#713 = ( GEOMETRIC_REPRESENTATION_CONTEXT(2) 
PARAMETRIC_REPRESENTATION_CONTEXT() REPRESENTATION_CONTEXT('2D SPACE',''
  ) );
#714 = PCURVE('',#415,#715);
#715 = DEFINITIONAL_REPRESENTATION('',(#716),#719);
#716 = B_SPLINE_CURVE_WITH_KNOTS('',1,(#717,#718),.UNSPECIFIED.,.F.,.F.,
  (2,2),(1.05,9.85),.PIECEWISE_BEZIER_KNOTS.);
#717 = CARTESIAN_POINT('',(4.2,0.));
#718 = CARTESIAN_POINT('',(4.2,-8.8));
#719 = ( GEOMETRIC_REPRESENTATION_CONTEXT(2) 
PARAMETRIC_REPRESENTATION_CONTEXT() REPRESENTATION_CONTEXT('2D SPACE',''
  ) );
#720 = ADVANCED_FACE('',(#721),#645,.T.);
#721 = FACE_BOUND('',#722,.T.);
#722 = EDGE_LOOP('',(#723,#746,#774,#795));
#723 = ORIENTED_EDGE('',*,*,#724,.F.);
#724 = EDGE_CURVE('',#725,#609,#727,.T.);
#725 = VERTEX_POINT('',#726);
#726 = CARTESIAN_POINT('',(-15.97,-6.5,0.2));
#727 = SURFACE_CURVE('',#728,(#732,#739),.PCURVE_S1.);
#728 = LINE('',#729,#730);
#729 = CARTESIAN_POINT('',(-15.97,-6.5,-1.));
#730 = VECTOR('',#731,1.);
#731 = DIRECTION('',(0.,0.,1.));
#732 = PCURVE('',#645,#733);
#733 = DEFINITIONAL_REPRESENTATION('',(#734),#738);
#734 = LINE('',#735,#736);
#735 = CARTESIAN_POINT('',(0.,0.));
#736 = VECTOR('',#737,1.);
#737 = DIRECTION('',(1.,0.));
#738 = ( GEOMETRIC_REPRESENTATION_CONTEXT(2) 
PARAMETRIC_REPRESENTATION_CONTEXT() REPRESENTATION_CONTEXT('2D SPACE',''
  ) );
#739 = PCURVE('',#158,#740);
#740 = DEFINITIONAL_REPRESENTATION('',(#741),#745);
#741 = LINE('',#742,#743);
#742 = CARTESIAN_POINT('',(0.,1.7763568394E-15));
#743 = VECTOR('',#744,1.);
#744 = DIRECTION('',(1.,0.));
#745 = ( GEOMETRIC_REPRESENTATION_CONTEXT(2) 
PARAMETRIC_REPRESENTATION_CONTEXT() REPRESENTATION_CONTEXT('2D SPACE',''
  ) );
#746 = ORIENTED_EDGE('',*,*,#747,.F.);
#747 = EDGE_CURVE('',#748,#725,#750,.T.);
#748 = VERTEX_POINT('',#749);
#749 = CARTESIAN_POINT('',(-15.97,6.5,0.2));
#750 = SURFACE_CURVE('',#751,(#755,#762),.PCURVE_S1.);
#751 = LINE('',#752,#753);
#752 = CARTESIAN_POINT('',(-15.97,6.5,0.2));
#753 = VECTOR('',#754,1.);
#754 = DIRECTION('',(0.,-1.,0.));
#755 = PCURVE('',#645,#756);
#756 = DEFINITIONAL_REPRESENTATION('',(#757),#761);
#757 = LINE('',#758,#759);
#758 = CARTESIAN_POINT('',(1.2,-13.));
#759 = VECTOR('',#760,1.);
#760 = DIRECTION('',(0.,1.));
#761 = ( GEOMETRIC_REPRESENTATION_CONTEXT(2) 
PARAMETRIC_REPRESENTATION_CONTEXT() REPRESENTATION_CONTEXT('2D SPACE',''
  ) );
#762 = PCURVE('',#763,#768);
#763 = PLANE('',#764);
#764 = AXIS2_PLACEMENT_3D('',#765,#766,#767);
#765 = CARTESIAN_POINT('',(12.8,-6.5,0.2));
#766 = DIRECTION('',(0.,0.,1.));
#767 = DIRECTION('',(1.,0.,-0.));
#768 = DEFINITIONAL_REPRESENTATION('',(#769),#773);
#769 = LINE('',#770,#771);
#770 = CARTESIAN_POINT('',(-28.77,13.));
#771 = VECTOR('',#772,1.);
#772 = DIRECTION('',(0.,-1.));
#773 = ( GEOMETRIC_REPRESENTATION_CONTEXT(2) 
PARAMETRIC_REPRESENTATION_CONTEXT() REPRESENTATION_CONTEXT('2D SPACE',''
  ) );
#774 = ORIENTED_EDGE('',*,*,#775,.T.);
#775 = EDGE_CURVE('',#748,#558,#776,.T.);
#776 = SURFACE_CURVE('',#777,(#781,#788),.PCURVE_S1.);
#777 = LINE('',#778,#779);
#778 = CARTESIAN_POINT('',(-15.97,6.5,-1.));
#779 = VECTOR('',#780,1.);
#780 = DIRECTION('',(0.,0.,1.));
#781 = PCURVE('',#645,#782);
#782 = DEFINITIONAL_REPRESENTATION('',(#783),#787);
#783 = LINE('',#784,#785);
#784 = CARTESIAN_POINT('',(0.,-13.));
#785 = VECTOR('',#786,1.);
#786 = DIRECTION('',(1.,0.));
#787 = ( GEOMETRIC_REPRESENTATION_CONTEXT(2) 
PARAMETRIC_REPRESENTATION_CONTEXT() REPRESENTATION_CONTEXT('2D SPACE',''
  ) );
#788 = PCURVE('',#101,#789);
#789 = DEFINITIONAL_REPRESENTATION('',(#790),#794);
#790 = LINE('',#791,#792);
#791 = CARTESIAN_POINT('',(0.,1.7763568394E-15));
#792 = VECTOR('',#793,1.);
#793 = DIRECTION('',(1.,0.));
#794 = ( GEOMETRIC_REPRESENTATION_CONTEXT(2) 
PARAMETRIC_REPRESENTATION_CONTEXT() REPRESENTATION_CONTEXT('2D SPACE',''
  ) );
#795 = ORIENTED_EDGE('',*,*,#631,.F.);
#796 = ADVANCED_FACE('',(#797,#966),#763,.T.);
#797 = FACE_BOUND('',#798,.T.);
#798 = EDGE_LOOP('',(#799,#824,#848,#869,#870,#893,#917,#940));
#799 = ORIENTED_EDGE('',*,*,#800,.F.);
#800 = EDGE_CURVE('',#801,#803,#805,.T.);
#801 = VERTEX_POINT('',#802);
#802 = CARTESIAN_POINT('',(14.587354112381,6.5,0.2));
#803 = VERTEX_POINT('',#804);
#804 = CARTESIAN_POINT('',(15.97,6.5,0.2));
#805 = SURFACE_CURVE('',#806,(#810,#817),.PCURVE_S1.);
#806 = LINE('',#807,#808);
#807 = CARTESIAN_POINT('',(12.8,6.5,0.2));
#808 = VECTOR('',#809,1.);
#809 = DIRECTION('',(1.,0.,-0.));
#810 = PCURVE('',#763,#811);
#811 = DEFINITIONAL_REPRESENTATION('',(#812),#816);
#812 = LINE('',#813,#814);
#813 = CARTESIAN_POINT('',(0.,13.));
#814 = VECTOR('',#815,1.);
#815 = DIRECTION('',(1.,0.));
#816 = ( GEOMETRIC_REPRESENTATION_CONTEXT(2) 
PARAMETRIC_REPRESENTATION_CONTEXT() REPRESENTATION_CONTEXT('2D SPACE',''
  ) );
#817 = PCURVE('',#44,#818);
#818 = DEFINITIONAL_REPRESENTATION('',(#819),#823);
#819 = LINE('',#820,#821);
#820 = CARTESIAN_POINT('',(1.2,0.));
#821 = VECTOR('',#822,1.);
#822 = DIRECTION('',(0.,1.));
#823 = ( GEOMETRIC_REPRESENTATION_CONTEXT(2) 
PARAMETRIC_REPRESENTATION_CONTEXT() REPRESENTATION_CONTEXT('2D SPACE',''
  ) );
#824 = ORIENTED_EDGE('',*,*,#825,.T.);
#825 = EDGE_CURVE('',#801,#826,#828,.T.);
#826 = VERTEX_POINT('',#827);
#827 = CARTESIAN_POINT('',(-14.58735411238,6.5,0.2));
#828 = SURFACE_CURVE('',#829,(#834,#841),.PCURVE_S1.);
#829 = CIRCLE('',#830,15.97);
#830 = AXIS2_PLACEMENT_3D('',#831,#832,#833);
#831 = CARTESIAN_POINT('',(0.,0.,0.2));
#832 = DIRECTION('',(0.,0.,1.));
#833 = DIRECTION('',(1.,0.,-0.));
#834 = PCURVE('',#763,#835);
#835 = DEFINITIONAL_REPRESENTATION('',(#836),#840);
#836 = CIRCLE('',#837,15.97);
#837 = AXIS2_PLACEMENT_2D('',#838,#839);
#838 = CARTESIAN_POINT('',(-12.8,6.5));
#839 = DIRECTION('',(1.,0.));
#840 = ( GEOMETRIC_REPRESENTATION_CONTEXT(2) 
PARAMETRIC_REPRESENTATION_CONTEXT() REPRESENTATION_CONTEXT('2D SPACE',''
  ) );
#841 = PCURVE('',#73,#842);
#842 = DEFINITIONAL_REPRESENTATION('',(#843),#847);
#843 = LINE('',#844,#845);
#844 = CARTESIAN_POINT('',(0.,1.2));
#845 = VECTOR('',#846,1.);
#846 = DIRECTION('',(1.,0.));
#847 = ( GEOMETRIC_REPRESENTATION_CONTEXT(2) 
PARAMETRIC_REPRESENTATION_CONTEXT() REPRESENTATION_CONTEXT('2D SPACE',''
  ) );
#848 = ORIENTED_EDGE('',*,*,#849,.F.);
#849 = EDGE_CURVE('',#748,#826,#850,.T.);
#850 = SURFACE_CURVE('',#851,(#855,#862),.PCURVE_S1.);
#851 = LINE('',#852,#853);
#852 = CARTESIAN_POINT('',(-15.97,6.5,0.2));
#853 = VECTOR('',#854,1.);
#854 = DIRECTION('',(1.,0.,-0.));
#855 = PCURVE('',#763,#856);
#856 = DEFINITIONAL_REPRESENTATION('',(#857),#861);
#857 = LINE('',#858,#859);
#858 = CARTESIAN_POINT('',(-28.77,13.));
#859 = VECTOR('',#860,1.);
#860 = DIRECTION('',(1.,0.));
#861 = ( GEOMETRIC_REPRESENTATION_CONTEXT(2) 
PARAMETRIC_REPRESENTATION_CONTEXT() REPRESENTATION_CONTEXT('2D SPACE',''
  ) );
#862 = PCURVE('',#101,#863);
#863 = DEFINITIONAL_REPRESENTATION('',(#864),#868);
#864 = LINE('',#865,#866);
#865 = CARTESIAN_POINT('',(1.2,0.));
#866 = VECTOR('',#867,1.);
#867 = DIRECTION('',(0.,1.));
#868 = ( GEOMETRIC_REPRESENTATION_CONTEXT(2) 
PARAMETRIC_REPRESENTATION_CONTEXT() REPRESENTATION_CONTEXT('2D SPACE',''
  ) );
#869 = ORIENTED_EDGE('',*,*,#747,.T.);
#870 = ORIENTED_EDGE('',*,*,#871,.T.);
#871 = EDGE_CURVE('',#725,#872,#874,.T.);
#872 = VERTEX_POINT('',#873);
#873 = CARTESIAN_POINT('',(-14.58735411238,-6.5,0.2));
#874 = SURFACE_CURVE('',#875,(#879,#886),.PCURVE_S1.);
#875 = LINE('',#876,#877);
#876 = CARTESIAN_POINT('',(-15.97,-6.5,0.2));
#877 = VECTOR('',#878,1.);
#878 = DIRECTION('',(1.,0.,-0.));
#879 = PCURVE('',#763,#880);
#880 = DEFINITIONAL_REPRESENTATION('',(#881),#885);
#881 = LINE('',#882,#883);
#882 = CARTESIAN_POINT('',(-28.77,0.));
#883 = VECTOR('',#884,1.);
#884 = DIRECTION('',(1.,0.));
#885 = ( GEOMETRIC_REPRESENTATION_CONTEXT(2) 
PARAMETRIC_REPRESENTATION_CONTEXT() REPRESENTATION_CONTEXT('2D SPACE',''
  ) );
#886 = PCURVE('',#158,#887);
#887 = DEFINITIONAL_REPRESENTATION('',(#888),#892);
#888 = LINE('',#889,#890);
#889 = CARTESIAN_POINT('',(1.2,0.));
#890 = VECTOR('',#891,1.);
#891 = DIRECTION('',(0.,1.));
#892 = ( GEOMETRIC_REPRESENTATION_CONTEXT(2) 
PARAMETRIC_REPRESENTATION_CONTEXT() REPRESENTATION_CONTEXT('2D SPACE',''
  ) );
#893 = ORIENTED_EDGE('',*,*,#894,.T.);
#894 = EDGE_CURVE('',#872,#895,#897,.T.);
#895 = VERTEX_POINT('',#896);
#896 = CARTESIAN_POINT('',(14.587354112381,-6.5,0.2));
#897 = SURFACE_CURVE('',#898,(#903,#910),.PCURVE_S1.);
#898 = CIRCLE('',#899,15.97);
#899 = AXIS2_PLACEMENT_3D('',#900,#901,#902);
#900 = CARTESIAN_POINT('',(0.,0.,0.2));
#901 = DIRECTION('',(0.,0.,1.));
#902 = DIRECTION('',(1.,0.,-0.));
#903 = PCURVE('',#763,#904);
#904 = DEFINITIONAL_REPRESENTATION('',(#905),#909);
#905 = CIRCLE('',#906,15.97);
#906 = AXIS2_PLACEMENT_2D('',#907,#908);
#907 = CARTESIAN_POINT('',(-12.8,6.5));
#908 = DIRECTION('',(1.,0.));
#909 = ( GEOMETRIC_REPRESENTATION_CONTEXT(2) 
PARAMETRIC_REPRESENTATION_CONTEXT() REPRESENTATION_CONTEXT('2D SPACE',''
  ) );
#910 = PCURVE('',#187,#911);
#911 = DEFINITIONAL_REPRESENTATION('',(#912),#916);
#912 = LINE('',#913,#914);
#913 = CARTESIAN_POINT('',(0.,1.2));
#914 = VECTOR('',#915,1.);
#915 = DIRECTION('',(1.,0.));
#916 = ( GEOMETRIC_REPRESENTATION_CONTEXT(2) 
PARAMETRIC_REPRESENTATION_CONTEXT() REPRESENTATION_CONTEXT('2D SPACE',''
  ) );
#917 = ORIENTED_EDGE('',*,*,#918,.T.);
#918 = EDGE_CURVE('',#895,#919,#921,.T.);
#919 = VERTEX_POINT('',#920);
#920 = CARTESIAN_POINT('',(15.97,-6.5,0.2));
#921 = SURFACE_CURVE('',#922,(#926,#933),.PCURVE_S1.);
#922 = LINE('',#923,#924);
#923 = CARTESIAN_POINT('',(12.8,-6.5,0.2));
#924 = VECTOR('',#925,1.);
#925 = DIRECTION('',(1.,0.,-0.));
#926 = PCURVE('',#763,#927);
#927 = DEFINITIONAL_REPRESENTATION('',(#928),#932);
#928 = LINE('',#929,#930);
#929 = CARTESIAN_POINT('',(0.,0.));
#930 = VECTOR('',#931,1.);
#931 = DIRECTION('',(1.,0.));
#932 = ( GEOMETRIC_REPRESENTATION_CONTEXT(2) 
PARAMETRIC_REPRESENTATION_CONTEXT() REPRESENTATION_CONTEXT('2D SPACE',''
  ) );
#933 = PCURVE('',#215,#934);
#934 = DEFINITIONAL_REPRESENTATION('',(#935),#939);
#935 = LINE('',#936,#937);
#936 = CARTESIAN_POINT('',(1.2,0.));
#937 = VECTOR('',#938,1.);
#938 = DIRECTION('',(0.,1.));
#939 = ( GEOMETRIC_REPRESENTATION_CONTEXT(2) 
PARAMETRIC_REPRESENTATION_CONTEXT() REPRESENTATION_CONTEXT('2D SPACE',''
  ) );
#940 = ORIENTED_EDGE('',*,*,#941,.F.);
#941 = EDGE_CURVE('',#803,#919,#942,.T.);
#942 = SURFACE_CURVE('',#943,(#947,#954),.PCURVE_S1.);
#943 = LINE('',#944,#945);
#944 = CARTESIAN_POINT('',(15.97,6.5,0.2));
#945 = VECTOR('',#946,1.);
#946 = DIRECTION('',(0.,-1.,0.));
#947 = PCURVE('',#763,#948);
#948 = DEFINITIONAL_REPRESENTATION('',(#949),#953);
#949 = LINE('',#950,#951);
#950 = CARTESIAN_POINT('',(3.17,13.));
#951 = VECTOR('',#952,1.);
#952 = DIRECTION('',(0.,-1.));
#953 = ( GEOMETRIC_REPRESENTATION_CONTEXT(2) 
PARAMETRIC_REPRESENTATION_CONTEXT() REPRESENTATION_CONTEXT('2D SPACE',''
  ) );
#954 = PCURVE('',#955,#960);
#955 = PLANE('',#956);
#956 = AXIS2_PLACEMENT_3D('',#957,#958,#959);
#957 = CARTESIAN_POINT('',(15.97,-6.5,-1.));
#958 = DIRECTION('',(1.,0.,-0.));
#959 = DIRECTION('',(0.,0.,1.));
#960 = DEFINITIONAL_REPRESENTATION('',(#961),#965);
#961 = LINE('',#962,#963);
#962 = CARTESIAN_POINT('',(1.2,-13.));
#963 = VECTOR('',#964,1.);
#964 = DIRECTION('',(0.,1.));
#965 = ( GEOMETRIC_REPRESENTATION_CONTEXT(2) 
PARAMETRIC_REPRESENTATION_CONTEXT() REPRESENTATION_CONTEXT('2D SPACE',''
  ) );
#966 = FACE_BOUND('',#967,.T.);
#967 = EDGE_LOOP('',(#968,#1003,#1055,#1122,#1155,#1222,#1274));
#968 = ORIENTED_EDGE('',*,*,#969,.T.);
#969 = EDGE_CURVE('',#970,#972,#974,.T.);
#970 = VERTEX_POINT('',#971);
#971 = CARTESIAN_POINT('',(13.7,-3.355532229664E-15,0.2));
#972 = VERTEX_POINT('',#973);
#973 = CARTESIAN_POINT('',(6.119332447009,-12.25739655893,0.20000005));
#974 = SURFACE_CURVE('',#975,(#980,#991),.PCURVE_S1.);
#975 = CIRCLE('',#976,13.7);
#976 = AXIS2_PLACEMENT_3D('',#977,#978,#979);
#977 = CARTESIAN_POINT('',(0.,0.,0.2));
#978 = DIRECTION('',(0.,0.,-1.));
#979 = DIRECTION('',(1.,-2.449293598295E-16,0.));
#980 = PCURVE('',#763,#981);
#981 = DEFINITIONAL_REPRESENTATION('',(#982),#990);
#982 = ( BOUNDED_CURVE() B_SPLINE_CURVE(2,(#983,#984,#985,#986,#987,#988
,#989),.UNSPECIFIED.,.T.,.F.) B_SPLINE_CURVE_WITH_KNOTS((1,2,2,2,2,1),(
    -2.094395102393,0.,2.094395102393,4.188790204786,6.28318530718,
8.377580409573),.UNSPECIFIED.) CURVE() GEOMETRIC_REPRESENTATION_ITEM() 
RATIONAL_B_SPLINE_CURVE((1.,0.5,1.,0.5,1.,0.5,1.)) REPRESENTATION_ITEM(
  '') );
#983 = CARTESIAN_POINT('',(0.9,6.5));
#984 = CARTESIAN_POINT('',(0.9,-17.22909606369));
#985 = CARTESIAN_POINT('',(-19.65,-5.364548031847));
#986 = CARTESIAN_POINT('',(-40.2,6.5));
#987 = CARTESIAN_POINT('',(-19.65,18.364548031847));
#988 = CARTESIAN_POINT('',(0.9,30.229096063694));
#989 = CARTESIAN_POINT('',(0.9,6.5));
#990 = ( GEOMETRIC_REPRESENTATION_CONTEXT(2) 
PARAMETRIC_REPRESENTATION_CONTEXT() REPRESENTATION_CONTEXT('2D SPACE',''
  ) );
#991 = PCURVE('',#992,#997);
#992 = CYLINDRICAL_SURFACE('',#993,13.7);
#993 = AXIS2_PLACEMENT_3D('',#994,#995,#996);
#994 = CARTESIAN_POINT('',(0.,0.,0.2));
#995 = DIRECTION('',(0.,0.,1.));
#996 = DIRECTION('',(1.,0.,-0.));
#997 = DEFINITIONAL_REPRESENTATION('',(#998),#1002);
#998 = LINE('',#999,#1000);
#999 = CARTESIAN_POINT('',(6.28318530718,0.));
#1000 = VECTOR('',#1001,1.);
#1001 = DIRECTION('',(-1.,-0.));
#1002 = ( GEOMETRIC_REPRESENTATION_CONTEXT(2) 
PARAMETRIC_REPRESENTATION_CONTEXT() REPRESENTATION_CONTEXT('2D SPACE',''
  ) );
#1003 = ORIENTED_EDGE('',*,*,#1004,.T.);
#1004 = EDGE_CURVE('',#972,#1005,#1007,.T.);
#1005 = VERTEX_POINT('',#1006);
#1006 = CARTESIAN_POINT('',(6.141915257473,-12.30263130728,0.2000001));
#1007 = SURFACE_CURVE('',#1008,(#1014,#1023),.PCURVE_S1.);
#1008 = B_SPLINE_CURVE_WITH_KNOTS('',4,(#1009,#1010,#1011,#1012,#1013),
  .UNSPECIFIED.,.F.,.F.,(5,5),(0.,1.),.PIECEWISE_BEZIER_KNOTS.);
#1009 = CARTESIAN_POINT('',(6.052578308282,-12.12368394281,0.2000001));
#1010 = CARTESIAN_POINT('',(6.07491254558,-12.16842078393,0.2000001));
#1011 = CARTESIAN_POINT('',(6.097246782878,-12.21315762504,0.2000001));
#1012 = CARTESIAN_POINT('',(6.119581020175,-12.25789446616,0.2000001));
#1013 = CARTESIAN_POINT('',(6.141915257473,-12.30263130728,0.2000001));
#1014 = PCURVE('',#763,#1015);
#1015 = DEFINITIONAL_REPRESENTATION('',(#1016),#1022);
#1016 = B_SPLINE_CURVE_WITH_KNOTS('',4,(#1017,#1018,#1019,#1020,#1021),
  .UNSPECIFIED.,.F.,.F.,(5,5),(0.,1.),.PIECEWISE_BEZIER_KNOTS.);
#1017 = CARTESIAN_POINT('',(-6.747421691718,-5.623683942811));
#1018 = CARTESIAN_POINT('',(-6.72508745442,-5.66842078393));
#1019 = CARTESIAN_POINT('',(-6.702753217122,-5.713157625048));
#1020 = CARTESIAN_POINT('',(-6.680418979825,-5.757894466167));
#1021 = CARTESIAN_POINT('',(-6.658084742527,-5.802631307285));
#1022 = ( GEOMETRIC_REPRESENTATION_CONTEXT(2) 
PARAMETRIC_REPRESENTATION_CONTEXT() REPRESENTATION_CONTEXT('2D SPACE',''
  ) );
#1023 = PCURVE('',#1024,#1047);
#1024 = ( BOUNDED_SURFACE() B_SPLINE_SURFACE(1,6,(
    (#1025,#1026,#1027,#1028,#1029,#1030,#1031,#1032,#1033,#1034,#1035)
    ,(#1036,#1037,#1038,#1039,#1040,#1041,#1042,#1043,#1044,#1045,#1046
)),.UNSPECIFIED.,.F.,.F.,.F.) B_SPLINE_SURFACE_WITH_KNOTS((2,2),(7,4,7),
(5.,6.),(0.,0.5,1.),.UNSPECIFIED.) GEOMETRIC_REPRESENTATION_ITEM() 
RATIONAL_B_SPLINE_SURFACE((
    (1.,1.,1.,1.,1.,1.,1.,1.,1.,1.,1.)
,(1.,1.,1.,1.,1.,1.,1.,1.,1.,1.,1.
  ))) REPRESENTATION_ITEM('') SURFACE() );
#1025 = CARTESIAN_POINT('',(13.75,1.7763568394E-15,-0.623685927919));
#1026 = CARTESIAN_POINT('',(13.701445579737,7.197831642732,
    -0.540352594585));
#1027 = CARTESIAN_POINT('',(9.369136897326,14.395663285458,
    -0.457019261261));
#1028 = CARTESIAN_POINT('',(-8.16321190679E-02,18.087075014382,
    -0.373685927915));
#1029 = CARTESIAN_POINT('',(-9.244513885317,14.39566328546,
    -0.290352594581));
#1030 = CARTESIAN_POINT('',(-18.25548611468,5.06771514457E-13,
    -0.123685927919));
#1031 = CARTESIAN_POINT('',(-9.244513885318,-14.39566328546,
    4.29807387444E-02));
#1032 = CARTESIAN_POINT('',(-8.163211906721E-02,-18.08707501438,
    0.126314072078));
#1033 = CARTESIAN_POINT('',(9.369136897325,-14.39566328546,
    0.209647405424));
#1034 = CARTESIAN_POINT('',(13.701445579738,-7.197831642731,
    0.292980738748));
#1035 = CARTESIAN_POINT('',(13.75,7.004474440531E-15,0.376314072081));
#1036 = CARTESIAN_POINT('',(13.55,-2.654869934928E-14,-0.623685927919));
#1037 = CARTESIAN_POINT('',(13.5021518258,7.093135909732,-0.540352594585
    ));
#1038 = CARTESIAN_POINT('',(9.232858542578,14.186271819459,
    -0.457019261261));
#1039 = CARTESIAN_POINT('',(-8.044474287552E-02,17.823990286951,
    -0.373685927915));
#1040 = CARTESIAN_POINT('',(-9.110048228796,14.18627181946,
    -0.290352594581));
#1041 = CARTESIAN_POINT('',(-17.9899517712,5.76792424008E-13,
    -0.123685927919));
#1042 = CARTESIAN_POINT('',(-9.110048228796,-14.18627181946,
    4.29807387444E-02));
#1043 = CARTESIAN_POINT('',(-8.044474287486E-02,-17.82399028694,
    0.126314072078));
#1044 = CARTESIAN_POINT('',(9.232858542577,-14.18627181946,
    0.209647405424));
#1045 = CARTESIAN_POINT('',(13.5021518258,-7.093135909731,0.292980738748
    ));
#1046 = CARTESIAN_POINT('',(13.55,-1.91203607252E-14,0.376314072081));
#1047 = DEFINITIONAL_REPRESENTATION('',(#1048),#1054);
#1048 = B_SPLINE_CURVE_WITH_KNOTS('',4,(#1049,#1050,#1051,#1052,#1053),
  .UNSPECIFIED.,.F.,.F.,(5,5),(0.,1.),.PIECEWISE_BEZIER_KNOTS.);
#1049 = CARTESIAN_POINT('',(6.,0.823686027917));
#1050 = CARTESIAN_POINT('',(5.75,0.823686027917));
#1051 = CARTESIAN_POINT('',(5.5,0.823686027917));
#1052 = CARTESIAN_POINT('',(5.25,0.823686027917));
#1053 = CARTESIAN_POINT('',(5.,0.823686027917));
#1054 = ( GEOMETRIC_REPRESENTATION_CONTEXT(2) 
PARAMETRIC_REPRESENTATION_CONTEXT() REPRESENTATION_CONTEXT('2D SPACE',''
  ) );
#1055 = ORIENTED_EDGE('',*,*,#1056,.T.);
#1056 = EDGE_CURVE('',#1005,#1057,#1059,.T.);
#1057 = VERTEX_POINT('',#1058);
#1058 = CARTESIAN_POINT('',(-1.815340106151E-02,-14.02548825189,
    0.2000001));
#1059 = SURFACE_CURVE('',#1060,(#1071,#1085),.PCURVE_S1.);
#1060 = B_SPLINE_CURVE_WITH_KNOTS('',5,(#1061,#1062,#1063,#1064,#1065,
    #1066,#1067,#1068,#1069,#1070),.UNSPECIFIED.,.F.,.F.,(6,4,6),(0.,
    0.500232797686,1.),.UNSPECIFIED.);
#1061 = CARTESIAN_POINT('',(6.141915257473,-12.30263130728,0.2000001));
#1062 = CARTESIAN_POINT('',(5.577065452833,-12.61553455659,0.2000001));
#1063 = CARTESIAN_POINT('',(4.99382166975,-12.89526342577,0.2000001));
#1064 = CARTESIAN_POINT('',(4.394868404513,-13.14050563886,0.2000001));
#1065 = CARTESIAN_POINT('',(3.782975509099,-13.35027680687,0.2000001));
#1066 = CARTESIAN_POINT('',(2.539580776711,-13.69737397393,0.2000001));
#1067 = CARTESIAN_POINT('',(1.908088337008,-13.83476987519,0.2000001));
#1068 = CARTESIAN_POINT('',(1.269350080282,-13.93542664341,0.2000001));
#1069 = CARTESIAN_POINT('',(0.6262194725,-13.99900744384,0.2000001));
#1070 = CARTESIAN_POINT('',(-1.843920342792E-02,-14.0255,0.2000001));
#1071 = PCURVE('',#763,#1072);
#1072 = DEFINITIONAL_REPRESENTATION('',(#1073),#1084);
#1073 = B_SPLINE_CURVE_WITH_KNOTS('',5,(#1074,#1075,#1076,#1077,#1078,
    #1079,#1080,#1081,#1082,#1083),.UNSPECIFIED.,.F.,.F.,(6,4,6),(0.,
    0.500232797686,1.),.UNSPECIFIED.);
#1074 = CARTESIAN_POINT('',(-6.658084742527,-5.802631307285));
#1075 = CARTESIAN_POINT('',(-7.222934547167,-6.115534556598));
#1076 = CARTESIAN_POINT('',(-7.80617833025,-6.395263425774));
#1077 = CARTESIAN_POINT('',(-8.405131595487,-6.640505638862));
#1078 = CARTESIAN_POINT('',(-9.017024490901,-6.850276806879));
#1079 = CARTESIAN_POINT('',(-10.26041922328,-7.197373973937));
#1080 = CARTESIAN_POINT('',(-10.89191166299,-7.334769875192));
#1081 = CARTESIAN_POINT('',(-11.53064991971,-7.435426643419));
#1082 = CARTESIAN_POINT('',(-12.1737805275,-7.499007443842));
#1083 = CARTESIAN_POINT('',(-12.81843920342,-7.5255));
#1084 = ( GEOMETRIC_REPRESENTATION_CONTEXT(2) 
PARAMETRIC_REPRESENTATION_CONTEXT() REPRESENTATION_CONTEXT('2D SPACE',''
  ) );
#1085 = PCURVE('',#1086,#1109);
#1086 = ( BOUNDED_SURFACE() B_SPLINE_SURFACE(1,6,(
    (#1087,#1088,#1089,#1090,#1091,#1092,#1093,#1094,#1095,#1096,#1097)
    ,(#1098,#1099,#1100,#1101,#1102,#1103,#1104,#1105,#1106,#1107,#1108
)),.UNSPECIFIED.,.F.,.F.,.F.) B_SPLINE_SURFACE_WITH_KNOTS((2,2),(7,4,7),
(4.,5.),(0.,0.5,1.),.UNSPECIFIED.) GEOMETRIC_REPRESENTATION_ITEM() 
RATIONAL_B_SPLINE_SURFACE((
    (1.,1.,1.,1.,1.,1.,1.,1.,1.,1.,1.)
,(1.,1.,1.,1.,1.,1.,1.,1.,1.,1.,1.
  ))) REPRESENTATION_ITEM('') SURFACE() );
#1087 = CARTESIAN_POINT('',(14.3,7.967026135827E-14,-0.476313872081));
#1088 = CARTESIAN_POINT('',(14.249503403065,7.485744908481,
    -0.392980538748));
#1089 = CARTESIAN_POINT('',(9.743902372885,14.971489816958,
    -0.309647205424));
#1090 = CARTESIAN_POINT('',(-8.489740359846E-02,18.810558014815,
    -0.226313872078));
#1091 = CARTESIAN_POINT('',(-9.614294440751,14.97148981696,
    -0.142980538744));
#1092 = CARTESIAN_POINT('',(-18.98570555925,2.459951696351E-13,
    2.368612791852E-02));
#1093 = CARTESIAN_POINT('',(-9.614294440751,-14.97148981696,
    0.190352794582));
#1094 = CARTESIAN_POINT('',(-8.489740359769E-02,-18.81055801481,
    0.273686127915));
#1095 = CARTESIAN_POINT('',(9.743902372885,-14.97148981696,
    0.357019461261));
#1096 = CARTESIAN_POINT('',(14.249503403065,-7.485744908481,
    0.440352794585));
#1097 = CARTESIAN_POINT('',(14.3,7.88477711463E-14,0.523686127919));
#1098 = CARTESIAN_POINT('',(13.75,1.7763568394E-15,-0.623685927919));
#1099 = CARTESIAN_POINT('',(13.701445579737,7.197831642732,
    -0.540352594585));
#1100 = CARTESIAN_POINT('',(9.369136897326,14.395663285458,
    -0.457019261261));
#1101 = CARTESIAN_POINT('',(-8.16321190679E-02,18.087075014382,
    -0.373685927915));
#1102 = CARTESIAN_POINT('',(-9.244513885317,14.39566328546,
    -0.290352594581));
#1103 = CARTESIAN_POINT('',(-18.25548611468,5.06771514457E-13,
    -0.123685927919));
#1104 = CARTESIAN_POINT('',(-9.244513885318,-14.39566328546,
    4.29807387444E-02));
#1105 = CARTESIAN_POINT('',(-8.163211906721E-02,-18.08707501438,
    0.126314072078));
#1106 = CARTESIAN_POINT('',(9.369136897325,-14.39566328546,
    0.209647405424));
#1107 = CARTESIAN_POINT('',(13.701445579738,-7.197831642731,
    0.292980738748));
#1108 = CARTESIAN_POINT('',(13.75,7.004474440531E-15,0.376314072081));
#1109 = DEFINITIONAL_REPRESENTATION('',(#1110),#1121);
#1110 = B_SPLINE_CURVE_WITH_KNOTS('',5,(#1111,#1112,#1113,#1114,#1115,
    #1116,#1117,#1118,#1119,#1120),.UNSPECIFIED.,.F.,.F.,(6,4,6),(0.,
    0.500232797686,1.),.UNSPECIFIED.);
#1111 = CARTESIAN_POINT('',(5.,0.823686027917));
#1112 = CARTESIAN_POINT('',(4.949348117221,0.81622135582));
#1113 = CARTESIAN_POINT('',(4.898824995162,0.808775659455));
#1114 = CARTESIAN_POINT('',(4.848428387337,0.801348607753));
#1115 = CARTESIAN_POINT('',(4.798153789023,0.793939536843));
#1116 = CARTESIAN_POINT('',(4.697892891986,0.779163882327));
#1117 = CARTESIAN_POINT('',(4.647905605597,0.771797153166));
#1118 = CARTESIAN_POINT('',(4.59803694451,0.76444790606));
#1119 = CARTESIAN_POINT('',(4.548283980905,0.75711570953));
#1120 = CARTESIAN_POINT('',(4.49864719779,0.749800634757));
#1121 = ( GEOMETRIC_REPRESENTATION_CONTEXT(2) 
PARAMETRIC_REPRESENTATION_CONTEXT() REPRESENTATION_CONTEXT('2D SPACE',''
  ) );
#1122 = ORIENTED_EDGE('',*,*,#1123,.T.);
#1123 = EDGE_CURVE('',#1057,#1124,#1126,.T.);
#1124 = VERTEX_POINT('',#1125);
#1125 = CARTESIAN_POINT('',(-1.815340106111E-02,14.025488251894,
    0.2000001));
#1126 = SURFACE_CURVE('',#1127,(#1132,#1143),.PCURVE_S1.);
#1127 = CIRCLE('',#1128,14.0255);
#1128 = AXIS2_PLACEMENT_3D('',#1129,#1130,#1131);
#1129 = CARTESIAN_POINT('',(0.,0.,0.2000001));
#1130 = DIRECTION('',(0.,0.,-1.));
#1131 = DIRECTION('',(-1.294314003886E-03,-0.999999162375,-0.));
#1132 = PCURVE('',#763,#1133);
#1133 = DEFINITIONAL_REPRESENTATION('',(#1134),#1142);
#1134 = ( BOUNDED_CURVE() B_SPLINE_CURVE(2,(#1135,#1136,#1137,#1138,
#1139,#1140,#1141),.UNSPECIFIED.,.T.,.F.) B_SPLINE_CURVE_WITH_KNOTS((1,2
    ,2,2,2,1),(-2.094395102393,0.,2.094395102393,4.188790204786,
6.28318530718,8.377580409573),.UNSPECIFIED.) CURVE() 
GEOMETRIC_REPRESENTATION_ITEM() RATIONAL_B_SPLINE_CURVE((1.,0.5,1.,0.5,
1.,0.5,1.)) REPRESENTATION_ITEM('') );
#1135 = CARTESIAN_POINT('',(-12.81815340106,-7.525488251894));
#1136 = CARTESIAN_POINT('',(-37.1110116543,-7.494045638926));
#1137 = CARTESIAN_POINT('',(-24.93735242609,13.528465432432));
#1138 = CARTESIAN_POINT('',(-12.76369319787,34.550976503789));
#1139 = CARTESIAN_POINT('',(-0.644494172848,13.497022819463));
#1140 = CARTESIAN_POINT('',(11.47470485218,-7.556930864863));
#1141 = CARTESIAN_POINT('',(-12.81815340106,-7.525488251894));
#1142 = ( GEOMETRIC_REPRESENTATION_CONTEXT(2) 
PARAMETRIC_REPRESENTATION_CONTEXT() REPRESENTATION_CONTEXT('2D SPACE',''
  ) );
#1143 = PCURVE('',#1144,#1149);
#1144 = CONICAL_SURFACE('',#1145,14.301,0.785398163397);
#1145 = AXIS2_PLACEMENT_3D('',#1146,#1147,#1148);
#1146 = CARTESIAN_POINT('',(0.,0.,0.4755001));
#1147 = DIRECTION('',(0.,0.,1.));
#1148 = DIRECTION('',(1.,0.,-0.));
#1149 = DEFINITIONAL_REPRESENTATION('',(#1150),#1154);
#1150 = LINE('',#1151,#1152);
#1151 = CARTESIAN_POINT('',(4.711094666019,-0.2755));
#1152 = VECTOR('',#1153,1.);
#1153 = DIRECTION('',(-1.,-0.));
#1154 = ( GEOMETRIC_REPRESENTATION_CONTEXT(2) 
PARAMETRIC_REPRESENTATION_CONTEXT() REPRESENTATION_CONTEXT('2D SPACE',''
  ) );
#1155 = ORIENTED_EDGE('',*,*,#1156,.T.);
#1156 = EDGE_CURVE('',#1124,#1157,#1159,.T.);
#1157 = VERTEX_POINT('',#1158);
#1158 = CARTESIAN_POINT('',(6.141915257473,12.302631307285,0.2000001));
#1159 = SURFACE_CURVE('',#1160,(#1171,#1185),.PCURVE_S1.);
#1160 = B_SPLINE_CURVE_WITH_KNOTS('',5,(#1161,#1162,#1163,#1164,#1165,
    #1166,#1167,#1168,#1169,#1170),.UNSPECIFIED.,.F.,.F.,(6,4,6),(0.,
    0.501761943066,1.),.UNSPECIFIED.);
#1161 = CARTESIAN_POINT('',(-1.843920342751E-02,14.0255,0.2000001));
#1162 = CARTESIAN_POINT('',(0.628792523129,13.998901703098,0.2000001));
#1163 = CARTESIAN_POINT('',(1.274484019852,13.934918500396,0.2000001));
#1164 = CARTESIAN_POINT('',(1.915736455684,13.833562829174,0.2000001));
#1165 = CARTESIAN_POINT('',(2.549662114354,13.695176879838,0.2000001));
#1166 = CARTESIAN_POINT('',(3.792734301447,13.34692745982,0.2000001));
#1167 = CARTESIAN_POINT('',(4.40203291195,13.137570165688,0.2000001));
#1168 = CARTESIAN_POINT('',(4.998472942951,12.8930319689,0.2000001));
#1169 = CARTESIAN_POINT('',(5.579317864542,12.61428681439,0.2000001));
#1170 = CARTESIAN_POINT('',(6.141915257473,12.302631307285,0.2000001));
#1171 = PCURVE('',#763,#1172);
#1172 = DEFINITIONAL_REPRESENTATION('',(#1173),#1184);
#1173 = B_SPLINE_CURVE_WITH_KNOTS('',5,(#1174,#1175,#1176,#1177,#1178,
    #1179,#1180,#1181,#1182,#1183),.UNSPECIFIED.,.F.,.F.,(6,4,6),(0.,
    0.501761943066,1.),.UNSPECIFIED.);
#1174 = CARTESIAN_POINT('',(-12.81843920342,20.5255));
#1175 = CARTESIAN_POINT('',(-12.17120747687,20.498901703098));
#1176 = CARTESIAN_POINT('',(-11.52551598014,20.434918500396));
#1177 = CARTESIAN_POINT('',(-10.88426354431,20.333562829174));
#1178 = CARTESIAN_POINT('',(-10.25033788564,20.195176879838));
#1179 = CARTESIAN_POINT('',(-9.007265698553,19.84692745982));
#1180 = CARTESIAN_POINT('',(-8.39796708805,19.637570165688));
#1181 = CARTESIAN_POINT('',(-7.801527057049,19.3930319689));
#1182 = CARTESIAN_POINT('',(-7.220682135458,19.11428681439));
#1183 = CARTESIAN_POINT('',(-6.658084742527,18.802631307285));
#1184 = ( GEOMETRIC_REPRESENTATION_CONTEXT(2) 
PARAMETRIC_REPRESENTATION_CONTEXT() REPRESENTATION_CONTEXT('2D SPACE',''
  ) );
#1185 = PCURVE('',#1186,#1209);
#1186 = ( BOUNDED_SURFACE() B_SPLINE_SURFACE(1,6,(
    (#1187,#1188,#1189,#1190,#1191,#1192,#1193,#1194,#1195,#1196,#1197)
    ,(#1198,#1199,#1200,#1201,#1202,#1203,#1204,#1205,#1206,#1207,#1208
)),.UNSPECIFIED.,.F.,.F.,.F.) B_SPLINE_SURFACE_WITH_KNOTS((2,2),(7,4,7),
(2.,3.),(0.,0.5,1.),.UNSPECIFIED.) GEOMETRIC_REPRESENTATION_ITEM() 
RATIONAL_B_SPLINE_SURFACE((
    (1.,1.,1.,1.,1.,1.,1.,1.,1.,1.,1.)
,(1.,1.,1.,1.,1.,1.,1.,1.,1.,1.,1.
  ))) REPRESENTATION_ITEM('') SURFACE() );
#1187 = CARTESIAN_POINT('',(13.75,1.7763568394E-15,2.368612791856E-02));
#1188 = CARTESIAN_POINT('',(13.701445579737,7.197831642732,
    0.107019461252));
#1189 = CARTESIAN_POINT('',(9.369136897326,14.395663285458,
    0.190352794576));
#1190 = CARTESIAN_POINT('',(-8.16321190679E-02,18.087075014382,
    0.273686127922));
#1191 = CARTESIAN_POINT('',(-9.244513885317,14.39566328546,
    0.357019461256));
#1192 = CARTESIAN_POINT('',(-18.25548611468,5.06771514457E-13,
    0.523686127919));
#1193 = CARTESIAN_POINT('',(-9.244513885318,-14.39566328546,
    0.690352794581));
#1194 = CARTESIAN_POINT('',(-8.163211906721E-02,-18.08707501438,
    0.773686127915));
#1195 = CARTESIAN_POINT('',(9.369136897325,-14.39566328546,
    0.857019461261));
#1196 = CARTESIAN_POINT('',(13.701445579738,-7.197831642731,
    0.940352794585));
#1197 = CARTESIAN_POINT('',(13.75,7.004474440531E-15,1.023686127919));
#1198 = CARTESIAN_POINT('',(14.3,7.967026135827E-14,-0.123685927919));
#1199 = CARTESIAN_POINT('',(14.249503403065,7.485744908481,
    -4.035259458501E-02));
#1200 = CARTESIAN_POINT('',(9.743902372885,14.971489816958,
    4.298073873904E-02));
#1201 = CARTESIAN_POINT('',(-8.489740359846E-02,18.810558014815,
    0.126314072085));
#1202 = CARTESIAN_POINT('',(-9.614294440751,14.97148981696,
    0.209647405418));
#1203 = CARTESIAN_POINT('',(-18.98570555925,2.459951696351E-13,
    0.376314072081));
#1204 = CARTESIAN_POINT('',(-9.614294440751,-14.97148981696,
    0.542980738744));
#1205 = CARTESIAN_POINT('',(-8.489740359769E-02,-18.81055801481,
    0.626314072078));
#1206 = CARTESIAN_POINT('',(9.743902372885,-14.97148981696,
    0.709647405424));
#1207 = CARTESIAN_POINT('',(14.249503403065,-7.485744908481,
    0.792980738748));
#1208 = CARTESIAN_POINT('',(14.3,7.88477711463E-14,0.876314072081));
#1209 = DEFINITIONAL_REPRESENTATION('',(#1210),#1221);
#1210 = B_SPLINE_CURVE_WITH_KNOTS('',5,(#1211,#1212,#1213,#1214,#1215,
    #1216,#1217,#1218,#1219,#1220),.UNSPECIFIED.,.F.,.F.,(6,4,6),(0.,
    0.501761943066,1.),.UNSPECIFIED.);
#1211 = CARTESIAN_POINT('',(2.50135280221,0.250199365243));
#1212 = CARTESIAN_POINT('',(2.45151790192,0.242855093535));
#1213 = CARTESIAN_POINT('',(2.401565887103,0.235493562418));
#1214 = CARTESIAN_POINT('',(2.351497255597,0.22811484526));
#1215 = CARTESIAN_POINT('',(2.301309029493,0.220718503201));
#1216 = CARTESIAN_POINT('',(2.201044292026,0.205942282713));
#1217 = CARTESIAN_POINT('',(2.150968713544,0.198562541765));
#1218 = CARTESIAN_POINT('',(2.100772063993,0.191164958325));
#1219 = CARTESIAN_POINT('',(2.05044990184,0.183748877834));
#1220 = CARTESIAN_POINT('',(2.,0.176313972083));
#1221 = ( GEOMETRIC_REPRESENTATION_CONTEXT(2) 
PARAMETRIC_REPRESENTATION_CONTEXT() REPRESENTATION_CONTEXT('2D SPACE',''
  ) );
#1222 = ORIENTED_EDGE('',*,*,#1223,.T.);
#1223 = EDGE_CURVE('',#1157,#1224,#1226,.T.);
#1224 = VERTEX_POINT('',#1225);
#1225 = CARTESIAN_POINT('',(6.119332447009,12.257396558935,0.20000005));
#1226 = SURFACE_CURVE('',#1227,(#1233,#1242),.PCURVE_S1.);
#1227 = B_SPLINE_CURVE_WITH_KNOTS('',4,(#1228,#1229,#1230,#1231,#1232),
  .UNSPECIFIED.,.F.,.F.,(5,5),(0.,1.),.PIECEWISE_BEZIER_KNOTS.);
#1228 = CARTESIAN_POINT('',(6.141915257473,12.302631307285,0.2000001));
#1229 = CARTESIAN_POINT('',(6.119581020175,12.257894466167,0.2000001));
#1230 = CARTESIAN_POINT('',(6.097246782877,12.213157625048,0.2000001));
#1231 = CARTESIAN_POINT('',(6.07491254558,12.16842078393,0.2000001));
#1232 = CARTESIAN_POINT('',(6.052578308282,12.123683942811,0.2000001));
#1233 = PCURVE('',#763,#1234);
#1234 = DEFINITIONAL_REPRESENTATION('',(#1235),#1241);
#1235 = B_SPLINE_CURVE_WITH_KNOTS('',4,(#1236,#1237,#1238,#1239,#1240),
  .UNSPECIFIED.,.F.,.F.,(5,5),(0.,1.),.PIECEWISE_BEZIER_KNOTS.);
#1236 = CARTESIAN_POINT('',(-6.658084742527,18.802631307285));
#1237 = CARTESIAN_POINT('',(-6.680418979825,18.757894466167));
#1238 = CARTESIAN_POINT('',(-6.702753217123,18.713157625048));
#1239 = CARTESIAN_POINT('',(-6.72508745442,18.66842078393));
#1240 = CARTESIAN_POINT('',(-6.747421691718,18.623683942811));
#1241 = ( GEOMETRIC_REPRESENTATION_CONTEXT(2) 
PARAMETRIC_REPRESENTATION_CONTEXT() REPRESENTATION_CONTEXT('2D SPACE',''
  ) );
#1242 = PCURVE('',#1243,#1266);
#1243 = ( BOUNDED_SURFACE() B_SPLINE_SURFACE(1,6,(
    (#1244,#1245,#1246,#1247,#1248,#1249,#1250,#1251,#1252,#1253,#1254)
    ,(#1255,#1256,#1257,#1258,#1259,#1260,#1261,#1262,#1263,#1264,#1265
)),.UNSPECIFIED.,.F.,.F.,.F.) B_SPLINE_SURFACE_WITH_KNOTS((2,2),(7,4,7),
(1.,2.),(0.,0.5,1.),.UNSPECIFIED.) GEOMETRIC_REPRESENTATION_ITEM() 
RATIONAL_B_SPLINE_SURFACE((
    (1.,1.,1.,1.,1.,1.,1.,1.,1.,1.,1.)
,(1.,1.,1.,1.,1.,1.,1.,1.,1.,1.,1.
  ))) REPRESENTATION_ITEM('') SURFACE() );
#1244 = CARTESIAN_POINT('',(13.55,-2.654869934928E-14,2.368612791856E-02
    ));
#1245 = CARTESIAN_POINT('',(13.5021518258,7.093135909732,0.107019461252)
  );
#1246 = CARTESIAN_POINT('',(9.232858542578,14.186271819459,
    0.190352794576));
#1247 = CARTESIAN_POINT('',(-8.044474287552E-02,17.823990286951,
    0.273686127922));
#1248 = CARTESIAN_POINT('',(-9.110048228796,14.18627181946,
    0.357019461256));
#1249 = CARTESIAN_POINT('',(-17.9899517712,5.76792424008E-13,
    0.523686127919));
#1250 = CARTESIAN_POINT('',(-9.110048228796,-14.18627181946,
    0.690352794581));
#1251 = CARTESIAN_POINT('',(-8.044474287486E-02,-17.82399028694,
    0.773686127915));
#1252 = CARTESIAN_POINT('',(9.232858542577,-14.18627181946,
    0.857019461261));
#1253 = CARTESIAN_POINT('',(13.5021518258,-7.093135909731,0.940352794585
    ));
#1254 = CARTESIAN_POINT('',(13.55,-1.91203607252E-14,1.023686127919));
#1255 = CARTESIAN_POINT('',(13.75,1.7763568394E-15,2.368612791856E-02));
#1256 = CARTESIAN_POINT('',(13.701445579737,7.197831642732,
    0.107019461252));
#1257 = CARTESIAN_POINT('',(9.369136897326,14.395663285458,
    0.190352794576));
#1258 = CARTESIAN_POINT('',(-8.16321190679E-02,18.087075014382,
    0.273686127922));
#1259 = CARTESIAN_POINT('',(-9.244513885317,14.39566328546,
    0.357019461256));
#1260 = CARTESIAN_POINT('',(-18.25548611468,5.06771514457E-13,
    0.523686127919));
#1261 = CARTESIAN_POINT('',(-9.244513885318,-14.39566328546,
    0.690352794581));
#1262 = CARTESIAN_POINT('',(-8.163211906721E-02,-18.08707501438,
    0.773686127915));
#1263 = CARTESIAN_POINT('',(9.369136897325,-14.39566328546,
    0.857019461261));
#1264 = CARTESIAN_POINT('',(13.701445579738,-7.197831642731,
    0.940352794585));
#1265 = CARTESIAN_POINT('',(13.75,7.004474440531E-15,1.023686127919));
#1266 = DEFINITIONAL_REPRESENTATION('',(#1267),#1273);
#1267 = B_SPLINE_CURVE_WITH_KNOTS('',4,(#1268,#1269,#1270,#1271,#1272),
  .UNSPECIFIED.,.F.,.F.,(5,5),(0.,1.),.PIECEWISE_BEZIER_KNOTS.);
#1268 = CARTESIAN_POINT('',(2.,0.176313972083));
#1269 = CARTESIAN_POINT('',(1.75,0.176313972083));
#1270 = CARTESIAN_POINT('',(1.5,0.176313972083));
#1271 = CARTESIAN_POINT('',(1.25,0.176313972083));
#1272 = CARTESIAN_POINT('',(1.,0.176313972083));
#1273 = ( GEOMETRIC_REPRESENTATION_CONTEXT(2) 
PARAMETRIC_REPRESENTATION_CONTEXT() REPRESENTATION_CONTEXT('2D SPACE',''
  ) );
#1274 = ORIENTED_EDGE('',*,*,#1275,.T.);
#1275 = EDGE_CURVE('',#1224,#970,#1276,.T.);
#1276 = SURFACE_CURVE('',#1277,(#1282,#1293),.PCURVE_S1.);
#1277 = CIRCLE('',#1278,13.7);
#1278 = AXIS2_PLACEMENT_3D('',#1279,#1280,#1281);
#1279 = CARTESIAN_POINT('',(0.,0.,0.2));
#1280 = DIRECTION('',(-1.922543640213E-09,5.038972459022E-09,-1.));
#1281 = DIRECTION('',(0.446666601971,0.894700478754,3.649635036601E-09)
  );
#1282 = PCURVE('',#763,#1283);
#1283 = DEFINITIONAL_REPRESENTATION('',(#1284),#1292);
#1284 = ( BOUNDED_CURVE() B_SPLINE_CURVE(2,(#1285,#1286,#1287,#1288,
#1289,#1290,#1291),.UNSPECIFIED.,.T.,.F.) B_SPLINE_CURVE_WITH_KNOTS((1,2
    ,2,2,2,1),(-2.094395102393,0.,2.094395102393,4.188790204786,
6.28318530718,8.377580409573),.UNSPECIFIED.) CURVE() 
GEOMETRIC_REPRESENTATION_ITEM() RATIONAL_B_SPLINE_CURVE((1.,0.5,1.,0.5,
1.,0.5,1.)) REPRESENTATION_ITEM('') );
#1285 = CARTESIAN_POINT('',(-6.680667552991,18.757396558935));
#1286 = CARTESIAN_POINT('',(14.549766055604,8.158401852311));
#1287 = CARTESIAN_POINT('',(-5.244449419207,-4.928195632779));
#1288 = CARTESIAN_POINT('',(-25.03866489401,-18.01479311787));
#1289 = CARTESIAN_POINT('',(-26.4748830278,5.670799073844));
#1290 = CARTESIAN_POINT('',(-27.91110116158,29.356391265558));
#1291 = CARTESIAN_POINT('',(-6.680667552991,18.757396558935));
#1292 = ( GEOMETRIC_REPRESENTATION_CONTEXT(2) 
PARAMETRIC_REPRESENTATION_CONTEXT() REPRESENTATION_CONTEXT('2D SPACE',''
  ) );
#1293 = PCURVE('',#1294,#1299);
#1294 = CYLINDRICAL_SURFACE('',#1295,13.7);
#1295 = AXIS2_PLACEMENT_3D('',#1296,#1297,#1298);
#1296 = CARTESIAN_POINT('',(0.,0.,0.2));
#1297 = DIRECTION('',(0.,0.,1.));
#1298 = DIRECTION('',(1.,0.,-0.));
#1299 = DEFINITIONAL_REPRESENTATION('',(#1300),#1304);
#1300 = LINE('',#1301,#1302);
#1301 = CARTESIAN_POINT('',(1.107760181717,0.));
#1302 = VECTOR('',#1303,1.);
#1303 = DIRECTION('',(-1.,-0.));
#1304 = ( GEOMETRIC_REPRESENTATION_CONTEXT(2) 
PARAMETRIC_REPRESENTATION_CONTEXT() REPRESENTATION_CONTEXT('2D SPACE',''
  ) );
#1305 = ADVANCED_FACE('',(#1306),#1294,.T.);
#1306 = FACE_BOUND('',#1307,.T.);
#1307 = EDGE_LOOP('',(#1308,#1616,#1644,#2149,#2170));
#1308 = ORIENTED_EDGE('',*,*,#1309,.T.);
#1309 = EDGE_CURVE('',#1224,#1310,#1312,.T.);
#1310 = VERTEX_POINT('',#1311);
#1311 = CARTESIAN_POINT('',(13.7,-7.119314053541E-15,1.023686127919));
#1312 = SURFACE_CURVE('',#1313,(#1412,#1514),.PCURVE_S1.);
#1313 = B_SPLINE_CURVE_WITH_KNOTS('',7,(#1314,#1315,#1316,#1317,#1318,
    #1319,#1320,#1321,#1322,#1323,#1324,#1325,#1326,#1327,#1328,#1329,
    #1330,#1331,#1332,#1333,#1334,#1335,#1336,#1337,#1338,#1339,#1340,
    #1341,#1342,#1343,#1344,#1345,#1346,#1347,#1348,#1349,#1350,#1351,
    #1352,#1353,#1354,#1355,#1356,#1357,#1358,#1359,#1360,#1361,#1362,
    #1363,#1364,#1365,#1366,#1367,#1368,#1369,#1370,#1371,#1372,#1373,
    #1374,#1375,#1376,#1377,#1378,#1379,#1380,#1381,#1382,#1383,#1384,
    #1385,#1386,#1387,#1388,#1389,#1390,#1391,#1392,#1393,#1394,#1395,
    #1396,#1397,#1398,#1399,#1400,#1401,#1402,#1403,#1404,#1405,#1406,
    #1407,#1408,#1409,#1410,#1411),.UNSPECIFIED.,.F.,.F.,(8,6,6,6,6,6,6,
    6,6,6,6,6,6,6,6,6,8),(0.,6.935750247471E-02,0.150978178106,
    0.227741138318,0.333012164008,0.369885363648,0.392881784743,
    0.446356424707,0.558672303972,0.635685023332,0.717509797626,
    0.791051622059,0.840345694177,0.87330366734,0.92020565328,
    0.983760931649,1.),.UNSPECIFIED.);
#1314 = CARTESIAN_POINT('',(6.119517342895,12.257304250528,0.1999977));
#1315 = CARTESIAN_POINT('',(5.49098096069,12.571104023539,0.208156307714
    ));
#1316 = CARTESIAN_POINT('',(4.843650070347,12.847312340368,
    0.216314735134));
#1317 = CARTESIAN_POINT('',(4.18025935808,13.084558269938,0.224472822323
    ));
#1318 = CARTESIAN_POINT('',(3.503626425638,13.281748234919,
    0.232630990213));
#1319 = CARTESIAN_POINT('',(2.816642745006,13.438039509734,
    0.240789782121));
#1320 = CARTESIAN_POINT('',(2.122272436477,13.552840627377,0.24894944853
    ));
#1321 = CARTESIAN_POINT('',(0.601305021225,13.711743628036,
    0.266712502384));
#1322 = CARTESIAN_POINT('',(-0.227050045681,13.7397651531,0.276317064716
    ));
#1323 = CARTESIAN_POINT('',(-1.056522538126,13.709369411808,
    0.28592230497));
#1324 = CARTESIAN_POINT('',(-1.882183926143,13.620588572429,
    0.295528267261));
#1325 = CARTESIAN_POINT('',(-2.699156792231,13.473947101919,
    0.305135206473));
#1326 = CARTESIAN_POINT('',(-3.502618513806,13.270461354499,
    0.314742861906));
#1327 = CARTESIAN_POINT('',(-5.026275619959,12.768363231676,
    0.333384964434));
#1328 = CARTESIAN_POINT('',(-5.748663250248,12.476105977955,
    0.34242049365));
#1329 = CARTESIAN_POINT('',(-6.451021416712,12.136234140765,
    0.35145528347));
#1330 = CARTESIAN_POINT('',(-7.129610391654,11.750426040582,
    0.360489167085));
#1331 = CARTESIAN_POINT('',(-7.780881880129,11.320699044051,
    0.369522411069));
#1332 = CARTESIAN_POINT('',(-8.401481146422,10.849408335171,
    0.378555146644));
#1333 = CARTESIAN_POINT('',(-9.792989590929,9.639725726338,
    0.399972446567));
#1334 = CARTESIAN_POINT('',(-10.53432473995,8.86696675229,0.412359042508
    ));
#1335 = CARTESIAN_POINT('',(-11.20402361725,8.028112996906,0.42474295335
    ));
#1336 = CARTESIAN_POINT('',(-11.79519494849,7.131207323289,
    0.437126037932));
#1337 = CARTESIAN_POINT('',(-12.30205589857,6.185023651376,
    0.449510852506));
#1338 = CARTESIAN_POINT('',(-12.71993220276,5.199065480699,
    0.461898969225));
#1339 = CARTESIAN_POINT('',(-13.15960987311,3.828075179174,
    0.478625230547));
#1340 = CARTESIAN_POINT('',(-13.26235418831,3.468802199969,
    0.482964326206));
#1341 = CARTESIAN_POINT('',(-13.35364844131,3.106334089481,
    0.487303584128));
#1342 = CARTESIAN_POINT('',(-13.43337484782,2.741108945116,
    0.491642991609));
#1343 = CARTESIAN_POINT('',(-13.50143677587,2.37356947884,0.495982535798
    ));
#1344 = CARTESIAN_POINT('',(-13.55775874752,2.004162972682,
    0.500322191265));
#1345 = CARTESIAN_POINT('',(-13.63005667999,1.402073730132,
    0.507368424598));
#1346 = CARTESIAN_POINT('',(-13.65323955337,1.170255295085,
    0.510074970908));
#1347 = CARTESIAN_POINT('',(-13.67182193658,0.937995265933,
    0.512781537659));
#1348 = CARTESIAN_POINT('',(-13.68579396896,0.705403187744,
    0.515488118008));
#1349 = CARTESIAN_POINT('',(-13.69514905515,0.472588811616,
    0.518194706505));
#1350 = CARTESIAN_POINT('',(-13.69988386701,0.239662092475,
    0.520901298495));
#1351 = CARTESIAN_POINT('',(-13.70026454731,-0.534907154121,
    0.529901650661));
#1352 = CARTESIAN_POINT('',(-13.67554753783,-1.076566106485,
    0.536195485382));
#1353 = CARTESIAN_POINT('',(-13.62584559587,-1.616849567096,
    0.542489236333));
#1354 = CARTESIAN_POINT('',(-13.55125572877,-2.154376712919,
    0.548782818132));
#1355 = CARTESIAN_POINT('',(-13.45196776954,-2.687779453632,
    0.555076192262));
#1356 = CARTESIAN_POINT('',(-13.32826435127,-3.215702688553,0.5613693054
    ));
#1357 = CARTESIAN_POINT('',(-12.87022494865,-4.831307465507,
    0.580878883178));
#1358 = CARTESIAN_POINT('',(-12.45381712897,-5.895997532858,
    0.594097236701));
#1359 = CARTESIAN_POINT('',(-11.93484357142,-6.918074198627,
    0.607311261916));
#1360 = CARTESIAN_POINT('',(-11.31871953246,-7.885862786281,
    0.620522952652));
#1361 = CARTESIAN_POINT('',(-10.61229510234,-8.788602995707,
    0.633735602415));
#1362 = CARTESIAN_POINT('',(-9.823856761892,-9.616447356085,
    0.646951741119));
#1363 = CARTESIAN_POINT('',(-8.3735801416,-10.87113804717,0.669227351006
    ));
#1364 = CARTESIAN_POINT('',(-7.749721622845,-11.34234406005,
    0.678289513382));
#1365 = CARTESIAN_POINT('',(-7.095101400244,-11.77163266364,
    0.687352186483));
#1366 = CARTESIAN_POINT('',(-6.413113738763,-12.15663487207,
    0.696415497899));
#1367 = CARTESIAN_POINT('',(-5.707347826767,-12.49532450287,
    0.705479714818));
#1368 = CARTESIAN_POINT('',(-4.981585564793,-12.78601939961,
    0.714544667324));
#1369 = CARTESIAN_POINT('',(-3.451716455483,-13.28392100522,
    0.73324020392));
#1370 = CARTESIAN_POINT('',(-2.645453346622,-13.48480685136,
    0.74287188141));
#1371 = CARTESIAN_POINT('',(-1.825834094483,-13.62851003909,
    0.752502817097));
#1372 = CARTESIAN_POINT('',(-0.997721730793,-13.71402593815,
    0.762132750345));
#1373 = CARTESIAN_POINT('',(-0.166032483161,-13.74084686687,
    0.771761946899));
#1374 = CARTESIAN_POINT('',(0.66426797868,-13.70896247355,0.781390462244
    ));
#1375 = CARTESIAN_POINT('',(2.228652267975,-13.53801995041,
    0.799669704145));
#1376 = CARTESIAN_POINT('',(2.964043075369,-13.41012930856,
    0.808321617111));
#1377 = CARTESIAN_POINT('',(3.690700376218,-13.23565239739,
    0.816972520064));
#1378 = CARTESIAN_POINT('',(4.405097645668,-13.01533239041,
    0.825622737939));
#1379 = CARTESIAN_POINT('',(5.103804606981,-12.75022727611,
    0.834272976337));
#1380 = CARTESIAN_POINT('',(5.783489011819,-12.44170923548,
    0.842923761333));
#1381 = CARTESIAN_POINT('',(6.88160373226,-11.85676287224,0.857373504759
    ));
#1382 = CARTESIAN_POINT('',(7.312300314315,-11.60328471819,0.86317252806
    ));
#1383 = CARTESIAN_POINT('',(7.732056922388,-11.33157968624,
    0.868971913285));
#1384 = CARTESIAN_POINT('',(8.139951804418,-11.04221841981,
    0.874771772534));
#1385 = CARTESIAN_POINT('',(8.535102336789,-10.73582699864,
    0.880572221556));
#1386 = CARTESIAN_POINT('',(8.91666515134,-10.41308689942,0.886373298846
    ));
#1387 = CARTESIAN_POINT('',(9.529330089876,-9.848518143137,
    0.896053826205));
#1388 = CARTESIAN_POINT('',(9.768391126957,-9.615319070954,
    0.899933022026));
#1389 = CARTESIAN_POINT('',(10.000782625566,-9.37536091189,0.90381245557
    ));
#1390 = CARTESIAN_POINT('',(10.226275876744,-9.128873225542,
    0.907692108435));
#1391 = CARTESIAN_POINT('',(10.444652358536,-8.876094940944,
    0.911571955561));
#1392 = CARTESIAN_POINT('',(10.655703758545,-8.617274343383,
    0.915451956601));
#1393 = CARTESIAN_POINT('',(11.148869909251,-7.976113343935,
    0.92485374482));
#1394 = CARTESIAN_POINT('',(11.423274884137,-7.587838854576,
    0.930375677189));
#1395 = CARTESIAN_POINT('',(11.68187442226,-7.188590742236,
    0.935897629998));
#1396 = CARTESIAN_POINT('',(11.924145244669,-6.779142980931,
    0.941419421317));
#1397 = CARTESIAN_POINT('',(12.149613206996,-6.360297946883,
    0.946940881035));
#1398 = CARTESIAN_POINT('',(12.357853214099,-5.932885995792,
    0.952461830205));
#1399 = CARTESIAN_POINT('',(12.806813356101,-4.908147502475,
    0.965462335654));
#1400 = CARTESIAN_POINT('',(13.032815700083,-4.304369208199,
    0.972941364029));
#1401 = CARTESIAN_POINT('',(13.225565789293,-3.688553454925,
    0.980418796125));
#1402 = CARTESIAN_POINT('',(13.384311632309,-3.062890367592,
    0.987894553049));
#1403 = CARTESIAN_POINT('',(13.508473818944,-2.429634582715,
    0.995368867726));
#1404 = CARTESIAN_POINT('',(13.59765625993,-1.79110699811,1.002842430074
    ));
#1405 = CARTESIAN_POINT('',(13.665475458845,-0.985814239076,
    1.012226377305));
#1406 = CARTESIAN_POINT('',(13.676981614573,-0.821740938456,
    1.014136149094));
#1407 = CARTESIAN_POINT('',(13.686188775891,-0.657520954636,
    1.016045970207));
#1408 = CARTESIAN_POINT('',(13.693094802491,-0.493195140145,
    1.017955859579));
#1409 = CARTESIAN_POINT('',(13.697698576002,-0.328804931652,
    1.019865836234));
#1410 = CARTESIAN_POINT('',(13.7,-0.164392349958,1.021775919282));
#1411 = CARTESIAN_POINT('',(13.7,-1.7763568394E-15,1.023686127919));
#1412 = PCURVE('',#1294,#1413);
#1413 = DEFINITIONAL_REPRESENTATION('',(#1414),#1513);
#1414 = B_SPLINE_CURVE_WITH_KNOTS('',7,(#1415,#1416,#1417,#1418,#1419,
    #1420,#1421,#1422,#1423,#1424,#1425,#1426,#1427,#1428,#1429,#1430,
    #1431,#1432,#1433,#1434,#1435,#1436,#1437,#1438,#1439,#1440,#1441,
    #1442,#1443,#1444,#1445,#1446,#1447,#1448,#1449,#1450,#1451,#1452,
    #1453,#1454,#1455,#1456,#1457,#1458,#1459,#1460,#1461,#1462,#1463,
    #1464,#1465,#1466,#1467,#1468,#1469,#1470,#1471,#1472,#1473,#1474,
    #1475,#1476,#1477,#1478,#1479,#1480,#1481,#1482,#1483,#1484,#1485,
    #1486,#1487,#1488,#1489,#1490,#1491,#1492,#1493,#1494,#1495,#1496,
    #1497,#1498,#1499,#1500,#1501,#1502,#1503,#1504,#1505,#1506,#1507,
    #1508,#1509,#1510,#1511,#1512),.UNSPECIFIED.,.F.,.F.,(8,6,6,6,6,6,6,
    6,6,6,6,6,6,6,6,6,8),(0.,6.935750247471E-02,0.150978178106,
    0.227741138318,0.333012164008,0.369885363648,0.392881784743,
    0.446356424707,0.558672303972,0.635685023332,0.717509797626,
    0.791051622059,0.840345694177,0.87330366734,0.92020565328,
    0.983760931649,1.),.UNSPECIFIED.);
#1415 = CARTESIAN_POINT('',(1.107745097226,-2.300000000038E-06));
#1416 = CARTESIAN_POINT('',(1.159023614048,8.156307714339E-03));
#1417 = CARTESIAN_POINT('',(1.210303867294,1.631473513409E-02));
#1418 = CARTESIAN_POINT('',(1.261582873593,2.447282232274E-02));
#1419 = CARTESIAN_POINT('',(1.312861094081,3.26309902134E-02));
#1420 = CARTESIAN_POINT('',(1.36414013452,4.078978212084E-02));
#1421 = CARTESIAN_POINT('',(1.415420444824,4.894944852977E-02));
#1422 = CARTESIAN_POINT('',(1.527044209738,6.671250238402E-02));
#1423 = CARTESIAN_POINT('',(1.587393269301,7.631706471561E-02));
#1424 = CARTESIAN_POINT('',(1.647739490768,8.592230497049E-02));
#1425 = CARTESIAN_POINT('',(1.708083903871,9.552826726073E-02));
#1426 = CARTESIAN_POINT('',(1.768430119681,0.105135206473));
#1427 = CARTESIAN_POINT('',(1.828779173295,0.114742861906));
#1428 = CARTESIAN_POINT('',(1.945878064687,0.133384964434));
#1429 = CARTESIAN_POINT('',(2.002634628237,0.14242049365));
#1430 = CARTESIAN_POINT('',(2.059389103112,0.15145528347));
#1431 = CARTESIAN_POINT('',(2.116142245291,0.160489167085));
#1432 = CARTESIAN_POINT('',(2.17289671943,0.169522411069));
#1433 = CARTESIAN_POINT('',(2.229653291756,0.178555146644));
#1434 = CARTESIAN_POINT('',(2.364237813827,0.199972446567));
#1435 = CARTESIAN_POINT('',(2.442082396765,0.212359042508));
#1436 = CARTESIAN_POINT('',(2.519916007205,0.22474295335));
#1437 = CARTESIAN_POINT('',(2.59774518055,0.237126037932));
#1438 = CARTESIAN_POINT('',(2.675578769825,0.249510852506));
#1439 = CARTESIAN_POINT('',(2.753423348695,0.261898969225));
#1440 = CARTESIAN_POINT('',(2.858515877251,0.278625230547));
#1441 = CARTESIAN_POINT('',(2.885777684697,0.282964326206));
#1442 = CARTESIAN_POINT('',(2.913039436665,0.287303584128));
#1443 = CARTESIAN_POINT('',(2.940301150467,0.291642991609));
#1444 = CARTESIAN_POINT('',(2.967562893998,0.295982535798));
#1445 = CARTESIAN_POINT('',(2.994824688142,0.300322191265));
#1446 = CARTESIAN_POINT('',(3.039088514314,0.307368424598));
#1447 = CARTESIAN_POINT('',(3.056090625776,0.310074970908));
#1448 = CARTESIAN_POINT('',(3.073092733014,0.312781537659));
#1449 = CARTESIAN_POINT('',(3.090094838821,0.315488118008));
#1450 = CARTESIAN_POINT('',(3.107096950014,0.318194706505));
#1451 = CARTESIAN_POINT('',(3.124099068124,0.320901298495));
#1452 = CARTESIAN_POINT('',(3.180636976164,0.329901650661));
#1453 = CARTESIAN_POINT('',(3.220173232301,0.336195485382));
#1454 = CARTESIAN_POINT('',(3.259709137267,0.342489236333));
#1455 = CARTESIAN_POINT('',(3.299244822395,0.348782818132));
#1456 = CARTESIAN_POINT('',(3.338780732789,0.355076192262));
#1457 = CARTESIAN_POINT('',(3.378316997424,0.3613693054));
#1458 = CARTESIAN_POINT('',(3.500892127121,0.380878883178));
#1459 = CARTESIAN_POINT('',(3.583950426515,0.394097236701));
#1460 = CARTESIAN_POINT('',(3.666993445472,0.407311261916));
#1461 = CARTESIAN_POINT('',(3.750030719736,0.420522952652));
#1462 = CARTESIAN_POINT('',(3.833073771377,0.433735602415));
#1463 = CARTESIAN_POINT('',(3.916132099774,0.446951741119));
#1464 = CARTESIAN_POINT('',(4.056109777863,0.469227351006));
#1465 = CARTESIAN_POINT('',(4.11305105075,0.478289513382));
#1466 = CARTESIAN_POINT('',(4.169990195359,0.487352186483));
#1467 = CARTESIAN_POINT('',(4.22692798271,0.496415497899));
#1468 = CARTESIAN_POINT('',(4.283867120409,0.505479714818));
#1469 = CARTESIAN_POINT('',(4.340808385156,0.514544667324));
#1470 = CARTESIAN_POINT('',(4.458242854556,0.53324020392));
#1471 = CARTESIAN_POINT('',(4.518742868318,0.54287188141));
#1472 = CARTESIAN_POINT('',(4.579240009687,0.552502817097));
#1473 = CARTESIAN_POINT('',(4.639735323613,0.562132750345));
#1474 = CARTESIAN_POINT('',(4.700232466817,0.571761946899));
#1475 = CARTESIAN_POINT('',(4.76073248695,0.581390462244));
#1476 = CARTESIAN_POINT('',(4.875600818564,0.599669704145));
#1477 = CARTESIAN_POINT('',(4.929975357883,0.608321617111));
#1478 = CARTESIAN_POINT('',(4.984348199104,0.616972520064));
#1479 = CARTESIAN_POINT('',(5.038719944567,0.625622737939));
#1480 = CARTESIAN_POINT('',(5.093092743449,0.634272976337));
#1481 = CARTESIAN_POINT('',(5.147467215446,0.642923761333));
#1482 = CARTESIAN_POINT('',(5.238284280411,0.657373504759));
#1483 = CARTESIAN_POINT('',(5.274729500706,0.66317252806));
#1484 = CARTESIAN_POINT('',(5.311174497993,0.668971913285));
#1485 = CARTESIAN_POINT('',(5.347619362671,0.674771772534));
#1486 = CARTESIAN_POINT('',(5.384064389673,0.680572221556));
#1487 = CARTESIAN_POINT('',(5.420509656108,0.686373298846));
#1488 = CARTESIAN_POINT('',(5.48132165355,0.696053826205));
#1489 = CARTESIAN_POINT('',(5.505688747259,0.699933022026));
#1490 = CARTESIAN_POINT('',(5.530055796827,0.70381245557));
#1491 = CARTESIAN_POINT('',(5.554422802086,0.707692108435));
#1492 = CARTESIAN_POINT('',(5.578789788762,0.711571955561));
#1493 = CARTESIAN_POINT('',(5.603156752512,0.715451956601));
#1494 = CARTESIAN_POINT('',(5.662199694006,0.72485374482));
#1495 = CARTESIAN_POINT('',(5.696875898163,0.730375677189));
#1496 = CARTESIAN_POINT('',(5.731551728629,0.735897629998));
#1497 = CARTESIAN_POINT('',(5.766227217376,0.741419421317));
#1498 = CARTESIAN_POINT('',(5.800902603405,0.746940881035));
#1499 = CARTESIAN_POINT('',(5.835578020992,0.752461830205));
#1500 = CARTESIAN_POINT('',(5.917240321713,0.765462335654));
#1501 = CARTESIAN_POINT('',(5.964227437069,0.772941364029));
#1502 = CARTESIAN_POINT('',(6.011214804086,0.780418796125));
#1503 = CARTESIAN_POINT('',(6.058203308878,0.787894553049));
#1504 = CARTESIAN_POINT('',(6.105193294691,0.795368867726));
#1505 = CARTESIAN_POINT('',(6.152183021145,0.802842430074));
#1506 = CARTESIAN_POINT('',(6.211171595751,0.812226377305));
#1507 = CARTESIAN_POINT('',(6.223175983143,0.814136149094));
#1508 = CARTESIAN_POINT('',(6.235179784856,0.816045970207));
#1509 = CARTESIAN_POINT('',(6.247182840559,0.817955859579));
#1510 = CARTESIAN_POINT('',(6.259184948516,0.819865836234));
#1511 = CARTESIAN_POINT('',(6.271185865577,0.821775919282));
#1512 = CARTESIAN_POINT('',(6.28318530718,0.823686127919));
#1513 = ( GEOMETRIC_REPRESENTATION_CONTEXT(2) 
PARAMETRIC_REPRESENTATION_CONTEXT() REPRESENTATION_CONTEXT('2D SPACE',''
  ) );
#1514 = PCURVE('',#1243,#1515);
#1515 = DEFINITIONAL_REPRESENTATION('',(#1516),#1615);
#1516 = B_SPLINE_CURVE_WITH_KNOTS('',7,(#1517,#1518,#1519,#1520,#1521,
    #1522,#1523,#1524,#1525,#1526,#1527,#1528,#1529,#1530,#1531,#1532,
    #1533,#1534,#1535,#1536,#1537,#1538,#1539,#1540,#1541,#1542,#1543,
    #1544,#1545,#1546,#1547,#1548,#1549,#1550,#1551,#1552,#1553,#1554,
    #1555,#1556,#1557,#1558,#1559,#1560,#1561,#1562,#1563,#1564,#1565,
    #1566,#1567,#1568,#1569,#1570,#1571,#1572,#1573,#1574,#1575,#1576,
    #1577,#1578,#1579,#1580,#1581,#1582,#1583,#1584,#1585,#1586,#1587,
    #1588,#1589,#1590,#1591,#1592,#1593,#1594,#1595,#1596,#1597,#1598,
    #1599,#1600,#1601,#1602,#1603,#1604,#1605,#1606,#1607,#1608,#1609,
    #1610,#1611,#1612,#1613,#1614),.UNSPECIFIED.,.F.,.F.,(8,6,6,6,6,6,6,
    6,6,6,6,6,6,6,6,6,8),(0.,6.935750247471E-02,0.150978178106,
    0.227741138318,0.333012164008,0.369885363648,0.392881784743,
    0.446356424707,0.558672303972,0.635685023332,0.717509797626,
    0.791051622059,0.840345694177,0.87330366734,0.92020565328,
    0.983760931649,1.),.UNSPECIFIED.);
#1517 = CARTESIAN_POINT('',(1.747217249608,0.176311572083));
#1518 = CARTESIAN_POINT('',(1.748330788219,0.184470179797));
#1519 = CARTESIAN_POINT('',(1.749392863572,0.192628607217));
#1520 = CARTESIAN_POINT('',(1.750272081218,0.200786694405));
#1521 = CARTESIAN_POINT('',(1.750898789449,0.208944862296));
#1522 = CARTESIAN_POINT('',(1.751266167109,0.217103654203));
#1523 = CARTESIAN_POINT('',(1.751414832349,0.225263320612));
#1524 = CARTESIAN_POINT('',(1.751384661729,0.243026374466));
#1525 = CARTESIAN_POINT('',(1.751143716321,0.252630936797));
#1526 = CARTESIAN_POINT('',(1.750769756185,0.262236177052));
#1527 = CARTESIAN_POINT('',(1.750394639208,0.271842139342));
#1528 = CARTESIAN_POINT('',(1.750121848752,0.281449078554));
#1529 = CARTESIAN_POINT('',(1.749994521276,0.291056733986));
#1530 = CARTESIAN_POINT('',(1.750005373682,0.309698836514));
#1531 = CARTESIAN_POINT('',(1.750128132055,0.31873436573));
#1532 = CARTESIAN_POINT('',(1.750359932054,0.32776915555));
#1533 = CARTESIAN_POINT('',(1.750646960164,0.336803039164));
#1534 = CARTESIAN_POINT('',(1.750907546489,0.345836283149));
#1535 = CARTESIAN_POINT('',(1.751061138586,0.354869018724));
#1536 = CARTESIAN_POINT('',(1.751079185659,0.376286318646));
#1537 = CARTESIAN_POINT('',(1.750814443707,0.388672914587));
#1538 = CARTESIAN_POINT('',(1.750171424804,0.40105682543));
#1539 = CARTESIAN_POINT('',(1.749171734996,0.413439910012));
#1540 = CARTESIAN_POINT('',(1.7481142115,0.425824724586));
#1541 = CARTESIAN_POINT('',(1.747530866086,0.438212841305));
#1542 = CARTESIAN_POINT('',(1.74754044215,0.454939102627));
#1543 = CARTESIAN_POINT('',(1.747615446151,0.459278198286));
#1544 = CARTESIAN_POINT('',(1.747767861083,0.463617456209));
#1545 = CARTESIAN_POINT('',(1.74799692997,0.467956863689));
#1546 = CARTESIAN_POINT('',(1.748292302249,0.472296407879));
#1547 = CARTESIAN_POINT('',(1.748630088186,0.476636063346));
#1548 = CARTESIAN_POINT('',(1.749180225705,0.483682296679));
#1549 = CARTESIAN_POINT('',(1.749391925123,0.48638884299));
#1550 = CARTESIAN_POINT('',(1.749593930668,0.489095409741));
#1551 = CARTESIAN_POINT('',(1.749773466519,0.49180199009));
#1552 = CARTESIAN_POINT('',(1.749914628445,0.494508578586));
#1553 = CARTESIAN_POINT('',(1.749997950342,0.497215170577));
#1554 = CARTESIAN_POINT('',(1.75000466896,0.506215522743));
#1555 = CARTESIAN_POINT('',(1.749564543302,0.512509357464));
#1556 = CARTESIAN_POINT('',(1.748976306577,0.518803108415));
#1557 = CARTESIAN_POINT('',(1.748419010028,0.525096690214));
#1558 = CARTESIAN_POINT('',(1.74798524869,0.531390064344));
#1559 = CARTESIAN_POINT('',(1.74770904059,0.537683177483));
#1560 = CARTESIAN_POINT('',(1.74734114975,0.557192755261));
#1561 = CARTESIAN_POINT('',(1.747786189365,0.570411108784));
#1562 = CARTESIAN_POINT('',(1.748926715807,0.583625133999));
#1563 = CARTESIAN_POINT('',(1.750065401223,0.596836824735));
#1564 = CARTESIAN_POINT('',(1.750795259493,0.610049474498));
#1565 = CARTESIAN_POINT('',(1.751087152514,0.623265613203));
#1566 = CARTESIAN_POINT('',(1.751055401769,0.64554122309));
#1567 = CARTESIAN_POINT('',(1.75089679317,0.654603385466));
#1568 = CARTESIAN_POINT('',(1.75063273986,0.663666058566));
#1569 = CARTESIAN_POINT('',(1.750345112423,0.672729369983));
#1570 = CARTESIAN_POINT('',(1.750116045138,0.681793586901));
#1571 = CARTESIAN_POINT('',(1.749998676057,0.690858539407));
#1572 = CARTESIAN_POINT('',(1.750001376478,0.709554076003));
#1573 = CARTESIAN_POINT('',(1.750136815107,0.719185753492));
#1574 = CARTESIAN_POINT('',(1.750417114513,0.72881668918));
#1575 = CARTESIAN_POINT('',(1.750796448821,0.738446622427));
#1576 = CARTESIAN_POINT('',(1.751168721477,0.74807581898));
#1577 = CARTESIAN_POINT('',(1.751400662484,0.757704334325));
#1578 = CARTESIAN_POINT('',(1.7514025459,0.775983576226));
#1579 = CARTESIAN_POINT('',(1.751216449107,0.784635489192));
#1580 = CARTESIAN_POINT('',(1.750777847727,0.793286392144));
#1581 = CARTESIAN_POINT('',(1.750041408254,0.801936610019));
#1582 = CARTESIAN_POINT('',(1.749026002864,0.810586848417));
#1583 = CARTESIAN_POINT('',(1.747833166193,0.819237633413));
#1584 = CARTESIAN_POINT('',(1.74584021369,0.833687376838));
#1585 = CARTESIAN_POINT('',(1.745040141034,0.83948640014));
#1586 = CARTESIAN_POINT('',(1.74429272,0.845285785364));
#1587 = CARTESIAN_POINT('',(1.743665081959,0.851085644614));
#1588 = CARTESIAN_POINT('',(1.743236411249,0.856886093636));
#1589 = CARTESIAN_POINT('',(1.743090345203,0.862687170925));
#1590 = CARTESIAN_POINT('',(1.743443346323,0.872367698285));
#1591 = CARTESIAN_POINT('',(1.743744691309,0.876246894105));
#1592 = CARTESIAN_POINT('',(1.744228216624,0.880126327649));
#1593 = CARTESIAN_POINT('',(1.744914772348,0.884005980514));
#1594 = CARTESIAN_POINT('',(1.745821538459,0.88788582764));
#1595 = CARTESIAN_POINT('',(1.74695978574,0.891765828681));
#1596 = CARTESIAN_POINT('',(1.750286319803,0.9011676169));
#1597 = CARTESIAN_POINT('',(1.75271514882,0.906689549269));
#1598 = CARTESIAN_POINT('',(1.75562740256,0.912211502077));
#1599 = CARTESIAN_POINT('',(1.758997745152,0.917733293396));
#1600 = CARTESIAN_POINT('',(1.762750032256,0.923254753115));
#1601 = CARTESIAN_POINT('',(1.766740117279,0.928775702285));
#1602 = CARTESIAN_POINT('',(1.776156942951,0.941776207735));
#1603 = CARTESIAN_POINT('',(1.781591038507,0.949255236109));
#1604 = CARTESIAN_POINT('',(1.786468574246,0.956732668206));
#1605 = CARTESIAN_POINT('',(1.789935475587,0.96420842513));
#1606 = CARTESIAN_POINT('',(1.790765562521,0.971682739807));
#1607 = CARTESIAN_POINT('',(1.787313284731,0.979156302155));
#1608 = CARTESIAN_POINT('',(1.775004642209,0.988540249387));
#1609 = CARTESIAN_POINT('',(1.772085091998,0.990450021176));
#1610 = CARTESIAN_POINT('',(1.768716420215,0.992359842288));
#1611 = CARTESIAN_POINT('',(1.764862388431,0.994269731661));
#1612 = CARTESIAN_POINT('',(1.760485041631,0.996179708316));
#1613 = CARTESIAN_POINT('',(1.755544708216,0.998089791363));
#1614 = CARTESIAN_POINT('',(1.75,1.));
#1615 = ( GEOMETRIC_REPRESENTATION_CONTEXT(2) 
PARAMETRIC_REPRESENTATION_CONTEXT() REPRESENTATION_CONTEXT('2D SPACE',''
  ) );
#1616 = ORIENTED_EDGE('',*,*,#1617,.T.);
#1617 = EDGE_CURVE('',#1310,#1618,#1620,.T.);
#1618 = VERTEX_POINT('',#1619);
#1619 = CARTESIAN_POINT('',(13.7,2.934086468697E-14,1.376314072076));
#1620 = SURFACE_CURVE('',#1621,(#1625,#1632),.PCURVE_S1.);
#1621 = LINE('',#1622,#1623);
#1622 = CARTESIAN_POINT('',(13.7,-3.355532229664E-15,0.2));
#1623 = VECTOR('',#1624,1.);
#1624 = DIRECTION('',(0.,0.,1.));
#1625 = PCURVE('',#1294,#1626);
#1626 = DEFINITIONAL_REPRESENTATION('',(#1627),#1631);
#1627 = LINE('',#1628,#1629);
#1628 = CARTESIAN_POINT('',(6.28318530718,-0.));
#1629 = VECTOR('',#1630,1.);
#1630 = DIRECTION('',(0.,1.));
#1631 = ( GEOMETRIC_REPRESENTATION_CONTEXT(2) 
PARAMETRIC_REPRESENTATION_CONTEXT() REPRESENTATION_CONTEXT('2D SPACE',''
  ) );
#1632 = PCURVE('',#1633,#1638);
#1633 = CYLINDRICAL_SURFACE('',#1634,13.7);
#1634 = AXIS2_PLACEMENT_3D('',#1635,#1636,#1637);
#1635 = CARTESIAN_POINT('',(0.,0.,0.2));
#1636 = DIRECTION('',(0.,0.,1.));
#1637 = DIRECTION('',(1.,0.,-0.));
#1638 = DEFINITIONAL_REPRESENTATION('',(#1639),#1643);
#1639 = LINE('',#1640,#1641);
#1640 = CARTESIAN_POINT('',(0.,-0.));
#1641 = VECTOR('',#1642,1.);
#1642 = DIRECTION('',(0.,1.));
#1643 = ( GEOMETRIC_REPRESENTATION_CONTEXT(2) 
PARAMETRIC_REPRESENTATION_CONTEXT() REPRESENTATION_CONTEXT('2D SPACE',''
  ) );
#1644 = ORIENTED_EDGE('',*,*,#1645,.F.);
#1645 = EDGE_CURVE('',#1646,#1618,#1648,.T.);
#1646 = VERTEX_POINT('',#1647);
#1647 = CARTESIAN_POINT('',(13.7,-6.108691004462E-15,0.376314072082));
#1648 = SURFACE_CURVE('',#1649,(#1806,#1966),.PCURVE_S1.);
#1649 = B_SPLINE_CURVE_WITH_KNOTS('',8,(#1650,#1651,#1652,#1653,#1654,
    #1655,#1656,#1657,#1658,#1659,#1660,#1661,#1662,#1663,#1664,#1665,
    #1666,#1667,#1668,#1669,#1670,#1671,#1672,#1673,#1674,#1675,#1676,
    #1677,#1678,#1679,#1680,#1681,#1682,#1683,#1684,#1685,#1686,#1687,
    #1688,#1689,#1690,#1691,#1692,#1693,#1694,#1695,#1696,#1697,#1698,
    #1699,#1700,#1701,#1702,#1703,#1704,#1705,#1706,#1707,#1708,#1709,
    #1710,#1711,#1712,#1713,#1714,#1715,#1716,#1717,#1718,#1719,#1720,
    #1721,#1722,#1723,#1724,#1725,#1726,#1727,#1728,#1729,#1730,#1731,
    #1732,#1733,#1734,#1735,#1736,#1737,#1738,#1739,#1740,#1741,#1742,
    #1743,#1744,#1745,#1746,#1747,#1748,#1749,#1750,#1751,#1752,#1753,
    #1754,#1755,#1756,#1757,#1758,#1759,#1760,#1761,#1762,#1763,#1764,
    #1765,#1766,#1767,#1768,#1769,#1770,#1771,#1772,#1773,#1774,#1775,
    #1776,#1777,#1778,#1779,#1780,#1781,#1782,#1783,#1784,#1785,#1786,
    #1787,#1788,#1789,#1790,#1791,#1792,#1793,#1794,#1795,#1796,#1797,
    #1798,#1799,#1800,#1801,#1802,#1803,#1804,#1805),.UNSPECIFIED.,.F.,
  .F.,(9,7,7,7,7,7,7,7,7,7,7,7,7,7,7,7,7,7,7,7,7,7,9),(0.,
    1.29332205823E-02,6.576961943308E-02,0.103826448876,0.13084578174,
    0.234430725194,0.302186880773,0.364179686664,0.413965276839,
    0.449971101102,0.481139650722,0.500137016646,0.518985537699,
    0.54398368411,0.636710331826,0.699809458462,0.767450073442,
    0.828218180384,0.857226632238,0.895761081081,0.934667184643,
    0.986920179045,1.),.UNSPECIFIED.);
#1650 = CARTESIAN_POINT('',(13.7,-2.13162820728E-14,0.376314072083));
#1651 = CARTESIAN_POINT('',(13.7,0.139081491692,0.377930173238));
#1652 = CARTESIAN_POINT('',(13.698386322962,0.278177169694,
    0.379546186333));
#1653 = CARTESIAN_POINT('',(13.695158442794,0.417262962624,
    0.381162122208));
#1654 = CARTESIAN_POINT('',(13.690316281609,0.556315054956,0.38277799167
    ));
#1655 = CARTESIAN_POINT('',(13.683860209726,0.695309887021,
    0.384393805487));
#1656 = CARTESIAN_POINT('',(13.675791045669,0.834224155009,
    0.386009574391));
#1657 = CARTESIAN_POINT('',(13.666110056168,0.973034810966,
    0.387625309079));
#1658 = CARTESIAN_POINT('',(13.608691152192,1.678289191045,
    0.395841723978));
#1659 = CARTESIAN_POINT('',(13.535691287688,2.24273808922,0.402441900366
    ));
#1660 = CARTESIAN_POINT('',(13.435933847547,2.803526029943,
    0.409042455825));
#1661 = CARTESIAN_POINT('',(13.309643097856,3.359150833475,
    0.415643928753));
#1662 = CARTESIAN_POINT('',(13.15714218267,3.908145661881,0.422246588296
    ));
#1663 = CARTESIAN_POINT('',(12.978846576355,4.44907784206,0.428850505901
    ));
#1664 = CARTESIAN_POINT('',(12.775261891492,4.98054871763,0.4354555996)
  );
#1665 = CARTESIAN_POINT('',(12.382564256496,5.876203601054,
    0.446819836277));
#1666 = CARTESIAN_POINT('',(12.205331776609,6.245598461421,
    0.451578542933));
#1667 = CARTESIAN_POINT('',(12.015513418904,6.608866693609,
    0.456337647662));
#1668 = CARTESIAN_POINT('',(11.813357070868,6.965508821731,
    0.461097040364));
#1669 = CARTESIAN_POINT('',(11.59913372281,7.315038457337,0.465856617081
    ));
#1670 = CARTESIAN_POINT('',(11.373137499412,7.656982445579,
    0.470616272879));
#1671 = CARTESIAN_POINT('',(11.135685691278,7.99088101138,0.475375894743
    ));
#1672 = CARTESIAN_POINT('',(10.710642920324,8.547318112793,
    0.483514443798));
#1673 = CARTESIAN_POINT('',(10.528563387605,8.774069337786,
    0.486893470265));
#1674 = CARTESIAN_POINT('',(10.341001709579,8.996382425016,
    0.490272393892));
#1675 = CARTESIAN_POINT('',(10.148084445321,9.214102783523,
    0.493651186345));
#1676 = CARTESIAN_POINT('',(9.949943183581,9.427080391937,0.497029827796
    ));
#1677 = CARTESIAN_POINT('',(9.746714534631,9.635169803468,0.500408303783
    ));
#1678 = CARTESIAN_POINT('',(9.538540122113,9.838230150893,0.503786602072
    ));
#1679 = CARTESIAN_POINT('',(8.509082579592,10.794802005452,
    0.520115475929));
#1680 = CARTESIAN_POINT('',(7.621809526699,11.477797117262,0.53306746042
    ));
#1681 = CARTESIAN_POINT('',(6.672288850903,12.077022709538,0.54601431493
    ));
#1682 = CARTESIAN_POINT('',(5.669855360738,12.586019172378,
    0.558957154792));
#1683 = CARTESIAN_POINT('',(4.624421013021,12.999563624714,
    0.571899368685));
#1684 = CARTESIAN_POINT('',(3.54646549247,13.313692070184,0.584844148269
    ));
#1685 = CARTESIAN_POINT('',(2.44701347445,13.525692582844,0.597792625778
    ));
#1686 = CARTESIAN_POINT('',(0.612223846514,13.705717335168,0.61920729147
    ));
#1687 = CARTESIAN_POINT('',(-0.117707454228,13.732784991252,
    0.627676896866));
#1688 = CARTESIAN_POINT('',(-0.848818316892,13.715408495195,
    0.63614713304));
#1689 = CARTESIAN_POINT('',(-1.577948059795,13.653558208251,
    0.644617890405));
#1690 = CARTESIAN_POINT('',(-2.30196493196,13.547467665276,
    0.653089273821));
#1691 = CARTESIAN_POINT('',(-3.017766460777,13.397623823883,
    0.661561312419));
#1692 = CARTESIAN_POINT('',(-3.722282018861,13.204776486908,
    0.670033685524));
#1693 = CARTESIAN_POINT('',(-5.043965051364,12.755130251543,
    0.686256632932));
#1694 = CARTESIAN_POINT('',(-5.663523513829,12.505146501999,
    0.694008013753));
#1695 = CARTESIAN_POINT('',(-6.268832839649,12.220799632024,
    0.701758979565));
#1696 = CARTESIAN_POINT('',(-6.857672773866,11.903050299031,
    0.709509328959));
#1697 = CARTESIAN_POINT('',(-7.427915142886,11.553020625495,
    0.717259115813));
#1698 = CARTESIAN_POINT('',(-7.977521718483,11.171988858155,
    0.725008463023));
#1699 = CARTESIAN_POINT('',(-8.504547767373,10.761393896302,
    0.732757360842));
#1700 = CARTESIAN_POINT('',(-9.410785425104,9.970660723743,
    0.746727836098));
#1701 = CARTESIAN_POINT('',(-9.798688222682,9.600428580643,
    0.752950005226));
#1702 = CARTESIAN_POINT('',(-10.16990839214,9.212981434954,
    0.759171850035));
#1703 = CARTESIAN_POINT('',(-10.52355747667,8.809200538955,
    0.765393428346));
#1704 = CARTESIAN_POINT('',(-10.85880641876,8.390017075698,
    0.771614887427));
#1705 = CARTESIAN_POINT('',(-11.17488449224,7.956411009235,
    0.777836385712));
#1706 = CARTESIAN_POINT('',(-11.471080597,7.509411931468,0.784058011802)
  );
#1707 = CARTESIAN_POINT('',(-11.94611370151,6.717920726049,
    0.794779336847));
#1708 = CARTESIAN_POINT('',(-12.13474574382,6.379294797794,
    0.799279080378));
#1709 = CARTESIAN_POINT('',(-12.31239891882,6.034631108688,
    0.803778934987));
#1710 = CARTESIAN_POINT('',(-12.47884851477,5.684345599387,
    0.808278926763));
#1711 = CARTESIAN_POINT('',(-12.63388925378,5.328863121092,
    0.812779089193));
#1712 = CARTESIAN_POINT('',(-12.77733531278,4.968617393247,
    0.817279448107));
#1713 = CARTESIAN_POINT('',(-12.90902034459,4.604050961231,0.82178000663
    ));
#1714 = CARTESIAN_POINT('',(-13.13248295125,3.916677593998,
    0.830176794895));
#1715 = CARTESIAN_POINT('',(-13.2272459335,3.594838268327,0.834073010668
    ));
#1716 = CARTESIAN_POINT('',(-13.31299137719,3.270389710469,
    0.837969359384));
#1717 = CARTESIAN_POINT('',(-13.3896359602,2.94362703363,0.841865830409)
  );
#1718 = CARTESIAN_POINT('',(-13.45710810137,2.614847912244,
    0.845762415173));
#1719 = CARTESIAN_POINT('',(-13.51534795507,2.284352563429,
    0.849659101817));
#1720 = CARTESIAN_POINT('',(-13.56430740581,1.952443728441,
    0.853555869832));
#1721 = CARTESIAN_POINT('',(-13.62811243389,1.416451305687,
    0.859827810233));
#1722 = CARTESIAN_POINT('',(-13.64881371569,1.21306387947,0.862202957619
    ));
#1723 = CARTESIAN_POINT('',(-13.66604570397,1.009333320662,
    0.864578121291));
#1724 = CARTESIAN_POINT('',(-13.6798018455,0.805328678072,0.866953296693
    ));
#1725 = CARTESIAN_POINT('',(-13.6900772387,0.601119103264,0.869328480059
    ));
#1726 = CARTESIAN_POINT('',(-13.69686863449,0.396773849672,
    0.871703668187));
#1727 = CARTESIAN_POINT('',(-13.70017443692,0.192362271729,
    0.874078858218));
#1728 = CARTESIAN_POINT('',(-13.69981637928,-0.214853078095,
    0.878810626932));
#1729 = CARTESIAN_POINT('',(-13.69620692369,-0.417657055525,
    0.881167207479));
#1730 = CARTESIAN_POINT('',(-13.68916639809,-0.62039025766,
    0.883523786092));
#1731 = CARTESIAN_POINT('',(-13.67869646753,-0.82298493882,
    0.885880359781));
#1732 = CARTESIAN_POINT('',(-13.66480039969,-1.025373459028,
    0.888236925306));
#1733 = CARTESIAN_POINT('',(-13.64748306333,-1.227488284747,
    0.89059347896));
#1734 = CARTESIAN_POINT('',(-13.62675092677,-1.42926198962,0.89295001635
    ));
#1735 = CARTESIAN_POINT('',(-13.5705975011,-1.897691094175,
    0.898431898224));
#1736 = CARTESIAN_POINT('',(-13.53259051401,-2.16403687431,
    0.901557230821));
#1737 = CARTESIAN_POINT('',(-13.48860996048,-2.429507333653,
    0.904682514739));
#1738 = CARTESIAN_POINT('',(-13.43867957535,-2.693946171845,
    0.907807739428));
#1739 = CARTESIAN_POINT('',(-13.38282796288,-2.957198055,0.910932897318)
  );
#1740 = CARTESIAN_POINT('',(-13.32108859666,-3.219108620559,
    0.914057982129));
#1741 = CARTESIAN_POINT('',(-13.25349981958,-3.479524482155,
    0.917182987175));
#1742 = CARTESIAN_POINT('',(-12.9078578558,-4.698154759482,
    0.931899284317));
#1743 = CARTESIAN_POINT('',(-12.5556679846,-5.635543128001,
    0.943491740247));
#1744 = CARTESIAN_POINT('',(-12.12576434651,-6.542403827956,
    0.955081643079));
#1745 = CARTESIAN_POINT('',(-11.6213217595,-7.411250346458,
    0.966669285858));
#1746 = CARTESIAN_POINT('',(-11.04629391119,-8.235084369851,
    0.978256429497));
#1747 = CARTESIAN_POINT('',(-10.40535816967,-9.007368165845,
    0.989844964524));
#1748 = CARTESIAN_POINT('',(-9.703964914017,-9.722062960787,
    1.001435523285));
#1749 = CARTESIAN_POINT('',(-8.434390735048,-10.81720866104,
    1.020911263861));
#1750 = CARTESIAN_POINT('',(-7.895158700482,-11.23157278629,
    1.028798514311));
#1751 = CARTESIAN_POINT('',(-7.332741152016,-11.61514736871,
    1.036686227967));
#1752 = CARTESIAN_POINT('',(-6.749199975346,-11.96642965421,
    1.044574385753));
#1753 = CARTESIAN_POINT('',(-6.146695807898,-12.28409017917,
    1.052463115035));
#1754 = CARTESIAN_POINT('',(-5.527484123383,-12.56696769894,
    1.060352470672));
#1755 = CARTESIAN_POINT('',(-4.893917540959,-12.81407513239,
    1.068242232747));
#1756 = CARTESIAN_POINT('',(-3.556534693814,-13.25031139138,
    1.084589046229));
#1757 = CARTESIAN_POINT('',(-2.850873006199,-13.43401043948,
    1.093046918572));
#1758 = CARTESIAN_POINT('',(-2.134500407709,-13.57471602672,
    1.101504413435));
#1759 = CARTESIAN_POINT('',(-1.410480833825,-13.67172031151,
    1.109961214289));
#1760 = CARTESIAN_POINT('',(-0.681906633765,-13.72457688407,
    1.11841735754));
#1761 = CARTESIAN_POINT('',(4.810385821558E-02,-13.73309140734,
    1.126872959993));
#1762 = CARTESIAN_POINT('',(0.776406770036,-13.69733126573,
    1.135327928895));
#1763 = CARTESIAN_POINT('',(2.149753257694,-13.54607262612,
    1.151376454015));
#1764 = CARTESIAN_POINT('',(2.795795269135,-13.43903865901,
    1.158970914385));
#1765 = CARTESIAN_POINT('',(3.435665122749,-13.29680020316,
    1.166564682934));
#1766 = CARTESIAN_POINT('',(4.067124756167,-13.11978409336,
    1.174157854316));
#1767 = CARTESIAN_POINT('',(4.687986325213,-12.90858138008,
    1.181750779714));
#1768 = CARTESIAN_POINT('',(5.296111395289,-12.66394225677,
    1.189343860852));
#1769 = CARTESIAN_POINT('',(5.889413112679,-12.38678065091,
    1.196937328867));
#1770 = CARTESIAN_POINT('',(6.741036475555,-11.93087796307,
    1.208155950291));
#1771 = CARTESIAN_POINT('',(7.012376502426,-11.77640227344,
    1.211781011425));
#1772 = CARTESIAN_POINT('',(7.279663069754,-11.61487834756,
    1.215406206604));
#1773 = CARTESIAN_POINT('',(7.542682737921,-11.44643065452,
    1.219031558478));
#1774 = CARTESIAN_POINT('',(7.80122700451,-11.27119119014,1.222657091536
    ));
#1775 = CARTESIAN_POINT('',(8.055092314494,-11.08929947231,
    1.226282826427));
#1776 = CARTESIAN_POINT('',(8.304080070417,-10.9009025364,1.229908774288
    ));
#1777 = CARTESIAN_POINT('',(8.872012233601,-10.44745475281,
    1.238351870415));
#1778 = CARTESIAN_POINT('',(9.187081815537,-10.17754585766,
    1.243169218569));
#1779 = CARTESIAN_POINT('',(9.492750467214,-9.896791668029,
    1.247986949918));
#1780 = CARTESIAN_POINT('',(9.788583121046,-9.605575435206,
    1.252805055387));
#1781 = CARTESIAN_POINT('',(10.074164638981,-9.304300195235,
    1.257623523005));
#1782 = CARTESIAN_POINT('',(10.349099888475,-8.993388725206,
    1.262442318472));
#1783 = CARTESIAN_POINT('',(10.613013818448,-8.673283499565,
    1.267261365722));
#1784 = CARTESIAN_POINT('',(11.120524912521,-8.012438247504,
    1.276946168818));
#1785 = CARTESIAN_POINT('',(11.363904779467,-7.671524810625,
    1.281811987568));
#1786 = CARTESIAN_POINT('',(11.595326016538,-7.32218231767,
    1.286677846099));
#1787 = CARTESIAN_POINT('',(11.814448841815,-6.96490153569,
    1.291543623689));
#1788 = CARTESIAN_POINT('',(12.020958777393,-6.600187851311,
    1.296409208634));
#1789 = CARTESIAN_POINT('',(12.214566615767,-6.228561105136,
    1.301274490346));
#1790 = CARTESIAN_POINT('',(12.395008386218,-5.850555426153,
    1.30613935145));
#1791 = CARTESIAN_POINT('',(12.786384929366,-4.951206143121,
    1.31753668833));
#1792 = CARTESIAN_POINT('',(12.986546877266,-4.425172241423,
    1.324068769091));
#1793 = CARTESIAN_POINT('',(13.161956547341,-3.889937795213,
    1.330599697029));
#1794 = CARTESIAN_POINT('',(13.312127540615,-3.346856606983,
    1.337129397495));
#1795 = CARTESIAN_POINT('',(13.436659732478,-2.79731503222,
    1.343657943462));
#1796 = CARTESIAN_POINT('',(13.535241404747,-2.242732130073,
    1.350185597956));
#1797 = CARTESIAN_POINT('',(13.607655454021,-1.684560780056,
    1.356712881768));
#1798 = CARTESIAN_POINT('',(13.665337863628,-0.984044317588,
    1.364874682958));
#1799 = CARTESIAN_POINT('',(13.675239363606,-0.843668001804,
    1.366508722795));
#1800 = CARTESIAN_POINT('',(13.683492377854,-0.703184378296,
    1.368142796996));
#1801 = CARTESIAN_POINT('',(13.690095576274,-0.562617275438,
    1.369776916626));
#1802 = CARTESIAN_POINT('',(13.695048097064,-0.421990789089,
    1.371411092789));
#1803 = CARTESIAN_POINT('',(13.698349546713,-0.281329282595,
    1.373045336627));
#1804 = CARTESIAN_POINT('',(13.7,-0.140657386792,1.374679659319));
#1805 = CARTESIAN_POINT('',(13.7,-1.95399252334E-14,1.376314072083));
#1806 = PCURVE('',#1294,#1807);
#1807 = DEFINITIONAL_REPRESENTATION('',(#1808),#1965);
#1808 = B_SPLINE_CURVE_WITH_KNOTS('',8,(#1809,#1810,#1811,#1812,#1813,
    #1814,#1815,#1816,#1817,#1818,#1819,#1820,#1821,#1822,#1823,#1824,
    #1825,#1826,#1827,#1828,#1829,#1830,#1831,#1832,#1833,#1834,#1835,
    #1836,#1837,#1838,#1839,#1840,#1841,#1842,#1843,#1844,#1845,#1846,
    #1847,#1848,#1849,#1850,#1851,#1852,#1853,#1854,#1855,#1856,#1857,
    #1858,#1859,#1860,#1861,#1862,#1863,#1864,#1865,#1866,#1867,#1868,
    #1869,#1870,#1871,#1872,#1873,#1874,#1875,#1876,#1877,#1878,#1879,
    #1880,#1881,#1882,#1883,#1884,#1885,#1886,#1887,#1888,#1889,#1890,
    #1891,#1892,#1893,#1894,#1895,#1896,#1897,#1898,#1899,#1900,#1901,
    #1902,#1903,#1904,#1905,#1906,#1907,#1908,#1909,#1910,#1911,#1912,
    #1913,#1914,#1915,#1916,#1917,#1918,#1919,#1920,#1921,#1922,#1923,
    #1924,#1925,#1926,#1927,#1928,#1929,#1930,#1931,#1932,#1933,#1934,
    #1935,#1936,#1937,#1938,#1939,#1940,#1941,#1942,#1943,#1944,#1945,
    #1946,#1947,#1948,#1949,#1950,#1951,#1952,#1953,#1954,#1955,#1956,
    #1957,#1958,#1959,#1960,#1961,#1962,#1963,#1964),.UNSPECIFIED.,.F.,
  .F.,(9,7,7,7,7,7,7,7,7,7,7,7,7,7,7,7,7,7,7,7,7,7,9),(0.,
    1.29332205823E-02,6.576961943308E-02,0.103826448876,0.13084578174,
    0.234430725194,0.302186880773,0.364179686664,0.413965276839,
    0.449971101102,0.481139650722,0.500137016646,0.518985537699,
    0.54398368411,0.636710331826,0.699809458462,0.767450073442,
    0.828218180384,0.857226632238,0.895761081081,0.934667184643,
    0.986920179045,1.),.UNSPECIFIED.);
#1809 = CARTESIAN_POINT('',(0.,0.176314072083));
#1810 = CARTESIAN_POINT('',(1.015193370015E-02,0.177930173238));
#1811 = CARTESIAN_POINT('',(2.030490205864E-02,0.179546186333));
#1812 = CARTESIAN_POINT('',(3.045874411197E-02,0.181162122208));
#1813 = CARTESIAN_POINT('',(4.061331709025E-02,0.18277799167));
#1814 = CARTESIAN_POINT('',(5.076849641722E-02,0.184393805487));
#1815 = CARTESIAN_POINT('',(6.092417571023E-02,0.186009574391));
#1816 = CARTESIAN_POINT('',(7.108026678026E-02,0.187625309079));
#1817 = CARTESIAN_POINT('',(0.122729020407,0.195841723978));
#1818 = CARTESIAN_POINT('',(0.164226179325,0.202441900366));
#1819 = CARTESIAN_POINT('',(0.205724358555,0.209042455825));
#1820 = CARTESIAN_POINT('',(0.247221854011,0.215643928753));
#1821 = CARTESIAN_POINT('',(0.288718319604,0.222246588296));
#1822 = CARTESIAN_POINT('',(0.3302141136,0.228850505901));
#1823 = CARTESIAN_POINT('',(0.371709747097,0.2354555996));
#1824 = CARTESIAN_POINT('',(0.44309381339,0.246819836277));
#1825 = CARTESIAN_POINT('',(0.472982367342,0.251578542933));
#1826 = CARTESIAN_POINT('',(0.502870935214,0.256337647662));
#1827 = CARTESIAN_POINT('',(0.53275954847,0.261097040364));
#1828 = CARTESIAN_POINT('',(0.562648322767,0.265856617081));
#1829 = CARTESIAN_POINT('',(0.592537349427,0.270616272879));
#1830 = CARTESIAN_POINT('',(0.622426586918,0.275375894743));
#1831 = CARTESIAN_POINT('',(0.673536261785,0.283514443798));
#1832 = CARTESIAN_POINT('',(0.694756856097,0.286893470265));
#1833 = CARTESIAN_POINT('',(0.715977480017,0.290272393892));
#1834 = CARTESIAN_POINT('',(0.73719812026,0.293651186345));
#1835 = CARTESIAN_POINT('',(0.758418785008,0.297029827796));
#1836 = CARTESIAN_POINT('',(0.779639483418,0.300408303783));
#1837 = CARTESIAN_POINT('',(0.80086020513,0.303786602072));
#1838 = CARTESIAN_POINT('',(0.903435404919,0.320115475929));
#1839 = CARTESIAN_POINT('',(0.984814790483,0.33306746042));
#1840 = CARTESIAN_POINT('',(1.066181099408,0.34601431493));
#1841 = CARTESIAN_POINT('',(1.147536341303,0.358957154792));
#1842 = CARTESIAN_POINT('',(1.228891633433,0.371899368685));
#1843 = CARTESIAN_POINT('',(1.310258065938,0.384844148269));
#1844 = CARTESIAN_POINT('',(1.391637556068,0.397792625778));
#1845 = CARTESIAN_POINT('',(1.526206917548,0.41920729147));
#1846 = CARTESIAN_POINT('',(1.579424844492,0.427676896866));
#1847 = CARTESIAN_POINT('',(1.632641428083,0.43614713304));
#1848 = CARTESIAN_POINT('',(1.685856335313,0.444617890405));
#1849 = CARTESIAN_POINT('',(1.739071242258,0.453089273821));
#1850 = CARTESIAN_POINT('',(1.792287824327,0.461561312419));
#1851 = CARTESIAN_POINT('',(1.845505746603,0.470033685524));
#1852 = CARTESIAN_POINT('',(1.947409093225,0.486256632932));
#1853 = CARTESIAN_POINT('',(1.996099471531,0.494008013753));
#1854 = CARTESIAN_POINT('',(2.044788986709,0.501758979565));
#1855 = CARTESIAN_POINT('',(2.093477424055,0.509509328959));
#1856 = CARTESIAN_POINT('',(2.142165862747,0.517259115813));
#1857 = CARTESIAN_POINT('',(2.190855381876,0.525008463023));
#1858 = CARTESIAN_POINT('',(2.239545766448,0.532757360842));
#1859 = CARTESIAN_POINT('',(2.327335251428,0.546727836098));
#1860 = CARTESIAN_POINT('',(2.366436953537,0.552950005226));
#1861 = CARTESIAN_POINT('',(2.405538368762,0.559171850035));
#1862 = CARTESIAN_POINT('',(2.444639419465,0.565393428346));
#1863 = CARTESIAN_POINT('',(2.483740466295,0.571614887427));
#1864 = CARTESIAN_POINT('',(2.5228418724,0.577836385712));
#1865 = CARTESIAN_POINT('',(2.561943566852,0.584058011802));
#1866 = CARTESIAN_POINT('',(2.6293231751,0.594779336847));
#1867 = CARTESIAN_POINT('',(2.657601870178,0.599279080378));
#1868 = CARTESIAN_POINT('',(2.685880509088,0.603778934987));
#1869 = CARTESIAN_POINT('',(2.71415907834,0.608278926763));
#1870 = CARTESIAN_POINT('',(2.742437649202,0.612779089193));
#1871 = CARTESIAN_POINT('',(2.770716292538,0.617279448107));
#1872 = CARTESIAN_POINT('',(2.798994993648,0.62178000663));
#1873 = CARTESIAN_POINT('',(2.851752998928,0.630176794895));
#1874 = CARTESIAN_POINT('',(2.876232507417,0.634073010668));
#1875 = CARTESIAN_POINT('',(2.900711993237,0.637969359384));
#1876 = CARTESIAN_POINT('',(2.925191443364,0.641865830409));
#1877 = CARTESIAN_POINT('',(2.94967088927,0.645762415173));
#1878 = CARTESIAN_POINT('',(2.974150365093,0.649659101817));
#1879 = CARTESIAN_POINT('',(2.998629865818,0.653555869832));
#1880 = CARTESIAN_POINT('',(3.038029629878,0.659827810233));
#1881 = CARTESIAN_POINT('',(3.052949959136,0.662202957619));
#1882 = CARTESIAN_POINT('',(3.067870286548,0.664578121291));
#1883 = CARTESIAN_POINT('',(3.082790612194,0.666953296693));
#1884 = CARTESIAN_POINT('',(3.097710939361,0.669328480059));
#1885 = CARTESIAN_POINT('',(3.112631271004,0.671703668187));
#1886 = CARTESIAN_POINT('',(3.127551606203,0.674078858218));
#1887 = CARTESIAN_POINT('',(3.157275365856,0.678810626932));
#1888 = CARTESIAN_POINT('',(3.172078801826,0.681167207479));
#1889 = CARTESIAN_POINT('',(3.186882235239,0.683523786092));
#1890 = CARTESIAN_POINT('',(3.201685664357,0.685880359781));
#1891 = CARTESIAN_POINT('',(3.216489091591,0.688236925306));
#1892 = CARTESIAN_POINT('',(3.231292520086,0.69059347896));
#1893 = CARTESIAN_POINT('',(3.24609595031,0.69295001635));
#1894 = CARTESIAN_POINT('',(3.280532652807,0.698431898224));
#1895 = CARTESIAN_POINT('',(3.300165950029,0.701557230821));
#1896 = CARTESIAN_POINT('',(3.319799239087,0.704682514739));
#1897 = CARTESIAN_POINT('',(3.339432518231,0.707807739428));
#1898 = CARTESIAN_POINT('',(3.359065799286,0.710932897318));
#1899 = CARTESIAN_POINT('',(3.378699093739,0.714057982129));
#1900 = CARTESIAN_POINT('',(3.398332398831,0.717182987175));
#1901 = CARTESIAN_POINT('',(3.490792230659,0.731899284317));
#1902 = CARTESIAN_POINT('',(3.563632909682,0.743491740247));
#1903 = CARTESIAN_POINT('',(3.636466259372,0.755081643079));
#1904 = CARTESIAN_POINT('',(3.709292873856,0.766669285858));
#1905 = CARTESIAN_POINT('',(3.782119585972,0.778256429497));
#1906 = CARTESIAN_POINT('',(3.854953195076,0.789844964524));
#1907 = CARTESIAN_POINT('',(3.927794115564,0.801435523285));
#1908 = CARTESIAN_POINT('',(4.050177490024,0.820911263861));
#1909 = CARTESIAN_POINT('',(4.099736783758,0.828798514311));
#1910 = CARTESIAN_POINT('',(4.14929513716,0.836686227967));
#1911 = CARTESIAN_POINT('',(4.198852311149,0.844574385753));
#1912 = CARTESIAN_POINT('',(4.248409481582,0.852463115035));
#1913 = CARTESIAN_POINT('',(4.297967826667,0.860352470672));
#1914 = CARTESIAN_POINT('',(4.347527114059,0.868242232747));
#1915 = CARTESIAN_POINT('',(4.450208282816,0.884589046229));
#1916 = CARTESIAN_POINT('',(4.503335267612,0.893046918572));
#1917 = CARTESIAN_POINT('',(4.556460924306,0.901504413435));
#1918 = CARTESIAN_POINT('',(4.609584920173,0.909961214289));
#1919 = CARTESIAN_POINT('',(4.66270891642,0.91841735754));
#1920 = CARTESIAN_POINT('',(4.715834575745,0.926872959993));
#1921 = CARTESIAN_POINT('',(4.768961568535,0.935327928895));
#1922 = CARTESIAN_POINT('',(4.869812013502,0.951376454015));
#1923 = CARTESIAN_POINT('',(4.91754021795,0.958970914385));
#1924 = CARTESIAN_POINT('',(4.965267639029,0.966564682934));
#1925 = CARTESIAN_POINT('',(5.01299407222,0.974157854316));
#1926 = CARTESIAN_POINT('',(5.060720489142,0.981750779714));
#1927 = CARTESIAN_POINT('',(5.108447865901,0.989343860852));
#1928 = CARTESIAN_POINT('',(5.156176011111,0.996937328867));
#1929 = CARTESIAN_POINT('',(5.22668520745,1.008155950291));
#1930 = CARTESIAN_POINT('',(5.249468064272,1.011781011425));
#1931 = CARTESIAN_POINT('',(5.272250903036,1.015406206604));
#1932 = CARTESIAN_POINT('',(5.295033720572,1.019031558478));
#1933 = CARTESIAN_POINT('',(5.317816542371,1.022657091536));
#1934 = CARTESIAN_POINT('',(5.340599393375,1.026282826427));
#1935 = CARTESIAN_POINT('',(5.36338226877,1.029908774288));
#1936 = CARTESIAN_POINT('',(5.416429526806,1.038351870415));
#1937 = CARTESIAN_POINT('',(5.44669413456,1.043169218569));
#1938 = CARTESIAN_POINT('',(5.476958665986,1.047986949918));
#1939 = CARTESIAN_POINT('',(5.507223090704,1.052805055387));
#1940 = CARTESIAN_POINT('',(5.537487491101,1.057623523005));
#1941 = CARTESIAN_POINT('',(5.567751943421,1.062442318472));
#1942 = CARTESIAN_POINT('',(5.598016398862,1.067261365722));
#1943 = CARTESIAN_POINT('',(5.658836620451,1.076946168818));
#1944 = CARTESIAN_POINT('',(5.689392765561,1.081811987568));
#1945 = CARTESIAN_POINT('',(5.719948685692,1.086677846099));
#1946 = CARTESIAN_POINT('',(5.750504335063,1.091543623689));
#1947 = CARTESIAN_POINT('',(5.781059815414,1.096409208634));
#1948 = CARTESIAN_POINT('',(5.811615255011,1.101274490346));
#1949 = CARTESIAN_POINT('',(5.842170687649,1.10613935145));
#1950 = CARTESIAN_POINT('',(5.913763271503,1.11753668833));
#1951 = CARTESIAN_POINT('',(5.954800565848,1.124068769091));
#1952 = CARTESIAN_POINT('',(5.995838037612,1.130599697029));
#1953 = CARTESIAN_POINT('',(6.03687617568,1.137129397495));
#1954 = CARTESIAN_POINT('',(6.077915309989,1.143657943462));
#1955 = CARTESIAN_POINT('',(6.118955089655,1.150185597956));
#1956 = CARTESIAN_POINT('',(6.159993864128,1.156712881768));
#1957 = CARTESIAN_POINT('',(6.211299507402,1.164874682958));
#1958 = CARTESIAN_POINT('',(6.221570702734,1.166508722795));
#1959 = CARTESIAN_POINT('',(6.231841481963,1.168142796996));
#1960 = CARTESIAN_POINT('',(6.24211175468,1.169776916626));
#1961 = CARTESIAN_POINT('',(6.252381411475,1.171411092789));
#1962 = CARTESIAN_POINT('',(6.262650323933,1.173045336627));
#1963 = CARTESIAN_POINT('',(6.27291834464,1.174679659319));
#1964 = CARTESIAN_POINT('',(6.28318530718,1.176314072083));
#1965 = ( GEOMETRIC_REPRESENTATION_CONTEXT(2) 
PARAMETRIC_REPRESENTATION_CONTEXT() REPRESENTATION_CONTEXT('2D SPACE',''
  ) );
#1966 = PCURVE('',#1967,#1990);
#1967 = ( BOUNDED_SURFACE() B_SPLINE_SURFACE(1,6,(
    (#1968,#1969,#1970,#1971,#1972,#1973,#1974,#1975,#1976,#1977,#1978)
    ,(#1979,#1980,#1981,#1982,#1983,#1984,#1985,#1986,#1987,#1988,#1989
)),.UNSPECIFIED.,.F.,.F.,.F.) B_SPLINE_SURFACE_WITH_KNOTS((2,2),(7,4,7),
(5.,6.),(0.,0.5,1.),.UNSPECIFIED.) GEOMETRIC_REPRESENTATION_ITEM() 
RATIONAL_B_SPLINE_SURFACE((
    (1.,1.,1.,1.,1.,1.,1.,1.,1.,1.,1.)
,(1.,1.,1.,1.,1.,1.,1.,1.,1.,1.,1.
  ))) REPRESENTATION_ITEM('') SURFACE() );
#1968 = CARTESIAN_POINT('',(13.749999999988,9.013227006196E-15,
    0.376314072081));
#1969 = CARTESIAN_POINT('',(13.701445579726,7.197831642732,
    0.459647405417));
#1970 = CARTESIAN_POINT('',(9.369136897315,14.395663285456,
    0.542980738895));
#1971 = CARTESIAN_POINT('',(-8.163211907779E-02,18.087075014376,
    0.626314072578));
#1972 = CARTESIAN_POINT('',(-9.244513885323,14.395663285451,
    0.709647406238));
#1973 = CARTESIAN_POINT('',(-18.25548611467,-1.234089265889E-11,
    0.876314073222));
#1974 = CARTESIAN_POINT('',(-9.2445138853,-14.39566328547,1.042980739564
    ));
#1975 = CARTESIAN_POINT('',(-8.163211904475E-02,-18.08707501438,
    1.126314072571));
#1976 = CARTESIAN_POINT('',(9.369136897349,-14.39566328546,1.20964740558
    ));
#1977 = CARTESIAN_POINT('',(13.701445579762,-7.197831642731,
    1.29298073875));
#1978 = CARTESIAN_POINT('',(13.750000000024,8.035477216074E-15,
    1.376314072081));
#1979 = CARTESIAN_POINT('',(13.549999999988,-9.962179894056E-14,
    0.376314072089));
#1980 = CARTESIAN_POINT('',(13.502151825788,7.093135909731,
    0.459647405424));
#1981 = CARTESIAN_POINT('',(9.232858542566,14.186271819457,0.5429807389)
  );
#1982 = CARTESIAN_POINT('',(-8.04447428853E-02,17.823990286945,
    0.626314072578));
#1983 = CARTESIAN_POINT('',(-9.110048228801,14.186271819451,
    0.709647406233));
#1984 = CARTESIAN_POINT('',(-17.98995177119,-1.216424647386E-11,
    0.876314073213));
#1985 = CARTESIAN_POINT('',(-9.110048228778,-14.18627181947,
    1.042980739559));
#1986 = CARTESIAN_POINT('',(-8.044474285251E-02,-17.82399028695,
    1.126314072571));
#1987 = CARTESIAN_POINT('',(9.232858542601,-14.18627181946,
    1.209647405585));
#1988 = CARTESIAN_POINT('',(13.502151825824,-7.093135909731,
    1.292980738757));
#1989 = CARTESIAN_POINT('',(13.550000000024,-9.839932770773E-14,
    1.376314072089));
#1990 = DEFINITIONAL_REPRESENTATION('',(#1991),#2148);
#1991 = B_SPLINE_CURVE_WITH_KNOTS('',8,(#1992,#1993,#1994,#1995,#1996,
    #1997,#1998,#1999,#2000,#2001,#2002,#2003,#2004,#2005,#2006,#2007,
    #2008,#2009,#2010,#2011,#2012,#2013,#2014,#2015,#2016,#2017,#2018,
    #2019,#2020,#2021,#2022,#2023,#2024,#2025,#2026,#2027,#2028,#2029,
    #2030,#2031,#2032,#2033,#2034,#2035,#2036,#2037,#2038,#2039,#2040,
    #2041,#2042,#2043,#2044,#2045,#2046,#2047,#2048,#2049,#2050,#2051,
    #2052,#2053,#2054,#2055,#2056,#2057,#2058,#2059,#2060,#2061,#2062,
    #2063,#2064,#2065,#2066,#2067,#2068,#2069,#2070,#2071,#2072,#2073,
    #2074,#2075,#2076,#2077,#2078,#2079,#2080,#2081,#2082,#2083,#2084,
    #2085,#2086,#2087,#2088,#2089,#2090,#2091,#2092,#2093,#2094,#2095,
    #2096,#2097,#2098,#2099,#2100,#2101,#2102,#2103,#2104,#2105,#2106,
    #2107,#2108,#2109,#2110,#2111,#2112,#2113,#2114,#2115,#2116,#2117,
    #2118,#2119,#2120,#2121,#2122,#2123,#2124,#2125,#2126,#2127,#2128,
    #2129,#2130,#2131,#2132,#2133,#2134,#2135,#2136,#2137,#2138,#2139,
    #2140,#2141,#2142,#2143,#2144,#2145,#2146,#2147),.UNSPECIFIED.,.F.,
  .F.,(9,7,7,7,7,7,7,7,7,7,7,7,7,7,7,7,7,7,7,7,7,7,9),(0.,
    1.29332205823E-02,6.576961943308E-02,0.103826448876,0.13084578174,
    0.234430725194,0.302186880773,0.364179686664,0.413965276839,
    0.449971101102,0.481139650722,0.500137016646,0.518985537699,
    0.54398368411,0.636710331826,0.699809458462,0.767450073442,
    0.828218180384,0.857226632238,0.895761081081,0.934667184643,
    0.986920179045,1.),.UNSPECIFIED.);
#1992 = CARTESIAN_POINT('',(5.249999999942,0.));
#1993 = CARTESIAN_POINT('',(5.245308989138,1.616101155014E-03));
#1994 = CARTESIAN_POINT('',(5.241041743771,3.23211424954E-03));
#1995 = CARTESIAN_POINT('',(5.237174882999,4.848050125008E-03));
#1996 = CARTESIAN_POINT('',(5.233685775194,6.463919586567E-03));
#1997 = CARTESIAN_POINT('',(5.230552537941,8.079733403079E-03));
#1998 = CARTESIAN_POINT('',(5.22775403804,9.695502307127E-03));
#1999 = CARTESIAN_POINT('',(5.225269891503,1.131123699501E-02));
#2000 = CARTESIAN_POINT('',(5.214135940617,1.952765189115E-02));
#2001 = CARTESIAN_POINT('',(5.210110895286,2.612782827669E-02));
#2002 = CARTESIAN_POINT('',(5.209666730715,3.272838373278E-02));
#2003 = CARTESIAN_POINT('',(5.211684449686,3.932985665588E-02));
#2004 = CARTESIAN_POINT('',(5.215263482518,4.593251619396E-02));
#2005 = CARTESIAN_POINT('',(5.219709025431,5.253643379282E-02));
#2006 = CARTESIAN_POINT('',(5.224507889367,5.91415274844E-02));
#2007 = CARTESIAN_POINT('',(5.232739361806,7.050576414768E-02));
#2008 = CARTESIAN_POINT('',(5.236178773427,7.526447079811E-02));
#2009 = CARTESIAN_POINT('',(5.239474295045,8.002357552014E-02));
#2010 = CARTESIAN_POINT('',(5.242529221356,8.478296821537E-02));
#2011 = CARTESIAN_POINT('',(5.245280955174,8.954254492406E-02));
#2012 = CARTESIAN_POINT('',(5.247695021779,9.430220071414E-02));
#2013 = CARTESIAN_POINT('',(5.249759083265,9.906182257016E-02));
#2014 = CARTESIAN_POINT('',(5.252696594444,0.10720037161));
#2015 = CARTESIAN_POINT('',(5.253741744037,0.110579398071));
#2016 = CARTESIAN_POINT('',(5.254613913162,0.113958321691));
#2017 = CARTESIAN_POINT('',(5.255318690227,0.117337114137));
#2018 = CARTESIAN_POINT('',(5.255864913308,0.120715755581));
#2019 = CARTESIAN_POINT('',(5.256263842896,0.124094231561));
#2020 = CARTESIAN_POINT('',(5.256528334658,0.127472529842));
#2021 = CARTESIAN_POINT('',(5.257222833662,0.143801403663));
#2022 = CARTESIAN_POINT('',(5.255998616744,0.156753388122));
#2023 = CARTESIAN_POINT('',(5.253768729835,0.169700242598));
#2024 = CARTESIAN_POINT('',(5.251510583629,0.182643082424));
#2025 = CARTESIAN_POINT('',(5.249837284257,0.19558529628));
#2026 = CARTESIAN_POINT('',(5.248892231026,0.208530075825));
#2027 = CARTESIAN_POINT('',(5.248553100257,0.221478553295));
#2028 = CARTESIAN_POINT('',(5.248633598403,0.24289321892));
#2029 = CARTESIAN_POINT('',(5.24883122115,0.25136282429));
#2030 = CARTESIAN_POINT('',(5.249134701174,0.259833060438));
#2031 = CARTESIAN_POINT('',(5.249464656724,0.268303817777));
#2032 = CARTESIAN_POINT('',(5.249748886431,0.276775201167));
#2033 = CARTESIAN_POINT('',(5.249939192608,0.285247239739));
#2034 = CARTESIAN_POINT('',(5.250018398513,0.293719612819));
#2035 = CARTESIAN_POINT('',(5.249978493175,0.309942560179));
#2036 = CARTESIAN_POINT('',(5.249875718313,0.317693940978));
#2037 = CARTESIAN_POINT('',(5.249696597665,0.325444906768));
#2038 = CARTESIAN_POINT('',(5.249469096966,0.333195256141));
#2039 = CARTESIAN_POINT('',(5.249235395079,0.340945042975));
#2040 = CARTESIAN_POINT('',(5.249043108061,0.348694390165));
#2041 = CARTESIAN_POINT('',(5.248934127211,0.356443287966));
#2042 = CARTESIAN_POINT('',(5.248928616764,0.370413763189));
#2043 = CARTESIAN_POINT('',(5.248994623631,0.376635932304));
#2044 = CARTESIAN_POINT('',(5.249141023797,0.382857777099));
#2045 = CARTESIAN_POINT('',(5.249373120901,0.389079355397));
#2046 = CARTESIAN_POINT('',(5.249685501656,0.395300814466));
#2047 = CARTESIAN_POINT('',(5.250060667358,0.40152231274));
#2048 = CARTESIAN_POINT('',(5.250470385348,0.40774393882));
#2049 = CARTESIAN_POINT('',(5.251175827781,0.418465263848));
#2050 = CARTESIAN_POINT('',(5.251471602338,0.422965007373));
#2051 = CARTESIAN_POINT('',(5.251754396732,0.427464861975));
#2052 = CARTESIAN_POINT('',(5.252009051845,0.431964853745));
#2053 = CARTESIAN_POINT('',(5.252219814637,0.436465016169));
#2054 = CARTESIAN_POINT('',(5.252372215968,0.440965375079));
#2055 = CARTESIAN_POINT('',(5.252454948422,0.445465933597));
#2056 = CARTESIAN_POINT('',(5.252467626859,0.453862721854));
#2057 = CARTESIAN_POINT('',(5.25241666601,0.457758937624));
#2058 = CARTESIAN_POINT('',(5.252305230549,0.461655286337));
#2059 = CARTESIAN_POINT('',(5.252132696532,0.465551757359));
#2060 = CARTESIAN_POINT('',(5.251903126196,0.469448342121));
#2061 = CARTESIAN_POINT('',(5.251626947044,0.473345028763));
#2062 = CARTESIAN_POINT('',(5.251322630927,0.477241796776));
#2063 = CARTESIAN_POINT('',(5.250832926687,0.483513737176));
#2064 = CARTESIAN_POINT('',(5.250647530693,0.485888884561));
#2065 = CARTESIAN_POINT('',(5.25046856431,0.488264048232));
#2066 = CARTESIAN_POINT('',(5.250303819077,0.490639223634));
#2067 = CARTESIAN_POINT('',(5.25016263783,0.493014406999));
#2068 = CARTESIAN_POINT('',(5.250056053636,0.495389595127));
#2069 = CARTESIAN_POINT('',(5.249996928718,0.497764785158));
#2070 = CARTESIAN_POINT('',(5.250003233256,0.502496553872));
#2071 = CARTESIAN_POINT('',(5.250066465321,0.504853134419));
#2072 = CARTESIAN_POINT('',(5.250175374278,0.507209713032));
#2073 = CARTESIAN_POINT('',(5.25031750125,0.509566286722));
#2074 = CARTESIAN_POINT('',(5.250482185219,0.511922852248));
#2075 = CARTESIAN_POINT('',(5.250660404458,0.514279405903));
#2076 = CARTESIAN_POINT('',(5.250844617963,0.516635943293));
#2077 = CARTESIAN_POINT('',(5.251272625075,0.52211782517));
#2078 = CARTESIAN_POINT('',(5.251516239083,0.525243157768));
#2079 = CARTESIAN_POINT('',(5.251744975866,0.528368441688));
#2080 = CARTESIAN_POINT('',(5.251948408497,0.531493666378));
#2081 = CARTESIAN_POINT('',(5.252119580899,0.53461882427));
#2082 = CARTESIAN_POINT('',(5.252254432598,0.537743909084));
#2083 = CARTESIAN_POINT('',(5.252351223453,0.540868914132));
#2084 = CARTESIAN_POINT('',(5.252627826369,0.555585211287));
#2085 = CARTESIAN_POINT('',(5.252322588807,0.567177667229));
#2086 = CARTESIAN_POINT('',(5.25149384159,0.578767570077));
#2087 = CARTESIAN_POINT('',(5.250493347581,0.590355212874));
#2088 = CARTESIAN_POINT('',(5.249650099425,0.601942356533));
#2089 = CARTESIAN_POINT('',(5.249123794935,0.613530891584));
#2090 = CARTESIAN_POINT('',(5.248911472278,0.625121450369));
#2091 = CARTESIAN_POINT('',(5.248946056418,0.644597190991));
#2092 = CARTESIAN_POINT('',(5.249067615695,0.65248444146));
#2093 = CARTESIAN_POINT('',(5.249271625723,0.660372155136));
#2094 = CARTESIAN_POINT('',(5.249512799524,0.668260312943));
#2095 = CARTESIAN_POINT('',(5.249740764753,0.676149042246));
#2096 = CARTESIAN_POINT('',(5.249912217252,0.684038397905));
#2097 = CARTESIAN_POINT('',(5.250000130789,0.691928160002));
#2098 = CARTESIAN_POINT('',(5.249999907411,0.708274973532));
#2099 = CARTESIAN_POINT('',(5.249898595256,0.716732845899));
#2100 = CARTESIAN_POINT('',(5.249689034305,0.725190340788));
#2101 = CARTESIAN_POINT('',(5.249392891922,0.733647141667));
#2102 = CARTESIAN_POINT('',(5.249061980957,0.742103284945));
#2103 = CARTESIAN_POINT('',(5.248770309227,0.750558887423));
#2104 = CARTESIAN_POINT('',(5.248596752577,0.759013856351));
#2105 = CARTESIAN_POINT('',(5.248599787962,0.77506238152));
#2106 = CARTESIAN_POINT('',(5.248742925481,0.782656841913));
#2107 = CARTESIAN_POINT('',(5.249068951521,0.790250610484));
#2108 = CARTESIAN_POINT('',(5.249608743797,0.797843781888));
#2109 = CARTESIAN_POINT('',(5.250366069807,0.805436707308));
#2110 = CARTESIAN_POINT('',(5.251307351503,0.813029788468));
#2111 = CARTESIAN_POINT('',(5.252357995076,0.820623256504));
#2112 = CARTESIAN_POINT('',(5.253905223861,0.831841877958));
#2113 = CARTESIAN_POINT('',(5.254404410653,0.835466939102));
#2114 = CARTESIAN_POINT('',(5.25489080811,0.83909213429));
#2115 = CARTESIAN_POINT('',(5.255350301203,0.842717486173));
#2116 = CARTESIAN_POINT('',(5.255767126392,0.84634301924));
#2117 = CARTESIAN_POINT('',(5.2561243,0.84996875414));
#2118 = CARTESIAN_POINT('',(5.256404046578,0.85359470201));
#2119 = CARTESIAN_POINT('',(5.256832890526,0.862037798158));
#2120 = CARTESIAN_POINT('',(5.256908766872,0.866855146323));
#2121 = CARTESIAN_POINT('',(5.256774360287,0.871672877683));
#2122 = CARTESIAN_POINT('',(5.256386479706,0.876490983162));
#2123 = CARTESIAN_POINT('',(5.255704659545,0.881309450791));
#2124 = CARTESIAN_POINT('',(5.254695580198,0.886128246267));
#2125 = CARTESIAN_POINT('',(5.253337488546,0.890947293527));
#2126 = CARTESIAN_POINT('',(5.249895228189,0.900632096641));
#2127 = CARTESIAN_POINT('',(5.247804322417,0.9054979154));
#2128 = CARTESIAN_POINT('',(5.245346891223,0.91036377394));
#2129 = CARTESIAN_POINT('',(5.242535289076,0.915229551537));
#2130 = CARTESIAN_POINT('',(5.239405916551,0.92009513649));
#2131 = CARTESIAN_POINT('',(5.236025902043,0.924960418209));
#2132 = CARTESIAN_POINT('',(5.232499783487,0.929825279319));
#2133 = CARTESIAN_POINT('',(5.224243814155,0.941222616214));
#2134 = CARTESIAN_POINT('',(5.21951578501,0.947754696982));
#2135 = CARTESIAN_POINT('',(5.215153213825,0.954285624926));
#2136 = CARTESIAN_POINT('',(5.211657877848,0.960815325397));
#2137 = CARTESIAN_POINT('',(5.209705748612,0.967343871369));
#2138 = CARTESIAN_POINT('',(5.210169724998,0.973871525867));
#2139 = CARTESIAN_POINT('',(5.21413157111,0.980398809681));
#2140 = CARTESIAN_POINT('',(5.225073706544,0.988560610874));
#2141 = CARTESIAN_POINT('',(5.227564426999,0.990194650711));
#2142 = CARTESIAN_POINT('',(5.230375485241,0.991828724912));
#2143 = CARTESIAN_POINT('',(5.233527930241,0.993462844542));
#2144 = CARTESIAN_POINT('',(5.237043595051,0.995097020706));
#2145 = CARTESIAN_POINT('',(5.240945096808,0.996731264544));
#2146 = CARTESIAN_POINT('',(5.245255836731,0.998365587236));
#2147 = CARTESIAN_POINT('',(5.250000000121,1.));
#2148 = ( GEOMETRIC_REPRESENTATION_CONTEXT(2) 
PARAMETRIC_REPRESENTATION_CONTEXT() REPRESENTATION_CONTEXT('2D SPACE',''
  ) );
#2149 = ORIENTED_EDGE('',*,*,#2150,.F.);
#2150 = EDGE_CURVE('',#970,#1646,#2151,.T.);
#2151 = SURFACE_CURVE('',#2152,(#2156,#2163),.PCURVE_S1.);
#2152 = LINE('',#2153,#2154);
#2153 = CARTESIAN_POINT('',(13.7,-3.355532229664E-15,0.2));
#2154 = VECTOR('',#2155,1.);
#2155 = DIRECTION('',(0.,0.,1.));
#2156 = PCURVE('',#1294,#2157);
#2157 = DEFINITIONAL_REPRESENTATION('',(#2158),#2162);
#2158 = LINE('',#2159,#2160);
#2159 = CARTESIAN_POINT('',(0.,-0.));
#2160 = VECTOR('',#2161,1.);
#2161 = DIRECTION('',(0.,1.));
#2162 = ( GEOMETRIC_REPRESENTATION_CONTEXT(2) 
PARAMETRIC_REPRESENTATION_CONTEXT() REPRESENTATION_CONTEXT('2D SPACE',''
  ) );
#2163 = PCURVE('',#992,#2164);
#2164 = DEFINITIONAL_REPRESENTATION('',(#2165),#2169);
#2165 = LINE('',#2166,#2167);
#2166 = CARTESIAN_POINT('',(6.28318530718,-0.));
#2167 = VECTOR('',#2168,1.);
#2168 = DIRECTION('',(0.,1.));
#2169 = ( GEOMETRIC_REPRESENTATION_CONTEXT(2) 
PARAMETRIC_REPRESENTATION_CONTEXT() REPRESENTATION_CONTEXT('2D SPACE',''
  ) );
#2170 = ORIENTED_EDGE('',*,*,#1275,.F.);
#2171 = ADVANCED_FACE('',(#2172),#1967,.T.);
#2172 = FACE_BOUND('',#2173,.T.);
#2173 = EDGE_LOOP('',(#2174,#2230,#2249,#2250));
#2174 = ORIENTED_EDGE('',*,*,#2175,.F.);
#2175 = EDGE_CURVE('',#2176,#2178,#2180,.T.);
#2176 = VERTEX_POINT('',#2177);
#2177 = CARTESIAN_POINT('',(13.749999999994,8.008850723364E-15,
    0.376314072081));
#2178 = VERTEX_POINT('',#2179);
#2179 = CARTESIAN_POINT('',(13.750000000069,8.462613772207E-15,
    1.376314072081));
#2180 = SURFACE_CURVE('',#2181,(#2193,#2200),.PCURVE_S1.);
#2181 = ( BOUNDED_CURVE() B_SPLINE_CURVE(6,(#2182,#2183,#2184,#2185,
    #2186,#2187,#2188,#2189,#2190,#2191,#2192),.UNSPECIFIED.,.F.,.F.) 
B_SPLINE_CURVE_WITH_KNOTS((7,4,7),(0.,0.5,1.),.UNSPECIFIED.) CURVE() 
GEOMETRIC_REPRESENTATION_ITEM() RATIONAL_B_SPLINE_CURVE((1.,1.,1.,1.,1.,
1.,1.,1.,1.,1.,1.)) REPRESENTATION_ITEM('') );
#2182 = CARTESIAN_POINT('',(13.749999999988,9.013227006196E-15,
    0.376314072081));
#2183 = CARTESIAN_POINT('',(13.701445579726,7.197831642732,
    0.459647405417));
#2184 = CARTESIAN_POINT('',(9.369136897315,14.395663285456,
    0.542980738895));
#2185 = CARTESIAN_POINT('',(-8.163211907779E-02,18.087075014376,
    0.626314072578));
#2186 = CARTESIAN_POINT('',(-9.244513885323,14.395663285451,
    0.709647406238));
#2187 = CARTESIAN_POINT('',(-18.25548611467,-1.234089265889E-11,
    0.876314073222));
#2188 = CARTESIAN_POINT('',(-9.2445138853,-14.39566328547,1.042980739564
    ));
#2189 = CARTESIAN_POINT('',(-8.163211904475E-02,-18.08707501438,
    1.126314072571));
#2190 = CARTESIAN_POINT('',(9.369136897349,-14.39566328546,1.20964740558
    ));
#2191 = CARTESIAN_POINT('',(13.701445579762,-7.197831642731,
    1.29298073875));
#2192 = CARTESIAN_POINT('',(13.750000000024,8.035477216074E-15,
    1.376314072081));
#2193 = PCURVE('',#1967,#2194);
#2194 = DEFINITIONAL_REPRESENTATION('',(#2195),#2199);
#2195 = LINE('',#2196,#2197);
#2196 = CARTESIAN_POINT('',(5.,0.));
#2197 = VECTOR('',#2198,1.);
#2198 = DIRECTION('',(0.,1.));
#2199 = ( GEOMETRIC_REPRESENTATION_CONTEXT(2) 
PARAMETRIC_REPRESENTATION_CONTEXT() REPRESENTATION_CONTEXT('2D SPACE',''
  ) );
#2200 = PCURVE('',#2201,#2224);
#2201 = ( BOUNDED_SURFACE() B_SPLINE_SURFACE(1,6,(
    (#2202,#2203,#2204,#2205,#2206,#2207,#2208,#2209,#2210,#2211,#2212)
    ,(#2213,#2214,#2215,#2216,#2217,#2218,#2219,#2220,#2221,#2222,#2223
)),.UNSPECIFIED.,.F.,.F.,.F.) B_SPLINE_SURFACE_WITH_KNOTS((2,2),(7,4,7),
(4.,5.),(0.,0.5,1.),.UNSPECIFIED.) GEOMETRIC_REPRESENTATION_ITEM() 
RATIONAL_B_SPLINE_SURFACE((
    (1.,1.,1.,1.,1.,1.,1.,1.,1.,1.,1.)
,(1.,1.,1.,1.,1.,1.,1.,1.,1.,1.,1.
  ))) REPRESENTATION_ITEM('') SURFACE() );
#2202 = CARTESIAN_POINT('',(14.299999999994,3.068449769241E-13,
    0.523686127899));
#2203 = CARTESIAN_POINT('',(14.249503403059,7.485744908481,
    0.607019461234));
#2204 = CARTESIAN_POINT('',(9.743902372879,14.971489816957,
    0.690352794719));
#2205 = CARTESIAN_POINT('',(-8.489740360339E-02,18.81055801481,
    0.773686128415));
#2206 = CARTESIAN_POINT('',(-9.614294440751,14.97148981695,
    0.857019462088));
#2207 = CARTESIAN_POINT('',(-18.98570555923,-1.289580308269E-11,
    1.023686129085));
#2208 = CARTESIAN_POINT('',(-9.614294440728,-14.97148981697,
    1.190352795414));
#2209 = CARTESIAN_POINT('',(-8.48974035697E-02,-18.81055801482,
    1.273686128408));
#2210 = CARTESIAN_POINT('',(9.743902372914,-14.97148981696,
    1.357019461404));
#2211 = CARTESIAN_POINT('',(14.249503403095,-7.48574490848,
    1.440352794567));
#2212 = CARTESIAN_POINT('',(14.300000000029,2.998166193208E-13,
    1.523686127899));
#2213 = CARTESIAN_POINT('',(13.749999999988,9.013227006196E-15,
    0.376314072081));
#2214 = CARTESIAN_POINT('',(13.701445579726,7.197831642732,
    0.459647405417));
#2215 = CARTESIAN_POINT('',(9.369136897315,14.395663285456,
    0.542980738895));
#2216 = CARTESIAN_POINT('',(-8.163211907779E-02,18.087075014376,
    0.626314072578));
#2217 = CARTESIAN_POINT('',(-9.244513885323,14.395663285451,
    0.709647406238));
#2218 = CARTESIAN_POINT('',(-18.25548611467,-1.234089265889E-11,
    0.876314073222));
#2219 = CARTESIAN_POINT('',(-9.2445138853,-14.39566328547,1.042980739564
    ));
#2220 = CARTESIAN_POINT('',(-8.163211904475E-02,-18.08707501438,
    1.126314072571));
#2221 = CARTESIAN_POINT('',(9.369136897349,-14.39566328546,1.20964740558
    ));
#2222 = CARTESIAN_POINT('',(13.701445579762,-7.197831642731,
    1.29298073875));
#2223 = CARTESIAN_POINT('',(13.750000000024,8.035477216074E-15,
    1.376314072081));
#2224 = DEFINITIONAL_REPRESENTATION('',(#2225),#2229);
#2225 = LINE('',#2226,#2227);
#2226 = CARTESIAN_POINT('',(5.,0.));
#2227 = VECTOR('',#2228,1.);
#2228 = DIRECTION('',(0.,1.));
#2229 = ( GEOMETRIC_REPRESENTATION_CONTEXT(2) 
PARAMETRIC_REPRESENTATION_CONTEXT() REPRESENTATION_CONTEXT('2D SPACE',''
  ) );
#2230 = ORIENTED_EDGE('',*,*,#2231,.T.);
#2231 = EDGE_CURVE('',#2176,#1646,#2232,.T.);
#2232 = SURFACE_CURVE('',#2233,(#2236,#2242),.PCURVE_S1.);
#2233 = B_SPLINE_CURVE_WITH_KNOTS('',1,(#2234,#2235),.UNSPECIFIED.,.F.,
  .F.,(2,2),(5.,6.),.PIECEWISE_BEZIER_KNOTS.);
#2234 = CARTESIAN_POINT('',(13.75,7.004474440531E-15,0.376314072081));
#2235 = CARTESIAN_POINT('',(13.55,-1.91203607252E-14,0.376314072081));
#2236 = PCURVE('',#1967,#2237);
#2237 = DEFINITIONAL_REPRESENTATION('',(#2238),#2241);
#2238 = B_SPLINE_CURVE_WITH_KNOTS('',1,(#2239,#2240),.UNSPECIFIED.,.F.,
  .F.,(2,2),(5.,5.249999999942),.PIECEWISE_BEZIER_KNOTS.);
#2239 = CARTESIAN_POINT('',(5.,0.));
#2240 = CARTESIAN_POINT('',(5.249999999942,0.));
#2241 = ( GEOMETRIC_REPRESENTATION_CONTEXT(2) 
PARAMETRIC_REPRESENTATION_CONTEXT() REPRESENTATION_CONTEXT('2D SPACE',''
  ) );
#2242 = PCURVE('',#1024,#2243);
#2243 = DEFINITIONAL_REPRESENTATION('',(#2244),#2248);
#2244 = LINE('',#2245,#2246);
#2245 = CARTESIAN_POINT('',(0.,1.));
#2246 = VECTOR('',#2247,1.);
#2247 = DIRECTION('',(1.,0.));
#2248 = ( GEOMETRIC_REPRESENTATION_CONTEXT(2) 
PARAMETRIC_REPRESENTATION_CONTEXT() REPRESENTATION_CONTEXT('2D SPACE',''
  ) );
#2249 = ORIENTED_EDGE('',*,*,#1645,.T.);
#2250 = ORIENTED_EDGE('',*,*,#2251,.F.);
#2251 = EDGE_CURVE('',#2178,#1618,#2252,.T.);
#2252 = SURFACE_CURVE('',#2253,(#2256,#2263),.PCURVE_S1.);
#2253 = B_SPLINE_CURVE_WITH_KNOTS('',1,(#2254,#2255),.UNSPECIFIED.,.F.,
  .F.,(2,2),(5.,6.),.PIECEWISE_BEZIER_KNOTS.);
#2254 = CARTESIAN_POINT('',(13.750000000024,8.035477216074E-15,
    1.376314072081));
#2255 = CARTESIAN_POINT('',(13.550000000024,-9.839932770773E-14,
    1.376314072089));
#2256 = PCURVE('',#1967,#2257);
#2257 = DEFINITIONAL_REPRESENTATION('',(#2258),#2262);
#2258 = LINE('',#2259,#2260);
#2259 = CARTESIAN_POINT('',(0.,1.));
#2260 = VECTOR('',#2261,1.);
#2261 = DIRECTION('',(1.,0.));
#2262 = ( GEOMETRIC_REPRESENTATION_CONTEXT(2) 
PARAMETRIC_REPRESENTATION_CONTEXT() REPRESENTATION_CONTEXT('2D SPACE',''
  ) );
#2263 = PCURVE('',#2264,#2287);
#2264 = ( BOUNDED_SURFACE() B_SPLINE_SURFACE(1,6,(
    (#2265,#2266,#2267,#2268,#2269,#2270,#2271,#2272,#2273,#2274,#2275)
    ,(#2276,#2277,#2278,#2279,#2280,#2281,#2282,#2283,#2284,#2285,#2286
)),.UNSPECIFIED.,.F.,.F.,.F.) B_SPLINE_SURFACE_WITH_KNOTS((2,2),(7,4,7),
(5.,6.),(0.,0.5,1.),.UNSPECIFIED.) GEOMETRIC_REPRESENTATION_ITEM() 
RATIONAL_B_SPLINE_SURFACE((
    (1.,1.,1.,1.,1.,1.,1.,1.,1.,1.,1.)
,(1.,1.,1.,1.,1.,1.,1.,1.,1.,1.,1.
  ))) REPRESENTATION_ITEM('') SURFACE() );
#2265 = CARTESIAN_POINT('',(13.750000000113,8.889750328341E-15,
    1.376314072081));
#2266 = CARTESIAN_POINT('',(13.739702873192,5.762388212338,
    1.442980738759));
#2267 = CARTESIAN_POINT('',(10.884756038692,11.509497548309,
    1.509647404704));
#2268 = CARTESIAN_POINT('',(5.011821728084,15.483707242534,
    1.576314070001));
#2269 = CARTESIAN_POINT('',(-2.014410402113,15.700690789946,
    1.642980734957));
#2270 = CARTESIAN_POINT('',(-13.46339647716,9.781730112171,
    1.776314065546));
#2271 = CARTESIAN_POINT('',(-15.55473133402,-2.935962137904,
    1.909647398382));
#2272 = CARTESIAN_POINT('',(-13.17714258273,-9.551254386678,
    1.976314065597));
#2273 = CARTESIAN_POINT('',(-7.582608047137,-13.90864849785,
    2.042980733647));
#2274 = CARTESIAN_POINT('',(-1.23455517343,-14.84790983515,
    2.109647401803));
#2275 = CARTESIAN_POINT('',(4.248983672538,-13.07702709903,2.1763140698)
  );
#2276 = CARTESIAN_POINT('',(13.550000000113,5.409280628901E-13,
    1.376314072033));
#2277 = CARTESIAN_POINT('',(13.539852649473,5.678571656509,
    1.442980738711));
#2278 = CARTESIAN_POINT('',(10.726432314791,11.342086674691,
    1.509647404666));
#2279 = CARTESIAN_POINT('',(4.938922502817,15.258489682861,
    1.576314069983));
#2280 = CARTESIAN_POINT('',(-1.985109887243,15.472317105659,
    1.642980734964));
#2281 = CARTESIAN_POINT('',(-13.26756525566,9.639450401439,
    1.776314065593));
#2282 = CARTESIAN_POINT('',(-15.32848069639,-2.89325723399,
    1.909647398436));
#2283 = CARTESIAN_POINT('',(-12.9854750545,-9.412327050086,
    1.976314065643));
#2284 = CARTESIAN_POINT('',(-7.472315566181,-13.70634088355,
    2.042980733674));
#2285 = CARTESIAN_POINT('',(-1.216598007293,-14.63194023744,
    2.109647401807));
#2286 = CARTESIAN_POINT('',(4.187180273663,-12.88681579577,
    2.176314069785));
#2287 = DEFINITIONAL_REPRESENTATION('',(#2288),#2291);
#2288 = B_SPLINE_CURVE_WITH_KNOTS('',1,(#2289,#2290),.UNSPECIFIED.,.F.,
  .F.,(2,2),(5.,5.250000000567),.PIECEWISE_BEZIER_KNOTS.);
#2289 = CARTESIAN_POINT('',(5.,0.));
#2290 = CARTESIAN_POINT('',(5.250000000567,0.));
#2291 = ( GEOMETRIC_REPRESENTATION_CONTEXT(2) 
PARAMETRIC_REPRESENTATION_CONTEXT() REPRESENTATION_CONTEXT('2D SPACE',''
  ) );
#2292 = ADVANCED_FACE('',(#2293),#2264,.T.);
#2293 = FACE_BOUND('',#2294,.T.);
#2294 = EDGE_LOOP('',(#2295,#2349,#2350,#2664));
#2295 = ORIENTED_EDGE('',*,*,#2296,.F.);
#2296 = EDGE_CURVE('',#2178,#2297,#2299,.T.);
#2297 = VERTEX_POINT('',#2298);
#2298 = CARTESIAN_POINT('',(4.248983672555,-13.07702709908,2.1763140698)
  );
#2299 = SURFACE_CURVE('',#2300,(#2312,#2319),.PCURVE_S1.);
#2300 = ( BOUNDED_CURVE() B_SPLINE_CURVE(6,(#2301,#2302,#2303,#2304,
    #2305,#2306,#2307,#2308,#2309,#2310,#2311),.UNSPECIFIED.,.F.,.F.) 
B_SPLINE_CURVE_WITH_KNOTS((7,4,7),(0.,0.5,1.),.UNSPECIFIED.) CURVE() 
GEOMETRIC_REPRESENTATION_ITEM() RATIONAL_B_SPLINE_CURVE((1.,1.,1.,1.,1.,
1.,1.,1.,1.,1.,1.)) REPRESENTATION_ITEM('') );
#2301 = CARTESIAN_POINT('',(13.750000000113,8.889750328341E-15,
    1.376314072081));
#2302 = CARTESIAN_POINT('',(13.739702873192,5.762388212338,
    1.442980738759));
#2303 = CARTESIAN_POINT('',(10.884756038692,11.509497548309,
    1.509647404704));
#2304 = CARTESIAN_POINT('',(5.011821728084,15.483707242534,
    1.576314070001));
#2305 = CARTESIAN_POINT('',(-2.014410402113,15.700690789946,
    1.642980734957));
#2306 = CARTESIAN_POINT('',(-13.46339647716,9.781730112171,
    1.776314065546));
#2307 = CARTESIAN_POINT('',(-15.55473133402,-2.935962137904,
    1.909647398382));
#2308 = CARTESIAN_POINT('',(-13.17714258273,-9.551254386678,
    1.976314065597));
#2309 = CARTESIAN_POINT('',(-7.582608047137,-13.90864849785,
    2.042980733647));
#2310 = CARTESIAN_POINT('',(-1.23455517343,-14.84790983515,
    2.109647401803));
#2311 = CARTESIAN_POINT('',(4.248983672538,-13.07702709903,2.1763140698)
  );
#2312 = PCURVE('',#2264,#2313);
#2313 = DEFINITIONAL_REPRESENTATION('',(#2314),#2318);
#2314 = LINE('',#2315,#2316);
#2315 = CARTESIAN_POINT('',(5.,0.));
#2316 = VECTOR('',#2317,1.);
#2317 = DIRECTION('',(0.,1.));
#2318 = ( GEOMETRIC_REPRESENTATION_CONTEXT(2) 
PARAMETRIC_REPRESENTATION_CONTEXT() REPRESENTATION_CONTEXT('2D SPACE',''
  ) );
#2319 = PCURVE('',#2320,#2343);
#2320 = ( BOUNDED_SURFACE() B_SPLINE_SURFACE(1,6,(
    (#2321,#2322,#2323,#2324,#2325,#2326,#2327,#2328,#2329,#2330,#2331)
    ,(#2332,#2333,#2334,#2335,#2336,#2337,#2338,#2339,#2340,#2341,#2342
)),.UNSPECIFIED.,.F.,.F.,.F.) B_SPLINE_SURFACE_WITH_KNOTS((2,2),(7,4,7),
(4.,5.),(0.,0.5,1.),.UNSPECIFIED.) GEOMETRIC_REPRESENTATION_ITEM() 
RATIONAL_B_SPLINE_SURFACE((
    (1.,1.,1.,1.,1.,1.,1.,1.,1.,1.,1.)
,(1.,1.,1.,1.,1.,1.,1.,1.,1.,1.,1.
  ))) REPRESENTATION_ITEM('') SURFACE() );
#2321 = CARTESIAN_POINT('',(14.300000000078,-1.455519125413E-12,
    1.523686128051));
#2322 = CARTESIAN_POINT('',(14.289290988382,5.992883740865,
    1.590352794728));
#2323 = CARTESIAN_POINT('',(11.320146279382,11.969877450761,
    1.657019460646));
#2324 = CARTESIAN_POINT('',(5.212294597536,16.103055531631,
    1.723686125886));
#2325 = CARTESIAN_POINT('',(-2.094986818043,16.328718421735,
    1.790352790775));
#2326 = CARTESIAN_POINT('',(-14.00193233631,10.17299931668,
    1.923686121254));
#2327 = CARTESIAN_POINT('',(-16.17692058754,-3.053400623664,
    2.057019454069));
#2328 = CARTESIAN_POINT('',(-13.70422828538,-9.93330456231,
    2.123686121307));
#2329 = CARTESIAN_POINT('',(-7.885912369805,-14.46499443714,
    2.190352789411));
#2330 = CARTESIAN_POINT('',(-1.283937380341,-15.44182622885,
    2.257019457628));
#2331 = CARTESIAN_POINT('',(4.418943019407,-13.60010818299,
    2.323686125678));
#2332 = CARTESIAN_POINT('',(13.750000000113,8.889750328341E-15,
    1.376314072081));
#2333 = CARTESIAN_POINT('',(13.739702873192,5.762388212338,
    1.442980738759));
#2334 = CARTESIAN_POINT('',(10.884756038692,11.509497548309,
    1.509647404704));
#2335 = CARTESIAN_POINT('',(5.011821728084,15.483707242534,
    1.576314070001));
#2336 = CARTESIAN_POINT('',(-2.014410402113,15.700690789946,
    1.642980734957));
#2337 = CARTESIAN_POINT('',(-13.46339647716,9.781730112171,
    1.776314065546));
#2338 = CARTESIAN_POINT('',(-15.55473133402,-2.935962137904,
    1.909647398382));
#2339 = CARTESIAN_POINT('',(-13.17714258273,-9.551254386678,
    1.976314065597));
#2340 = CARTESIAN_POINT('',(-7.582608047137,-13.90864849785,
    2.042980733647));
#2341 = CARTESIAN_POINT('',(-1.23455517343,-14.84790983515,
    2.109647401803));
#2342 = CARTESIAN_POINT('',(4.248983672538,-13.07702709903,2.1763140698)
  );
#2343 = DEFINITIONAL_REPRESENTATION('',(#2344),#2348);
#2344 = LINE('',#2345,#2346);
#2345 = CARTESIAN_POINT('',(5.,0.));
#2346 = VECTOR('',#2347,1.);
#2347 = DIRECTION('',(0.,1.));
#2348 = ( GEOMETRIC_REPRESENTATION_CONTEXT(2) 
PARAMETRIC_REPRESENTATION_CONTEXT() REPRESENTATION_CONTEXT('2D SPACE',''
  ) );
#2349 = ORIENTED_EDGE('',*,*,#2251,.T.);
#2350 = ORIENTED_EDGE('',*,*,#2351,.T.);
#2351 = EDGE_CURVE('',#1618,#2352,#2354,.T.);
#2352 = VERTEX_POINT('',#2353);
#2353 = CARTESIAN_POINT('',(4.233532822839,-13.02947427327,
    2.176314069787));
#2354 = SURFACE_CURVE('',#2355,(#2456,#2560),.PCURVE_S1.);
#2355 = B_SPLINE_CURVE_WITH_KNOTS('',8,(#2356,#2357,#2358,#2359,#2360,
    #2361,#2362,#2363,#2364,#2365,#2366,#2367,#2368,#2369,#2370,#2371,
    #2372,#2373,#2374,#2375,#2376,#2377,#2378,#2379,#2380,#2381,#2382,
    #2383,#2384,#2385,#2386,#2387,#2388,#2389,#2390,#2391,#2392,#2393,
    #2394,#2395,#2396,#2397,#2398,#2399,#2400,#2401,#2402,#2403,#2404,
    #2405,#2406,#2407,#2408,#2409,#2410,#2411,#2412,#2413,#2414,#2415,
    #2416,#2417,#2418,#2419,#2420,#2421,#2422,#2423,#2424,#2425,#2426,
    #2427,#2428,#2429,#2430,#2431,#2432,#2433,#2434,#2435,#2436,#2437,
    #2438,#2439,#2440,#2441,#2442,#2443,#2444,#2445,#2446,#2447,#2448,
    #2449,#2450,#2451,#2452,#2453,#2454,#2455),.UNSPECIFIED.,.F.,.F.,(9,
    7,7,7,7,7,7,7,7,7,7,7,7,7,9),(0.,6.384595309446E-02,0.235386085979,
    0.306160032438,0.366080473017,0.451204823313,0.499658117602,
    0.549425566801,0.634101320683,0.695376946157,0.766182687114,
    0.863919006145,0.936286764341,0.970976595327,1.),.UNSPECIFIED.);
#2356 = CARTESIAN_POINT('',(13.7,1.42108547152E-13,1.376314072069));
#2357 = CARTESIAN_POINT('',(13.7,0.549524464657,1.382694875863));
#2358 = CARTESIAN_POINT('',(13.674808986644,1.09907409258,1.38907646807)
  );
#2359 = CARTESIAN_POINT('',(13.624422982952,1.647278222491,1.39545889219
    ));
#2360 = CARTESIAN_POINT('',(13.548930286644,2.192782971848,
    1.401842127834));
#2361 = CARTESIAN_POINT('',(13.448505107839,2.734250520896,
    1.408226113824));
#2362 = CARTESIAN_POINT('',(13.323404773154,3.270358951591,
    1.414610746846));
#2363 = CARTESIAN_POINT('',(13.173970496203,3.799802641407,
    1.420995855666));
#2364 = CARTESIAN_POINT('',(12.534908262852,5.722424488811,
    1.444537044703));
#2365 = CARTESIAN_POINT('',(11.896168438785,7.067510030263,
    1.461710981065));
#2366 = CARTESIAN_POINT('',(11.092785147291,8.329477658779,
    1.478874401568));
#2367 = CARTESIAN_POINT('',(10.138073857884,9.485378678218,
    1.496027798846));
#2368 = CARTESIAN_POINT('',(9.048166295326,10.514788592878,
    1.513178993173));
#2369 = CARTESIAN_POINT('',(7.842369463021,11.400253431049,
    1.530336023587));
#2370 = CARTESIAN_POINT('',(6.542697148483,12.126961120541,
    1.547503266485));
#2371 = CARTESIAN_POINT('',(4.611574097023,12.914893738106,
    1.571732190584));
#2372 = CARTESIAN_POINT('',(4.035830052992,13.116372969781,
    1.578809248955));
#2373 = CARTESIAN_POINT('',(3.450096686148,13.288490221599,
    1.585886421505));
#2374 = CARTESIAN_POINT('',(2.856125348024,13.430676143944,
    1.592963666874));
#2375 = CARTESIAN_POINT('',(2.255694763819,13.542487975676,1.60004105079
    ));
#2376 = CARTESIAN_POINT('',(1.650609900309,13.623606386892,
    1.607118622689));
#2377 = CARTESIAN_POINT('',(1.042702215547,13.673838817847,
    1.614196295541));
#2378 = CARTESIAN_POINT('',(-8.166651520591E-02,13.709461525128,
    1.627265805685));
#2379 = CARTESIAN_POINT('',(-0.597874552478,13.703614925167,
    1.633257938957));
#2380 = CARTESIAN_POINT('',(-1.113668622113,13.675552779307,
    1.63924996923));
#2381 = CARTESIAN_POINT('',(-1.627932593458,13.625308299829,
    1.645241855528));
#2382 = CARTESIAN_POINT('',(-2.139558118086,13.552980948799,
    1.651233623368));
#2383 = CARTESIAN_POINT('',(-2.647444633485,13.458735189186,
    1.657225310571));
#2384 = CARTESIAN_POINT('',(-3.150499656901,13.342801684451,
    1.66321691089));
#2385 = CARTESIAN_POINT('',(-4.35388743123,13.01039996126,1.677719841978
    ));
#2386 = CARTESIAN_POINT('',(-5.048252818488,12.772140565335,
    1.686231635689));
#2387 = CARTESIAN_POINT('',(-5.727594252166,12.491561312187,
    1.694743029784));
#2388 = CARTESIAN_POINT('',(-6.388906947181,12.169787749632,
    1.703254065413));
#2389 = CARTESIAN_POINT('',(-7.029310271258,11.808185218529,
    1.711765144614));
#2390 = CARTESIAN_POINT('',(-7.64604452009,11.408349355982,
    1.720276673272));
#2391 = CARTESIAN_POINT('',(-8.236476808676,10.972114303145,
    1.728788694083));
#2392 = CARTESIAN_POINT('',(-9.117804543436,10.23374686371,
    1.742145486281));
#2393 = CARTESIAN_POINT('',(-9.428176787708,9.95479113818,1.74699058674)
  );
#2394 = CARTESIAN_POINT('',(-9.728778684523,9.665092135574,
    1.751835773606));
#2395 = CARTESIAN_POINT('',(-10.01917699332,9.365050271749,1.75668103915
    ));
#2396 = CARTESIAN_POINT('',(-10.29895941104,9.055085624157,
    1.761526386629));
#2397 = CARTESIAN_POINT('',(-10.56773462291,8.735637872102,
    1.766371811711));
#2398 = CARTESIAN_POINT('',(-10.82513235338,8.407166236994,
    1.771217283888));
#2399 = CARTESIAN_POINT('',(-11.32313759476,7.723992005731,
    1.781039590514));
#2400 = CARTESIAN_POINT('',(-11.56310362266,7.368815112844,
    1.786016489096));
#2401 = CARTESIAN_POINT('',(-11.79032329885,7.005137920682,
    1.790993338635));
#2402 = CARTESIAN_POINT('',(-12.00444631788,6.633495223866,
    1.795970105224));
#2403 = CARTESIAN_POINT('',(-12.20515031322,6.254437353802,
    1.800946784825));
#2404 = CARTESIAN_POINT('',(-12.39214089997,5.868530097592,
    1.805923382054));
#2405 = CARTESIAN_POINT('',(-12.56515171744,5.476354616945,1.81089988895
    ));
#2406 = CARTESIAN_POINT('',(-12.99411898158,4.40159873799,1.824343209405
    ));
#2407 = CARTESIAN_POINT('',(-13.22315319611,3.708224825189,
    1.832810348538));
#2408 = CARTESIAN_POINT('',(-13.40985111589,3.001359013533,
    1.841277009313));
#2409 = CARTESIAN_POINT('',(-13.55330554611,2.284026345218,
    1.849743235775));
#2410 = CARTESIAN_POINT('',(-13.65286984267,1.559297247269,
    1.858209424019));
#2411 = CARTESIAN_POINT('',(-13.70814865346,0.830284474783,
    1.866675966148));
#2412 = CARTESIAN_POINT('',(-13.71900765483,0.100143269909,
    1.875142902052));
#2413 = CARTESIAN_POINT('',(-13.66142848023,-1.154792196634,
    1.889736491368));
#2414 = CARTESIAN_POINT('',(-13.61407340611,-1.680603979464,
    1.89586361682));
#2415 = CARTESIAN_POINT('',(-13.54359094109,-2.20415842288,
    1.901990831495));
#2416 = CARTESIAN_POINT('',(-13.45011066006,-2.724268324814,
    1.908118126877));
#2417 = CARTESIAN_POINT('',(-13.33383364638,-3.239760810396,
    1.914245544496));
#2418 = CARTESIAN_POINT('',(-13.19503106897,-3.749477224149,
    1.920373113031));
#2419 = CARTESIAN_POINT('',(-13.03404552291,-4.252273574141,
    1.926500787824));
#2420 = CARTESIAN_POINT('',(-12.6401218225,-5.318716964818,
    1.939709015901));
#2421 = CARTESIAN_POINT('',(-12.39987725817,-5.879692383527,
    1.946789872493));
#2422 = CARTESIAN_POINT('',(-12.13120417218,-6.428199139487,
    1.953870619818));
#2423 = CARTESIAN_POINT('',(-11.83486620012,-6.962558682147,
    1.960951170406));
#2424 = CARTESIAN_POINT('',(-11.51173903128,-7.481157881185,
    1.968031574979));
#2425 = CARTESIAN_POINT('',(-11.16280730186,-7.982447724852,
    1.975111901886));
#2426 = CARTESIAN_POINT('',(-10.78916723185,-8.464945390587,
    1.982192113079));
#2427 = CARTESIAN_POINT('',(-9.843855698912,-9.565365104277,
    1.999044532487));
#2428 = CARTESIAN_POINT('',(-9.250839022033,-10.16508496211,
    2.008817749993));
#2429 = CARTESIAN_POINT('',(-8.616201633117,-10.72262414903,
    2.018590156893));
#2430 = CARTESIAN_POINT('',(-7.943476405941,-11.23463933881,
    2.02836187692));
#2431 = CARTESIAN_POINT('',(-7.236468396947,-11.69816755252,
    2.038133637267));
#2432 = CARTESIAN_POINT('',(-6.499239660035,-12.11060933954,
    2.047906213937));
#2433 = CARTESIAN_POINT('',(-5.73612003764,-12.46974865502,
    2.057679836682));
#2434 = CARTESIAN_POINT('',(-4.370956462216,-12.99895143213,
    2.074689629418));
#2435 = CARTESIAN_POINT('',(-3.778455259422,-13.19391949144,
    2.081926716403));
#2436 = CARTESIAN_POINT('',(-3.176091995952,-13.35799312653,
    2.089164085646));
#2437 = CARTESIAN_POINT('',(-2.565750874271,-13.49059982707,
    2.096401699554));
#2438 = CARTESIAN_POINT('',(-1.949343008479,-13.59130606941,
    2.103639596194));
#2439 = CARTESIAN_POINT('',(-1.328805156426,-13.65981368049,
    2.110877735389));
#2440 = CARTESIAN_POINT('',(-0.706099927192,-13.69596363063,
    2.118115868194));
#2441 = CARTESIAN_POINT('',(0.215364223718,-13.70156095358,
    2.128822789504));
#2442 = CARTESIAN_POINT('',(0.513991489351,-13.69593749756,
    2.132292073975));
#2443 = CARTESIAN_POINT('',(0.81244766922,-13.68287560256,2.135761250286
    ));
#2444 = CARTESIAN_POINT('',(1.110516635021,-13.66238148169,
    2.139230290733));
#2445 = CARTESIAN_POINT('',(1.40798280522,-13.63446885616,2.142699171332
    ));
#2446 = CARTESIAN_POINT('',(1.704631156383,-13.59915896587,
    2.146167870368));
#2447 = CARTESIAN_POINT('',(2.000247234503,-13.55648057996,
    2.149636366938));
#2448 = CARTESIAN_POINT('',(2.540903106975,-13.46462843463,
    2.156006385491));
#2449 = CARTESIAN_POINT('',(2.78631711818,-13.41765434424,2.158907978993
    ));
#2450 = CARTESIAN_POINT('',(3.030734184079,-13.36556899706,
    2.161809410542));
#2451 = CARTESIAN_POINT('',(3.274029892632,-13.3083972821,2.164710674329
    ));
#2452 = CARTESIAN_POINT('',(3.516080449488,-13.24616776582,
    2.167611768314));
#2453 = CARTESIAN_POINT('',(3.75676269185,-13.17891274157,2.170512694328
    ));
#2454 = CARTESIAN_POINT('',(3.995954102334,-13.10666827897,
    2.173413458187));
#2455 = CARTESIAN_POINT('',(4.233532822839,-13.02947427327,
    2.176314069796));
#2456 = PCURVE('',#2264,#2457);
#2457 = DEFINITIONAL_REPRESENTATION('',(#2458),#2559);
#2458 = B_SPLINE_CURVE_WITH_KNOTS('',8,(#2459,#2460,#2461,#2462,#2463,
    #2464,#2465,#2466,#2467,#2468,#2469,#2470,#2471,#2472,#2473,#2474,
    #2475,#2476,#2477,#2478,#2479,#2480,#2481,#2482,#2483,#2484,#2485,
    #2486,#2487,#2488,#2489,#2490,#2491,#2492,#2493,#2494,#2495,#2496,
    #2497,#2498,#2499,#2500,#2501,#2502,#2503,#2504,#2505,#2506,#2507,
    #2508,#2509,#2510,#2511,#2512,#2513,#2514,#2515,#2516,#2517,#2518,
    #2519,#2520,#2521,#2522,#2523,#2524,#2525,#2526,#2527,#2528,#2529,
    #2530,#2531,#2532,#2533,#2534,#2535,#2536,#2537,#2538,#2539,#2540,
    #2541,#2542,#2543,#2544,#2545,#2546,#2547,#2548,#2549,#2550,#2551,
    #2552,#2553,#2554,#2555,#2556,#2557,#2558),.UNSPECIFIED.,.F.,.F.,(9,
    7,7,7,7,7,7,7,7,7,7,7,7,7,9),(0.,6.384595309446E-02,0.235386085979,
    0.306160032438,0.366080473017,0.451204823313,0.499658117602,
    0.549425566801,0.634101320683,0.695376946157,0.766182687114,
    0.863919006145,0.936286764341,0.970976595327,1.),.UNSPECIFIED.);
#2459 = CARTESIAN_POINT('',(5.250000000567,0.));
#2460 = CARTESIAN_POINT('',(5.245090123823,7.976004740835E-03));
#2461 = CARTESIAN_POINT('',(5.242493521594,1.595299500577E-02));
#2462 = CARTESIAN_POINT('',(5.241500374137,2.393102517014E-02));
#2463 = CARTESIAN_POINT('',(5.241558559417,3.191006974749E-02));
#2464 = CARTESIAN_POINT('',(5.242253924586,3.989005226454E-02));
#2465 = CARTESIAN_POINT('',(5.243288871613,4.78708435805E-02));
#2466 = CARTESIAN_POINT('',(5.244459257082,5.585222965084E-02));
#2467 = CARTESIAN_POINT('',(5.248774078466,8.527871613988E-02));
#2468 = CARTESIAN_POINT('',(5.251924085137,0.106746136785));
#2469 = CARTESIAN_POINT('',(5.252445473778,0.128200412656));
#2470 = CARTESIAN_POINT('',(5.25142877136,0.149642159541));
#2471 = CARTESIAN_POINT('',(5.250459359611,0.171081152776));
#2472 = CARTESIAN_POINT('',(5.249892147852,0.192527441156));
#2473 = CARTESIAN_POINT('',(5.249708239521,0.213986495168));
#2474 = CARTESIAN_POINT('',(5.249726432764,0.244272650871));
#2475 = CARTESIAN_POINT('',(5.249765435433,0.253118974008));
#2476 = CARTESIAN_POINT('',(5.249825946325,0.261965439871));
#2477 = CARTESIAN_POINT('',(5.249891859565,0.270811996761));
#2478 = CARTESIAN_POINT('',(5.249948739903,0.279658726836));
#2479 = CARTESIAN_POINT('',(5.249987264735,0.288505691891));
#2480 = CARTESIAN_POINT('',(5.250004512296,0.297352783138));
#2481 = CARTESIAN_POINT('',(5.250001896934,0.313689671157));
#2482 = CARTESIAN_POINT('',(5.249987321551,0.321179837901));
#2483 = CARTESIAN_POINT('',(5.249960811787,0.328669875897));
#2484 = CARTESIAN_POINT('',(5.249926754001,0.336159733925));
#2485 = CARTESIAN_POINT('',(5.249891547121,0.343649443878));
#2486 = CARTESIAN_POINT('',(5.249862347969,0.351139053035));
#2487 = CARTESIAN_POINT('',(5.249845493787,0.358628553584));
#2488 = CARTESIAN_POINT('',(5.249843334957,0.376757217806));
#2489 = CARTESIAN_POINT('',(5.249874631266,0.387396960153));
#2490 = CARTESIAN_POINT('',(5.249947721785,0.398036202977));
#2491 = CARTESIAN_POINT('',(5.25006571136,0.408674997712));
#2492 = CARTESIAN_POINT('',(5.250210008269,0.419313846905));
#2493 = CARTESIAN_POINT('',(5.250340915997,0.429953257912));
#2494 = CARTESIAN_POINT('',(5.250414387265,0.440593284104));
#2495 = CARTESIAN_POINT('',(5.250415255138,0.457289274615));
#2496 = CARTESIAN_POINT('',(5.250391855179,0.463345650283));
#2497 = CARTESIAN_POINT('',(5.250342706986,0.469402133955));
#2498 = CARTESIAN_POINT('',(5.250268079513,0.475458715971));
#2499 = CARTESIAN_POINT('',(5.250174103842,0.481515400404));
#2500 = CARTESIAN_POINT('',(5.250076332866,0.487572181837));
#2501 = CARTESIAN_POINT('',(5.250003300994,0.493629022136));
#2502 = CARTESIAN_POINT('',(5.249996779431,0.505906905568));
#2503 = CARTESIAN_POINT('',(5.250070734181,0.512128028866));
#2504 = CARTESIAN_POINT('',(5.250172110045,0.518349090859));
#2505 = CARTESIAN_POINT('',(5.250269539432,0.524570049158));
#2506 = CARTESIAN_POINT('',(5.250346122826,0.53079089872));
#2507 = CARTESIAN_POINT('',(5.250395426408,0.537011645313));
#2508 = CARTESIAN_POINT('',(5.250417479673,0.543232278984));
#2509 = CARTESIAN_POINT('',(5.25041016794,0.560036429682));
#2510 = CARTESIAN_POINT('',(5.250334126575,0.570620353667));
#2511 = CARTESIAN_POINT('',(5.250203108617,0.581203679691));
#2512 = CARTESIAN_POINT('',(5.250060346426,0.591786462812));
#2513 = CARTESIAN_POINT('',(5.249944340995,0.602369198147));
#2514 = CARTESIAN_POINT('',(5.249872904946,0.612952375825));
#2515 = CARTESIAN_POINT('',(5.249842752593,0.623536045709));
#2516 = CARTESIAN_POINT('',(5.249846000786,0.641778032337));
#2517 = CARTESIAN_POINT('',(5.249863961963,0.649436939138));
#2518 = CARTESIAN_POINT('',(5.249894608691,0.65709595746));
#2519 = CARTESIAN_POINT('',(5.249931061693,0.66475507666));
#2520 = CARTESIAN_POINT('',(5.249965627874,0.672414348649));
#2521 = CARTESIAN_POINT('',(5.249991560746,0.680073809276));
#2522 = CARTESIAN_POINT('',(5.250004427734,0.687733402719));
#2523 = CARTESIAN_POINT('',(5.25000153204,0.704243687698));
#2524 = CARTESIAN_POINT('',(5.249981002178,0.713094758366));
#2525 = CARTESIAN_POINT('',(5.249939470261,0.72194569244));
#2526 = CARTESIAN_POINT('',(5.249880588101,0.730796380587));
#2527 = CARTESIAN_POINT('',(5.249814335351,0.739646886206));
#2528 = CARTESIAN_POINT('',(5.249755560276,0.748497294735));
#2529 = CARTESIAN_POINT('',(5.24972040977,0.757347558614));
#2530 = CARTESIAN_POINT('',(5.249720978338,0.77841308259));
#2531 = CARTESIAN_POINT('',(5.249788802947,0.790629604293));
#2532 = CARTESIAN_POINT('',(5.249955557598,0.802845112728));
#2533 = CARTESIAN_POINT('',(5.250238449077,0.815059762561));
#2534 = CARTESIAN_POINT('',(5.250617845579,0.827274462781));
#2535 = CARTESIAN_POINT('',(5.251011692371,0.839490183398));
#2536 = CARTESIAN_POINT('',(5.251279627958,0.8517072116));
#2537 = CARTESIAN_POINT('',(5.251296766763,0.87296945211));
#2538 = CARTESIAN_POINT('',(5.251162517591,0.882015810665));
#2539 = CARTESIAN_POINT('',(5.250833150117,0.891062522038));
#2540 = CARTESIAN_POINT('',(5.250257026346,0.90010953924));
#2541 = CARTESIAN_POINT('',(5.249399206298,0.909156909855));
#2542 = CARTESIAN_POINT('',(5.2482656182,0.918204583664));
#2543 = CARTESIAN_POINT('',(5.246936640582,0.927252249483));
#2544 = CARTESIAN_POINT('',(5.244974210922,0.940635900845));
#2545 = CARTESIAN_POINT('',(5.244338853971,0.944972506344));
#2546 = CARTESIAN_POINT('',(5.243725786272,0.949308976643));
#2547 = CARTESIAN_POINT('',(5.243162877681,0.953645277112));
#2548 = CARTESIAN_POINT('',(5.242685190803,0.957981377771));
#2549 = CARTESIAN_POINT('',(5.242336064748,0.962317251477));
#2550 = CARTESIAN_POINT('',(5.242168198875,0.966652872101));
#2551 = CARTESIAN_POINT('',(5.242308772123,0.974615395129));
#2552 = CARTESIAN_POINT('',(5.242543897196,0.978242386934));
#2553 = CARTESIAN_POINT('',(5.242987066092,0.981869176296));
#2554 = CARTESIAN_POINT('',(5.243680392602,0.985495755957));
#2555 = CARTESIAN_POINT('',(5.24467154047,0.989122123364));
#2556 = CARTESIAN_POINT('',(5.246014113909,0.99274828081));
#2557 = CARTESIAN_POINT('',(5.247768048096,0.996374235561));
#2558 = CARTESIAN_POINT('',(5.249999999683,1.));
#2559 = ( GEOMETRIC_REPRESENTATION_CONTEXT(2) 
PARAMETRIC_REPRESENTATION_CONTEXT() REPRESENTATION_CONTEXT('2D SPACE',''
  ) );
#2560 = PCURVE('',#1633,#2561);
#2561 = DEFINITIONAL_REPRESENTATION('',(#2562),#2663);
#2562 = B_SPLINE_CURVE_WITH_KNOTS('',8,(#2563,#2564,#2565,#2566,#2567,
    #2568,#2569,#2570,#2571,#2572,#2573,#2574,#2575,#2576,#2577,#2578,
    #2579,#2580,#2581,#2582,#2583,#2584,#2585,#2586,#2587,#2588,#2589,
    #2590,#2591,#2592,#2593,#2594,#2595,#2596,#2597,#2598,#2599,#2600,
    #2601,#2602,#2603,#2604,#2605,#2606,#2607,#2608,#2609,#2610,#2611,
    #2612,#2613,#2614,#2615,#2616,#2617,#2618,#2619,#2620,#2621,#2622,
    #2623,#2624,#2625,#2626,#2627,#2628,#2629,#2630,#2631,#2632,#2633,
    #2634,#2635,#2636,#2637,#2638,#2639,#2640,#2641,#2642,#2643,#2644,
    #2645,#2646,#2647,#2648,#2649,#2650,#2651,#2652,#2653,#2654,#2655,
    #2656,#2657,#2658,#2659,#2660,#2661,#2662),.UNSPECIFIED.,.F.,.F.,(9,
    7,7,7,7,7,7,7,7,7,7,7,7,7,9),(0.,6.384595309446E-02,0.235386085979,
    0.306160032438,0.366080473017,0.451204823313,0.499658117602,
    0.549425566801,0.634101320683,0.695376946157,0.766182687114,
    0.863919006145,0.936286764341,0.970976595327,1.),.UNSPECIFIED.);
#2563 = CARTESIAN_POINT('',(0.,1.176314072069));
#2564 = CARTESIAN_POINT('',(4.011127479249E-02,1.182694875863));
#2565 = CARTESIAN_POINT('',(8.02243816925E-02,1.18907646807));
#2566 = CARTESIAN_POINT('',(0.120337633743,1.19545889219));
#2567 = CARTESIAN_POINT('',(0.160450548651,1.201842127834));
#2568 = CARTESIAN_POINT('',(0.200563317968,1.208226113824));
#2569 = CARTESIAN_POINT('',(0.240676297803,1.214610746846));
#2570 = CARTESIAN_POINT('',(0.280789521044,1.220995855666));
#2571 = CARTESIAN_POINT('',(0.42867632298,1.244537044703));
#2572 = CARTESIAN_POINT('',(0.536551594652,1.261710981065));
#2573 = CARTESIAN_POINT('',(0.644369067989,1.278874401568));
#2574 = CARTESIAN_POINT('',(0.752149447618,1.296027798846));
#2575 = CARTESIAN_POINT('',(0.859929882139,1.313178993173));
#2576 = CARTESIAN_POINT('',(0.96774751323,1.330336023587));
#2577 = CARTESIAN_POINT('',(1.075622991493,1.347503266485));
#2578 = CARTESIAN_POINT('',(1.22786263481,1.371732190584));
#2579 = CARTESIAN_POINT('',(1.272329306179,1.378809248955));
#2580 = CARTESIAN_POINT('',(1.316795427524,1.385886421505));
#2581 = CARTESIAN_POINT('',(1.361260860672,1.392963666874));
#2582 = CARTESIAN_POINT('',(1.405726292951,1.40004105079));
#2583 = CARTESIAN_POINT('',(1.45019241213,1.407118622689));
#2584 = CARTESIAN_POINT('',(1.494659081416,1.414196295541));
#2585 = CARTESIAN_POINT('',(1.576770971618,1.427265805685));
#2586 = CARTESIAN_POINT('',(1.614417976838,1.433257938957));
#2587 = CARTESIAN_POINT('',(1.652064744105,1.43924996923));
#2588 = CARTESIAN_POINT('',(1.689711210653,1.445241855528));
#2589 = CARTESIAN_POINT('',(1.727357676041,1.451233623368));
#2590 = CARTESIAN_POINT('',(1.765004441179,1.457225310571));
#2591 = CARTESIAN_POINT('',(1.802651447323,1.46321691089));
#2592 = CARTESIAN_POINT('',(1.893779349381,1.477719841978));
#2593 = CARTESIAN_POINT('',(1.947263854771,1.486231635689));
#2594 = CARTESIAN_POINT('',(2.000746988084,1.494743029784));
#2595 = CARTESIAN_POINT('',(2.054228408268,1.503254065413));
#2596 = CARTESIAN_POINT('',(2.107709833174,1.511765144614));
#2597 = CARTESIAN_POINT('',(2.161192983342,1.520276673272));
#2598 = CARTESIAN_POINT('',(2.214677512724,1.528788694083));
#2599 = CARTESIAN_POINT('',(2.298600870045,1.542145486281));
#2600 = CARTESIAN_POINT('',(2.329043000717,1.54699058674));
#2601 = CARTESIAN_POINT('',(2.359485050659,1.551835773606));
#2602 = CARTESIAN_POINT('',(2.389926997951,1.55668103915));
#2603 = CARTESIAN_POINT('',(2.420368944024,1.561526386629));
#2604 = CARTESIAN_POINT('',(2.450810991181,1.566371811711));
#2605 = CARTESIAN_POINT('',(2.481253120115,1.571217283888));
#2606 = CARTESIAN_POINT('',(2.542962664177,1.581039590514));
#2607 = CARTESIAN_POINT('',(2.574230475018,1.586016489096));
#2608 = CARTESIAN_POINT('',(2.605498194976,1.590993338635));
#2609 = CARTESIAN_POINT('',(2.636765799357,1.595970105224));
#2610 = CARTESIAN_POINT('',(2.668033403832,1.600946784825));
#2611 = CARTESIAN_POINT('',(2.699301124501,1.605923382054));
#2612 = CARTESIAN_POINT('',(2.730568937965,1.61089988895));
#2613 = CARTESIAN_POINT('',(2.8150361314,1.624343209405));
#2614 = CARTESIAN_POINT('',(2.86823873639,1.632810348538));
#2615 = CARTESIAN_POINT('',(2.921440006658,1.641277009313));
#2616 = CARTESIAN_POINT('',(2.974639605388,1.649743235775));
#2617 = CARTESIAN_POINT('',(3.027839203341,1.658209424019));
#2618 = CARTESIAN_POINT('',(3.081040472651,1.666675966148));
#2619 = CARTESIAN_POINT('',(3.134243079722,1.675142902052));
#2620 = CARTESIAN_POINT('',(3.225940576152,1.689736491368));
#2621 = CARTESIAN_POINT('',(3.264439088215,1.69586361682));
#2622 = CARTESIAN_POINT('',(3.302937334834,1.701990831495));
#2623 = CARTESIAN_POINT('',(3.341435245349,1.708118126877));
#2624 = CARTESIAN_POINT('',(3.379933154069,1.714245544496));
#2625 = CARTESIAN_POINT('',(3.41843139692,1.720373113031));
#2626 = CARTESIAN_POINT('',(3.456929907682,1.726500787824));
#2627 = CARTESIAN_POINT('',(3.539913247461,1.739709015901));
#2628 = CARTESIAN_POINT('',(3.58439992763,1.746789872493));
#2629 = CARTESIAN_POINT('',(3.628886059065,1.753870619818));
#2630 = CARTESIAN_POINT('',(3.673371501458,1.760951170406));
#2631 = CARTESIAN_POINT('',(3.717856942806,1.768031574979));
#2632 = CARTESIAN_POINT('',(3.762343072524,1.775111901886));
#2633 = CARTESIAN_POINT('',(3.806829754329,1.782192113079));
#2634 = CARTESIAN_POINT('',(3.91272044014,1.799044532487));
#2635 = CARTESIAN_POINT('',(3.974131873914,1.808817749993));
#2636 = CARTESIAN_POINT('',(4.03554029258,1.818590156893));
#2637 = CARTESIAN_POINT('',(4.096945663334,1.82836187692));
#2638 = CARTESIAN_POINT('',(4.158351031716,1.838133637267));
#2639 = CARTESIAN_POINT('',(4.21975944524,1.847906213937));
#2640 = CARTESIAN_POINT('',(4.281170875487,1.857679836682));
#2641 = CARTESIAN_POINT('',(4.388042937463,1.874689629418));
#2642 = CARTESIAN_POINT('',(4.433511145419,1.881926716403));
#2643 = CARTESIAN_POINT('',(4.478978735459,1.889164085646));
#2644 = CARTESIAN_POINT('',(4.524445542031,1.896401699554));
#2645 = CARTESIAN_POINT('',(4.569912324554,1.903639596194));
#2646 = CARTESIAN_POINT('',(4.615379848659,1.910877735389));
#2647 = CARTESIAN_POINT('',(4.660847963566,1.918115868194));
#2648 = CARTESIAN_POINT('',(4.72810936144,1.928822789504));
#2649 = CARTESIAN_POINT('',(4.749904076726,1.932292073975));
#2650 = CARTESIAN_POINT('',(4.771698781541,1.935761250286));
#2651 = CARTESIAN_POINT('',(4.793493478707,1.939230290733));
#2652 = CARTESIAN_POINT('',(4.815288190501,1.942699171332));
#2653 = CARTESIAN_POINT('',(4.837082935381,1.946167870368));
#2654 = CARTESIAN_POINT('',(4.858877704716,1.949636366938));
#2655 = CARTESIAN_POINT('',(4.89890710338,1.956006385491));
#2656 = CARTESIAN_POINT('',(4.917141769922,1.958907978993));
#2657 = CARTESIAN_POINT('',(4.935376421411,1.961809410542));
#2658 = CARTESIAN_POINT('',(4.953611039923,1.964710674329));
#2659 = CARTESIAN_POINT('',(4.971845597102,1.967611768314));
#2660 = CARTESIAN_POINT('',(4.990080043929,1.970512694328));
#2661 = CARTESIAN_POINT('',(5.008314300488,1.973413458187));
#2662 = CARTESIAN_POINT('',(5.026548245736,1.976314069796));
#2663 = ( GEOMETRIC_REPRESENTATION_CONTEXT(2) 
PARAMETRIC_REPRESENTATION_CONTEXT() REPRESENTATION_CONTEXT('2D SPACE',''
  ) );
#2664 = ORIENTED_EDGE('',*,*,#2665,.F.);
#2665 = EDGE_CURVE('',#2297,#2352,#2666,.T.);
#2666 = SURFACE_CURVE('',#2667,(#2670,#2677),.PCURVE_S1.);
#2667 = B_SPLINE_CURVE_WITH_KNOTS('',1,(#2668,#2669),.UNSPECIFIED.,.F.,
  .F.,(2,2),(5.,6.),.PIECEWISE_BEZIER_KNOTS.);
#2668 = CARTESIAN_POINT('',(4.248983672538,-13.07702709903,2.1763140698)
  );
#2669 = CARTESIAN_POINT('',(4.187180273663,-12.88681579577,
    2.176314069785));
#2670 = PCURVE('',#2264,#2671);
#2671 = DEFINITIONAL_REPRESENTATION('',(#2672),#2676);
#2672 = LINE('',#2673,#2674);
#2673 = CARTESIAN_POINT('',(0.,1.));
#2674 = VECTOR('',#2675,1.);
#2675 = DIRECTION('',(1.,0.));
#2676 = ( GEOMETRIC_REPRESENTATION_CONTEXT(2) 
PARAMETRIC_REPRESENTATION_CONTEXT() REPRESENTATION_CONTEXT('2D SPACE',''
  ) );
#2677 = PCURVE('',#2678,#2695);
#2678 = ( BOUNDED_SURFACE() B_SPLINE_SURFACE(1,7,(
    (#2679,#2680,#2681,#2682,#2683,#2684,#2685,#2686)
    ,(#2687,#2688,#2689,#2690,#2691,#2692,#2693,#2694
)),.UNSPECIFIED.,.F.,.F.,.F.) B_SPLINE_SURFACE_WITH_KNOTS((2,2),(8,8),(
    5.,6.),(0.,1.),.PIECEWISE_BEZIER_KNOTS.) 
GEOMETRIC_REPRESENTATION_ITEM() RATIONAL_B_SPLINE_SURFACE((
    (1.,1.,1.,1.000000000001,0.999999999999,1.,1.,1.)
    ,(1.,1.,1.,1.000000000001,0.999999999999,1.,1.,1.
))) REPRESENTATION_ITEM('') SURFACE() );
#2679 = CARTESIAN_POINT('',(4.248983672572,-13.07702709913,2.1763140698)
  );
#2680 = CARTESIAN_POINT('',(7.176101525418,-12.12595548254,
    2.253870322618));
#2681 = CARTESIAN_POINT('',(9.857321722234,-10.40964307363,
    2.331493125111));
#2682 = CARTESIAN_POINT('',(12.052502561738,-8.003722543666,
    2.40918159995));
#2683 = CARTESIAN_POINT('',(13.549420905474,-5.077706917681,
    2.486934853047));
#2684 = CARTESIAN_POINT('',(14.21583108957,-1.882847503397,
    2.564751973698));
#2685 = CARTESIAN_POINT('',(14.032841311854,1.30730741995,2.642632034715
    ));
#2686 = CARTESIAN_POINT('',(13.077027098904,4.248983672696,
    2.720574092612));
#2687 = CARTESIAN_POINT('',(4.187180273698,-12.88681579587,
    2.176314069717));
#2688 = CARTESIAN_POINT('',(7.079727869106,-11.9742191544,2.253870322535
    ));
#2689 = CARTESIAN_POINT('',(9.742832729411,-10.30334898322,
    2.331493125036));
#2690 = CARTESIAN_POINT('',(11.937911307786,-7.942689420769,
    2.409181599891));
#2691 = CARTESIAN_POINT('',(13.450752511945,-5.054166701278,
    2.486934853005));
#2692 = CARTESIAN_POINT('',(14.143304420824,-1.883443536677,
    2.564751973673));
#2693 = CARTESIAN_POINT('',(13.989521878098,1.297532216525,
    2.642632034703));
#2694 = CARTESIAN_POINT('',(13.059735162244,4.243365181889,
    2.720574092608));
#2695 = DEFINITIONAL_REPRESENTATION('',(#2696),#2699);
#2696 = B_SPLINE_CURVE_WITH_KNOTS('',1,(#2697,#2698),.UNSPECIFIED.,.F.,
  .F.,(2,2),(5.,5.250000000235),.PIECEWISE_BEZIER_KNOTS.);
#2697 = CARTESIAN_POINT('',(5.,0.));
#2698 = CARTESIAN_POINT('',(5.250000000235,0.));
#2699 = ( GEOMETRIC_REPRESENTATION_CONTEXT(2) 
PARAMETRIC_REPRESENTATION_CONTEXT() REPRESENTATION_CONTEXT('2D SPACE',''
  ) );
#2700 = ADVANCED_FACE('',(#2701),#2678,.T.);
#2701 = FACE_BOUND('',#2702,.T.);
#2702 = EDGE_LOOP('',(#2703,#2748,#2749,#3003,#3037,#3082));
#2703 = ORIENTED_EDGE('',*,*,#2704,.F.);
#2704 = EDGE_CURVE('',#2297,#2705,#2707,.T.);
#2705 = VERTEX_POINT('',#2706);
#2706 = CARTESIAN_POINT('',(13.077027098904,4.248983672696,
    2.720574092612));
#2707 = SURFACE_CURVE('',#2708,(#2717,#2724),.PCURVE_S1.);
#2708 = ( BOUNDED_CURVE() B_SPLINE_CURVE(7,(#2709,#2710,#2711,#2712,
    #2713,#2714,#2715,#2716),.UNSPECIFIED.,.F.,.F.) 
B_SPLINE_CURVE_WITH_KNOTS((8,8),(0.,1.),.PIECEWISE_BEZIER_KNOTS.) CURVE(
) GEOMETRIC_REPRESENTATION_ITEM() RATIONAL_B_SPLINE_CURVE((1.,1.,1.,
1.000000000001,0.999999999999,1.,1.,1.)) REPRESENTATION_ITEM('') );
#2709 = CARTESIAN_POINT('',(4.248983672572,-13.07702709913,2.1763140698)
  );
#2710 = CARTESIAN_POINT('',(7.176101525418,-12.12595548254,
    2.253870322618));
#2711 = CARTESIAN_POINT('',(9.857321722234,-10.40964307363,
    2.331493125111));
#2712 = CARTESIAN_POINT('',(12.052502561738,-8.003722543666,
    2.40918159995));
#2713 = CARTESIAN_POINT('',(13.549420905474,-5.077706917681,
    2.486934853047));
#2714 = CARTESIAN_POINT('',(14.21583108957,-1.882847503397,
    2.564751973698));
#2715 = CARTESIAN_POINT('',(14.032841311854,1.30730741995,2.642632034715
    ));
#2716 = CARTESIAN_POINT('',(13.077027098904,4.248983672696,
    2.720574092612));
#2717 = PCURVE('',#2678,#2718);
#2718 = DEFINITIONAL_REPRESENTATION('',(#2719),#2723);
#2719 = LINE('',#2720,#2721);
#2720 = CARTESIAN_POINT('',(5.,0.));
#2721 = VECTOR('',#2722,1.);
#2722 = DIRECTION('',(0.,1.));
#2723 = ( GEOMETRIC_REPRESENTATION_CONTEXT(2) 
PARAMETRIC_REPRESENTATION_CONTEXT() REPRESENTATION_CONTEXT('2D SPACE',''
  ) );
#2724 = PCURVE('',#2725,#2742);
#2725 = ( BOUNDED_SURFACE() B_SPLINE_SURFACE(1,7,(
    (#2726,#2727,#2728,#2729,#2730,#2731,#2732,#2733)
    ,(#2734,#2735,#2736,#2737,#2738,#2739,#2740,#2741
)),.UNSPECIFIED.,.F.,.F.,.F.) B_SPLINE_SURFACE_WITH_KNOTS((2,2),(8,8),(
    4.,5.),(0.,1.),.PIECEWISE_BEZIER_KNOTS.) 
GEOMETRIC_REPRESENTATION_ITEM() RATIONAL_B_SPLINE_SURFACE((
    (1.,1.,1.,1.000000000001,0.999999999999,1.,1.,1.)
    ,(1.,1.,1.,1.000000000001,0.999999999999,1.,1.,1.
))) REPRESENTATION_ITEM('') SURFACE() );
#2726 = CARTESIAN_POINT('',(4.418943019424,-13.60010818305,
    2.323686125865));
#2727 = CARTESIAN_POINT('',(7.441129080234,-12.54323038489,
    2.382151196018));
#2728 = CARTESIAN_POINT('',(10.172166452452,-10.70195182221,
    2.440666433929));
#2729 = CARTESIAN_POINT('',(12.367628510083,-8.171563631623,
    2.499231178223));
#2730 = CARTESIAN_POINT('',(13.820758987648,-5.142442512748,
    2.557844754903));
#2731 = CARTESIAN_POINT('',(14.415279428608,-1.881208411869,
    2.616506477464));
#2732 = CARTESIAN_POINT('',(14.15196975467,1.33418922938,2.67521564698)
  );
#2733 = CARTESIAN_POINT('',(13.124579924714,4.264434522418,
    2.733971552245));
#2734 = CARTESIAN_POINT('',(4.248983672572,-13.07702709913,2.1763140698)
  );
#2735 = CARTESIAN_POINT('',(7.176101525418,-12.12595548254,
    2.253870322618));
#2736 = CARTESIAN_POINT('',(9.857321722234,-10.40964307363,
    2.331493125111));
#2737 = CARTESIAN_POINT('',(12.052502561738,-8.003722543666,
    2.40918159995));
#2738 = CARTESIAN_POINT('',(13.549420905474,-5.077706917681,
    2.486934853047));
#2739 = CARTESIAN_POINT('',(14.21583108957,-1.882847503397,
    2.564751973698));
#2740 = CARTESIAN_POINT('',(14.032841311854,1.30730741995,2.642632034715
    ));
#2741 = CARTESIAN_POINT('',(13.077027098904,4.248983672696,
    2.720574092612));
#2742 = DEFINITIONAL_REPRESENTATION('',(#2743),#2747);
#2743 = LINE('',#2744,#2745);
#2744 = CARTESIAN_POINT('',(5.,0.));
#2745 = VECTOR('',#2746,1.);
#2746 = DIRECTION('',(0.,1.));
#2747 = ( GEOMETRIC_REPRESENTATION_CONTEXT(2) 
PARAMETRIC_REPRESENTATION_CONTEXT() REPRESENTATION_CONTEXT('2D SPACE',''
  ) );
#2748 = ORIENTED_EDGE('',*,*,#2665,.T.);
#2749 = ORIENTED_EDGE('',*,*,#2750,.T.);
#2750 = EDGE_CURVE('',#2352,#2751,#2753,.T.);
#2751 = VERTEX_POINT('',#2752);
#2752 = CARTESIAN_POINT('',(13.7,-3.355532229664E-15,2.611722085413));
#2753 = SURFACE_CURVE('',#2754,(#2835,#2919),.PCURVE_S1.);
#2754 = B_SPLINE_CURVE_WITH_KNOTS('',7,(#2755,#2756,#2757,#2758,#2759,
    #2760,#2761,#2762,#2763,#2764,#2765,#2766,#2767,#2768,#2769,#2770,
    #2771,#2772,#2773,#2774,#2775,#2776,#2777,#2778,#2779,#2780,#2781,
    #2782,#2783,#2784,#2785,#2786,#2787,#2788,#2789,#2790,#2791,#2792,
    #2793,#2794,#2795,#2796,#2797,#2798,#2799,#2800,#2801,#2802,#2803,
    #2804,#2805,#2806,#2807,#2808,#2809,#2810,#2811,#2812,#2813,#2814,
    #2815,#2816,#2817,#2818,#2819,#2820,#2821,#2822,#2823,#2824,#2825,
    #2826,#2827,#2828,#2829,#2830,#2831,#2832,#2833,#2834),
  .UNSPECIFIED.,.F.,.F.,(8,6,6,6,6,6,6,6,6,6,6,6,6,8),(0.,0.427487669005
    ,0.502346101886,0.575978566246,0.647136310048,0.71581981112,
    0.779640715135,0.838981649413,0.894415594124,0.946064954519,
    0.987370444621,0.993863261198,0.996843743683,1.),.UNSPECIFIED.);
#2755 = CARTESIAN_POINT('',(4.233532822839,-13.02947427327,
    2.176314069779));
#2756 = CARTESIAN_POINT('',(5.234653243383,-12.70419053034,
    2.202936356902));
#2757 = CARTESIAN_POINT('',(6.206772206385,-12.28911395642,2.22956293094
    ));
#2758 = CARTESIAN_POINT('',(7.139916061376,-11.78743195444,
    2.256185503339));
#2759 = CARTESIAN_POINT('',(8.024946074763,-11.20366314431,
    2.282806122398));
#2760 = CARTESIAN_POINT('',(8.853418677694,-10.54338611488,
    2.309427431769));
#2761 = CARTESIAN_POINT('',(9.617586695981,-9.813239353688,2.33605117915
    ));
#2762 = CARTESIAN_POINT('',(10.431955611876,-8.882469658103,
    2.367329602534));
#2763 = CARTESIAN_POINT('',(10.551132589867,-8.741865720583,
    2.371990579848));
#2764 = CARTESIAN_POINT('',(10.668095280325,-8.599400213601,
    2.376651492769));
#2765 = CARTESIAN_POINT('',(10.782808763345,-8.455115226969,
    2.381312335818));
#2766 = CARTESIAN_POINT('',(10.895239126956,-8.309053679972,
    2.385973102765));
#2767 = CARTESIAN_POINT('',(11.00535346712,-8.161259321359,
    2.390633786629));
#2768 = CARTESIAN_POINT('',(11.219121400446,-7.86474223764,
    2.399878645451));
#2769 = CARTESIAN_POINT('',(11.322851302006,-7.71607431978,
    2.404462823595));
#2770 = CARTESIAN_POINT('',(11.424279239402,-7.565815395299,
    2.40904690686));
#2771 = CARTESIAN_POINT('',(11.523375872599,-7.414008592013,
    2.413630886716));
#2772 = CARTESIAN_POINT('',(11.620112874538,-7.260697746021,
    2.418214753358));
#2773 = CARTESIAN_POINT('',(11.714462931131,-7.105927401709,
    2.422798495703));
#2774 = CARTESIAN_POINT('',(11.895246638332,-6.798807444649,
    2.431811656241));
#2775 = CARTESIAN_POINT('',(11.981839803058,-6.646551271524,
    2.436241083445));
#2776 = CARTESIAN_POINT('',(12.066155499299,-6.493015125137,
    2.440670372046));
#2777 = CARTESIAN_POINT('',(12.148170930374,-6.33824041276,
    2.445099508977));
#2778 = CARTESIAN_POINT('',(12.227864239073,-6.182269116171,
    2.44952847907));
#2779 = CARTESIAN_POINT('',(12.305214507655,-6.025143791656,
    2.453957265054));
#2780 = CARTESIAN_POINT('',(12.45258160864,-5.714173417419,
    2.462660442763));
#2781 = CARTESIAN_POINT('',(12.522759934404,-5.560404271728,
    2.466934847959));
#2782 = CARTESIAN_POINT('',(12.590718768504,-5.405638903385,
    2.471209046093));
#2783 = CARTESIAN_POINT('',(12.65644100898,-5.249916577649,
    2.475483016541));
#2784 = CARTESIAN_POINT('',(12.719910418551,-5.093277054585,
    2.479756735104));
#2785 = CARTESIAN_POINT('',(12.781111624611,-4.93576058907,
    2.484030174008));
#2786 = CARTESIAN_POINT('',(12.894777351558,-4.63026619155,
    2.492273904465));
#2787 = CARTESIAN_POINT('',(12.947553665676,-4.482402489524,
    2.496244237459));
#2788 = CARTESIAN_POINT('',(12.998347419748,-4.333849493618,
    2.500214276297));
#2789 = CARTESIAN_POINT('',(13.04714766189,-4.184640293562,
    2.504183991025));
#2790 = CARTESIAN_POINT('',(13.093944130172,-4.034808399909,
    2.508153346319));
#2791 = CARTESIAN_POINT('',(13.138727252615,-3.884387744036,
    2.512122301487));
#2792 = CARTESIAN_POINT('',(13.22124739966,-3.593035452191,
    2.519780746145));
#2793 = CARTESIAN_POINT('',(13.25925838072,-3.452178975642,
    2.523470294253));
#2794 = CARTESIAN_POINT('',(13.295513944177,-3.310870824692,
    2.527159418715));
#2795 = CARTESIAN_POINT('',(13.330007513761,-3.169139014267,
    2.530848075235));
#2796 = CARTESIAN_POINT('',(13.362733083135,-3.027011998023,
    2.534536211304));
#2797 = CARTESIAN_POINT('',(13.39368521589,-2.884518668344,
    2.538223766195));
#2798 = CARTESIAN_POINT('',(13.450112078891,-2.608261949851,
    2.545354831017));
#2799 = CARTESIAN_POINT('',(13.475813265424,-2.474541559266,
    2.548798421398));
#2800 = CARTESIAN_POINT('',(13.499958685618,-2.340551087969,
    2.552241385749));
#2801 = CARTESIAN_POINT('',(13.52254485936,-2.206314938072,
    2.555683656852));
#2802 = CARTESIAN_POINT('',(13.543568797111,-2.071858054663,
    2.55912515519));
#2803 = CARTESIAN_POINT('',(13.563028051057,-1.93720597006,
    2.562565787514));
#2804 = CARTESIAN_POINT('',(13.597591910647,-1.676768228932,
    2.569210271093));
#2805 = CARTESIAN_POINT('',(13.612903096765,-1.551005006948,
    2.572414247257));
#2806 = CARTESIAN_POINT('',(13.626852844733,-1.425116281736,
    2.575617287748));
#2807 = CARTESIAN_POINT('',(13.639440080104,-1.299123880982,
    2.578819288587));
#2808 = CARTESIAN_POINT('',(13.650664214237,-1.173050425422,
    2.582020125936));
#2809 = CARTESIAN_POINT('',(13.660525224686,-1.046919393847,
    2.585219654078));
#2810 = CARTESIAN_POINT('',(13.675820240977,-0.819858017035,
    2.590975276084));
#2811 = CARTESIAN_POINT('',(13.681745356232,-0.718939791747,
    2.593531898714));
#2812 = CARTESIAN_POINT('',(13.686799343255,-0.618012917476,
    2.596087486692));
#2813 = CARTESIAN_POINT('',(13.690982795237,-0.517090465734,
    2.598641937968));
#2814 = CARTESIAN_POINT('',(13.69429663664,-0.416186174315,
    2.601195133029));
#2815 = CARTESIAN_POINT('',(13.696742123194,-0.315314447289,2.6037469349
    ));
#2816 = CARTESIAN_POINT('',(13.698569000944,-0.198641799859,
    2.60669806401));
#2817 = CARTESIAN_POINT('',(13.698795743918,-0.182794424,2.60709890058)
  );
#2818 = CARTESIAN_POINT('',(13.699001077242,-0.166948286668,
    2.607499698229));
#2819 = CARTESIAN_POINT('',(13.699185007611,-0.15110344769,
    2.607900456323));
#2820 = CARTESIAN_POINT('',(13.699347541987,-0.135259967477,
    2.608301174212));
#2821 = CARTESIAN_POINT('',(13.699488687603,-0.119417907031,
    2.608701851231));
#2822 = CARTESIAN_POINT('',(13.699663428965,-9.630581980606E-02,
    2.609286395635));
#2823 = CARTESIAN_POINT('',(13.699713760865,-8.905309271413E-02,
    2.609469828706));
#2824 = CARTESIAN_POINT('',(13.699759490236,-8.181906267581E-02,
    2.609652788128));
#2825 = CARTESIAN_POINT('',(13.699800659172,-7.460364629379E-02,
    2.609835276101));
#2826 = CARTESIAN_POINT('',(13.699837309289,-6.740676075985E-02,
    2.610017294807));
#2827 = CARTESIAN_POINT('',(13.699869481728,-6.022832385493E-02,
    2.610198846414));
#2828 = CARTESIAN_POINT('',(13.699926588264,-4.548591921621E-02,
    2.610571699304));
#2829 = CARTESIAN_POINT('',(13.699951061944,-3.790394216451E-02,
    2.610763456013));
#2830 = CARTESIAN_POINT('',(13.699970639053,-3.032235093734E-02,
    2.61095520258));
#2831 = CARTESIAN_POINT('',(13.699985320483,-2.274116204546E-02,
    2.611146938683));
#2832 = CARTESIAN_POINT('',(13.699995107151,-1.5160380367E-02,
    2.611338664297));
#2833 = CARTESIAN_POINT('',(13.7,-7.579999147531E-03,2.611530379686));
#2834 = CARTESIAN_POINT('',(13.7,-3.552713678801E-15,2.611722085413));
#2835 = PCURVE('',#2678,#2836);
#2836 = DEFINITIONAL_REPRESENTATION('',(#2837),#2918);
#2837 = B_SPLINE_CURVE_WITH_KNOTS('',7,(#2838,#2839,#2840,#2841,#2842,
    #2843,#2844,#2845,#2846,#2847,#2848,#2849,#2850,#2851,#2852,#2853,
    #2854,#2855,#2856,#2857,#2858,#2859,#2860,#2861,#2862,#2863,#2864,
    #2865,#2866,#2867,#2868,#2869,#2870,#2871,#2872,#2873,#2874,#2875,
    #2876,#2877,#2878,#2879,#2880,#2881,#2882,#2883,#2884,#2885,#2886,
    #2887,#2888,#2889,#2890,#2891,#2892,#2893,#2894,#2895,#2896,#2897,
    #2898,#2899,#2900,#2901,#2902,#2903,#2904,#2905,#2906,#2907,#2908,
    #2909,#2910,#2911,#2912,#2913,#2914,#2915,#2916,#2917),
  .UNSPECIFIED.,.F.,.F.,(8,6,6,6,6,6,6,6,6,6,6,6,6,8),(0.,0.427487669005
    ,0.502346101886,0.575978566246,0.647136310048,0.71581981112,
    0.779640715135,0.838981649413,0.894415594124,0.946064954519,
    0.987370444621,0.993863261198,0.996843743683,1.),.UNSPECIFIED.);
#2838 = CARTESIAN_POINT('',(5.250000000235,0.));
#2839 = CARTESIAN_POINT('',(5.261127892416,4.903774662545E-02));
#2840 = CARTESIAN_POINT('',(5.273387113587,9.806894554495E-02));
#2841 = CARTESIAN_POINT('',(5.287023142688,0.14707840243));
#2842 = CARTESIAN_POINT('',(5.30231588376,0.196069987043));
#2843 = CARTESIAN_POINT('',(5.319648724247,0.245048646076));
#2844 = CARTESIAN_POINT('',(5.339558420506,0.294017661126));
#2845 = CARTESIAN_POINT('',(5.367093213501,0.35153152596));
#2846 = CARTESIAN_POINT('',(5.37130453981,0.360101566562));
#2847 = CARTESIAN_POINT('',(5.375629079064,0.368671058859));
#2848 = CARTESIAN_POINT('',(5.380072386313,0.377239993232));
#2849 = CARTESIAN_POINT('',(5.384640515031,0.385808358688));
#2850 = CARTESIAN_POINT('',(5.389340017108,0.394376142857));
#2851 = CARTESIAN_POINT('',(5.398936637128,0.411370214899));
#2852 = CARTESIAN_POINT('',(5.403829341967,0.419796522538));
#2853 = CARTESIAN_POINT('',(5.408862732406,0.428222242018));
#2854 = CARTESIAN_POINT('',(5.414044193503,0.436647358109));
#2855 = CARTESIAN_POINT('',(5.419381820351,0.445071853239));
#2856 = CARTESIAN_POINT('',(5.424884418073,0.453495707496));
#2857 = CARTESIAN_POINT('',(5.436047783927,0.470058993915));
#2858 = CARTESIAN_POINT('',(5.441697142706,0.47819846987));
#2859 = CARTESIAN_POINT('',(5.447518117185,0.486337306757));
#2860 = CARTESIAN_POINT('',(5.453520216545,0.494475480988));
#2861 = CARTESIAN_POINT('',(5.45971392013,0.502612965115));
#2862 = CARTESIAN_POINT('',(5.466110677439,0.510749727837));
#2863 = CARTESIAN_POINT('',(5.479105223391,0.526738841157));
#2864 = CARTESIAN_POINT('',(5.485688466809,0.534591242659));
#2865 = CARTESIAN_POINT('',(5.492483732057,0.542442907568));
#2866 = CARTESIAN_POINT('',(5.499503468362,0.550293798399));
#2867 = CARTESIAN_POINT('',(5.506761480516,0.558143871111));
#2868 = CARTESIAN_POINT('',(5.514272928868,0.565993075107));
#2869 = CARTESIAN_POINT('',(5.529284828712,0.581133995532));
#2870 = CARTESIAN_POINT('',(5.536748642557,0.588425836515));
#2871 = CARTESIAN_POINT('',(5.544458940501,0.595716831367));
#2872 = CARTESIAN_POINT('',(5.552430550212,0.603006925426));
#2873 = CARTESIAN_POINT('',(5.560679957387,0.610296054189));
#2874 = CARTESIAN_POINT('',(5.569225305752,0.617584143311));
#2875 = CARTESIAN_POINT('',(5.586325475549,0.631646558361));
#2876 = CARTESIAN_POINT('',(5.594837815497,0.638421033183));
#2877 = CARTESIAN_POINT('',(5.603639229783,0.645194467132));
#2878 = CARTESIAN_POINT('',(5.612747582092,0.651966779208));
#2879 = CARTESIAN_POINT('',(5.622182786914,0.65873787335));
#2880 = CARTESIAN_POINT('',(5.631966809548,0.665507638434));
#2881 = CARTESIAN_POINT('',(5.651611798224,0.678598634593));
#2882 = CARTESIAN_POINT('',(5.661425428459,0.684920046693));
#2883 = CARTESIAN_POINT('',(5.671584542665,0.691240081423));
#2884 = CARTESIAN_POINT('',(5.682111051169,0.69755861572));
#2885 = CARTESIAN_POINT('',(5.693029243479,0.703875503973));
#2886 = CARTESIAN_POINT('',(5.704366243003,0.710190575401));
#2887 = CARTESIAN_POINT('',(5.727134012211,0.7223856827));
#2888 = CARTESIAN_POINT('',(5.738505521172,0.728265977759));
#2889 = CARTESIAN_POINT('',(5.750291677714,0.734144358813));
#2890 = CARTESIAN_POINT('',(5.762519594616,0.740020635381));
#2891 = CARTESIAN_POINT('',(5.77521939314,0.745894580579));
#2892 = CARTESIAN_POINT('',(5.7884247878,0.75176592742));
#2893 = CARTESIAN_POINT('',(5.813169051522,0.762327524768));
#2894 = CARTESIAN_POINT('',(5.824512183099,0.767018816027));
#2895 = CARTESIAN_POINT('',(5.836222103229,0.771708083899));
#2896 = CARTESIAN_POINT('',(5.848320031363,0.776395141391));
#2897 = CARTESIAN_POINT('',(5.860829369041,0.781079769499));
#2898 = CARTESIAN_POINT('',(5.87377569989,0.785761717213));
#2899 = CARTESIAN_POINT('',(5.889294880957,0.791176191797));
#2900 = CARTESIAN_POINT('',(5.891414459906,0.79191160875));
#2901 = CARTESIAN_POINT('',(5.893545635827,0.792646951234));
#2902 = CARTESIAN_POINT('',(5.895688519792,0.793382218087));
#2903 = CARTESIAN_POINT('',(5.897843224587,0.794117408116));
#2904 = CARTESIAN_POINT('',(5.900009864715,0.794852520102));
#2905 = CARTESIAN_POINT('',(5.903188669714,0.795924964466));
#2906 = CARTESIAN_POINT('',(5.904188782365,0.796261502435));
#2907 = CARTESIAN_POINT('',(5.905188894349,0.796597170777));
#2908 = CARTESIAN_POINT('',(5.906189005671,0.796931973535));
#2909 = CARTESIAN_POINT('',(5.907189116335,0.79726591472));
#2910 = CARTESIAN_POINT('',(5.908189226347,0.797598998311));
#2911 = CARTESIAN_POINT('',(5.910248426487,0.798283051451));
#2912 = CARTESIAN_POINT('',(5.911310246398,0.798634856491));
#2913 = CARTESIAN_POINT('',(5.912374953223,0.798986642213));
#2914 = CARTESIAN_POINT('',(5.913442624916,0.799338408011));
#2915 = CARTESIAN_POINT('',(5.914513259611,0.799690153839));
#2916 = CARTESIAN_POINT('',(5.915586775618,0.800041880209));
#2917 = CARTESIAN_POINT('',(5.916663011425,0.800393588193));
#2918 = ( GEOMETRIC_REPRESENTATION_CONTEXT(2) 
PARAMETRIC_REPRESENTATION_CONTEXT() REPRESENTATION_CONTEXT('2D SPACE',''
  ) );
#2919 = PCURVE('',#1633,#2920);
#2920 = DEFINITIONAL_REPRESENTATION('',(#2921),#3002);
#2921 = B_SPLINE_CURVE_WITH_KNOTS('',7,(#2922,#2923,#2924,#2925,#2926,
    #2927,#2928,#2929,#2930,#2931,#2932,#2933,#2934,#2935,#2936,#2937,
    #2938,#2939,#2940,#2941,#2942,#2943,#2944,#2945,#2946,#2947,#2948,
    #2949,#2950,#2951,#2952,#2953,#2954,#2955,#2956,#2957,#2958,#2959,
    #2960,#2961,#2962,#2963,#2964,#2965,#2966,#2967,#2968,#2969,#2970,
    #2971,#2972,#2973,#2974,#2975,#2976,#2977,#2978,#2979,#2980,#2981,
    #2982,#2983,#2984,#2985,#2986,#2987,#2988,#2989,#2990,#2991,#2992,
    #2993,#2994,#2995,#2996,#2997,#2998,#2999,#3000,#3001),
  .UNSPECIFIED.,.F.,.F.,(8,6,6,6,6,6,6,6,6,6,6,6,6,8),(0.,0.427487669005
    ,0.502346101886,0.575978566246,0.647136310048,0.71581981112,
    0.779640715135,0.838981649413,0.894415594124,0.946064954519,
    0.987370444621,0.993863261198,0.996843743683,1.),.UNSPECIFIED.);
#2922 = CARTESIAN_POINT('',(5.026548245736,1.976314069779));
#2923 = CARTESIAN_POINT('',(5.103383304431,2.002936356902));
#2924 = CARTESIAN_POINT('',(5.180230446653,2.02956293094));
#2925 = CARTESIAN_POINT('',(5.257066269658,2.056185503339));
#2926 = CARTESIAN_POINT('',(5.333896412574,2.082806122398));
#2927 = CARTESIAN_POINT('',(5.410728549143,2.109427431769));
#2928 = CARTESIAN_POINT('',(5.487567710341,2.13605117915));
#2929 = CARTESIAN_POINT('',(5.577840795403,2.167329602534));
#2930 = CARTESIAN_POINT('',(5.59129290568,2.171990579848));
#2931 = CARTESIAN_POINT('',(5.604744830116,2.176651492769));
#2932 = CARTESIAN_POINT('',(5.618196552925,2.181312335818));
#2933 = CARTESIAN_POINT('',(5.631648056147,2.185973102765));
#2934 = CARTESIAN_POINT('',(5.645099319651,2.190633786629));
#2935 = CARTESIAN_POINT('',(5.671781033401,2.199878645451));
#2936 = CARTESIAN_POINT('',(5.685011492842,2.204462823595));
#2937 = CARTESIAN_POINT('',(5.698241678522,2.20904690686));
#2938 = CARTESIAN_POINT('',(5.711471565824,2.213630886716));
#2939 = CARTESIAN_POINT('',(5.724701126438,2.218214753358));
#2940 = CARTESIAN_POINT('',(5.737930328364,2.222798495703));
#2941 = CARTESIAN_POINT('',(5.76394333519,2.231811656241));
#2942 = CARTESIAN_POINT('',(5.776727166104,2.236241083445));
#2943 = CARTESIAN_POINT('',(5.789510596992,2.240670372046));
#2944 = CARTESIAN_POINT('',(5.802293590124,2.245099508977));
#2945 = CARTESIAN_POINT('',(5.815076101703,2.24952847907));
#2946 = CARTESIAN_POINT('',(5.827858081862,2.253957265054));
#2947 = CARTESIAN_POINT('',(5.852976442638,2.262660442763));
#2948 = CARTESIAN_POINT('',(5.865312862139,2.266934847959));
#2949 = CARTESIAN_POINT('',(5.87764868395,2.271209046093));
#2950 = CARTESIAN_POINT('',(5.889983848541,2.275483016541));
#2951 = CARTESIAN_POINT('',(5.902318286068,2.279756735104));
#2952 = CARTESIAN_POINT('',(5.914651916376,2.284030174008));
#2953 = CARTESIAN_POINT('',(5.938444259126,2.292273904465));
#2954 = CARTESIAN_POINT('',(5.949903091183,2.296244237459));
#2955 = CARTESIAN_POINT('',(5.961361074214,2.300214276297));
#2956 = CARTESIAN_POINT('',(5.972818121777,2.304183991025));
#2957 = CARTESIAN_POINT('',(5.984274131943,2.308153346319));
#2958 = CARTESIAN_POINT('',(5.995728987292,2.312122301487));
#2959 = CARTESIAN_POINT('',(6.017832128348,2.319780746145));
#2960 = CARTESIAN_POINT('',(6.028480583229,2.323470294253));
#2961 = CARTESIAN_POINT('',(6.039127815457,2.327159418715));
#2962 = CARTESIAN_POINT('',(6.049773697216,2.330848075235));
#2963 = CARTESIAN_POINT('',(6.060418076977,2.334536211304));
#2964 = CARTESIAN_POINT('',(6.071060779501,2.338223766195));
#2965 = CARTESIAN_POINT('',(6.091641843308,2.345354831017));
#2966 = CARTESIAN_POINT('',(6.101580436759,2.348798421398));
#2967 = CARTESIAN_POINT('',(6.111517223547,2.352241385749));
#2968 = CARTESIAN_POINT('',(6.121452009683,2.355683656852));
#2969 = CARTESIAN_POINT('',(6.131384565686,2.35912515519));
#2970 = CARTESIAN_POINT('',(6.141314622431,2.362565787514));
#2971 = CARTESIAN_POINT('',(6.16049135909,2.369210271093));
#2972 = CARTESIAN_POINT('',(6.169738399487,2.372414247257));
#2973 = CARTESIAN_POINT('',(6.178982739562,2.375617287748));
#2974 = CARTESIAN_POINT('',(6.188224079211,2.378819288587));
#2975 = CARTESIAN_POINT('',(6.197462061015,2.382020125936));
#2976 = CARTESIAN_POINT('',(6.206696264396,2.385219654078));
#2977 = CARTESIAN_POINT('',(6.22330764654,2.390975276084));
#2978 = CARTESIAN_POINT('',(6.230686351352,2.393531898714));
#2979 = CARTESIAN_POINT('',(6.238062070075,2.396087486692));
#2980 = CARTESIAN_POINT('',(6.24543450817,2.398641937968));
#2981 = CARTESIAN_POINT('',(6.252803320692,2.401195133029));
#2982 = CARTESIAN_POINT('',(6.260168112292,2.4037469349));
#2983 = CARTESIAN_POINT('',(6.268685407862,2.40669806401));
#2984 = CARTESIAN_POINT('',(6.269842267968,2.40709890058));
#2985 = CARTESIAN_POINT('',(6.270999015744,2.407499698229));
#2986 = CARTESIAN_POINT('',(6.272155649359,2.407900456323));
#2987 = CARTESIAN_POINT('',(6.273312166937,2.408301174212));
#2988 = CARTESIAN_POINT('',(6.274468566557,2.408701851231));
#2989 = CARTESIAN_POINT('',(6.276155628439,2.409286395635));
#2990 = CARTESIAN_POINT('',(6.276685037223,2.409469828706));
#2991 = CARTESIAN_POINT('',(6.277213079002,2.409652788128));
#2992 = CARTESIAN_POINT('',(6.277739760124,2.409835276101));
#2993 = CARTESIAN_POINT('',(6.278265086891,2.410017294807));
#2994 = CARTESIAN_POINT('',(6.278789065553,2.410198846414));
#2995 = CARTESIAN_POINT('',(6.279865161556,2.410571699304));
#2996 = CARTESIAN_POINT('',(6.280418593306,2.410763456013));
#2997 = CARTESIAN_POINT('',(6.280971995785,2.41095520258));
#2998 = CARTESIAN_POINT('',(6.281525368068,2.411146938683));
#2999 = CARTESIAN_POINT('',(6.282078710073,2.411338664297));
#3000 = CARTESIAN_POINT('',(6.28263202257,2.411530379686));
#3001 = CARTESIAN_POINT('',(6.28318530718,2.411722085413));
#3002 = ( GEOMETRIC_REPRESENTATION_CONTEXT(2) 
PARAMETRIC_REPRESENTATION_CONTEXT() REPRESENTATION_CONTEXT('2D SPACE',''
  ) );
#3003 = ORIENTED_EDGE('',*,*,#3004,.T.);
#3004 = EDGE_CURVE('',#2751,#3005,#3007,.T.);
#3005 = VERTEX_POINT('',#3006);
#3006 = CARTESIAN_POINT('',(13.689436514622,0.537892100826,
    2.625329410253));
#3007 = SURFACE_CURVE('',#3008,(#3014,#3023),.PCURVE_S1.);
#3008 = B_SPLINE_CURVE_WITH_KNOTS('',4,(#3009,#3010,#3011,#3012,#3013),
  .UNSPECIFIED.,.F.,.F.,(5,5),(0.,1.),.PIECEWISE_BEZIER_KNOTS.);
#3009 = CARTESIAN_POINT('',(13.7,-3.244811512967E-16,2.611722085413));
#3010 = CARTESIAN_POINT('',(13.7,0.134761753604,2.615130344363));
#3011 = CARTESIAN_POINT('',(13.698232591943,0.269376310499,
    2.618534880326));
#3012 = CARTESIAN_POINT('',(13.694706107492,0.403780153572,
    2.621934967993));
#3013 = CARTESIAN_POINT('',(13.689436514622,0.537892100827,
    2.625329410253));
#3014 = PCURVE('',#2678,#3015);
#3015 = DEFINITIONAL_REPRESENTATION('',(#3016),#3022);
#3016 = B_SPLINE_CURVE_WITH_KNOTS('',4,(#3017,#3018,#3019,#3020,#3021),
  .UNSPECIFIED.,.F.,.F.,(5,5),(0.,1.),.PIECEWISE_BEZIER_KNOTS.);
#3017 = CARTESIAN_POINT('',(5.916662739432,0.800393588258));
#3018 = CARTESIAN_POINT('',(5.935796696803,0.806646462935));
#3019 = CARTESIAN_POINT('',(5.955975172598,0.812892254548));
#3020 = CARTESIAN_POINT('',(5.97732071413,0.819129633892));
#3021 = CARTESIAN_POINT('',(6.,0.825356407087));
#3022 = ( GEOMETRIC_REPRESENTATION_CONTEXT(2) 
PARAMETRIC_REPRESENTATION_CONTEXT() REPRESENTATION_CONTEXT('2D SPACE',''
  ) );
#3023 = PCURVE('',#3024,#3029);
#3024 = CYLINDRICAL_SURFACE('',#3025,13.7);
#3025 = AXIS2_PLACEMENT_3D('',#3026,#3027,#3028);
#3026 = CARTESIAN_POINT('',(0.,0.,0.2));
#3027 = DIRECTION('',(0.,0.,1.));
#3028 = DIRECTION('',(1.,0.,-0.));
#3029 = DEFINITIONAL_REPRESENTATION('',(#3030),#3036);
#3030 = B_SPLINE_CURVE_WITH_KNOTS('',4,(#3031,#3032,#3033,#3034,#3035),
  .UNSPECIFIED.,.F.,.F.,(5,5),(0.,1.),.PIECEWISE_BEZIER_KNOTS.);
#3031 = CARTESIAN_POINT('',(0.,2.411722085413));
#3032 = CARTESIAN_POINT('',(9.83662435068E-03,2.415130344363));
#3033 = CARTESIAN_POINT('',(1.966250359511E-02,2.418534880326));
#3034 = CARTESIAN_POINT('',(2.947554430506E-02,2.421934967993));
#3035 = CARTESIAN_POINT('',(3.927229138892E-02,2.425329410253));
#3036 = ( GEOMETRIC_REPRESENTATION_CONTEXT(2) 
PARAMETRIC_REPRESENTATION_CONTEXT() REPRESENTATION_CONTEXT('2D SPACE',''
  ) );
#3037 = ORIENTED_EDGE('',*,*,#3038,.T.);
#3038 = EDGE_CURVE('',#3005,#3039,#3041,.T.);
#3039 = VERTEX_POINT('',#3040);
#3040 = CARTESIAN_POINT('',(13.059735162244,4.243365181889,
    2.720574092608));
#3041 = SURFACE_CURVE('',#3042,(#3051,#3058),.PCURVE_S1.);
#3042 = ( BOUNDED_CURVE() B_SPLINE_CURVE(7,(#3043,#3044,#3045,#3046,
    #3047,#3048,#3049,#3050),.UNSPECIFIED.,.F.,.F.) 
B_SPLINE_CURVE_WITH_KNOTS((8,8),(0.,1.),.PIECEWISE_BEZIER_KNOTS.) CURVE(
) GEOMETRIC_REPRESENTATION_ITEM() RATIONAL_B_SPLINE_CURVE((1.,1.,1.,
1.000000000001,0.999999999999,1.,1.,1.)) REPRESENTATION_ITEM('') );
#3043 = CARTESIAN_POINT('',(4.187180273698,-12.88681579587,
    2.176314069717));
#3044 = CARTESIAN_POINT('',(7.079727869106,-11.9742191544,2.253870322535
    ));
#3045 = CARTESIAN_POINT('',(9.742832729411,-10.30334898322,
    2.331493125036));
#3046 = CARTESIAN_POINT('',(11.937911307786,-7.942689420769,
    2.409181599891));
#3047 = CARTESIAN_POINT('',(13.450752511945,-5.054166701278,
    2.486934853005));
#3048 = CARTESIAN_POINT('',(14.143304420824,-1.883443536677,
    2.564751973673));
#3049 = CARTESIAN_POINT('',(13.989521878098,1.297532216525,
    2.642632034703));
#3050 = CARTESIAN_POINT('',(13.059735162244,4.243365181889,
    2.720574092608));
#3051 = PCURVE('',#2678,#3052);
#3052 = DEFINITIONAL_REPRESENTATION('',(#3053),#3057);
#3053 = LINE('',#3054,#3055);
#3054 = CARTESIAN_POINT('',(6.,0.));
#3055 = VECTOR('',#3056,1.);
#3056 = DIRECTION('',(0.,1.));
#3057 = ( GEOMETRIC_REPRESENTATION_CONTEXT(2) 
PARAMETRIC_REPRESENTATION_CONTEXT() REPRESENTATION_CONTEXT('2D SPACE',''
  ) );
#3058 = PCURVE('',#3059,#3076);
#3059 = ( BOUNDED_SURFACE() B_SPLINE_SURFACE(1,7,(
    (#3060,#3061,#3062,#3063,#3064,#3065,#3066,#3067)
    ,(#3068,#3069,#3070,#3071,#3072,#3073,#3074,#3075
)),.UNSPECIFIED.,.F.,.F.,.F.) B_SPLINE_SURFACE_WITH_KNOTS((2,2),(8,8),(
    0.,1.),(0.,1.),.PIECEWISE_BEZIER_KNOTS.) 
GEOMETRIC_REPRESENTATION_ITEM() RATIONAL_B_SPLINE_SURFACE((
    (1.,1.,1.,1.000000000001,0.999999999999,1.,1.,1.)
    ,(1.,1.,1.,1.000000000001,0.999999999999,1.,1.,1.
))) REPRESENTATION_ITEM('') SURFACE() );
#3060 = CARTESIAN_POINT('',(4.187180273698,-12.88681579587,
    2.176314069717));
#3061 = CARTESIAN_POINT('',(7.079727869106,-11.9742191544,2.253870322535
    ));
#3062 = CARTESIAN_POINT('',(9.742832729411,-10.30334898322,
    2.331493125036));
#3063 = CARTESIAN_POINT('',(11.937911307786,-7.942689420769,
    2.409181599891));
#3064 = CARTESIAN_POINT('',(13.450752511945,-5.054166701278,
    2.486934853005));
#3065 = CARTESIAN_POINT('',(14.143304420824,-1.883443536677,
    2.564751973673));
#3066 = CARTESIAN_POINT('',(13.989521878098,1.297532216525,
    2.642632034703));
#3067 = CARTESIAN_POINT('',(13.059735162244,4.243365181889,
    2.720574092608));
#3068 = CARTESIAN_POINT('',(4.187180273475,-12.88681579566,
    2.823686125554));
#3069 = CARTESIAN_POINT('',(7.079727868911,-11.97421915422,2.81737913782
    ));
#3070 = CARTESIAN_POINT('',(9.742832729246,-10.30334898307,
    2.811066737816));
#3071 = CARTESIAN_POINT('',(11.937911307649,-7.94268942064,
    2.804748996824));
#3072 = CARTESIAN_POINT('',(13.450752511837,-5.054166701177,
    2.798425987527));
#3073 = CARTESIAN_POINT('',(14.143304420745,-1.883443536603,
    2.792097784023));
#3074 = CARTESIAN_POINT('',(13.989521878048,1.297532216572,
    2.785764461795));
#3075 = CARTESIAN_POINT('',(13.059735162224,4.243365181908,
    2.779426097684));
#3076 = DEFINITIONAL_REPRESENTATION('',(#3077),#3081);
#3077 = LINE('',#3078,#3079);
#3078 = CARTESIAN_POINT('',(0.,0.));
#3079 = VECTOR('',#3080,1.);
#3080 = DIRECTION('',(0.,1.));
#3081 = ( GEOMETRIC_REPRESENTATION_CONTEXT(2) 
PARAMETRIC_REPRESENTATION_CONTEXT() REPRESENTATION_CONTEXT('2D SPACE',''
  ) );
#3082 = ORIENTED_EDGE('',*,*,#3083,.F.);
#3083 = EDGE_CURVE('',#2705,#3039,#3084,.T.);
#3084 = SURFACE_CURVE('',#3085,(#3088,#3095),.PCURVE_S1.);
#3085 = B_SPLINE_CURVE_WITH_KNOTS('',1,(#3086,#3087),.UNSPECIFIED.,.F.,
  .F.,(2,2),(5.,6.),.PIECEWISE_BEZIER_KNOTS.);
#3086 = CARTESIAN_POINT('',(13.077027098904,4.248983672696,
    2.720574092612));
#3087 = CARTESIAN_POINT('',(13.059735162244,4.243365181889,
    2.720574092608));
#3088 = PCURVE('',#2678,#3089);
#3089 = DEFINITIONAL_REPRESENTATION('',(#3090),#3094);
#3090 = LINE('',#3091,#3092);
#3091 = CARTESIAN_POINT('',(0.,1.));
#3092 = VECTOR('',#3093,1.);
#3093 = DIRECTION('',(1.,0.));
#3094 = ( GEOMETRIC_REPRESENTATION_CONTEXT(2) 
PARAMETRIC_REPRESENTATION_CONTEXT() REPRESENTATION_CONTEXT('2D SPACE',''
  ) );
#3095 = PCURVE('',#3096,#3101);
#3096 = PLANE('',#3097);
#3097 = AXIS2_PLACEMENT_3D('',#3098,#3099,#3100);
#3098 = CARTESIAN_POINT('',(13.059735162244,4.243365181889,
    2.720574092608));
#3099 = DIRECTION('',(0.309016994368,-0.951056516297,4.152079310189E-10)
  );
#3100 = DIRECTION('',(0.791326854125,0.2571176813,0.554700196415));
#3101 = DEFINITIONAL_REPRESENTATION('',(#3102),#3105);
#3102 = B_SPLINE_CURVE_WITH_KNOTS('',1,(#3103,#3104),.UNSPECIFIED.,.F.,
  .F.,(2,2),(5.,6.),.PIECEWISE_BEZIER_KNOTS.);
#3103 = CARTESIAN_POINT('',(1.512818716978E-02,-1.008545811319E-02));
#3104 = CARTESIAN_POINT('',(0.,0.));
#3105 = ( GEOMETRIC_REPRESENTATION_CONTEXT(2) 
PARAMETRIC_REPRESENTATION_CONTEXT() REPRESENTATION_CONTEXT('2D SPACE',''
  ) );
#3106 = ADVANCED_FACE('',(#3107),#3024,.T.);
#3107 = FACE_BOUND('',#3108,.T.);
#3108 = EDGE_LOOP('',(#3109,#3138,#3161,#3207,#3234,#3235,#3258,#3595,
    #3847));
#3109 = ORIENTED_EDGE('',*,*,#3110,.F.);
#3110 = EDGE_CURVE('',#3111,#3111,#3113,.T.);
#3111 = VERTEX_POINT('',#3112);
#3112 = CARTESIAN_POINT('',(13.7,-3.355532229664E-15,6.335714285714));
#3113 = SURFACE_CURVE('',#3114,(#3119,#3126),.PCURVE_S1.);
#3114 = CIRCLE('',#3115,13.7);
#3115 = AXIS2_PLACEMENT_3D('',#3116,#3117,#3118);
#3116 = CARTESIAN_POINT('',(0.,0.,6.335714285714));
#3117 = DIRECTION('',(0.,0.,1.));
#3118 = DIRECTION('',(0.,-1.,0.));
#3119 = PCURVE('',#3024,#3120);
#3120 = DEFINITIONAL_REPRESENTATION('',(#3121),#3125);
#3121 = LINE('',#3122,#3123);
#3122 = CARTESIAN_POINT('',(-1.570796326795,6.135714285714));
#3123 = VECTOR('',#3124,1.);
#3124 = DIRECTION('',(1.,0.));
#3125 = ( GEOMETRIC_REPRESENTATION_CONTEXT(2) 
PARAMETRIC_REPRESENTATION_CONTEXT() REPRESENTATION_CONTEXT('2D SPACE',''
  ) );
#3126 = PCURVE('',#3127,#3132);
#3127 = CONICAL_SURFACE('',#3128,14.7,1.29249666779);
#3128 = AXIS2_PLACEMENT_3D('',#3129,#3130,#3131);
#3129 = CARTESIAN_POINT('',(0.,0.,6.05));
#3130 = DIRECTION('',(-0.,-0.,-1.));
#3131 = DIRECTION('',(1.,0.,-0.));
#3132 = DEFINITIONAL_REPRESENTATION('',(#3133),#3137);
#3133 = LINE('',#3134,#3135);
#3134 = CARTESIAN_POINT('',(1.570796326795,-0.285714285714));
#3135 = VECTOR('',#3136,1.);
#3136 = DIRECTION('',(-1.,-0.));
#3137 = ( GEOMETRIC_REPRESENTATION_CONTEXT(2) 
PARAMETRIC_REPRESENTATION_CONTEXT() REPRESENTATION_CONTEXT('2D SPACE',''
  ) );
#3138 = ORIENTED_EDGE('',*,*,#3139,.F.);
#3139 = EDGE_CURVE('',#3140,#3111,#3142,.T.);
#3140 = VERTEX_POINT('',#3141);
#3141 = CARTESIAN_POINT('',(13.7,-3.355532229664E-15,2.788278104659));
#3142 = SEAM_CURVE('',#3143,(#3147,#3154),.PCURVE_S1.);
#3143 = LINE('',#3144,#3145);
#3144 = CARTESIAN_POINT('',(13.7,-3.355532229664E-15,0.2));
#3145 = VECTOR('',#3146,1.);
#3146 = DIRECTION('',(0.,0.,1.));
#3147 = PCURVE('',#3024,#3148);
#3148 = DEFINITIONAL_REPRESENTATION('',(#3149),#3153);
#3149 = LINE('',#3150,#3151);
#3150 = CARTESIAN_POINT('',(0.,-0.));
#3151 = VECTOR('',#3152,1.);
#3152 = DIRECTION('',(0.,1.));
#3153 = ( GEOMETRIC_REPRESENTATION_CONTEXT(2) 
PARAMETRIC_REPRESENTATION_CONTEXT() REPRESENTATION_CONTEXT('2D SPACE',''
  ) );
#3154 = PCURVE('',#3024,#3155);
#3155 = DEFINITIONAL_REPRESENTATION('',(#3156),#3160);
#3156 = LINE('',#3157,#3158);
#3157 = CARTESIAN_POINT('',(6.28318530718,-0.));
#3158 = VECTOR('',#3159,1.);
#3159 = DIRECTION('',(0.,1.));
#3160 = ( GEOMETRIC_REPRESENTATION_CONTEXT(2) 
PARAMETRIC_REPRESENTATION_CONTEXT() REPRESENTATION_CONTEXT('2D SPACE',''
  ) );
#3161 = ORIENTED_EDGE('',*,*,#3162,.T.);
#3162 = EDGE_CURVE('',#3140,#3163,#3165,.T.);
#3163 = VERTEX_POINT('',#3164);
#3164 = CARTESIAN_POINT('',(13.68943651437,0.537892107246,2.787171536793
    ));
#3165 = SURFACE_CURVE('',#3166,(#3172,#3181),.PCURVE_S1.);
#3166 = B_SPLINE_CURVE_WITH_KNOTS('',4,(#3167,#3168,#3169,#3170,#3171),
  .UNSPECIFIED.,.F.,.F.,(5,5),(0.,1.),.PIECEWISE_BEZIER_KNOTS.);
#3167 = CARTESIAN_POINT('',(13.7,1.799752243754E-16,2.788278104659));
#3168 = CARTESIAN_POINT('',(13.7,0.13476206908,2.788000939335));
#3169 = CARTESIAN_POINT('',(13.698232583731,0.269376758818,
    2.787724077144));
#3170 = CARTESIAN_POINT('',(13.694706093276,0.403780516989,
    2.787447577142));
#3171 = CARTESIAN_POINT('',(13.68943651437,0.537892107246,2.787171536793
    ));
#3172 = PCURVE('',#3024,#3173);
#3173 = DEFINITIONAL_REPRESENTATION('',(#3174),#3180);
#3174 = B_SPLINE_CURVE_WITH_KNOTS('',4,(#3175,#3176,#3177,#3178,#3179),
  .UNSPECIFIED.,.F.,.F.,(5,5),(0.,1.),.PIECEWISE_BEZIER_KNOTS.);
#3175 = CARTESIAN_POINT('',(0.,2.588278104659));
#3176 = CARTESIAN_POINT('',(9.836647378117E-03,2.588000939335));
#3177 = CARTESIAN_POINT('',(1.966253631826E-02,2.587724077144));
#3178 = CARTESIAN_POINT('',(2.947557085208E-02,2.587447577142));
#3179 = CARTESIAN_POINT('',(3.927229185786E-02,2.587171536793));
#3180 = ( GEOMETRIC_REPRESENTATION_CONTEXT(2) 
PARAMETRIC_REPRESENTATION_CONTEXT() REPRESENTATION_CONTEXT('2D SPACE',''
  ) );
#3181 = PCURVE('',#3182,#3199);
#3182 = ( BOUNDED_SURFACE() B_SPLINE_SURFACE(1,7,(
    (#3183,#3184,#3185,#3186,#3187,#3188,#3189,#3190)
    ,(#3191,#3192,#3193,#3194,#3195,#3196,#3197,#3198
)),.UNSPECIFIED.,.F.,.F.,.F.) B_SPLINE_SURFACE_WITH_KNOTS((2,2),(8,8),(
    1.,2.),(0.,1.),.PIECEWISE_BEZIER_KNOTS.) 
GEOMETRIC_REPRESENTATION_ITEM() RATIONAL_B_SPLINE_SURFACE((
    (1.,1.,1.,1.000000000001,0.999999999999,1.,1.,1.)
    ,(1.,1.,1.,1.000000000001,0.999999999999,1.,1.,1.
))) REPRESENTATION_ITEM('') SURFACE() );
#3183 = CARTESIAN_POINT('',(4.187180273475,-12.88681579566,
    2.823686125554));
#3184 = CARTESIAN_POINT('',(7.079727868911,-11.97421915422,2.81737913782
    ));
#3185 = CARTESIAN_POINT('',(9.742832729246,-10.30334898307,
    2.811066737816));
#3186 = CARTESIAN_POINT('',(11.937911307649,-7.94268942064,
    2.804748996824));
#3187 = CARTESIAN_POINT('',(13.450752511837,-5.054166701177,
    2.798425987527));
#3188 = CARTESIAN_POINT('',(14.143304420745,-1.883443536603,
    2.792097784023));
#3189 = CARTESIAN_POINT('',(13.989521878048,1.297532216572,
    2.785764461795));
#3190 = CARTESIAN_POINT('',(13.059735162224,4.243365181908,
    2.779426097684));
#3191 = CARTESIAN_POINT('',(4.248983672348,-13.07702709892,
    2.823686125637));
#3192 = CARTESIAN_POINT('',(7.176101525223,-12.12595548236,
    2.817379137902));
#3193 = CARTESIAN_POINT('',(9.857321722068,-10.40964307348,2.81106673789
    ));
#3194 = CARTESIAN_POINT('',(12.052502561601,-8.003722543538,
    2.804748996884));
#3195 = CARTESIAN_POINT('',(13.549420905367,-5.07770691758,
    2.798425987569));
#3196 = CARTESIAN_POINT('',(14.215831089491,-1.882847503323,
    2.792097784048));
#3197 = CARTESIAN_POINT('',(14.032841311804,1.307307419996,
    2.785764461807));
#3198 = CARTESIAN_POINT('',(13.077027098884,4.248983672715,
    2.779426097688));
#3199 = DEFINITIONAL_REPRESENTATION('',(#3200),#3206);
#3200 = B_SPLINE_CURVE_WITH_KNOTS('',4,(#3201,#3202,#3203,#3204,#3205),
  .UNSPECIFIED.,.F.,.F.,(5,5),(0.,1.),.PIECEWISE_BEZIER_KNOTS.);
#3201 = CARTESIAN_POINT('',(1.083337261695,0.800393588255));
#3202 = CARTESIAN_POINT('',(1.064203259521,0.80664647757));
#3203 = CARTESIAN_POINT('',(1.044024760004,0.812892275345));
#3204 = CARTESIAN_POINT('',(1.02267922556,0.819129650762));
#3205 = CARTESIAN_POINT('',(1.,0.825356407382));
#3206 = ( GEOMETRIC_REPRESENTATION_CONTEXT(2) 
PARAMETRIC_REPRESENTATION_CONTEXT() REPRESENTATION_CONTEXT('2D SPACE',''
  ) );
#3207 = ORIENTED_EDGE('',*,*,#3208,.T.);
#3208 = EDGE_CURVE('',#3163,#3005,#3209,.T.);
#3209 = SURFACE_CURVE('',#3210,(#3216,#3225),.PCURVE_S1.);
#3210 = B_SPLINE_CURVE_WITH_KNOTS('',4,(#3211,#3212,#3213,#3214,#3215),
  .UNSPECIFIED.,.F.,.F.,(5,5),(0.,1.),.PIECEWISE_BEZIER_KNOTS.);
#3211 = CARTESIAN_POINT('',(13.68943651437,0.537892107247,2.787171536793
    ));
#3212 = CARTESIAN_POINT('',(13.689436514433,0.537892105642,2.7467110052)
  );
#3213 = CARTESIAN_POINT('',(13.689436514496,0.537892104037,
    2.706250473579));
#3214 = CARTESIAN_POINT('',(13.689436514559,0.537892102432,2.66578994193
    ));
#3215 = CARTESIAN_POINT('',(13.689436514622,0.537892100827,
    2.625329410253));
#3216 = PCURVE('',#3024,#3217);
#3217 = DEFINITIONAL_REPRESENTATION('',(#3218),#3224);
#3218 = B_SPLINE_CURVE_WITH_KNOTS('',4,(#3219,#3220,#3221,#3222,#3223),
  .UNSPECIFIED.,.F.,.F.,(5,5),(0.,1.),.PIECEWISE_BEZIER_KNOTS.);
#3219 = CARTESIAN_POINT('',(3.927229185789E-02,2.587171536793));
#3220 = CARTESIAN_POINT('',(3.927229174065E-02,2.5467110052));
#3221 = CARTESIAN_POINT('',(3.927229162343E-02,2.506250473579));
#3222 = CARTESIAN_POINT('',(3.927229150617E-02,2.46578994193));
#3223 = CARTESIAN_POINT('',(3.927229138893E-02,2.425329410253));
#3224 = ( GEOMETRIC_REPRESENTATION_CONTEXT(2) 
PARAMETRIC_REPRESENTATION_CONTEXT() REPRESENTATION_CONTEXT('2D SPACE',''
  ) );
#3225 = PCURVE('',#3059,#3226);
#3226 = DEFINITIONAL_REPRESENTATION('',(#3227),#3233);
#3227 = B_SPLINE_CURVE_WITH_KNOTS('',4,(#3228,#3229,#3230,#3231,#3232),
  .UNSPECIFIED.,.F.,.F.,(5,5),(0.,1.),.PIECEWISE_BEZIER_KNOTS.);
#3228 = CARTESIAN_POINT('',(1.,0.825356407382));
#3229 = CARTESIAN_POINT('',(0.749999999987,0.825356407308));
#3230 = CARTESIAN_POINT('',(0.499999999982,0.825356407234));
#3231 = CARTESIAN_POINT('',(0.249999999987,0.825356407161));
#3232 = CARTESIAN_POINT('',(0.,0.825356407087));
#3233 = ( GEOMETRIC_REPRESENTATION_CONTEXT(2) 
PARAMETRIC_REPRESENTATION_CONTEXT() REPRESENTATION_CONTEXT('2D SPACE',''
  ) );
#3234 = ORIENTED_EDGE('',*,*,#3004,.F.);
#3235 = ORIENTED_EDGE('',*,*,#3236,.F.);
#3236 = EDGE_CURVE('',#3237,#2751,#3239,.T.);
#3237 = VERTEX_POINT('',#3238);
#3238 = CARTESIAN_POINT('',(13.7,2.688941342016E-14,2.023686127913));
#3239 = SURFACE_CURVE('',#3240,(#3244,#3251),.PCURVE_S1.);
#3240 = LINE('',#3241,#3242);
#3241 = CARTESIAN_POINT('',(13.7,-3.355532229664E-15,0.2));
#3242 = VECTOR('',#3243,1.);
#3243 = DIRECTION('',(0.,0.,1.));
#3244 = PCURVE('',#3024,#3245);
#3245 = DEFINITIONAL_REPRESENTATION('',(#3246),#3250);
#3246 = LINE('',#3247,#3248);
#3247 = CARTESIAN_POINT('',(0.,-0.));
#3248 = VECTOR('',#3249,1.);
#3249 = DIRECTION('',(0.,1.));
#3250 = ( GEOMETRIC_REPRESENTATION_CONTEXT(2) 
PARAMETRIC_REPRESENTATION_CONTEXT() REPRESENTATION_CONTEXT('2D SPACE',''
  ) );
#3251 = PCURVE('',#1633,#3252);
#3252 = DEFINITIONAL_REPRESENTATION('',(#3253),#3257);
#3253 = LINE('',#3254,#3255);
#3254 = CARTESIAN_POINT('',(6.28318530718,-0.));
#3255 = VECTOR('',#3256,1.);
#3256 = DIRECTION('',(0.,1.));
#3257 = ( GEOMETRIC_REPRESENTATION_CONTEXT(2) 
PARAMETRIC_REPRESENTATION_CONTEXT() REPRESENTATION_CONTEXT('2D SPACE',''
  ) );
#3258 = ORIENTED_EDGE('',*,*,#3259,.T.);
#3259 = EDGE_CURVE('',#3237,#3260,#3262,.T.);
#3260 = VERTEX_POINT('',#3261);
#3261 = CARTESIAN_POINT('',(4.233532822698,-13.02947427332,
    2.823686125624));
#3262 = SURFACE_CURVE('',#3263,(#3364,#3468),.PCURVE_S1.);
#3263 = B_SPLINE_CURVE_WITH_KNOTS('',8,(#3264,#3265,#3266,#3267,#3268,
    #3269,#3270,#3271,#3272,#3273,#3274,#3275,#3276,#3277,#3278,#3279,
    #3280,#3281,#3282,#3283,#3284,#3285,#3286,#3287,#3288,#3289,#3290,
    #3291,#3292,#3293,#3294,#3295,#3296,#3297,#3298,#3299,#3300,#3301,
    #3302,#3303,#3304,#3305,#3306,#3307,#3308,#3309,#3310,#3311,#3312,
    #3313,#3314,#3315,#3316,#3317,#3318,#3319,#3320,#3321,#3322,#3323,
    #3324,#3325,#3326,#3327,#3328,#3329,#3330,#3331,#3332,#3333,#3334,
    #3335,#3336,#3337,#3338,#3339,#3340,#3341,#3342,#3343,#3344,#3345,
    #3346,#3347,#3348,#3349,#3350,#3351,#3352,#3353,#3354,#3355,#3356,
    #3357,#3358,#3359,#3360,#3361,#3362,#3363),.UNSPECIFIED.,.F.,.F.,(9,
    7,7,7,7,7,7,7,7,7,7,7,7,7,9),(0.,6.384591146979E-02,0.235385942483,
    0.306159855837,0.366080213071,0.451202377545,0.499648607249,
    0.549876580221,0.634327092817,0.696346656449,0.766254760708,
    0.86408859211,0.89890630563,0.935897197915,1.),.UNSPECIFIED.);
#3264 = CARTESIAN_POINT('',(13.7,1.367794766338E-13,2.023686127907));
#3265 = CARTESIAN_POINT('',(13.7,0.549524437796,2.030066931388));
#3266 = CARTESIAN_POINT('',(13.674808989107,1.099074038855,
    2.036448523283));
#3267 = CARTESIAN_POINT('',(13.624422990341,1.6472781421,2.042830947091)
  );
#3268 = CARTESIAN_POINT('',(13.548930301405,2.192782865189,
    2.049214182423));
#3269 = CARTESIAN_POINT('',(13.448505132384,2.734250388558,2.0555981681)
  );
#3270 = CARTESIAN_POINT('',(13.323404809845,3.270358794358,2.06198280081
    ));
#3271 = CARTESIAN_POINT('',(13.173970547334,3.799802460249,
    2.068367909318));
#3272 = CARTESIAN_POINT('',(12.534908348324,5.722424305096,2.0919090982)
  );
#3273 = CARTESIAN_POINT('',(11.896168537825,7.06750986855,2.109083034721
    ));
#3274 = CARTESIAN_POINT('',(11.092785255759,8.32947751967,2.126246455382
    ));
#3275 = CARTESIAN_POINT('',(10.138073971294,9.485378561983,
    2.143399852821));
#3276 = CARTESIAN_POINT('',(9.048166410012,10.514788498425,
    2.160551047303));
#3277 = CARTESIAN_POINT('',(7.842369575014,11.400253357099,
    2.177708077877));
#3278 = CARTESIAN_POINT('',(6.542697254729,12.126961064879,
    2.194875320933));
#3279 = CARTESIAN_POINT('',(4.611574120413,12.914893733642,
    2.219104246148));
#3280 = CARTESIAN_POINT('',(4.035829998437,13.116372993152,
    2.226181305477));
#3281 = CARTESIAN_POINT('',(3.450096550952,13.288490264838,
    2.233258478984));
#3282 = CARTESIAN_POINT('',(2.856125130204,13.430676198857,
    2.240335725312));
#3283 = CARTESIAN_POINT('',(2.255694462116,13.542488033914,
    2.247413110185));
#3284 = CARTESIAN_POINT('',(1.650609514205,13.623606440011,
    2.254490683042));
#3285 = CARTESIAN_POINT('',(1.042701745275,13.67383885738,2.261568356852
    ));
#3286 = CARTESIAN_POINT('',(-8.166666318745E-02,13.70946150896,
    2.274637863233));
#3287 = CARTESIAN_POINT('',(-0.597874292968,13.703614910214,
    2.280629991784));
#3288 = CARTESIAN_POINT('',(-1.11366795575,13.675552800621,
    2.286622017336));
#3289 = CARTESIAN_POINT('',(-1.627931523524,13.625308392372,
    2.292613898914));
#3290 = CARTESIAN_POINT('',(-2.139556650475,13.552981147236,
    2.298605662034));
#3291 = CARTESIAN_POINT('',(-2.647442776674,13.458735527683,
    2.304597344516));
#3292 = CARTESIAN_POINT('',(-3.150497421918,13.342802196468,
    2.310588940115));
#3293 = CARTESIAN_POINT('',(-4.353867160916,13.010405709994,
    2.325091653059));
#3294 = CARTESIAN_POINT('',(-5.048215478722,12.772153508639,
    2.333603233293));
#3295 = CARTESIAN_POINT('',(-5.72754068367,12.491583548517,
    2.342114413948));
#3296 = CARTESIAN_POINT('',(-6.388838214478,12.169821284758,
    2.350625236169));
#3297 = CARTESIAN_POINT('',(-7.029227649031,11.808231942256,
    2.35913610195));
#3298 = CARTESIAN_POINT('',(-7.645949480062,11.408411020277,
    2.367647417132));
#3299 = CARTESIAN_POINT('',(-8.236371005531,10.972192499134,
    2.376159224415));
#3300 = CARTESIAN_POINT('',(-9.117646305796,10.233885376463,
    2.38951509961));
#3301 = CARTESIAN_POINT('',(-9.42797788397,9.954975161206,2.394359496511
    ));
#3302 = CARTESIAN_POINT('',(-9.728542135126,9.665324626357,
    2.399203979801));
#3303 = CARTESIAN_POINT('',(-10.01890600024,9.365334005522,
    2.404048541755));
#3304 = CARTESIAN_POINT('',(-10.29865734518,9.055423183007,
    2.408893185631));
#3305 = CARTESIAN_POINT('',(-10.56740501145,8.736031634123,
    2.413737907098));
#3306 = CARTESIAN_POINT('',(-10.82477886697,8.407618365484,2.41858267567
    ));
#3307 = CARTESIAN_POINT('',(-11.32511533728,7.721312843246,
    2.428450335249));
#3308 = CARTESIAN_POINT('',(-11.56720316615,7.362775991656,
    2.433473292062));
#3309 = CARTESIAN_POINT('',(-11.79630447531,6.995585076448,
    2.438496198164));
#3310 = CARTESIAN_POINT('',(-12.0120593594,6.620290047681,2.443519018654
    ));
#3311 = CARTESIAN_POINT('',(-12.21413692024,6.237456942922,
    2.448541749898));
#3312 = CARTESIAN_POINT('',(-12.40223531111,5.84766780059,2.453564397282
    ));
#3313 = CARTESIAN_POINT('',(-12.57608178105,5.451520573306,
    2.458586952971));
#3314 = CARTESIAN_POINT('',(-13.00335649982,4.373911032283,
    2.472053791733));
#3315 = CARTESIAN_POINT('',(-13.23032131354,3.681908448484,
    2.480498398424));
#3316 = CARTESIAN_POINT('',(-13.41514758667,2.976573385782,
    2.488942533138));
#3317 = CARTESIAN_POINT('',(-13.55694142932,2.260908518927,
    2.497386241246));
#3318 = CARTESIAN_POINT('',(-13.65506682208,1.537960999667,
    2.505829914667));
#3319 = CARTESIAN_POINT('',(-13.70913650527,0.810819472036,
    2.514273940468));
#3320 = CARTESIAN_POINT('',(-13.71902157064,8.261420477659E-02,
    2.52271835749));
#3321 = CARTESIAN_POINT('',(-13.65980636777,-1.176715316449,
    2.537363825422));
#3322 = CARTESIAN_POINT('',(-13.61098661927,-1.708843310435,
    2.543565351396));
#3323 = CARTESIAN_POINT('',(-13.53847776888,-2.2386169148,2.549766967181
    ));
#3324 = CARTESIAN_POINT('',(-13.44241655165,-2.764805371252,
    2.55596866352));
#3325 = CARTESIAN_POINT('',(-13.32301468944,-3.286193161739,
    2.562170484321));
#3326 = CARTESIAN_POINT('',(-13.18055736654,-3.801579888743,
    2.568372459949));
#3327 = CARTESIAN_POINT('',(-13.01540467071,-4.309780763618,
    2.574574543125));
#3328 = CARTESIAN_POINT('',(-12.61674999612,-5.373052369349,
    2.587767411933));
#3329 = CARTESIAN_POINT('',(-12.37721668125,-5.925888385976,
    2.594758491397));
#3330 = CARTESIAN_POINT('',(-12.11002273025,-6.466456463875,
    2.601749462823));
#3331 = CARTESIAN_POINT('',(-11.81590933039,-6.993144124116,
    2.608740243207));
#3332 = CARTESIAN_POINT('',(-11.4957239998,-7.504401339123,
    2.615730879598));
#3333 = CARTESIAN_POINT('',(-11.1504177188,-7.998739317711,
    2.622721435876));
#3334 = CARTESIAN_POINT('',(-10.78104737336,-8.474732433824,
    2.629711876295));
#3335 = CARTESIAN_POINT('',(-9.83982460233,-9.569585652347,
    2.646484291974));
#3336 = CARTESIAN_POINT('',(-9.245952643868,-10.16964958947,
    2.656267264098));
#3337 = CARTESIAN_POINT('',(-8.610395434879,-10.72742962853,
    2.666049423014));
#3338 = CARTESIAN_POINT('',(-7.936698075484,-11.23957407717,
    2.675830893502));
#3339 = CARTESIAN_POINT('',(-7.228678698239,-11.70311326037,
    2.685612406319));
#3340 = CARTESIAN_POINT('',(-6.49041320887,-12.11544259397,
    2.695394740791));
#3341 = CARTESIAN_POINT('',(-5.726246127864,-12.47434258984,
    2.705178126948));
#3342 = CARTESIAN_POINT('',(-4.661303926507,-12.88611885022,
    2.718442815165));
#3343 = CARTESIAN_POINT('',(-4.379080630561,-12.98721197085,
    2.721924552462));
#3344 = CARTESIAN_POINT('',(-4.094359285223,-13.08123816677,
    2.725406372577));
#3345 = CARTESIAN_POINT('',(-3.807346566721,-13.16812572701,
    2.728888275126));
#3346 = CARTESIAN_POINT('',(-3.518251270059,-13.24781030195,
    2.732370260756));
#3347 = CARTESIAN_POINT('',(-3.227284299712,-13.32023490187,
    2.735852327039));
#3348 = CARTESIAN_POINT('',(-2.934658660311,-13.38534989556,
    2.739334464372));
#3349 = CARTESIAN_POINT('',(-2.328165641126,-13.50448145871,
    2.746516183223));
#3350 = CARTESIAN_POINT('',(-2.014111271196,-13.55755186069,
    2.750215784899));
#3351 = CARTESIAN_POINT('',(-1.698684442077,-13.60227355987,
    2.753915430633));
#3352 = CARTESIAN_POINT('',(-1.382144256247,-13.63860560685,
    2.757615099235));
#3353 = CARTESIAN_POINT('',(-1.064750798446,-13.66651675558,
    2.761314770323));
#3354 = CARTESIAN_POINT('',(-0.746765120012,-13.6859854612,
    2.765014420047));
#3355 = CARTESIAN_POINT('',(-0.428449223197,-13.69699987786,
    2.768714016827));
#3356 = CARTESIAN_POINT('',(0.441671221894,-13.70399066672,
    2.778824509567));
#3357 = CARTESIAN_POINT('',(0.993619915533,-13.68302842971,2.78523532103
    ));
#3358 = CARTESIAN_POINT('',(1.544405312246,-13.63665891934,
    2.791645655869));
#3359 = CARTESIAN_POINT('',(2.092663763979,-13.56496066183,
    2.798055339784));
#3360 = CARTESIAN_POINT('',(2.637042218644,-13.46809838269,
    2.804464267868));
#3361 = CARTESIAN_POINT('',(3.176198343322,-13.34632210465,
    2.810872377943));
#3362 = CARTESIAN_POINT('',(3.70880124984,-13.19996989656,2.817279649125
    ));
#3363 = CARTESIAN_POINT('',(4.233532822698,-13.02947427332,
    2.823686125633));
#3364 = PCURVE('',#3024,#3365);
#3365 = DEFINITIONAL_REPRESENTATION('',(#3366),#3467);
#3366 = B_SPLINE_CURVE_WITH_KNOTS('',8,(#3367,#3368,#3369,#3370,#3371,
    #3372,#3373,#3374,#3375,#3376,#3377,#3378,#3379,#3380,#3381,#3382,
    #3383,#3384,#3385,#3386,#3387,#3388,#3389,#3390,#3391,#3392,#3393,
    #3394,#3395,#3396,#3397,#3398,#3399,#3400,#3401,#3402,#3403,#3404,
    #3405,#3406,#3407,#3408,#3409,#3410,#3411,#3412,#3413,#3414,#3415,
    #3416,#3417,#3418,#3419,#3420,#3421,#3422,#3423,#3424,#3425,#3426,
    #3427,#3428,#3429,#3430,#3431,#3432,#3433,#3434,#3435,#3436,#3437,
    #3438,#3439,#3440,#3441,#3442,#3443,#3444,#3445,#3446,#3447,#3448,
    #3449,#3450,#3451,#3452,#3453,#3454,#3455,#3456,#3457,#3458,#3459,
    #3460,#3461,#3462,#3463,#3464,#3465,#3466),.UNSPECIFIED.,.F.,.F.,(9,
    7,7,7,7,7,7,7,7,7,7,7,7,7,9),(0.,6.384591146979E-02,0.235385942483,
    0.306159855837,0.366080213071,0.451202377545,0.499648607249,
    0.549876580221,0.634327092817,0.696346656449,0.766254760708,
    0.86408859211,0.89890630563,0.935897197915,1.),.UNSPECIFIED.);
#3367 = CARTESIAN_POINT('',(0.,1.823686127907));
#3368 = CARTESIAN_POINT('',(4.011127283182E-02,1.830066931388));
#3369 = CARTESIAN_POINT('',(8.022437777097E-02,1.836448523283));
#3370 = CARTESIAN_POINT('',(0.120337627861,1.842830947091));
#3371 = CARTESIAN_POINT('',(0.160450540807,1.849214182423));
#3372 = CARTESIAN_POINT('',(0.200563308164,1.8555981681));
#3373 = CARTESIAN_POINT('',(0.240676286038,1.86198280081));
#3374 = CARTESIAN_POINT('',(0.280789507319,1.868367909318));
#3375 = CARTESIAN_POINT('',(0.428676308287,1.8919090982));
#3376 = CARTESIAN_POINT('',(0.536551580962,1.909083034721));
#3377 = CARTESIAN_POINT('',(0.644369055284,1.926246455382));
#3378 = CARTESIAN_POINT('',(0.752149435921,1.943399852821));
#3379 = CARTESIAN_POINT('',(0.859929871424,1.960551047303));
#3380 = CARTESIAN_POINT('',(0.967747503519,1.977708077877));
#3381 = CARTESIAN_POINT('',(1.075622982778,1.994875320933));
#3382 = CARTESIAN_POINT('',(1.227862633106,2.019104246148));
#3383 = CARTESIAN_POINT('',(1.272329310493,2.026181305477));
#3384 = CARTESIAN_POINT('',(1.316795437855,2.033258478984));
#3385 = CARTESIAN_POINT('',(1.361260877021,2.040335725312));
#3386 = CARTESIAN_POINT('',(1.405726315316,2.047413110185));
#3387 = CARTESIAN_POINT('',(1.450192440513,2.054490683042));
#3388 = CARTESIAN_POINT('',(1.494659115817,2.061568356852));
#3389 = CARTESIAN_POINT('',(1.576770982376,2.074637863233));
#3390 = CARTESIAN_POINT('',(1.614417957936,2.080629991784));
#3391 = CARTESIAN_POINT('',(1.652064695544,2.086622017336));
#3392 = CARTESIAN_POINT('',(1.689711132433,2.092613898914));
#3393 = CARTESIAN_POINT('',(1.727357568162,2.098605662034));
#3394 = CARTESIAN_POINT('',(1.76500430364,2.104597344516));
#3395 = CARTESIAN_POINT('',(1.802651280124,2.110588940115));
#3396 = CARTESIAN_POINT('',(1.893777811481,2.125091653059));
#3397 = CARTESIAN_POINT('',(1.947260975439,2.133603233293));
#3398 = CARTESIAN_POINT('',(2.000742767492,2.142114413948));
#3399 = CARTESIAN_POINT('',(2.054222846628,2.150625236169));
#3400 = CARTESIAN_POINT('',(2.107702930489,2.15913610195));
#3401 = CARTESIAN_POINT('',(2.161184739399,2.167647417132));
#3402 = CARTESIAN_POINT('',(2.214667927354,2.176159224415));
#3403 = CARTESIAN_POINT('',(2.298585523484,2.18951509961));
#3404 = CARTESIAN_POINT('',(2.329023233921,2.194359496511));
#3405 = CARTESIAN_POINT('',(2.3594608637,2.199203979801));
#3406 = CARTESIAN_POINT('',(2.389898390904,2.204048541755));
#3407 = CARTESIAN_POINT('',(2.420335916883,2.208893185631));
#3408 = CARTESIAN_POINT('',(2.450773543867,2.213737907098));
#3409 = CARTESIAN_POINT('',(2.481211252568,2.21858267567));
#3410 = CARTESIAN_POINT('',(2.543205730751,2.228450335249));
#3411 = CARTESIAN_POINT('',(2.574762906083,2.233473292062));
#3412 = CARTESIAN_POINT('',(2.60631998619,2.238496198164));
#3413 = CARTESIAN_POINT('',(2.637876945034,2.243519018654));
#3414 = CARTESIAN_POINT('',(2.669433903698,2.248541749898));
#3415 = CARTESIAN_POINT('',(2.700990983953,2.253564397282));
#3416 = CARTESIAN_POINT('',(2.732548161818,2.258586952971));
#3417 = CARTESIAN_POINT('',(2.817163232604,2.272053791733));
#3418 = CARTESIAN_POINT('',(2.870224314159,2.280498398424));
#3419 = CARTESIAN_POINT('',(2.923284076149,2.288942533138));
#3420 = CARTESIAN_POINT('',(2.976342188815,2.297386241246));
#3421 = CARTESIAN_POINT('',(3.029400302106,2.305829914667));
#3422 = CARTESIAN_POINT('',(3.082460065567,2.314273940468));
#3423 = CARTESIAN_POINT('',(3.135521148289,2.32271835749));
#3424 = CARTESIAN_POINT('',(3.227544574413,2.337363825422));
#3425 = CARTESIAN_POINT('',(3.266510536459,2.343565351396));
#3426 = CARTESIAN_POINT('',(3.305476214592,2.349766967181));
#3427 = CARTESIAN_POINT('',(3.344441535692,2.35596866352));
#3428 = CARTESIAN_POINT('',(3.383406855692,2.362170484321));
#3429 = CARTESIAN_POINT('',(3.422372531255,2.368372459949));
#3430 = CARTESIAN_POINT('',(3.461338491401,2.374574543125));
#3431 = CARTESIAN_POINT('',(3.544225296619,2.387767411933));
#3432 = CARTESIAN_POINT('',(3.588147949089,2.394758491397));
#3433 = CARTESIAN_POINT('',(3.632070084437,2.401749462823));
#3434 = CARTESIAN_POINT('',(3.675991573126,2.408740243207));
#3435 = CARTESIAN_POINT('',(3.719913061961,2.415730879598));
#3436 = CARTESIAN_POINT('',(3.763835197941,2.422721435876));
#3437 = CARTESIAN_POINT('',(3.807757852118,2.429711876295));
#3438 = CARTESIAN_POINT('',(3.913145861926,2.446484291974));
#3439 = CARTESIAN_POINT('',(3.974618603522,2.456267264098));
#3440 = CARTESIAN_POINT('',(4.036088314323,2.466049423014));
#3441 = CARTESIAN_POINT('',(4.097554962735,2.475830893502));
#3442 = CARTESIAN_POINT('',(4.159021608819,2.485612406319));
#3443 = CARTESIAN_POINT('',(4.22049131433,2.495394740791));
#3444 = CARTESIAN_POINT('',(4.281964051714,2.505178126948));
#3445 = CARTESIAN_POINT('',(4.365305657951,2.518442815165));
#3446 = CARTESIAN_POINT('',(4.387180789054,2.521924552462));
#3447 = CARTESIAN_POINT('',(4.409055906925,2.525406372577));
#3448 = CARTESIAN_POINT('',(4.430931003956,2.528888275126));
#3449 = CARTESIAN_POINT('',(4.452806097734,2.532370260756));
#3450 = CARTESIAN_POINT('',(4.474681207142,2.535852327039));
#3451 = CARTESIAN_POINT('',(4.496556328462,2.539334464372));
#3452 = CARTESIAN_POINT('',(4.541671847374,2.546516183223));
#3453 = CARTESIAN_POINT('',(4.564912326606,2.550215784899));
#3454 = CARTESIAN_POINT('',(4.588152777595,2.553915430633));
#3455 = CARTESIAN_POINT('',(4.611393193995,2.557615099235));
#3456 = CARTESIAN_POINT('',(4.634633602661,2.561314770323));
#3457 = CARTESIAN_POINT('',(4.657874031608,2.565014420047));
#3458 = CARTESIAN_POINT('',(4.681114477986,2.568714016827));
#3459 = CARTESIAN_POINT('',(4.744628969052,2.578824509567));
#3460 = CARTESIAN_POINT('',(4.784903596936,2.58523532103));
#3461 = CARTESIAN_POINT('',(4.825177975856,2.591645655869));
#3462 = CARTESIAN_POINT('',(4.865452134558,2.598055339784));
#3463 = CARTESIAN_POINT('',(4.905726436581,2.604464267868));
#3464 = CARTESIAN_POINT('',(4.946001081736,2.610872377943));
#3465 = CARTESIAN_POINT('',(4.986275586841,2.617279649125));
#3466 = CARTESIAN_POINT('',(5.026548245725,2.623686125633));
#3467 = ( GEOMETRIC_REPRESENTATION_CONTEXT(2) 
PARAMETRIC_REPRESENTATION_CONTEXT() REPRESENTATION_CONTEXT('2D SPACE',''
  ) );
#3468 = PCURVE('',#3469,#3492);
#3469 = ( BOUNDED_SURFACE() B_SPLINE_SURFACE(1,6,(
    (#3470,#3471,#3472,#3473,#3474,#3475,#3476,#3477,#3478,#3479,#3480)
    ,(#3481,#3482,#3483,#3484,#3485,#3486,#3487,#3488,#3489,#3490,#3491
)),.UNSPECIFIED.,.F.,.F.,.F.) B_SPLINE_SURFACE_WITH_KNOTS((2,2),(7,4,7),
(1.,2.),(0.,0.5,1.),.UNSPECIFIED.) GEOMETRIC_REPRESENTATION_ITEM() 
RATIONAL_B_SPLINE_SURFACE((
    (1.,1.,1.,1.,1.,1.,1.,1.,1.,1.,1.)
,(1.,1.,1.,1.,1.,1.,1.,1.,1.,1.,1.
  ))) REPRESENTATION_ITEM('') SURFACE() );
#3470 = CARTESIAN_POINT('',(13.549999999958,5.352020115342E-13,
    2.023686127871));
#3471 = CARTESIAN_POINT('',(13.539852649318,5.678571656509,
    2.090352794548));
#3472 = CARTESIAN_POINT('',(10.726432314636,11.342086674691,
    2.157019460503));
#3473 = CARTESIAN_POINT('',(4.938922502661,15.258489682861,
    2.223686125821));
#3474 = CARTESIAN_POINT('',(-1.985109887399,15.472317105659,
    2.290352790802));
#3475 = CARTESIAN_POINT('',(-13.26756525581,9.639450401439,2.42368612143
    ));
#3476 = CARTESIAN_POINT('',(-15.32848069654,-2.89325723399,
    2.557019454273));
#3477 = CARTESIAN_POINT('',(-12.98547505465,-9.412327050086,
    2.62368612148));
#3478 = CARTESIAN_POINT('',(-7.472315566337,-13.70634088355,
    2.690352789511));
#3479 = CARTESIAN_POINT('',(-1.216598007448,-14.63194023744,
    2.757019457644));
#3480 = CARTESIAN_POINT('',(4.187180273508,-12.88681579577,
    2.823686125622));
#3481 = CARTESIAN_POINT('',(13.749999999958,3.163698972474E-15,
    2.023686127919));
#3482 = CARTESIAN_POINT('',(13.739702873036,5.762388212338,
    2.090352794596));
#3483 = CARTESIAN_POINT('',(10.884756038537,11.509497548309,
    2.157019460541));
#3484 = CARTESIAN_POINT('',(5.011821727928,15.483707242534,
    2.223686125838));
#3485 = CARTESIAN_POINT('',(-2.014410402269,15.700690789945,
    2.290352790795));
#3486 = CARTESIAN_POINT('',(-13.46339647731,9.78173011217,2.423686121383
    ));
#3487 = CARTESIAN_POINT('',(-15.55473133417,-2.935962137904,
    2.557019454219));
#3488 = CARTESIAN_POINT('',(-13.17714258288,-9.551254386678,
    2.623686121434));
#3489 = CARTESIAN_POINT('',(-7.582608047292,-13.90864849785,
    2.690352789484));
#3490 = CARTESIAN_POINT('',(-1.234555173586,-14.84790983515,
    2.75701945764));
#3491 = CARTESIAN_POINT('',(4.248983672382,-13.07702709903,
    2.823686125637));
#3492 = DEFINITIONAL_REPRESENTATION('',(#3493),#3594);
#3493 = B_SPLINE_CURVE_WITH_KNOTS('',8,(#3494,#3495,#3496,#3497,#3498,
    #3499,#3500,#3501,#3502,#3503,#3504,#3505,#3506,#3507,#3508,#3509,
    #3510,#3511,#3512,#3513,#3514,#3515,#3516,#3517,#3518,#3519,#3520,
    #3521,#3522,#3523,#3524,#3525,#3526,#3527,#3528,#3529,#3530,#3531,
    #3532,#3533,#3534,#3535,#3536,#3537,#3538,#3539,#3540,#3541,#3542,
    #3543,#3544,#3545,#3546,#3547,#3548,#3549,#3550,#3551,#3552,#3553,
    #3554,#3555,#3556,#3557,#3558,#3559,#3560,#3561,#3562,#3563,#3564,
    #3565,#3566,#3567,#3568,#3569,#3570,#3571,#3572,#3573,#3574,#3575,
    #3576,#3577,#3578,#3579,#3580,#3581,#3582,#3583,#3584,#3585,#3586,
    #3587,#3588,#3589,#3590,#3591,#3592,#3593),.UNSPECIFIED.,.F.,.F.,(9,
    7,7,7,7,7,7,7,7,7,7,7,7,7,9),(0.,6.384591146979E-02,0.235385942483,
    0.306159855837,0.366080213071,0.451202377545,0.499648607249,
    0.549876580221,0.634327092817,0.696346656449,0.766254760708,
    0.86408859211,0.89890630563,0.935897197915,1.),.UNSPECIFIED.);
#3494 = CARTESIAN_POINT('',(1.75000000021,0.));
#3495 = CARTESIAN_POINT('',(1.754909876714,7.97600435087E-03));
#3496 = CARTESIAN_POINT('',(1.757506478928,1.595299422575E-02));
#3497 = CARTESIAN_POINT('',(1.75849962649,2.393102399994E-02));
#3498 = CARTESIAN_POINT('',(1.758441441363,3.191006818703E-02));
#3499 = CARTESIAN_POINT('',(1.757746076348,3.989005031373E-02));
#3500 = CARTESIAN_POINT('',(1.756711129447,4.787084123931E-02));
#3501 = CARTESIAN_POINT('',(1.755540744066,5.585222691926E-02));
#3502 = CARTESIAN_POINT('',(1.751225922674,8.527871321498E-02));
#3503 = CARTESIAN_POINT('',(1.748075915652,0.106746134059));
#3504 = CARTESIAN_POINT('',(1.747554526772,0.128200410127));
#3505 = CARTESIAN_POINT('',(1.74857122911,0.149642157213));
#3506 = CARTESIAN_POINT('',(1.749540640827,0.171081150643));
#3507 = CARTESIAN_POINT('',(1.750107852556,0.192527439222));
#3508 = CARTESIAN_POINT('',(1.750291760839,0.213986493432));
#3509 = CARTESIAN_POINT('',(1.750273567503,0.24427265053));
#3510 = CARTESIAN_POINT('',(1.750234564795,0.253118974864));
#3511 = CARTESIAN_POINT('',(1.750174053858,0.261965441924));
#3512 = CARTESIAN_POINT('',(1.750108140572,0.270812000011));
#3513 = CARTESIAN_POINT('',(1.750051260195,0.279658731283));
#3514 = CARTESIAN_POINT('',(1.750012735333,0.288505697535));
#3515 = CARTESIAN_POINT('',(1.74999548775,0.29735278998));
#3516 = CARTESIAN_POINT('',(1.749998103074,0.313689673295));
#3517 = CARTESIAN_POINT('',(1.750012678417,0.321179834138));
#3518 = CARTESIAN_POINT('',(1.75003918812,0.328669866233));
#3519 = CARTESIAN_POINT('',(1.750073245836,0.33615971836));
#3520 = CARTESIAN_POINT('',(1.750108452655,0.343649422414));
#3521 = CARTESIAN_POINT('',(1.75013765177,0.35113902567));
#3522 = CARTESIAN_POINT('',(1.750154505957,0.358628520319));
#3523 = CARTESIAN_POINT('',(1.750156664863,0.376756911861));
#3524 = CARTESIAN_POINT('',(1.750125370286,0.387396387362));
#3525 = CARTESIAN_POINT('',(1.750052283737,0.398035363385));
#3526 = CARTESIAN_POINT('',(1.749934300548,0.40867389136));
#3527 = CARTESIAN_POINT('',(1.74979000996,0.419312473778));
#3528 = CARTESIAN_POINT('',(1.749659103758,0.429951617941));
#3529 = CARTESIAN_POINT('',(1.749585625351,0.440591377222));
#3530 = CARTESIAN_POINT('',(1.749584737115,0.457286221481));
#3531 = CARTESIAN_POINT('',(1.749608122019,0.4633417177));
#3532 = CARTESIAN_POINT('',(1.749657247575,0.469397321902));
#3533 = CARTESIAN_POINT('',(1.749731846402,0.475453024432));
#3534 = CARTESIAN_POINT('',(1.749825793329,0.481508829361));
#3535 = CARTESIAN_POINT('',(1.749923548557,0.487564731275));
#3536 = CARTESIAN_POINT('',(1.749996600824,0.493620692066));
#3537 = CARTESIAN_POINT('',(1.750003342039,0.505955266691));
#3538 = CARTESIAN_POINT('',(1.749928036981,0.512233962779));
#3539 = CARTESIAN_POINT('',(1.749825221078,0.518512595475));
#3540 = CARTESIAN_POINT('',(1.749726980275,0.524791121152));
#3541 = CARTESIAN_POINT('',(1.74965043726,0.531069535268));
#3542 = CARTESIAN_POINT('',(1.749601927945,0.537347844553));
#3543 = CARTESIAN_POINT('',(1.749581177949,0.543626039217));
#3544 = CARTESIAN_POINT('',(1.749592710751,0.560459587798));
#3545 = CARTESIAN_POINT('',(1.749670500007,0.57101534623));
#3546 = CARTESIAN_POINT('',(1.74980174275,0.581570514678));
#3547 = CARTESIAN_POINT('',(1.749943623535,0.592125149855));
#3548 = CARTESIAN_POINT('',(1.750058332297,0.602679741661));
#3549 = CARTESIAN_POINT('',(1.750128561711,0.613234773929));
#3550 = CARTESIAN_POINT('',(1.750157785197,0.623790295209));
#3551 = CARTESIAN_POINT('',(1.75015350188,0.642097130107));
#3552 = CARTESIAN_POINT('',(1.750134778344,0.649849037561));
#3553 = CARTESIAN_POINT('',(1.750103247108,0.65760105727));
#3554 = CARTESIAN_POINT('',(1.750066109987,0.665353177665));
#3555 = CARTESIAN_POINT('',(1.750031362322,0.673105453631));
#3556 = CARTESIAN_POINT('',(1.750005926192,0.680857923123));
#3557 = CARTESIAN_POINT('',(1.749994222969,0.688610527044));
#3558 = CARTESIAN_POINT('',(1.750000524231,0.705101612933));
#3559 = CARTESIAN_POINT('',(1.750022502027,0.713840462192));
#3560 = CARTESIAN_POINT('',(1.750064706509,0.722579176394));
#3561 = CARTESIAN_POINT('',(1.750123278714,0.731317651786));
#3562 = CARTESIAN_POINT('',(1.750188404907,0.740055947178));
#3563 = CARTESIAN_POINT('',(1.750245750298,0.748794142422));
#3564 = CARTESIAN_POINT('',(1.750279834366,0.757532192835));
#3565 = CARTESIAN_POINT('',(1.750278666837,0.778497712151));
#3566 = CARTESIAN_POINT('',(1.750210216233,0.790726427127));
#3567 = CARTESIAN_POINT('',(1.750042519945,0.802954125581));
#3568 = CARTESIAN_POINT('',(1.749758452976,0.815180963489));
#3569 = CARTESIAN_POINT('',(1.749377975463,0.827407854298));
#3570 = CARTESIAN_POINT('',(1.748983802026,0.839635772167));
#3571 = CARTESIAN_POINT('',(1.748717112383,0.851865004634));
#3572 = CARTESIAN_POINT('',(1.748708023674,0.868445864585));
#3573 = CARTESIAN_POINT('',(1.748738595727,0.872798036122));
#3574 = CARTESIAN_POINT('',(1.748808016452,0.87715031118));
#3575 = CARTESIAN_POINT('',(1.748922205612,0.881502689281));
#3576 = CARTESIAN_POINT('',(1.749086559169,0.885855171231));
#3577 = CARTESIAN_POINT('',(1.749305396771,0.890207753998));
#3578 = CARTESIAN_POINT('',(1.749581409248,0.894560425577));
#3579 = CARTESIAN_POINT('',(1.750269630944,0.903537573959));
#3580 = CARTESIAN_POINT('',(1.750689269107,0.908162075959));
#3581 = CARTESIAN_POINT('',(1.751174414712,0.912786633032));
#3582 = CARTESIAN_POINT('',(1.7517226796,0.917411218691));
#3583 = CARTESIAN_POINT('',(1.75232766003,0.922035807455));
#3584 = CARTESIAN_POINT('',(1.752977703379,0.926660369515));
#3585 = CARTESIAN_POINT('',(1.75365467484,0.931284865394));
#3586 = CARTESIAN_POINT('',(1.755507739257,0.943922981059));
#3587 = CARTESIAN_POINT('',(1.756686060994,0.951936495222));
#3588 = CARTESIAN_POINT('',(1.757731981769,0.959949413606));
#3589 = CARTESIAN_POINT('',(1.758440402315,0.967961518335));
#3590 = CARTESIAN_POINT('',(1.758511536518,0.975972678277));
#3591 = CARTESIAN_POINT('',(1.757527335616,0.983982815708));
#3592 = CARTESIAN_POINT('',(1.754929631702,0.991991904524));
#3593 = CARTESIAN_POINT('',(1.750000000557,1.));
#3594 = ( GEOMETRIC_REPRESENTATION_CONTEXT(2) 
PARAMETRIC_REPRESENTATION_CONTEXT() REPRESENTATION_CONTEXT('2D SPACE',''
  ) );
#3595 = ORIENTED_EDGE('',*,*,#3596,.T.);
#3596 = EDGE_CURVE('',#3260,#3140,#3597,.T.);
#3597 = SURFACE_CURVE('',#3598,(#3679,#3763),.PCURVE_S1.);
#3598 = B_SPLINE_CURVE_WITH_KNOTS('',7,(#3599,#3600,#3601,#3602,#3603,
    #3604,#3605,#3606,#3607,#3608,#3609,#3610,#3611,#3612,#3613,#3614,
    #3615,#3616,#3617,#3618,#3619,#3620,#3621,#3622,#3623,#3624,#3625,
    #3626,#3627,#3628,#3629,#3630,#3631,#3632,#3633,#3634,#3635,#3636,
    #3637,#3638,#3639,#3640,#3641,#3642,#3643,#3644,#3645,#3646,#3647,
    #3648,#3649,#3650,#3651,#3652,#3653,#3654,#3655,#3656,#3657,#3658,
    #3659,#3660,#3661,#3662,#3663,#3664,#3665,#3666,#3667,#3668,#3669,
    #3670,#3671,#3672,#3673,#3674,#3675,#3676,#3677,#3678),
  .UNSPECIFIED.,.F.,.F.,(8,6,6,6,6,6,6,6,6,6,6,6,6,8),(0.,0.427487064076
    ,0.502345411658,0.575977803033,0.64713549231,0.715818964614,
    0.779639876163,0.838980866781,0.894414936612,0.946064521722,
    0.987370318792,0.993863198497,0.996843711078,1.),.UNSPECIFIED.);
#3599 = CARTESIAN_POINT('',(4.233532822698,-13.02947427332,
    2.823686125616));
#3600 = CARTESIAN_POINT('',(5.234653254182,-12.70419052685,
    2.821521162326));
#3601 = CARTESIAN_POINT('',(6.206772426369,-12.28911388156,
    2.819355849944));
#3602 = CARTESIAN_POINT('',(7.139916277697,-11.78743181206,
    2.817190863357));
#3603 = CARTESIAN_POINT('',(8.024946224058,-11.20366301834,
    2.815026035707));
#3604 = CARTESIAN_POINT('',(8.85341880816,-10.54338602695,2.812861151871
    ));
#3605 = CARTESIAN_POINT('',(9.6175868483,-9.813239179598,2.81069606946)
  );
#3606 = CARTESIAN_POINT('',(10.431955618654,-8.882469650355,
    2.808152462521));
#3607 = CARTESIAN_POINT('',(10.551132601223,-8.741865707118,
    2.807773424974));
#3608 = CARTESIAN_POINT('',(10.668095294018,-8.599400196737,
    2.807394392668));
#3609 = CARTESIAN_POINT('',(10.7828087771,-8.455115209359,2.807015366051
    ));
#3610 = CARTESIAN_POINT('',(10.895239138466,-8.309053664639,
    2.806636345628));
#3611 = CARTESIAN_POINT('',(11.005353474055,-8.161259311741,
    2.806257331969));
#3612 = CARTESIAN_POINT('',(11.219121409362,-7.864742225271,
    2.805505526428));
#3613 = CARTESIAN_POINT('',(11.322851316897,-7.716074298326,
    2.805132734286));
#3614 = CARTESIAN_POINT('',(11.424279257304,-7.565815368473,
    2.804759949869));
#3615 = CARTESIAN_POINT('',(11.523375890526,-7.414008564035,
    2.80438717387));
#3616 = CARTESIAN_POINT('',(11.62011288949,-7.260697721688,
    2.804014407087));
#3617 = CARTESIAN_POINT('',(11.71446294011,-7.105927386456,
    2.803641650425));
#3618 = CARTESIAN_POINT('',(11.895246649677,-6.798807425375,
    2.80290868691));
#3619 = CARTESIAN_POINT('',(11.98183982194,-6.646551238147,
    2.802548479324));
#3620 = CARTESIAN_POINT('',(12.066155521914,-6.493015083457,
    2.802188283022));
#3621 = CARTESIAN_POINT('',(12.14817095293,-6.33824036934,2.801828099069
    ));
#3622 = CARTESIAN_POINT('',(12.227864257806,-6.182269078444,
    2.801467928699));
#3623 = CARTESIAN_POINT('',(12.305214518852,-6.025143768029,
    2.801107773319));
#3624 = CARTESIAN_POINT('',(12.452581623012,-5.71417338709,
    2.800400018044));
#3625 = CARTESIAN_POINT('',(12.522759958219,-5.560404219247,
    2.800052417052));
#3626 = CARTESIAN_POINT('',(12.590718796888,-5.405638837888,
    2.799704832919));
#3627 = CARTESIAN_POINT('',(12.656441037137,-5.249916509446,
    2.799357267324));
#3628 = CARTESIAN_POINT('',(12.719910441796,-5.093276995342,
    2.799009722238));
#3629 = CARTESIAN_POINT('',(12.781111638413,-4.935760551977,
    2.798662199921));
#3630 = CARTESIAN_POINT('',(12.894777368162,-4.630266146924,
    2.79799180756));
#3631 = CARTESIAN_POINT('',(12.947553693013,-4.482402412449,
    2.797668934142));
#3632 = CARTESIAN_POINT('',(12.998347452091,-4.333849397624,
    2.797346084674));
#3633 = CARTESIAN_POINT('',(13.0471476937,-4.184640193843,2.797023261595
    ));
#3634 = CARTESIAN_POINT('',(13.093944156157,-4.034808313581,
    2.796700467782));
#3635 = CARTESIAN_POINT('',(13.138727267798,-3.884387690395,
    2.796377706548));
#3636 = CARTESIAN_POINT('',(13.221247418167,-3.593035386883,
    2.795754910473));
#3637 = CARTESIAN_POINT('',(13.259258411087,-3.452178862314,
    2.79545487086));
#3638 = CARTESIAN_POINT('',(13.295513979805,-3.31087068342,
    2.795154865741));
#3639 = CARTESIAN_POINT('',(13.330007548426,-3.16913886752,
    2.794854898723));
#3640 = CARTESIAN_POINT('',(13.362733111087,-3.027011871053,
    2.794554974081));
#3641 = CARTESIAN_POINT('',(13.393685231962,-2.884518589578,
    2.79425509676));
#3642 = CARTESIAN_POINT('',(13.450112098949,-2.608261851723,
    2.793675187969));
#3643 = CARTESIAN_POINT('',(13.475813297861,-2.474541388825,
    2.793395149948));
#3644 = CARTESIAN_POINT('',(13.499958723051,-2.340550875497,
    2.793115162901));
#3645 = CARTESIAN_POINT('',(13.522544895089,-2.20631471738,2.7928352323)
  );
#3646 = CARTESIAN_POINT('',(13.543568825261,-2.071857863661,
    2.792555364619));
#3647 = CARTESIAN_POINT('',(13.563028066786,-1.937205851407,
    2.792275567451));
#3648 = CARTESIAN_POINT('',(13.597591930428,-1.676768080018,
    2.791735228137));
#3649 = CARTESIAN_POINT('',(13.612903127774,-1.5510047486,2.791474675821
    ));
#3650 = CARTESIAN_POINT('',(13.626852879235,-1.425115959772,
    2.79121419969));
#3651 = CARTESIAN_POINT('',(13.639440111582,-1.299123546526,
    2.79095380821));
#3652 = CARTESIAN_POINT('',(13.650664237649,-1.17305013581,
    2.790693511464));
#3653 = CARTESIAN_POINT('',(13.660525236808,-1.046919213621,
    2.790433321318));
#3654 = CARTESIAN_POINT('',(13.675820251979,-0.819857853931,
    2.789965265636));
#3655 = CARTESIAN_POINT('',(13.681745372406,-0.718939510156,
    2.789757357048));
#3656 = CARTESIAN_POINT('',(13.68679935973,-0.618012568309,
    2.789549532705));
#3657 = CARTESIAN_POINT('',(13.690982808494,-0.51709010495,
    2.789341800914));
#3658 = CARTESIAN_POINT('',(13.694296644777,-0.416185863682,
    2.789134171408));
#3659 = CARTESIAN_POINT('',(13.696742126187,-0.315314255148,
    2.788926655337));
#3660 = CARTESIAN_POINT('',(13.698569001005,-0.1986417961,2.788686665527
    ));
#3661 = CARTESIAN_POINT('',(13.698795744027,-0.182794416333,
    2.788654068894));
#3662 = CARTESIAN_POINT('',(13.699001077363,-0.166948277,2.788621475431)
  );
#3663 = CARTESIAN_POINT('',(13.699185007716,-0.151103437959,
    2.788588885188));
#3664 = CARTESIAN_POINT('',(13.699347542057,-0.135259959652,
    2.788556298218));
#3665 = CARTESIAN_POINT('',(13.699488687631,-0.119417903112,
    2.788523714577));
#3666 = CARTESIAN_POINT('',(13.699663428951,-9.630582182653E-02,
    2.788476178571));
#3667 = CARTESIAN_POINT('',(13.699713760852,-8.905309473373E-02,
    2.788461261521));
#3668 = CARTESIAN_POINT('',(13.699759490224,-8.181906469463E-02,
    2.788446382989));
#3669 = CARTESIAN_POINT('',(13.699800659161,-7.460364831205E-02,
    2.788431542797));
#3670 = CARTESIAN_POINT('',(13.699837309279,-6.740676277775E-02,
    2.788416740765));
#3671 = CARTESIAN_POINT('',(13.699869481719,-6.022832587241E-02,
    2.788401976719));
#3672 = CARTESIAN_POINT('',(13.699926588264,-4.548591946793E-02,
    2.788371655765));
#3673 = CARTESIAN_POINT('',(13.699951061948,-3.790394111762E-02,
    2.788356061823));
#3674 = CARTESIAN_POINT('',(13.699970639058,-3.032234908808E-02,
    2.788340468706));
#3675 = CARTESIAN_POINT('',(13.699985320487,-2.274115990568E-02,
    2.788324876441));
#3676 = CARTESIAN_POINT('',(13.699995107152,-1.516037844978E-02,
    2.78830928503));
#3677 = CARTESIAN_POINT('',(13.7,-7.57999795276E-03,2.788293694451));
#3678 = CARTESIAN_POINT('',(13.7,-3.552713678801E-15,2.788278104659));
#3679 = PCURVE('',#3024,#3680);
#3680 = DEFINITIONAL_REPRESENTATION('',(#3681),#3762);
#3681 = B_SPLINE_CURVE_WITH_KNOTS('',7,(#3682,#3683,#3684,#3685,#3686,
    #3687,#3688,#3689,#3690,#3691,#3692,#3693,#3694,#3695,#3696,#3697,
    #3698,#3699,#3700,#3701,#3702,#3703,#3704,#3705,#3706,#3707,#3708,
    #3709,#3710,#3711,#3712,#3713,#3714,#3715,#3716,#3717,#3718,#3719,
    #3720,#3721,#3722,#3723,#3724,#3725,#3726,#3727,#3728,#3729,#3730,
    #3731,#3732,#3733,#3734,#3735,#3736,#3737,#3738,#3739,#3740,#3741,
    #3742,#3743,#3744,#3745,#3746,#3747,#3748,#3749,#3750,#3751,#3752,
    #3753,#3754,#3755,#3756,#3757,#3758,#3759,#3760,#3761),
  .UNSPECIFIED.,.F.,.F.,(8,6,6,6,6,6,6,6,6,6,6,6,6,8),(0.,0.427487064076
    ,0.502345411658,0.575977803033,0.64713549231,0.715818964614,
    0.779639876163,0.838980866781,0.894414936612,0.946064521722,
    0.987370318792,0.993863198497,0.996843711078,1.),.UNSPECIFIED.);
#3682 = CARTESIAN_POINT('',(5.026548245725,2.623686125616));
#3683 = CARTESIAN_POINT('',(5.103383305259,2.621521162326));
#3684 = CARTESIAN_POINT('',(5.180230463625,2.619355849944));
#3685 = CARTESIAN_POINT('',(5.257066287874,2.617190863357));
#3686 = CARTESIAN_POINT('',(5.333896427196,2.615026035707));
#3687 = CARTESIAN_POINT('',(5.410728560231,2.612861151871));
#3688 = CARTESIAN_POINT('',(5.487567727226,2.61069606946));
#3689 = CARTESIAN_POINT('',(5.577840796154,2.608152462521));
#3690 = CARTESIAN_POINT('',(5.591292906965,2.607773424974));
#3691 = CARTESIAN_POINT('',(5.604744831701,2.607394392668));
#3692 = CARTESIAN_POINT('',(5.618196554555,2.607015366051));
#3693 = CARTESIAN_POINT('',(5.631648057547,2.606636345628));
#3694 = CARTESIAN_POINT('',(5.645099320516,2.606257331969));
#3695 = CARTESIAN_POINT('',(5.671781034514,2.605505526428));
#3696 = CARTESIAN_POINT('',(5.685011494748,2.605132734286));
#3697 = CARTESIAN_POINT('',(5.698241680876,2.604759949869));
#3698 = CARTESIAN_POINT('',(5.711471568249,2.60438717387));
#3699 = CARTESIAN_POINT('',(5.724701128523,2.604014407087));
#3700 = CARTESIAN_POINT('',(5.737930329656,2.603641650425));
#3701 = CARTESIAN_POINT('',(5.763943336822,2.60290868691));
#3702 = CARTESIAN_POINT('',(5.776727168903,2.602548479324));
#3703 = CARTESIAN_POINT('',(5.789510600452,2.602188283022));
#3704 = CARTESIAN_POINT('',(5.802293593694,2.601828099069));
#3705 = CARTESIAN_POINT('',(5.815076104777,2.601467928699));
#3706 = CARTESIAN_POINT('',(5.82785808377,2.601107773319));
#3707 = CARTESIAN_POINT('',(5.852976445088,2.600400018044));
#3708 = CARTESIAN_POINT('',(5.865312866345,2.600052417052));
#3709 = CARTESIAN_POINT('',(5.877648689159,2.599704832919));
#3710 = CARTESIAN_POINT('',(5.889983853926,2.599357267324));
#3711 = CARTESIAN_POINT('',(5.902318290713,2.599009722238));
#3712 = CARTESIAN_POINT('',(5.914651919265,2.598662199921));
#3713 = CARTESIAN_POINT('',(5.938444262602,2.59799180756));
#3714 = CARTESIAN_POINT('',(5.949903097152,2.597668934142));
#3715 = CARTESIAN_POINT('',(5.961361081606,2.597346084674));
#3716 = CARTESIAN_POINT('',(5.972818129416,2.597023261595));
#3717 = CARTESIAN_POINT('',(5.984274138523,2.596700467782));
#3718 = CARTESIAN_POINT('',(5.995728991361,2.596377706548));
#3719 = CARTESIAN_POINT('',(6.017832133303,2.595754910473));
#3720 = CARTESIAN_POINT('',(6.028480591792,2.59545487086));
#3721 = CARTESIAN_POINT('',(6.039127826089,2.595154865741));
#3722 = CARTESIAN_POINT('',(6.04977370822,2.594854898723));
#3723 = CARTESIAN_POINT('',(6.060418086466,2.594554974081));
#3724 = CARTESIAN_POINT('',(6.071060785369,2.59425509676));
#3725 = CARTESIAN_POINT('',(6.091641850619,2.593675187969));
#3726 = CARTESIAN_POINT('',(6.101580449422,2.593395149948));
#3727 = CARTESIAN_POINT('',(6.111517239292,2.593115162901));
#3728 = CARTESIAN_POINT('',(6.121452025999,2.5928352323));
#3729 = CARTESIAN_POINT('',(6.131384579776,2.592555364619));
#3730 = CARTESIAN_POINT('',(6.141314631167,2.592275567451));
#3731 = CARTESIAN_POINT('',(6.160491370055,2.591735228137));
#3732 = CARTESIAN_POINT('',(6.169738418478,2.591474675821));
#3733 = CARTESIAN_POINT('',(6.178982763195,2.59121419969));
#3734 = CARTESIAN_POINT('',(6.188224103729,2.59095380821));
#3735 = CARTESIAN_POINT('',(6.197462082221,2.590693511464));
#3736 = CARTESIAN_POINT('',(6.206696277581,2.590433321318));
#3737 = CARTESIAN_POINT('',(6.223307658473,2.589965265636));
#3738 = CARTESIAN_POINT('',(6.230686371939,2.589757357048));
#3739 = CARTESIAN_POINT('',(6.238062095588,2.589549532705));
#3740 = CARTESIAN_POINT('',(6.24543453452,2.589341800914));
#3741 = CARTESIAN_POINT('',(6.252803343373,2.589134171408));
#3742 = CARTESIAN_POINT('',(6.260168126318,2.588926655337));
#3743 = CARTESIAN_POINT('',(6.268685408137,2.588686665527));
#3744 = CARTESIAN_POINT('',(6.269842268527,2.588654068894));
#3745 = CARTESIAN_POINT('',(6.270999016449,2.588621475431));
#3746 = CARTESIAN_POINT('',(6.272155650069,2.588588885188));
#3747 = CARTESIAN_POINT('',(6.273312167508,2.588556298218));
#3748 = CARTESIAN_POINT('',(6.274468566843,2.588523714577));
#3749 = CARTESIAN_POINT('',(6.276155628292,2.588476178571));
#3750 = CARTESIAN_POINT('',(6.276685037076,2.588461261521));
#3751 = CARTESIAN_POINT('',(6.277213078854,2.588446382989));
#3752 = CARTESIAN_POINT('',(6.277739759977,2.588431542797));
#3753 = CARTESIAN_POINT('',(6.278265086743,2.588416740765));
#3754 = CARTESIAN_POINT('',(6.278789065406,2.588401976719));
#3755 = CARTESIAN_POINT('',(6.279865161538,2.588371655765));
#3756 = CARTESIAN_POINT('',(6.280418593382,2.588356061823));
#3757 = CARTESIAN_POINT('',(6.28097199592,2.588340468706));
#3758 = CARTESIAN_POINT('',(6.281525368224,2.588324876441));
#3759 = CARTESIAN_POINT('',(6.282078710212,2.58830928503));
#3760 = CARTESIAN_POINT('',(6.282632022657,2.588293694451));
#3761 = CARTESIAN_POINT('',(6.28318530718,2.588278104659));
#3762 = ( GEOMETRIC_REPRESENTATION_CONTEXT(2) 
PARAMETRIC_REPRESENTATION_CONTEXT() REPRESENTATION_CONTEXT('2D SPACE',''
  ) );
#3763 = PCURVE('',#3182,#3764);
#3764 = DEFINITIONAL_REPRESENTATION('',(#3765),#3846);
#3765 = B_SPLINE_CURVE_WITH_KNOTS('',7,(#3766,#3767,#3768,#3769,#3770,
    #3771,#3772,#3773,#3774,#3775,#3776,#3777,#3778,#3779,#3780,#3781,
    #3782,#3783,#3784,#3785,#3786,#3787,#3788,#3789,#3790,#3791,#3792,
    #3793,#3794,#3795,#3796,#3797,#3798,#3799,#3800,#3801,#3802,#3803,
    #3804,#3805,#3806,#3807,#3808,#3809,#3810,#3811,#3812,#3813,#3814,
    #3815,#3816,#3817,#3818,#3819,#3820,#3821,#3822,#3823,#3824,#3825,
    #3826,#3827,#3828,#3829,#3830,#3831,#3832,#3833,#3834,#3835,#3836,
    #3837,#3838,#3839,#3840,#3841,#3842,#3843,#3844,#3845),
  .UNSPECIFIED.,.F.,.F.,(8,6,6,6,6,6,6,6,6,6,6,6,6,8),(0.,0.427487064076
    ,0.502345411658,0.575977803033,0.64713549231,0.715818964614,
    0.779639876163,0.838980866781,0.894414936612,0.946064521722,
    0.987370318792,0.993863198497,0.996843711078,1.),.UNSPECIFIED.);
#3766 = CARTESIAN_POINT('',(1.750000001109,0.));
#3767 = CARTESIAN_POINT('',(1.738872108863,4.903774715983E-02));
#3768 = CARTESIAN_POINT('',(1.726612885323,9.806895638133E-02));
#3769 = CARTESIAN_POINT('',(1.712976855488,0.147078414048));
#3770 = CARTESIAN_POINT('',(1.69768411398,0.196069996365));
#3771 = CARTESIAN_POINT('',(1.680351275368,0.245048653147));
#3772 = CARTESIAN_POINT('',(1.660441575881,0.294017671884));
#3773 = CARTESIAN_POINT('',(1.632906787803,0.351531526438));
#3774 = CARTESIAN_POINT('',(1.628695461317,0.360101567381));
#3775 = CARTESIAN_POINT('',(1.624370921952,0.368671059868));
#3776 = CARTESIAN_POINT('',(1.619927614668,0.37723999427));
#3777 = CARTESIAN_POINT('',(1.61535948601,0.385808359578));
#3778 = CARTESIAN_POINT('',(1.610659984105,0.394376143407));
#3779 = CARTESIAN_POINT('',(1.601063363991,0.411370215607));
#3780 = CARTESIAN_POINT('',(1.596170658842,0.41979652375));
#3781 = CARTESIAN_POINT('',(1.591137268204,0.428222243515));
#3782 = CARTESIAN_POINT('',(1.585955807041,0.436647359651));
#3783 = CARTESIAN_POINT('',(1.580618180294,0.445071854565));
#3784 = CARTESIAN_POINT('',(1.575115582875,0.453495708317));
#3785 = CARTESIAN_POINT('',(1.563952216865,0.470058994952));
#3786 = CARTESIAN_POINT('',(1.558302857542,0.47819847165));
#3787 = CARTESIAN_POINT('',(1.552481882708,0.486337308958));
#3788 = CARTESIAN_POINT('',(1.546479783228,0.494475483259));
#3789 = CARTESIAN_POINT('',(1.540286079816,0.50261296707));
#3790 = CARTESIAN_POINT('',(1.533889323042,0.51074972905));
#3791 = CARTESIAN_POINT('',(1.520894776799,0.526738842714));
#3792 = CARTESIAN_POINT('',(1.514311532389,0.534591245333));
#3793 = CARTESIAN_POINT('',(1.507516266489,0.542442910881));
#3794 = CARTESIAN_POINT('',(1.500496529955,0.550293801824));
#3795 = CARTESIAN_POINT('',(1.493238518108,0.558143874065));
#3796 = CARTESIAN_POINT('',(1.485727070734,0.565993076943));
#3797 = CARTESIAN_POINT('',(1.470715170505,0.581133997741));
#3798 = CARTESIAN_POINT('',(1.463251354945,0.588425840311));
#3799 = CARTESIAN_POINT('',(1.45554105587,0.595716836068));
#3800 = CARTESIAN_POINT('',(1.447569445762,0.603006930284));
#3801 = CARTESIAN_POINT('',(1.439320039123,0.610296058373));
#3802 = CARTESIAN_POINT('',(1.430774692473,0.617584145897));
#3803 = CARTESIAN_POINT('',(1.413674521977,0.631646561511));
#3804 = CARTESIAN_POINT('',(1.405162178986,0.638421038627));
#3805 = CARTESIAN_POINT('',(1.396360762679,0.645194473893));
#3806 = CARTESIAN_POINT('',(1.387252409646,0.651966786205));
#3807 = CARTESIAN_POINT('',(1.377817205757,0.658737879383));
#3808 = CARTESIAN_POINT('',(1.368033186166,0.665507642163));
#3809 = CARTESIAN_POINT('',(1.348388196104,0.67859863924));
#3810 = CARTESIAN_POINT('',(1.338574560265,0.684920054744));
#3811 = CARTESIAN_POINT('',(1.328415442338,0.691240091435));
#3812 = CARTESIAN_POINT('',(1.317888932491,0.697558626094));
#3813 = CARTESIAN_POINT('',(1.306970741858,0.703875512932));
#3814 = CARTESIAN_POINT('',(1.29563374788,0.710190580954));
#3815 = CARTESIAN_POINT('',(1.272865976019,0.72238568967));
#3816 = CARTESIAN_POINT('',(1.261494456579,0.728265989833));
#3817 = CARTESIAN_POINT('',(1.249708293024,0.734144373838));
#3818 = CARTESIAN_POINT('',(1.237480373521,0.740020650968));
#3819 = CARTESIAN_POINT('',(1.22478057805,0.74589459406));
#3820 = CARTESIAN_POINT('',(1.211575193754,0.7517659358));
#3821 = CARTESIAN_POINT('',(1.186830931895,0.762327532352));
#3822 = CARTESIAN_POINT('',(1.175487786321,0.767018829113));
#3823 = CARTESIAN_POINT('',(1.163777857026,0.771708100117));
#3824 = CARTESIAN_POINT('',(1.151679925758,0.77639515814));
#3825 = CARTESIAN_POINT('',(1.139170592545,0.781079783916));
#3826 = CARTESIAN_POINT('',(1.126224275694,0.785761726127));
#3827 = CARTESIAN_POINT('',(1.110705119685,0.791176191969));
#3828 = CARTESIAN_POINT('',(1.108585540208,0.791911609103));
#3829 = CARTESIAN_POINT('',(1.10645436401,0.79264695168));
#3830 = CARTESIAN_POINT('',(1.104311480026,0.793382218535));
#3831 = CARTESIAN_POINT('',(1.102156775479,0.794117408476));
#3832 = CARTESIAN_POINT('',(1.09999013588,0.794852520281));
#3833 = CARTESIAN_POINT('',(1.096811331698,0.795924964369));
#3834 = CARTESIAN_POINT('',(1.095811219047,0.796261502338));
#3835 = CARTESIAN_POINT('',(1.094811107063,0.796597170681));
#3836 = CARTESIAN_POINT('',(1.093810995741,0.796931973439));
#3837 = CARTESIAN_POINT('',(1.092810885077,0.797265914624));
#3838 = CARTESIAN_POINT('',(1.091810775065,0.797598998215));
#3839 = CARTESIAN_POINT('',(1.089751574679,0.798283051437));
#3840 = CARTESIAN_POINT('',(1.088689754585,0.798634856537));
#3841 = CARTESIAN_POINT('',(1.087625047646,0.798986642296));
#3842 = CARTESIAN_POINT('',(1.08655737591,0.799338408108));
#3843 = CARTESIAN_POINT('',(1.085486741245,0.799690153925));
#3844 = CARTESIAN_POINT('',(1.084413225339,0.800041880261));
#3845 = CARTESIAN_POINT('',(1.083336989701,0.800393588191));
#3846 = ( GEOMETRIC_REPRESENTATION_CONTEXT(2) 
PARAMETRIC_REPRESENTATION_CONTEXT() REPRESENTATION_CONTEXT('2D SPACE',''
  ) );
#3847 = ORIENTED_EDGE('',*,*,#3139,.T.);
#3848 = ADVANCED_FACE('',(#3849),#3469,.T.);
#3849 = FACE_BOUND('',#3850,.T.);
#3850 = EDGE_LOOP('',(#3851,#3852,#3896,#3950));
#3851 = ORIENTED_EDGE('',*,*,#3259,.F.);
#3852 = ORIENTED_EDGE('',*,*,#3853,.T.);
#3853 = EDGE_CURVE('',#3237,#3854,#3856,.T.);
#3854 = VERTEX_POINT('',#3855);
#3855 = CARTESIAN_POINT('',(13.750000000003,3.590835528611E-15,
    2.023686127919));
#3856 = SURFACE_CURVE('',#3857,(#3860,#3866),.PCURVE_S1.);
#3857 = B_SPLINE_CURVE_WITH_KNOTS('',1,(#3858,#3859),.UNSPECIFIED.,.F.,
  .F.,(2,2),(1.,2.),.PIECEWISE_BEZIER_KNOTS.);
#3858 = CARTESIAN_POINT('',(13.550000000047,-1.024168328391E-13,
    2.023686127926));
#3859 = CARTESIAN_POINT('',(13.750000000047,4.017972084747E-15,
    2.023686127919));
#3860 = PCURVE('',#3469,#3861);
#3861 = DEFINITIONAL_REPRESENTATION('',(#3862),#3865);
#3862 = B_SPLINE_CURVE_WITH_KNOTS('',1,(#3863,#3864),.UNSPECIFIED.,.F.,
  .F.,(2,2),(1.75000000021,2.),.PIECEWISE_BEZIER_KNOTS.);
#3863 = CARTESIAN_POINT('',(1.75000000021,0.));
#3864 = CARTESIAN_POINT('',(2.,0.));
#3865 = ( GEOMETRIC_REPRESENTATION_CONTEXT(2) 
PARAMETRIC_REPRESENTATION_CONTEXT() REPRESENTATION_CONTEXT('2D SPACE',''
  ) );
#3866 = PCURVE('',#3867,#3890);
#3867 = ( BOUNDED_SURFACE() B_SPLINE_SURFACE(1,6,(
    (#3868,#3869,#3870,#3871,#3872,#3873,#3874,#3875,#3876,#3877,#3878)
    ,(#3879,#3880,#3881,#3882,#3883,#3884,#3885,#3886,#3887,#3888,#3889
)),.UNSPECIFIED.,.F.,.F.,.F.) B_SPLINE_SURFACE_WITH_KNOTS((2,2),(7,4,7),
(1.,2.),(0.,0.5,1.),.UNSPECIFIED.) GEOMETRIC_REPRESENTATION_ITEM() 
RATIONAL_B_SPLINE_SURFACE((
    (1.,1.,1.,1.,1.,1.,1.,1.,1.,1.,1.)
,(1.,1.,1.,1.,1.,1.,1.,1.,1.,1.,1.
  ))) REPRESENTATION_ITEM('') SURFACE() );
#3868 = CARTESIAN_POINT('',(13.550000000012,-1.036393040719E-13,
    1.023686127926));
#3869 = CARTESIAN_POINT('',(13.502151825812,7.093135909731,
    1.107019461261));
#3870 = CARTESIAN_POINT('',(9.23285854259,14.186271819457,1.190352794737
    ));
#3871 = CARTESIAN_POINT('',(-8.044474286223E-02,17.823990286945,
    1.273686128415));
#3872 = CARTESIAN_POINT('',(-9.110048228778,14.186271819451,
    1.35701946207));
#3873 = CARTESIAN_POINT('',(-17.98995177117,-1.216826397899E-11,
    1.52368612905));
#3874 = CARTESIAN_POINT('',(-9.110048228755,-14.18627181947,
    1.690352795396));
#3875 = CARTESIAN_POINT('',(-8.044474282944E-02,-17.82399028695,
    1.773686128408));
#3876 = CARTESIAN_POINT('',(9.232858542624,-14.18627181946,
    1.857019461422));
#3877 = CARTESIAN_POINT('',(13.502151825847,-7.093135909731,
    1.940352794594));
#3878 = CARTESIAN_POINT('',(13.550000000047,-1.024168328391E-13,
    2.023686127926));
#3879 = CARTESIAN_POINT('',(13.750000000012,4.995721874869E-15,
    1.023686127919));
#3880 = CARTESIAN_POINT('',(13.701445579749,7.197831642732,
    1.107019461254));
#3881 = CARTESIAN_POINT('',(9.369136897338,14.395663285456,
    1.190352794732));
#3882 = CARTESIAN_POINT('',(-8.163211905472E-02,18.087075014376,
    1.273686128415));
#3883 = CARTESIAN_POINT('',(-9.2445138853,14.395663285451,1.357019462075
    ));
#3884 = CARTESIAN_POINT('',(-18.25548611465,-1.234491016402E-11,
    1.523686129059));
#3885 = CARTESIAN_POINT('',(-9.244513885276,-14.39566328547,
    1.690352795401));
#3886 = CARTESIAN_POINT('',(-8.163211902168E-02,-18.08707501438,
    1.773686128408));
#3887 = CARTESIAN_POINT('',(9.369136897372,-14.39566328546,
    1.857019461417));
#3888 = CARTESIAN_POINT('',(13.701445579785,-7.197831642731,
    1.940352794587));
#3889 = CARTESIAN_POINT('',(13.750000000047,4.017972084747E-15,
    2.023686127919));
#3890 = DEFINITIONAL_REPRESENTATION('',(#3891),#3895);
#3891 = LINE('',#3892,#3893);
#3892 = CARTESIAN_POINT('',(0.,1.));
#3893 = VECTOR('',#3894,1.);
#3894 = DIRECTION('',(1.,0.));
#3895 = ( GEOMETRIC_REPRESENTATION_CONTEXT(2) 
PARAMETRIC_REPRESENTATION_CONTEXT() REPRESENTATION_CONTEXT('2D SPACE',''
  ) );
#3896 = ORIENTED_EDGE('',*,*,#3897,.T.);
#3897 = EDGE_CURVE('',#3854,#3898,#3900,.T.);
#3898 = VERTEX_POINT('',#3899);
#3899 = CARTESIAN_POINT('',(4.248983672365,-13.07702709897,
    2.823686125637));
#3900 = SURFACE_CURVE('',#3901,(#3913,#3920),.PCURVE_S1.);
#3901 = ( BOUNDED_CURVE() B_SPLINE_CURVE(6,(#3902,#3903,#3904,#3905,
    #3906,#3907,#3908,#3909,#3910,#3911,#3912),.UNSPECIFIED.,.F.,.F.) 
B_SPLINE_CURVE_WITH_KNOTS((7,4,7),(0.,0.5,1.),.UNSPECIFIED.) CURVE() 
GEOMETRIC_REPRESENTATION_ITEM() RATIONAL_B_SPLINE_CURVE((1.,1.,1.,1.,1.,
1.,1.,1.,1.,1.,1.)) REPRESENTATION_ITEM('') );
#3902 = CARTESIAN_POINT('',(13.749999999958,3.163698972474E-15,
    2.023686127919));
#3903 = CARTESIAN_POINT('',(13.739702873036,5.762388212338,
    2.090352794596));
#3904 = CARTESIAN_POINT('',(10.884756038537,11.509497548309,
    2.157019460541));
#3905 = CARTESIAN_POINT('',(5.011821727928,15.483707242534,
    2.223686125838));
#3906 = CARTESIAN_POINT('',(-2.014410402269,15.700690789945,
    2.290352790795));
#3907 = CARTESIAN_POINT('',(-13.46339647731,9.78173011217,2.423686121383
    ));
#3908 = CARTESIAN_POINT('',(-15.55473133417,-2.935962137904,
    2.557019454219));
#3909 = CARTESIAN_POINT('',(-13.17714258288,-9.551254386678,
    2.623686121434));
#3910 = CARTESIAN_POINT('',(-7.582608047292,-13.90864849785,
    2.690352789484));
#3911 = CARTESIAN_POINT('',(-1.234555173586,-14.84790983515,
    2.75701945764));
#3912 = CARTESIAN_POINT('',(4.248983672382,-13.07702709903,
    2.823686125637));
#3913 = PCURVE('',#3469,#3914);
#3914 = DEFINITIONAL_REPRESENTATION('',(#3915),#3919);
#3915 = LINE('',#3916,#3917);
#3916 = CARTESIAN_POINT('',(2.,0.));
#3917 = VECTOR('',#3918,1.);
#3918 = DIRECTION('',(0.,1.));
#3919 = ( GEOMETRIC_REPRESENTATION_CONTEXT(2) 
PARAMETRIC_REPRESENTATION_CONTEXT() REPRESENTATION_CONTEXT('2D SPACE',''
  ) );
#3920 = PCURVE('',#3921,#3944);
#3921 = ( BOUNDED_SURFACE() B_SPLINE_SURFACE(1,6,(
    (#3922,#3923,#3924,#3925,#3926,#3927,#3928,#3929,#3930,#3931,#3932)
    ,(#3933,#3934,#3935,#3936,#3937,#3938,#3939,#3940,#3941,#3942,#3943
)),.UNSPECIFIED.,.F.,.F.,.F.) B_SPLINE_SURFACE_WITH_KNOTS((2,2),(7,4,7),
(2.,3.),(0.,0.5,1.),.UNSPECIFIED.) GEOMETRIC_REPRESENTATION_ITEM() 
RATIONAL_B_SPLINE_SURFACE((
    (1.,1.,1.,1.,1.,1.,1.,1.,1.,1.,1.)
,(1.,1.,1.,1.,1.,1.,1.,1.,1.,1.,1.
  ))) REPRESENTATION_ITEM('') SURFACE() );
#3922 = CARTESIAN_POINT('',(13.749999999958,3.163698972474E-15,
    2.023686127919));
#3923 = CARTESIAN_POINT('',(13.739702873036,5.762388212338,
    2.090352794596));
#3924 = CARTESIAN_POINT('',(10.884756038537,11.509497548309,
    2.157019460541));
#3925 = CARTESIAN_POINT('',(5.011821727928,15.483707242534,
    2.223686125838));
#3926 = CARTESIAN_POINT('',(-2.014410402269,15.700690789945,
    2.290352790795));
#3927 = CARTESIAN_POINT('',(-13.46339647731,9.78173011217,2.423686121383
    ));
#3928 = CARTESIAN_POINT('',(-15.55473133417,-2.935962137904,
    2.557019454219));
#3929 = CARTESIAN_POINT('',(-13.17714258288,-9.551254386678,
    2.623686121434));
#3930 = CARTESIAN_POINT('',(-7.582608047292,-13.90864849785,
    2.690352789484));
#3931 = CARTESIAN_POINT('',(-1.234555173586,-14.84790983515,
    2.75701945764));
#3932 = CARTESIAN_POINT('',(4.248983672382,-13.07702709903,
    2.823686125637));
#3933 = CARTESIAN_POINT('',(14.299999999993,-1.458638144376E-12,
    1.876314072214));
#3934 = CARTESIAN_POINT('',(14.289290988298,5.992883740865,
    1.942980738891));
#3935 = CARTESIAN_POINT('',(11.320146279297,11.969877450761,
    2.009647404809));
#3936 = CARTESIAN_POINT('',(5.212294597451,16.103055531631,
    2.076314070049));
#3937 = CARTESIAN_POINT('',(-2.094986818128,16.328718421735,
    2.142980734938));
#3938 = CARTESIAN_POINT('',(-14.0019323364,10.17299931668,2.276314065417
    ));
#3939 = CARTESIAN_POINT('',(-16.17692058762,-3.053400623664,
    2.409647398232));
#3940 = CARTESIAN_POINT('',(-13.70422828547,-9.93330456231,2.47631406547
    ));
#3941 = CARTESIAN_POINT('',(-7.88591236989,-14.46499443714,
    2.542980733574));
#3942 = CARTESIAN_POINT('',(-1.283937380426,-15.44182622885,
    2.609647401791));
#3943 = CARTESIAN_POINT('',(4.418943019322,-13.60010818299,2.67631406984
    ));
#3944 = DEFINITIONAL_REPRESENTATION('',(#3945),#3949);
#3945 = LINE('',#3946,#3947);
#3946 = CARTESIAN_POINT('',(2.,0.));
#3947 = VECTOR('',#3948,1.);
#3948 = DIRECTION('',(0.,1.));
#3949 = ( GEOMETRIC_REPRESENTATION_CONTEXT(2) 
PARAMETRIC_REPRESENTATION_CONTEXT() REPRESENTATION_CONTEXT('2D SPACE',''
  ) );
#3950 = ORIENTED_EDGE('',*,*,#3951,.F.);
#3951 = EDGE_CURVE('',#3260,#3898,#3952,.T.);
#3952 = SURFACE_CURVE('',#3953,(#3956,#3963),.PCURVE_S1.);
#3953 = B_SPLINE_CURVE_WITH_KNOTS('',1,(#3954,#3955),.UNSPECIFIED.,.F.,
  .F.,(2,2),(1.,2.),.PIECEWISE_BEZIER_KNOTS.);
#3954 = CARTESIAN_POINT('',(4.187180273508,-12.88681579577,
    2.823686125622));
#3955 = CARTESIAN_POINT('',(4.248983672382,-13.07702709903,
    2.823686125637));
#3956 = PCURVE('',#3469,#3957);
#3957 = DEFINITIONAL_REPRESENTATION('',(#3958),#3962);
#3958 = LINE('',#3959,#3960);
#3959 = CARTESIAN_POINT('',(0.,1.));
#3960 = VECTOR('',#3961,1.);
#3961 = DIRECTION('',(1.,0.));
#3962 = ( GEOMETRIC_REPRESENTATION_CONTEXT(2) 
PARAMETRIC_REPRESENTATION_CONTEXT() REPRESENTATION_CONTEXT('2D SPACE',''
  ) );
#3963 = PCURVE('',#3182,#3964);
#3964 = DEFINITIONAL_REPRESENTATION('',(#3965),#3968);
#3965 = B_SPLINE_CURVE_WITH_KNOTS('',1,(#3966,#3967),.UNSPECIFIED.,.F.,
  .F.,(2,2),(1.750000001109,2.),.PIECEWISE_BEZIER_KNOTS.);
#3966 = CARTESIAN_POINT('',(1.750000001109,0.));
#3967 = CARTESIAN_POINT('',(2.,0.));
#3968 = ( GEOMETRIC_REPRESENTATION_CONTEXT(2) 
PARAMETRIC_REPRESENTATION_CONTEXT() REPRESENTATION_CONTEXT('2D SPACE',''
  ) );
#3969 = ADVANCED_FACE('',(#3970),#3867,.T.);
#3970 = FACE_BOUND('',#3971,.T.);
#3971 = EDGE_LOOP('',(#3972,#4452,#4473,#4525));
#3972 = ORIENTED_EDGE('',*,*,#3973,.F.);
#3973 = EDGE_CURVE('',#1310,#3237,#3974,.T.);
#3974 = SURFACE_CURVE('',#3975,(#4132,#4292),.PCURVE_S1.);
#3975 = B_SPLINE_CURVE_WITH_KNOTS('',8,(#3976,#3977,#3978,#3979,#3980,
    #3981,#3982,#3983,#3984,#3985,#3986,#3987,#3988,#3989,#3990,#3991,
    #3992,#3993,#3994,#3995,#3996,#3997,#3998,#3999,#4000,#4001,#4002,
    #4003,#4004,#4005,#4006,#4007,#4008,#4009,#4010,#4011,#4012,#4013,
    #4014,#4015,#4016,#4017,#4018,#4019,#4020,#4021,#4022,#4023,#4024,
    #4025,#4026,#4027,#4028,#4029,#4030,#4031,#4032,#4033,#4034,#4035,
    #4036,#4037,#4038,#4039,#4040,#4041,#4042,#4043,#4044,#4045,#4046,
    #4047,#4048,#4049,#4050,#4051,#4052,#4053,#4054,#4055,#4056,#4057,
    #4058,#4059,#4060,#4061,#4062,#4063,#4064,#4065,#4066,#4067,#4068,
    #4069,#4070,#4071,#4072,#4073,#4074,#4075,#4076,#4077,#4078,#4079,
    #4080,#4081,#4082,#4083,#4084,#4085,#4086,#4087,#4088,#4089,#4090,
    #4091,#4092,#4093,#4094,#4095,#4096,#4097,#4098,#4099,#4100,#4101,
    #4102,#4103,#4104,#4105,#4106,#4107,#4108,#4109,#4110,#4111,#4112,
    #4113,#4114,#4115,#4116,#4117,#4118,#4119,#4120,#4121,#4122,#4123,
    #4124,#4125,#4126,#4127,#4128,#4129,#4130,#4131),.UNSPECIFIED.,.F.,
  .F.,(9,7,7,7,7,7,7,7,7,7,7,7,7,7,7,7,7,7,7,7,7,7,9),(0.,
    1.293322003851E-02,6.576961666128E-02,0.103826444505,0.130845776233,
    0.234430715227,0.302186867834,0.364179671121,0.413965255146,
    0.449971077897,0.481139386345,0.500136751484,0.518985127105,
    0.543983272395,0.636744460352,0.699928726084,0.766741717872,
    0.82810447423,0.868386631656,0.896344990128,0.934252777222,
    0.986758617644,1.),.UNSPECIFIED.);
#3976 = CARTESIAN_POINT('',(13.7,-2.30926389122E-14,1.02368612792));
#3977 = CARTESIAN_POINT('',(13.7,0.139081491689,1.025302229075));
#3978 = CARTESIAN_POINT('',(13.698386322962,0.278177169689,1.02691824217
    ));
#3979 = CARTESIAN_POINT('',(13.695158442794,0.417262962616,
    1.028534178045));
#3980 = CARTESIAN_POINT('',(13.69031628161,0.556315054944,1.030150047507
    ));
#3981 = CARTESIAN_POINT('',(13.683860209727,0.695309887007,
    1.031765861324));
#3982 = CARTESIAN_POINT('',(13.67579104567,0.834224154992,1.033381630228
    ));
#3983 = CARTESIAN_POINT('',(13.666110056169,0.973034810946,
    1.034997364916));
#3984 = CARTESIAN_POINT('',(13.608691152201,1.678289190942,
    1.043213779813));
#3985 = CARTESIAN_POINT('',(13.535691287711,2.242738089042,
    1.049813956201));
#3986 = CARTESIAN_POINT('',(13.435933847594,2.803526029686,
    1.056414511659));
#3987 = CARTESIAN_POINT('',(13.309643097933,3.35915083314,1.063015984586
    ));
#3988 = CARTESIAN_POINT('',(13.157142182783,3.908145661475,
    1.069618644128));
#3989 = CARTESIAN_POINT('',(12.978846576511,4.449077841587,
    1.076222561732));
#3990 = CARTESIAN_POINT('',(12.7752618917,4.980548717088,1.08282765543)
  );
#3991 = CARTESIAN_POINT('',(12.382564256779,5.876203600458,
    1.094191892106));
#3992 = CARTESIAN_POINT('',(12.20533177691,6.245598460833,1.098950598763
    ));
#3993 = CARTESIAN_POINT('',(12.015513419223,6.608866693029,
    1.103709703492));
#3994 = CARTESIAN_POINT('',(11.813357071204,6.965508821161,
    1.108469096194));
#3995 = CARTESIAN_POINT('',(11.599133723164,7.315038456777,1.11322867291
    ));
#3996 = CARTESIAN_POINT('',(11.373137499783,7.656982445029,
    1.117988328708));
#3997 = CARTESIAN_POINT('',(11.135685691665,7.990881010841,
    1.122747950573));
#3998 = CARTESIAN_POINT('',(10.710642920739,8.547318112273,
    1.130886499627));
#3999 = CARTESIAN_POINT('',(10.528563388031,8.774069337274,
    1.134265526095));
#4000 = CARTESIAN_POINT('',(10.341001710017,8.996382424513,
    1.137644449721));
#4001 = CARTESIAN_POINT('',(10.14808444577,9.214102783028,1.141023242174
    ));
#4002 = CARTESIAN_POINT('',(9.949943184041,9.427080391451,1.144401883626
    ));
#4003 = CARTESIAN_POINT('',(9.746714535102,9.635169802992,1.147780359613
    ));
#4004 = CARTESIAN_POINT('',(9.538540122594,9.838230150426,1.151158657901
    ));
#4005 = CARTESIAN_POINT('',(8.509082580955,10.79480200426,1.167487531745
    ));
#4006 = CARTESIAN_POINT('',(7.621809529142,11.477797115443,
    1.180439516222));
#4007 = CARTESIAN_POINT('',(6.672288854332,12.077022707415,1.19338637072
    ));
#4008 = CARTESIAN_POINT('',(5.669855365642,12.586019169927,
    1.206329210566));
#4009 = CARTESIAN_POINT('',(4.624421018945,12.999563622394,
    1.219271424449));
#4010 = CARTESIAN_POINT('',(3.546465499863,13.313692068048,
    1.232216204018));
#4011 = CARTESIAN_POINT('',(2.447013483053,13.525692581192,
    1.245164681514));
#4012 = CARTESIAN_POINT('',(0.612223857762,13.705717334593,
    1.266579347176));
#4013 = CARTESIAN_POINT('',(-0.117707441585,13.732784991236,
    1.275048952557));
#4014 = CARTESIAN_POINT('',(-0.848818302892,13.715408495905,
    1.283519188715));
#4015 = CARTESIAN_POINT('',(-1.577948044489,13.653558209852,
    1.291989946064));
#4016 = CARTESIAN_POINT('',(-2.301964915413,13.547467667929,
    1.300461329464));
#4017 = CARTESIAN_POINT('',(-3.017766443075,13.397623827742,
    1.308933368046));
#4018 = CARTESIAN_POINT('',(-3.72228200011,13.204776492119,
    1.317405741136));
#4019 = CARTESIAN_POINT('',(-5.043965032003,12.755130259198,
    1.333628688528));
#4020 = CARTESIAN_POINT('',(-5.663523494848,12.505146510595,
    1.341380069349));
#4021 = CARTESIAN_POINT('',(-6.268832821099,12.22079964154,
    1.349131035161));
#4022 = CARTESIAN_POINT('',(-6.857672755798,11.903050309441,
    1.356881384554));
#4023 = CARTESIAN_POINT('',(-7.427915125349,11.55302063677,
    1.364631171408));
#4024 = CARTESIAN_POINT('',(-7.977521701524,11.171988870264,
    1.372380518618));
#4025 = CARTESIAN_POINT('',(-8.504547751036,10.761393909212,
    1.380129416438));
#4026 = CARTESIAN_POINT('',(-9.410785377065,9.970660766738,
    1.394099891186));
#4027 = CARTESIAN_POINT('',(-9.798688144866,9.60042865588,1.400322059808
    ));
#4028 = CARTESIAN_POINT('',(-10.16990828737,9.212981545145,
    1.406543904109));
#4029 = CARTESIAN_POINT('',(-10.52355734798,8.809200686593,
    1.412765481913));
#4030 = CARTESIAN_POINT('',(-10.85880626938,8.390017263039,
    1.418986940487));
#4031 = CARTESIAN_POINT('',(-11.17488432557,7.956411238279,
    1.425208438265));
#4032 = CARTESIAN_POINT('',(-11.47108041659,7.50941220395,1.431430063848
    ));
#4033 = CARTESIAN_POINT('',(-11.94611352002,6.717921048797,
    1.442151388385));
#4034 = CARTESIAN_POINT('',(-12.13474557148,6.379295125628,
    1.446651131917));
#4035 = CARTESIAN_POINT('',(-12.3123987558,6.034631441311,1.451150986525
    ));
#4036 = CARTESIAN_POINT('',(-12.47884836122,5.684345936496,
    1.455650978301));
#4037 = CARTESIAN_POINT('',(-12.63388910982,5.328863462379,
    1.460151140731));
#4038 = CARTESIAN_POINT('',(-12.77733517856,4.968617738398,
    1.464651499646));
#4039 = CARTESIAN_POINT('',(-12.90902022022,4.604051309928,
    1.469152058168));
#4040 = CARTESIAN_POINT('',(-13.13248204752,3.916680403166,1.47754881645
    ));
#4041 = CARTESIAN_POINT('',(-13.22724437786,3.594843579181,
    1.481445002238));
#4042 = CARTESIAN_POINT('',(-13.31298930923,3.270397560674,
    1.485341320966));
#4043 = CARTESIAN_POINT('',(-13.38963352134,2.943637454006,
    1.489237762001));
#4044 = CARTESIAN_POINT('',(-13.4571054345,2.614860926696,1.493134316775
    ));
#4045 = CARTESIAN_POINT('',(-13.51534520417,2.284368188879,
    1.497030973428));
#4046 = CARTESIAN_POINT('',(-13.56430471561,1.952461974755,1.50092771145
    ));
#4047 = CARTESIAN_POINT('',(-13.6281102609,1.416472212542,1.50719962186)
  );
#4048 = CARTESIAN_POINT('',(-13.64881185473,1.213084817944,
    1.509574769246));
#4049 = CARTESIAN_POINT('',(-13.66604415557,1.009354285431,
    1.511949932918));
#4050 = CARTESIAN_POINT('',(-13.67980061006,0.805349663806,
    1.514325108321));
#4051 = CARTESIAN_POINT('',(-13.69007631654,0.601140104621,
    1.516700291688));
#4052 = CARTESIAN_POINT('',(-13.6968680258,0.396794861309,1.519075479817
    ));
#4053 = CARTESIAN_POINT('',(-13.70017414182,0.192383288298,
    1.521450669849));
#4054 = CARTESIAN_POINT('',(-13.69981671022,-0.214830505913,
    1.526182420481));
#4055 = CARTESIAN_POINT('',(-13.69620761976,-0.417632932645,
    1.528538982944));
#4056 = CARTESIAN_POINT('',(-13.68916751184,-0.620364590963,
    1.530895543474));
#4057 = CARTESIAN_POINT('',(-13.67869805136,-0.822957736734,
    1.53325209908));
#4058 = CARTESIAN_POINT('',(-13.66480250578,-1.025344731524,
    1.535608646524));
#4059 = CARTESIAN_POINT('',(-13.64748574363,-1.227458043342,
    1.537965182096));
#4060 = CARTESIAN_POINT('',(-13.6267542329,-1.429230247372,
    1.540321701404));
#4061 = CARTESIAN_POINT('',(-13.57060213683,-1.897657943167,
    1.545803565194));
#4062 = CARTESIAN_POINT('',(-13.53259580049,-2.164003815427,
    1.548928897788));
#4063 = CARTESIAN_POINT('',(-13.4886158956,-2.42947438149,1.552054181703
    ));
#4064 = CARTESIAN_POINT('',(-13.43868615663,-2.693913340945,
    1.55517940639));
#4065 = CARTESIAN_POINT('',(-13.38283518745,-2.957165359832,
    1.558304564279));
#4066 = CARTESIAN_POINT('',(-13.32109646127,-3.219076075516,
    1.561429649091));
#4067 = CARTESIAN_POINT('',(-13.25350832061,-3.479492101538,
    1.564554654137));
#4068 = CARTESIAN_POINT('',(-12.90776791308,-4.698480807285,
    1.579275269538));
#4069 = CARTESIAN_POINT('',(-12.55541927126,-5.636211098692,
    1.590872047257));
#4070 = CARTESIAN_POINT('',(-12.12529964503,-6.543388139299,
    1.602466268576));
#4071 = CARTESIAN_POINT('',(-11.6205877966,-7.412517151313,
    1.614058227229));
#4072 = CARTESIAN_POINT('',(-11.04524245887,-8.236592360692,
    1.625649687035));
#4073 = CARTESIAN_POINT('',(-10.40394702668,-9.00906931249,
    1.637242541412));
#4074 = CARTESIAN_POINT('',(-9.702158986424,-9.723903337679,
    1.64883742342));
#4075 = CARTESIAN_POINT('',(-8.431374390732,-10.81961741365,
    1.668328128097));
#4076 = CARTESIAN_POINT('',(-7.89129163515,-11.23438547724,
    1.676226025909));
#4077 = CARTESIAN_POINT('',(-7.32797001319,-11.61827355305,
    1.684124387758));
#4078 = CARTESIAN_POINT('',(-6.743480287938,-11.96977347023,
    1.692023194129));
#4079 = CARTESIAN_POINT('',(-6.139992425789,-12.28755132532,
    1.699922572996));
#4080 = CARTESIAN_POINT('',(-5.519771652028,-12.57044236915,
    1.707822579469));
#4081 = CARTESIAN_POINT('',(-4.885180774378,-12.8174570017,
    1.715722992244));
#4082 = CARTESIAN_POINT('',(-3.555068189944,-13.25021880339,
    1.731976972924));
#4083 = CARTESIAN_POINT('',(-2.858071920538,-13.43165481858,
    1.74033133365));
#4084 = CARTESIAN_POINT('',(-2.150620605879,-13.57114736872,
    1.748685333427));
#4085 = CARTESIAN_POINT('',(-1.435666488724,-13.66801315468,
    1.757038669092));
#4086 = CARTESIAN_POINT('',(-0.716189288313,-13.72181776849,
    1.765391369441));
#4087 = CARTESIAN_POINT('',(4.806060365011E-03,-13.73236699677,
    1.773743538827));
#4088 = CARTESIAN_POINT('',(0.724289801328,-13.69971578896,
    1.782095084848));
#4089 = CARTESIAN_POINT('',(2.095803059619,-13.55483457063,
    1.798114600282));
#4090 = CARTESIAN_POINT('',(2.748605501467,-13.44930731313,
    1.805783429388));
#4091 = CARTESIAN_POINT('',(3.395251375694,-13.30785777392,
    1.813451542304));
#4092 = CARTESIAN_POINT('',(4.033434516257,-13.13091709657,
    1.821119032197));
#4093 = CARTESIAN_POINT('',(4.660900504374,-12.91908726334,
    1.828786261572));
#4094 = CARTESIAN_POINT('',(5.27544583779,-12.67313571817,1.836453646623
    ));
#4095 = CARTESIAN_POINT('',(5.87492019221,-12.39400026187,1.844121424901
    ));
#4096 = CARTESIAN_POINT('',(6.839495679551,-11.87851665616,
    1.856823124675));
#4097 = CARTESIAN_POINT('',(7.214375769337,-11.66040616362,
    1.861857092501));
#4098 = CARTESIAN_POINT('',(7.581285393554,-11.42878652779,
    1.866891327247));
#4099 = CARTESIAN_POINT('',(7.939657067881,-11.18399897081,
    1.871925886128));
#4100 = CARTESIAN_POINT('',(8.288942564203,-10.92641211084,
    1.876960837549));
#4101 = CARTESIAN_POINT('',(8.628613000414,-10.65642192202,1.88199623255
    ));
#4102 = CARTESIAN_POINT('',(8.958158930233,-10.37445169435,
    1.887032076249));
#4103 = CARTESIAN_POINT('',(9.498449015883,-9.87724468575,1.895563755772
    ));
#4104 = CARTESIAN_POINT('',(9.714695890282,-9.667982064322,
    1.899059418215));
#4105 = CARTESIAN_POINT('',(9.925667847048,-9.45331436478,1.902555272345
    ));
#4106 = CARTESIAN_POINT('',(10.131207403968,-9.233397090247,
    1.906051305211));
#4107 = CARTESIAN_POINT('',(10.33116281577,-9.008391005341,1.90954750144
    ));
#4108 = CARTESIAN_POINT('',(10.52538808411,-8.778462129995,
    1.913043839507));
#4109 = CARTESIAN_POINT('',(10.713742967559,-8.543781733267,
    1.916540288002));
#4110 = CARTESIAN_POINT('',(11.143335185547,-7.980128061611,
    1.924777606135));
#4111 = CARTESIAN_POINT('',(11.379540154677,-7.647316526618,
    1.929518568472));
#4112 = CARTESIAN_POINT('',(11.604371894361,-7.306533082498,
    1.934259562119));
#4113 = CARTESIAN_POINT('',(11.817517244188,-6.958232387904,
    1.939000475234));
#4114 = CARTESIAN_POINT('',(12.018685856471,-6.602882256651,
    1.943741203979));
#4115 = CARTESIAN_POINT('',(12.207610164765,-6.240963514535,
    1.948481645582));
#4116 = CARTESIAN_POINT('',(12.384045352378,-5.872969856156,
    1.953221691391));
#4117 = CARTESIAN_POINT('',(12.774542372598,-4.981989082233,
    1.96452591149));
#4118 = CARTESIAN_POINT('',(12.976931018282,-4.453883777986,
    1.971089659297));
#4119 = CARTESIAN_POINT('',(13.154348579695,-3.916430349994,
    1.977652246801));
#4120 = CARTESIAN_POINT('',(13.306298472483,-3.371001327733,
    1.984213591764));
#4121 = CARTESIAN_POINT('',(13.432372086479,-2.81900232857,
    1.990773762602));
#4122 = CARTESIAN_POINT('',(13.532250853269,-2.261872185095,
    1.997333021082));
#4123 = CARTESIAN_POINT('',(13.605712501015,-1.701084080395,
    2.003891891377));
#4124 = CARTESIAN_POINT('',(13.664476461336,-0.996181465952,
    2.012105453339));
#4125 = CARTESIAN_POINT('',(13.674623942542,-0.854079328749,
    2.013759674274));
#4126 = CARTESIAN_POINT('',(13.683082046223,-0.71186570806,
    2.015413929731));
#4127 = CARTESIAN_POINT('',(13.689849369676,-0.569565313058,
    2.017068231187));
#4128 = CARTESIAN_POINT('',(13.694925001422,-0.427203133679,
    2.018722590158));
#4129 = CARTESIAN_POINT('',(13.698308521206,-0.284804440615,
    2.020377018199));
#4130 = CARTESIAN_POINT('',(13.7,-0.142394785318,2.022031526907));
#4131 = CARTESIAN_POINT('',(13.7,-2.30926389122E-14,2.02368612792));
#4132 = PCURVE('',#3867,#4133);
#4133 = DEFINITIONAL_REPRESENTATION('',(#4134),#4291);
#4134 = B_SPLINE_CURVE_WITH_KNOTS('',8,(#4135,#4136,#4137,#4138,#4139,
    #4140,#4141,#4142,#4143,#4144,#4145,#4146,#4147,#4148,#4149,#4150,
    #4151,#4152,#4153,#4154,#4155,#4156,#4157,#4158,#4159,#4160,#4161,
    #4162,#4163,#4164,#4165,#4166,#4167,#4168,#4169,#4170,#4171,#4172,
    #4173,#4174,#4175,#4176,#4177,#4178,#4179,#4180,#4181,#4182,#4183,
    #4184,#4185,#4186,#4187,#4188,#4189,#4190,#4191,#4192,#4193,#4194,
    #4195,#4196,#4197,#4198,#4199,#4200,#4201,#4202,#4203,#4204,#4205,
    #4206,#4207,#4208,#4209,#4210,#4211,#4212,#4213,#4214,#4215,#4216,
    #4217,#4218,#4219,#4220,#4221,#4222,#4223,#4224,#4225,#4226,#4227,
    #4228,#4229,#4230,#4231,#4232,#4233,#4234,#4235,#4236,#4237,#4238,
    #4239,#4240,#4241,#4242,#4243,#4244,#4245,#4246,#4247,#4248,#4249,
    #4250,#4251,#4252,#4253,#4254,#4255,#4256,#4257,#4258,#4259,#4260,
    #4261,#4262,#4263,#4264,#4265,#4266,#4267,#4268,#4269,#4270,#4271,
    #4272,#4273,#4274,#4275,#4276,#4277,#4278,#4279,#4280,#4281,#4282,
    #4283,#4284,#4285,#4286,#4287,#4288,#4289,#4290),.UNSPECIFIED.,.F.,
  .F.,(9,7,7,7,7,7,7,7,7,7,7,7,7,7,7,7,7,7,7,7,7,7,9),(0.,
    1.293322003851E-02,6.576961666128E-02,0.103826444505,0.130845776233,
    0.234430715227,0.302186867834,0.364179671121,0.413965255146,
    0.449971077897,0.481139386345,0.500136751484,0.518985127105,
    0.543983272395,0.636744460352,0.699928726084,0.766741717872,
    0.82810447423,0.868386631656,0.896344990128,0.934252777222,
    0.986758617644,1.),.UNSPECIFIED.);
#4135 = CARTESIAN_POINT('',(1.749999999942,0.));
#4136 = CARTESIAN_POINT('',(1.754691010746,1.616101154983E-03));
#4137 = CARTESIAN_POINT('',(1.758958256113,3.232114249479E-03));
#4138 = CARTESIAN_POINT('',(1.762825116885,4.848050124918E-03));
#4139 = CARTESIAN_POINT('',(1.76631422469,6.463919586447E-03));
#4140 = CARTESIAN_POINT('',(1.769447461943,8.079733402929E-03));
#4141 = CARTESIAN_POINT('',(1.772245961844,9.695502306947E-03));
#4142 = CARTESIAN_POINT('',(1.774730108381,1.13112369948E-02));
#4143 = CARTESIAN_POINT('',(1.785864059267,1.952765188998E-02));
#4144 = CARTESIAN_POINT('',(1.789889104599,2.612782827464E-02));
#4145 = CARTESIAN_POINT('',(1.790333269171,3.27283837298E-02));
#4146 = CARTESIAN_POINT('',(1.788315550203,3.932985665198E-02));
#4147 = CARTESIAN_POINT('',(1.784736517374,4.593251618916E-02));
#4148 = CARTESIAN_POINT('',(1.780290974464,5.253643378712E-02));
#4149 = CARTESIAN_POINT('',(1.77549211053,5.914152747776E-02));
#4150 = CARTESIAN_POINT('',(1.767260638095,7.050576414013E-02));
#4151 = CARTESIAN_POINT('',(1.763821226475,7.526447079056E-02));
#4152 = CARTESIAN_POINT('',(1.760525704858,8.002357551259E-02));
#4153 = CARTESIAN_POINT('',(1.757470778549,8.478296820782E-02));
#4154 = CARTESIAN_POINT('',(1.754719044733,8.954254491651E-02));
#4155 = CARTESIAN_POINT('',(1.752304978129,9.430220070658E-02));
#4156 = CARTESIAN_POINT('',(1.750240916644,9.90618225626E-02));
#4157 = CARTESIAN_POINT('',(1.747303405468,0.107200371602));
#4158 = CARTESIAN_POINT('',(1.746258255876,0.110579398064));
#4159 = CARTESIAN_POINT('',(1.745386086753,0.113958321683));
#4160 = CARTESIAN_POINT('',(1.744681309688,0.117337114129));
#4161 = CARTESIAN_POINT('',(1.744135086609,0.120715755573));
#4162 = CARTESIAN_POINT('',(1.743736157022,0.124094231554));
#4163 = CARTESIAN_POINT('',(1.743471665262,0.127472529835));
#4164 = CARTESIAN_POINT('',(1.742777166266,0.143801403642));
#4165 = CARTESIAN_POINT('',(1.744001383188,0.156753388087));
#4166 = CARTESIAN_POINT('',(1.7462312701,0.169700242551));
#4167 = CARTESIAN_POINT('',(1.748489416312,0.182643082361));
#4168 = CARTESIAN_POINT('',(1.750162715695,0.195585296207));
#4169 = CARTESIAN_POINT('',(1.751107768938,0.208530075737));
#4170 = CARTESIAN_POINT('',(1.75144689972,0.221478553193));
#4171 = CARTESIAN_POINT('',(1.751366401595,0.24289321879));
#4172 = CARTESIAN_POINT('',(1.751168778856,0.251362824144));
#4173 = CARTESIAN_POINT('',(1.750865298839,0.259833060276));
#4174 = CARTESIAN_POINT('',(1.750535343296,0.268303817599));
#4175 = CARTESIAN_POINT('',(1.750251113595,0.276775200973));
#4176 = CARTESIAN_POINT('',(1.750060807422,0.285247239529));
#4177 = CARTESIAN_POINT('',(1.74998160152,0.293719612593));
#4178 = CARTESIAN_POINT('',(1.750021506865,0.309942559938));
#4179 = CARTESIAN_POINT('',(1.75012428173,0.317693940736));
#4180 = CARTESIAN_POINT('',(1.750303402381,0.325444906527));
#4181 = CARTESIAN_POINT('',(1.750530903084,0.3331952559));
#4182 = CARTESIAN_POINT('',(1.750764604977,0.340945042733));
#4183 = CARTESIAN_POINT('',(1.750956892001,0.348694389923));
#4184 = CARTESIAN_POINT('',(1.751065872858,0.356443287724));
#4185 = CARTESIAN_POINT('',(1.751071383317,0.37041376244));
#4186 = CARTESIAN_POINT('',(1.751005376468,0.376635931048));
#4187 = CARTESIAN_POINT('',(1.750858976332,0.382857775336));
#4188 = CARTESIAN_POINT('',(1.750626879273,0.389079353127));
#4189 = CARTESIAN_POINT('',(1.750314498575,0.395300811689));
#4190 = CARTESIAN_POINT('',(1.749939332934,0.401522309456));
#4191 = CARTESIAN_POINT('',(1.749529614998,0.407743935029));
#4192 = CARTESIAN_POINT('',(1.748824172602,0.418465259549));
#4193 = CARTESIAN_POINT('',(1.748528398038,0.422965003074));
#4194 = CARTESIAN_POINT('',(1.748245603625,0.427464857676));
#4195 = CARTESIAN_POINT('',(1.747990948482,0.431964849446));
#4196 = CARTESIAN_POINT('',(1.74778018565,0.436465011871));
#4197 = CARTESIAN_POINT('',(1.747627784269,0.44096537078));
#4198 = CARTESIAN_POINT('',(1.747545051756,0.445465929298));
#4199 = CARTESIAN_POINT('',(1.747532373249,0.453862687572));
#4200 = CARTESIAN_POINT('',(1.747583333209,0.457758873357));
#4201 = CARTESIAN_POINT('',(1.747694766825,0.461655192082));
#4202 = CARTESIAN_POINT('',(1.747867298049,0.465551633115));
#4203 = CARTESIAN_POINT('',(1.748096864813,0.469448187886));
#4204 = CARTESIAN_POINT('',(1.748373040005,0.473344844537));
#4205 = CARTESIAN_POINT('',(1.748677352456,0.477241582558));
#4206 = CARTESIAN_POINT('',(1.749167054363,0.483513492965));
#4207 = CARTESIAN_POINT('',(1.749352450905,0.48588864035));
#4208 = CARTESIAN_POINT('',(1.749531418343,0.488263804022));
#4209 = CARTESIAN_POINT('',(1.749696165267,0.490638979424));
#4210 = CARTESIAN_POINT('',(1.74983734903,0.493014162791));
#4211 = CARTESIAN_POINT('',(1.749943936739,0.49538935092));
#4212 = CARTESIAN_POINT('',(1.75000306623,0.497764540952));
#4213 = CARTESIAN_POINT('',(1.749996772658,0.502496291584));
#4214 = CARTESIAN_POINT('',(1.749933545867,0.504852854048));
#4215 = CARTESIAN_POINT('',(1.749824641782,0.507209414578));
#4216 = CARTESIAN_POINT('',(1.749682519125,0.509565970185));
#4217 = CARTESIAN_POINT('',(1.749517838806,0.511922517628));
#4218 = CARTESIAN_POINT('',(1.749339622486,0.514279053201));
#4219 = CARTESIAN_POINT('',(1.749155411133,0.516635572511));
#4220 = CARTESIAN_POINT('',(1.748727405358,0.522117436303));
#4221 = CARTESIAN_POINT('',(1.748483789954,0.525242768897));
#4222 = CARTESIAN_POINT('',(1.74825505074,0.528368052815));
#4223 = CARTESIAN_POINT('',(1.748051614924,0.531493277503));
#4224 = CARTESIAN_POINT('',(1.74788043882,0.534618435394));
#4225 = CARTESIAN_POINT('',(1.747745583112,0.537743520208));
#4226 = CARTESIAN_POINT('',(1.74764878811,0.540868525257));
#4227 = CARTESIAN_POINT('',(1.747372084513,0.555589140671));
#4228 = CARTESIAN_POINT('',(1.74767761472,0.567185918402));
#4229 = CARTESIAN_POINT('',(1.748507055234,0.578780139737));
#4230 = CARTESIAN_POINT('',(1.749508112769,0.590372098408));
#4231 = CARTESIAN_POINT('',(1.750351446046,0.601963558234));
#4232 = CARTESIAN_POINT('',(1.75087736781,0.613556412634));
#4233 = CARTESIAN_POINT('',(1.751089074037,0.625151294668));
#4234 = CARTESIAN_POINT('',(1.751053454433,0.64464199939));
#4235 = CARTESIAN_POINT('',(1.75093126268,0.652539897221));
#4236 = CARTESIAN_POINT('',(1.750726561856,0.66043825909));
#4237 = CARTESIAN_POINT('',(1.750484879432,0.668337065482));
#4238 = CARTESIAN_POINT('',(1.750256803527,0.67623644437));
#4239 = CARTESIAN_POINT('',(1.750085749661,0.684136450865));
#4240 = CARTESIAN_POINT('',(1.749998710344,0.692036863663));
#4241 = CARTESIAN_POINT('',(1.75000133804,0.70829084439));
#4242 = CARTESIAN_POINT('',(1.750101498756,0.71664520514));
#4243 = CARTESIAN_POINT('',(1.750306999478,0.724999204942));
#4244 = CARTESIAN_POINT('',(1.750597073218,0.733352540632));
#4245 = CARTESIAN_POINT('',(1.750922289484,0.741705241007));
#4246 = CARTESIAN_POINT('',(1.751211952309,0.750057410418));
#4247 = CARTESIAN_POINT('',(1.75139026302,0.758408956465));
#4248 = CARTESIAN_POINT('',(1.751411336361,0.774428471947));
#4249 = CARTESIAN_POINT('',(1.7512799505,0.782097301076));
#4250 = CARTESIAN_POINT('',(1.75096397885,0.789765414015));
#4251 = CARTESIAN_POINT('',(1.750430361439,0.797432903931));
#4252 = CARTESIAN_POINT('',(1.749673813535,0.805100133329));
#4253 = CARTESIAN_POINT('',(1.748727685958,0.812767518401));
#4254 = CARTESIAN_POINT('',(1.747667961804,0.8204352967));
#4255 = CARTESIAN_POINT('',(1.745916136324,0.833136996509));
#4256 = CARTESIAN_POINT('',(1.745222993926,0.838170964348));
#4257 = CARTESIAN_POINT('',(1.744562511794,0.843205199107));
#4258 = CARTESIAN_POINT('',(1.74397477536,0.848239758));
#4259 = CARTESIAN_POINT('',(1.743505661589,0.853274709433));
#4260 = CARTESIAN_POINT('',(1.743204094523,0.858310104447));
#4261 = CARTESIAN_POINT('',(1.743119300825,0.863345948157));
#4262 = CARTESIAN_POINT('',(1.743422139145,0.8718776277));
#4263 = CARTESIAN_POINT('',(1.743673062651,0.875373290151));
#4264 = CARTESIAN_POINT('',(1.744066057425,0.878869144288));
#4265 = CARTESIAN_POINT('',(1.744615561689,0.882365177161));
#4266 = CARTESIAN_POINT('',(1.745334253326,0.885861373398));
#4267 = CARTESIAN_POINT('',(1.746232072922,0.889357711472));
#4268 = CARTESIAN_POINT('',(1.747315246797,0.892854159973));
#4269 = CARTESIAN_POINT('',(1.750307345591,0.901091478122));
#4270 = CARTESIAN_POINT('',(1.752372965194,0.905832440467));
#4271 = CARTESIAN_POINT('',(1.754785571226,0.910573434122));
#4272 = CARTESIAN_POINT('',(1.757532563831,0.915314347245));
#4273 = CARTESIAN_POINT('',(1.760579470158,0.920055075998));
#4274 = CARTESIAN_POINT('',(1.763864073584,0.924795517607));
#4275 = CARTESIAN_POINT('',(1.767290542948,0.929535563423));
#4276 = CARTESIAN_POINT('',(1.775478614838,0.940839783536));
#4277 = CARTESIAN_POINT('',(1.780246451822,0.947403531351));
#4278 = CARTESIAN_POINT('',(1.784666424026,0.953966118861));
#4279 = CARTESIAN_POINT('',(1.788235422796,0.960527463829));
#4280 = CARTESIAN_POINT('',(1.790273422041,0.967087634672));
#4281 = CARTESIAN_POINT('',(1.78990003286,0.973646893156));
#4282 = CARTESIAN_POINT('',(1.786022070261,0.980205763453));
#4283 = CARTESIAN_POINT('',(1.775140627301,0.988419325417));
#4284 = CARTESIAN_POINT('',(1.772643126529,0.990073546352));
#4285 = CARTESIAN_POINT('',(1.769818655928,0.99172780181));
#4286 = CARTESIAN_POINT('',(1.766645417829,0.993382103266));
#4287 = CARTESIAN_POINT('',(1.763100790641,0.995036462237));
#4288 = CARTESIAN_POINT('',(1.759161328847,0.996690890278));
#4289 = CARTESIAN_POINT('',(1.754802763009,0.998345398987));
#4290 = CARTESIAN_POINT('',(1.749999999764,1.));
#4291 = ( GEOMETRIC_REPRESENTATION_CONTEXT(2) 
PARAMETRIC_REPRESENTATION_CONTEXT() REPRESENTATION_CONTEXT('2D SPACE',''
  ) );
#4292 = PCURVE('',#1633,#4293);
#4293 = DEFINITIONAL_REPRESENTATION('',(#4294),#4451);
#4294 = B_SPLINE_CURVE_WITH_KNOTS('',8,(#4295,#4296,#4297,#4298,#4299,
    #4300,#4301,#4302,#4303,#4304,#4305,#4306,#4307,#4308,#4309,#4310,
    #4311,#4312,#4313,#4314,#4315,#4316,#4317,#4318,#4319,#4320,#4321,
    #4322,#4323,#4324,#4325,#4326,#4327,#4328,#4329,#4330,#4331,#4332,
    #4333,#4334,#4335,#4336,#4337,#4338,#4339,#4340,#4341,#4342,#4343,
    #4344,#4345,#4346,#4347,#4348,#4349,#4350,#4351,#4352,#4353,#4354,
    #4355,#4356,#4357,#4358,#4359,#4360,#4361,#4362,#4363,#4364,#4365,
    #4366,#4367,#4368,#4369,#4370,#4371,#4372,#4373,#4374,#4375,#4376,
    #4377,#4378,#4379,#4380,#4381,#4382,#4383,#4384,#4385,#4386,#4387,
    #4388,#4389,#4390,#4391,#4392,#4393,#4394,#4395,#4396,#4397,#4398,
    #4399,#4400,#4401,#4402,#4403,#4404,#4405,#4406,#4407,#4408,#4409,
    #4410,#4411,#4412,#4413,#4414,#4415,#4416,#4417,#4418,#4419,#4420,
    #4421,#4422,#4423,#4424,#4425,#4426,#4427,#4428,#4429,#4430,#4431,
    #4432,#4433,#4434,#4435,#4436,#4437,#4438,#4439,#4440,#4441,#4442,
    #4443,#4444,#4445,#4446,#4447,#4448,#4449,#4450),.UNSPECIFIED.,.F.,
  .F.,(9,7,7,7,7,7,7,7,7,7,7,7,7,7,7,7,7,7,7,7,7,7,9),(0.,
    1.293322003851E-02,6.576961666128E-02,0.103826444505,0.130845776233,
    0.234430715227,0.302186867834,0.364179671121,0.413965255146,
    0.449971077897,0.481139386345,0.500136751484,0.518985127105,
    0.543983272395,0.636744460352,0.699928726084,0.766741717872,
    0.82810447423,0.868386631656,0.896344990128,0.934252777222,
    0.986758617644,1.),.UNSPECIFIED.);
#4295 = CARTESIAN_POINT('',(0.,0.82368612792));
#4296 = CARTESIAN_POINT('',(1.015193369994E-02,0.825302229075));
#4297 = CARTESIAN_POINT('',(2.030490205823E-02,0.82691824217));
#4298 = CARTESIAN_POINT('',(3.045874411135E-02,0.828534178045));
#4299 = CARTESIAN_POINT('',(4.061331708943E-02,0.830150047507));
#4300 = CARTESIAN_POINT('',(5.076849641619E-02,0.831765861324));
#4301 = CARTESIAN_POINT('',(6.092417570899E-02,0.833381630228));
#4302 = CARTESIAN_POINT('',(7.108026677881E-02,0.834997364916));
#4303 = CARTESIAN_POINT('',(0.122729020399,0.843213779813));
#4304 = CARTESIAN_POINT('',(0.164226179312,0.849813956201));
#4305 = CARTESIAN_POINT('',(0.205724358536,0.856414511659));
#4306 = CARTESIAN_POINT('',(0.247221853986,0.863015984586));
#4307 = CARTESIAN_POINT('',(0.288718319573,0.869618644128));
#4308 = CARTESIAN_POINT('',(0.330214113564,0.876222561732));
#4309 = CARTESIAN_POINT('',(0.371709747055,0.88282765543));
#4310 = CARTESIAN_POINT('',(0.443093813342,0.894191892106));
#4311 = CARTESIAN_POINT('',(0.472982367294,0.898950598763));
#4312 = CARTESIAN_POINT('',(0.502870935166,0.903709703492));
#4313 = CARTESIAN_POINT('',(0.532759548422,0.908469096194));
#4314 = CARTESIAN_POINT('',(0.562648322718,0.91322867291));
#4315 = CARTESIAN_POINT('',(0.592537349378,0.917988328708));
#4316 = CARTESIAN_POINT('',(0.622426586869,0.922747950573));
#4317 = CARTESIAN_POINT('',(0.673536261736,0.930886499627));
#4318 = CARTESIAN_POINT('',(0.694756856048,0.934265526095));
#4319 = CARTESIAN_POINT('',(0.715977479969,0.937644449721));
#4320 = CARTESIAN_POINT('',(0.737198120211,0.941023242174));
#4321 = CARTESIAN_POINT('',(0.758418784959,0.944401883626));
#4322 = CARTESIAN_POINT('',(0.77963948337,0.947780359613));
#4323 = CARTESIAN_POINT('',(0.800860205082,0.951158657901));
#4324 = CARTESIAN_POINT('',(0.903435404787,0.967487531745));
#4325 = CARTESIAN_POINT('',(0.984814790262,0.980439516222));
#4326 = CARTESIAN_POINT('',(1.066181099115,0.99338637072));
#4327 = CARTESIAN_POINT('',(1.147536340907,1.006329210566));
#4328 = CARTESIAN_POINT('',(1.228891632972,1.019271424449));
#4329 = CARTESIAN_POINT('',(1.310258065381,1.032216204018));
#4330 = CARTESIAN_POINT('',(1.391637555431,1.045164681514));
#4331 = CARTESIAN_POINT('',(1.526206916727,1.066579347176));
#4332 = CARTESIAN_POINT('',(1.579424843571,1.075048952557));
#4333 = CARTESIAN_POINT('',(1.632641427063,1.083519188715));
#4334 = CARTESIAN_POINT('',(1.685856334193,1.091989946064));
#4335 = CARTESIAN_POINT('',(1.739071241038,1.100461329464));
#4336 = CARTESIAN_POINT('',(1.792287823008,1.108933368046));
#4337 = CARTESIAN_POINT('',(1.845505745185,1.117405741136));
#4338 = CARTESIAN_POINT('',(1.947409091707,1.133628688528));
#4339 = CARTESIAN_POINT('',(1.996099470013,1.141380069348));
#4340 = CARTESIAN_POINT('',(2.044788985191,1.149131035161));
#4341 = CARTESIAN_POINT('',(2.093477422537,1.156881384554));
#4342 = CARTESIAN_POINT('',(2.142165861229,1.164631171408));
#4343 = CARTESIAN_POINT('',(2.190855380358,1.172380518618));
#4344 = CARTESIAN_POINT('',(2.23954576493,1.180129416438));
#4345 = CARTESIAN_POINT('',(2.327335246722,1.194099891186));
#4346 = CARTESIAN_POINT('',(2.366436945643,1.200322059808));
#4347 = CARTESIAN_POINT('',(2.405538357681,1.206543904109));
#4348 = CARTESIAN_POINT('',(2.444639405197,1.212765481913));
#4349 = CARTESIAN_POINT('',(2.483740448839,1.218986940487));
#4350 = CARTESIAN_POINT('',(2.522841851758,1.225208438265));
#4351 = CARTESIAN_POINT('',(2.561943543022,1.231430063848));
#4352 = CARTESIAN_POINT('',(2.629323148083,1.242151388385));
#4353 = CARTESIAN_POINT('',(2.657601843162,1.246651131917));
#4354 = CARTESIAN_POINT('',(2.685880482072,1.251150986525));
#4355 = CARTESIAN_POINT('',(2.714159051325,1.255650978301));
#4356 = CARTESIAN_POINT('',(2.742437622188,1.260151140731));
#4357 = CARTESIAN_POINT('',(2.770716265525,1.264651499646));
#4358 = CARTESIAN_POINT('',(2.798994966636,1.269152058168));
#4359 = CARTESIAN_POINT('',(2.851752783531,1.27754881645));
#4360 = CARTESIAN_POINT('',(2.876232103631,1.281445002238));
#4361 = CARTESIAN_POINT('',(2.900711401063,1.285341320966));
#4362 = CARTESIAN_POINT('',(2.925190662804,1.289237762001));
#4363 = CARTESIAN_POINT('',(2.949669920324,1.293134316775));
#4364 = CARTESIAN_POINT('',(2.97414920776,1.297030973428));
#4365 = CARTESIAN_POINT('',(2.998628520097,1.30092771145));
#4366 = CARTESIAN_POINT('',(3.03802809578,1.30719962186));
#4367 = CARTESIAN_POINT('',(3.052948425048,1.309574769246));
#4368 = CARTESIAN_POINT('',(3.067868752471,1.311949932918));
#4369 = CARTESIAN_POINT('',(3.082789078127,1.314325108321));
#4370 = CARTESIAN_POINT('',(3.097709405304,1.316700291688));
#4371 = CARTESIAN_POINT('',(3.112629736957,1.319075479817));
#4372 = CARTESIAN_POINT('',(3.127550072167,1.321450669849));
#4373 = CARTESIAN_POINT('',(3.157273718231,1.326182420481));
#4374 = CARTESIAN_POINT('',(3.172077040604,1.328538982944));
#4375 = CARTESIAN_POINT('',(3.18688036042,1.330895543474));
#4376 = CARTESIAN_POINT('',(3.201683675942,1.33325209908));
#4377 = CARTESIAN_POINT('',(3.21648698958,1.335608646524));
#4378 = CARTESIAN_POINT('',(3.231290304477,1.337965182096));
#4379 = CARTESIAN_POINT('',(3.246093621105,1.340321701404));
#4380 = CARTESIAN_POINT('',(3.280530209952,1.345803565194));
#4381 = CARTESIAN_POINT('',(3.300163507121,1.348928897788));
#4382 = CARTESIAN_POINT('',(3.319796796126,1.352054181703));
#4383 = CARTESIAN_POINT('',(3.339430075217,1.35517940639));
#4384 = CARTESIAN_POINT('',(3.359063356219,1.358304564279));
#4385 = CARTESIAN_POINT('',(3.378696650618,1.361429649091));
#4386 = CARTESIAN_POINT('',(3.398329955657,1.364554654137));
#4387 = CARTESIAN_POINT('',(3.49081691805,1.379275269538));
#4388 = CARTESIAN_POINT('',(3.563684755325,1.390872047257));
#4389 = CARTESIAN_POINT('',(3.63654524959,1.402466268576));
#4390 = CARTESIAN_POINT('',(3.709398996873,1.414058227229));
#4391 = CARTESIAN_POINT('',(3.782252841434,1.425649687035));
#4392 = CARTESIAN_POINT('',(3.855113594218,1.437242541412));
#4393 = CARTESIAN_POINT('',(3.9279816722,1.44883742342));
#4394 = CARTESIAN_POINT('',(4.050459048407,1.468328128097));
#4395 = CARTESIAN_POINT('',(4.100085225744,1.476226025909));
#4396 = CARTESIAN_POINT('',(4.14971045617,1.484124387758));
#4397 = CARTESIAN_POINT('',(4.199334499296,1.492023194129));
#4398 = CARTESIAN_POINT('',(4.248958538992,1.499922572996));
#4399 = CARTESIAN_POINT('',(4.298583761325,1.507822579469));
#4400 = CARTESIAN_POINT('',(4.348209932257,1.515722992244));
#4401 = CARTESIAN_POINT('',(4.45030796887,1.531976972924));
#4402 = CARTESIAN_POINT('',(4.502784774766,1.54033133365));
#4403 = CARTESIAN_POINT('',(4.555260330364,1.548685333427));
#4404 = CARTESIAN_POINT('',(4.607734323141,1.557038669092));
#4405 = CARTESIAN_POINT('',(4.660208316338,1.565391369441));
#4406 = CARTESIAN_POINT('',(4.712683874183,1.573743538827));
#4407 = CARTESIAN_POINT('',(4.765160686474,1.582095084848));
#4408 = CARTESIAN_POINT('',(4.86582815852,1.598114600282));
#4409 = CARTESIAN_POINT('',(4.914023480732,1.605783429388));
#4410 = CARTESIAN_POINT('',(4.962217983715,1.613451542304));
#4411 = CARTESIAN_POINT('',(5.010411452106,1.621119032197));
#4412 = CARTESIAN_POINT('',(5.058604905347,1.628786261572));
#4413 = CARTESIAN_POINT('',(5.106799368619,1.636453646623));
#4414 = CARTESIAN_POINT('',(5.154994639979,1.644121424901));
#4415 = CARTESIAN_POINT('',(5.234825072536,1.656823124675));
#4416 = CARTESIAN_POINT('',(5.266462309042,1.661857092501));
#4417 = CARTESIAN_POINT('',(5.298099451629,1.666891327247));
#4418 = CARTESIAN_POINT('',(5.329736481259,1.671925886128));
#4419 = CARTESIAN_POINT('',(5.361373522983,1.676960837549));
#4420 = CARTESIAN_POINT('',(5.393010697468,1.68199623255));
#4421 = CARTESIAN_POINT('',(5.424647972525,1.687032076249));
#4422 = CARTESIAN_POINT('',(5.478243117705,1.695563755772));
#4423 = CARTESIAN_POINT('',(5.500201254197,1.699059418215));
#4424 = CARTESIAN_POINT('',(5.522159365083,1.702555272345));
#4425 = CARTESIAN_POINT('',(5.544117438771,1.706051305211));
#4426 = CARTESIAN_POINT('',(5.566075486825,1.70954750144));
#4427 = CARTESIAN_POINT('',(5.588033519685,1.713043839507));
#4428 = CARTESIAN_POINT('',(5.609991522382,1.716540288002));
#4429 = CARTESIAN_POINT('',(5.661721410526,1.724777606135));
#4430 = CARTESIAN_POINT('',(5.6914934594,1.729518568472));
#4431 = CARTESIAN_POINT('',(5.721265299455,1.734259562119));
#4432 = CARTESIAN_POINT('',(5.751036890142,1.739000475234));
#4433 = CARTESIAN_POINT('',(5.780808321361,1.743741203979));
#4434 = CARTESIAN_POINT('',(5.810579707038,1.748481645582));
#4435 = CARTESIAN_POINT('',(5.840351078701,1.753221691391));
#4436 = CARTESIAN_POINT('',(5.91135818372,1.76452591149));
#4437 = CARTESIAN_POINT('',(5.952594051916,1.771089659297));
#4438 = CARTESIAN_POINT('',(5.993830078603,1.777652246801));
#4439 = CARTESIAN_POINT('',(6.035066755393,1.784213591764));
#4440 = CARTESIAN_POINT('',(6.07630443353,1.790773762602));
#4441 = CARTESIAN_POINT('',(6.117542789317,1.797333021082));
#4442 = CARTESIAN_POINT('',(6.158780191962,1.803891891377));
#4443 = CARTESIAN_POINT('',(6.210411417657,1.812105453339));
#4444 = CARTESIAN_POINT('',(6.220809513777,1.813759674274));
#4445 = CARTESIAN_POINT('',(6.231207189228,1.815413929731));
#4446 = CARTESIAN_POINT('',(6.241604351096,1.817068231187));
#4447 = CARTESIAN_POINT('',(6.252000886545,1.818722590158));
#4448 = CARTESIAN_POINT('',(6.262396662817,1.820377018199));
#4449 = CARTESIAN_POINT('',(6.272791527229,1.822031526907));
#4450 = CARTESIAN_POINT('',(6.28318530718,1.82368612792));
#4451 = ( GEOMETRIC_REPRESENTATION_CONTEXT(2) 
PARAMETRIC_REPRESENTATION_CONTEXT() REPRESENTATION_CONTEXT('2D SPACE',''
  ) );
#4452 = ORIENTED_EDGE('',*,*,#4453,.T.);
#4453 = EDGE_CURVE('',#1310,#4454,#4456,.T.);
#4454 = VERTEX_POINT('',#4455);
#4455 = CARTESIAN_POINT('',(13.750000000006,6.0000981577E-15,
    1.023686127919));
#4456 = SURFACE_CURVE('',#4457,(#4460,#4466),.PCURVE_S1.);
#4457 = B_SPLINE_CURVE_WITH_KNOTS('',1,(#4458,#4459),.UNSPECIFIED.,.F.,
  .F.,(2,2),(1.,2.),.PIECEWISE_BEZIER_KNOTS.);
#4458 = CARTESIAN_POINT('',(13.55,-1.91203607252E-14,1.023686127919));
#4459 = CARTESIAN_POINT('',(13.75,7.004474440531E-15,1.023686127919));
#4460 = PCURVE('',#3867,#4461);
#4461 = DEFINITIONAL_REPRESENTATION('',(#4462),#4465);
#4462 = B_SPLINE_CURVE_WITH_KNOTS('',1,(#4463,#4464),.UNSPECIFIED.,.F.,
  .F.,(2,2),(1.749999999942,2.),.PIECEWISE_BEZIER_KNOTS.);
#4463 = CARTESIAN_POINT('',(1.749999999942,0.));
#4464 = CARTESIAN_POINT('',(2.,0.));
#4465 = ( GEOMETRIC_REPRESENTATION_CONTEXT(2) 
PARAMETRIC_REPRESENTATION_CONTEXT() REPRESENTATION_CONTEXT('2D SPACE',''
  ) );
#4466 = PCURVE('',#1243,#4467);
#4467 = DEFINITIONAL_REPRESENTATION('',(#4468),#4472);
#4468 = LINE('',#4469,#4470);
#4469 = CARTESIAN_POINT('',(0.,1.));
#4470 = VECTOR('',#4471,1.);
#4471 = DIRECTION('',(1.,0.));
#4472 = ( GEOMETRIC_REPRESENTATION_CONTEXT(2) 
PARAMETRIC_REPRESENTATION_CONTEXT() REPRESENTATION_CONTEXT('2D SPACE',''
  ) );
#4473 = ORIENTED_EDGE('',*,*,#4474,.T.);
#4474 = EDGE_CURVE('',#4454,#3854,#4475,.T.);
#4475 = SURFACE_CURVE('',#4476,(#4488,#4495),.PCURVE_S1.);
#4476 = ( BOUNDED_CURVE() B_SPLINE_CURVE(6,(#4477,#4478,#4479,#4480,
    #4481,#4482,#4483,#4484,#4485,#4486,#4487),.UNSPECIFIED.,.F.,.F.) 
B_SPLINE_CURVE_WITH_KNOTS((7,4,7),(0.,0.5,1.),.UNSPECIFIED.) CURVE() 
GEOMETRIC_REPRESENTATION_ITEM() RATIONAL_B_SPLINE_CURVE((1.,1.,1.,1.,1.,
1.,1.,1.,1.,1.,1.)) REPRESENTATION_ITEM('') );
#4477 = CARTESIAN_POINT('',(13.750000000012,4.995721874869E-15,
    1.023686127919));
#4478 = CARTESIAN_POINT('',(13.701445579749,7.197831642732,
    1.107019461254));
#4479 = CARTESIAN_POINT('',(9.369136897338,14.395663285456,
    1.190352794732));
#4480 = CARTESIAN_POINT('',(-8.163211905472E-02,18.087075014376,
    1.273686128415));
#4481 = CARTESIAN_POINT('',(-9.2445138853,14.395663285451,1.357019462075
    ));
#4482 = CARTESIAN_POINT('',(-18.25548611465,-1.234491016402E-11,
    1.523686129059));
#4483 = CARTESIAN_POINT('',(-9.244513885276,-14.39566328547,
    1.690352795401));
#4484 = CARTESIAN_POINT('',(-8.163211902168E-02,-18.08707501438,
    1.773686128408));
#4485 = CARTESIAN_POINT('',(9.369136897372,-14.39566328546,
    1.857019461417));
#4486 = CARTESIAN_POINT('',(13.701445579785,-7.197831642731,
    1.940352794587));
#4487 = CARTESIAN_POINT('',(13.750000000047,4.017972084747E-15,
    2.023686127919));
#4488 = PCURVE('',#3867,#4489);
#4489 = DEFINITIONAL_REPRESENTATION('',(#4490),#4494);
#4490 = LINE('',#4491,#4492);
#4491 = CARTESIAN_POINT('',(2.,0.));
#4492 = VECTOR('',#4493,1.);
#4493 = DIRECTION('',(0.,1.));
#4494 = ( GEOMETRIC_REPRESENTATION_CONTEXT(2) 
PARAMETRIC_REPRESENTATION_CONTEXT() REPRESENTATION_CONTEXT('2D SPACE',''
  ) );
#4495 = PCURVE('',#4496,#4519);
#4496 = ( BOUNDED_SURFACE() B_SPLINE_SURFACE(1,6,(
    (#4497,#4498,#4499,#4500,#4501,#4502,#4503,#4504,#4505,#4506,#4507)
    ,(#4508,#4509,#4510,#4511,#4512,#4513,#4514,#4515,#4516,#4517,#4518
)),.UNSPECIFIED.,.F.,.F.,.F.) B_SPLINE_SURFACE_WITH_KNOTS((2,2),(7,4,7),
(2.,3.),(0.,0.5,1.),.UNSPECIFIED.) GEOMETRIC_REPRESENTATION_ITEM() 
RATIONAL_B_SPLINE_SURFACE((
    (1.,1.,1.,1.,1.,1.,1.,1.,1.,1.,1.)
,(1.,1.,1.,1.,1.,1.,1.,1.,1.,1.,1.
  ))) REPRESENTATION_ITEM('') SURFACE() );
#4497 = CARTESIAN_POINT('',(13.750000000012,4.995721874869E-15,
    1.023686127919));
#4498 = CARTESIAN_POINT('',(13.701445579749,7.197831642732,
    1.107019461254));
#4499 = CARTESIAN_POINT('',(9.369136897338,14.395663285456,
    1.190352794732));
#4500 = CARTESIAN_POINT('',(-8.163211905472E-02,18.087075014376,
    1.273686128415));
#4501 = CARTESIAN_POINT('',(-9.2445138853,14.395663285451,1.357019462075
    ));
#4502 = CARTESIAN_POINT('',(-18.25548611465,-1.234491016402E-11,
    1.523686129059));
#4503 = CARTESIAN_POINT('',(-9.244513885276,-14.39566328547,
    1.690352795401));
#4504 = CARTESIAN_POINT('',(-8.163211902168E-02,-18.08707501438,
    1.773686128408));
#4505 = CARTESIAN_POINT('',(9.369136897372,-14.39566328546,
    1.857019461417));
#4506 = CARTESIAN_POINT('',(13.701445579785,-7.197831642731,
    1.940352794587));
#4507 = CARTESIAN_POINT('',(13.750000000047,4.017972084747E-15,
    2.023686127919));
#4508 = CARTESIAN_POINT('',(14.300000000006,3.046566146641E-13,
    0.876314072062));
#4509 = CARTESIAN_POINT('',(14.249503403071,7.485744908481,
    0.959647405397));
#4510 = CARTESIAN_POINT('',(9.743902372892,14.971489816957,
    1.042980738882));
#4511 = CARTESIAN_POINT('',(-8.489740359082E-02,18.81055801481,
    1.126314072578));
#4512 = CARTESIAN_POINT('',(-9.614294440739,14.97148981695,
    1.209647406251));
#4513 = CARTESIAN_POINT('',(-18.98570555922,-1.289799144495E-11,
    1.376314073248));
#4514 = CARTESIAN_POINT('',(-9.614294440715,-14.97148981697,
    1.542980739577));
#4515 = CARTESIAN_POINT('',(-8.489740355713E-02,-18.81055801482,
    1.626314072571));
#4516 = CARTESIAN_POINT('',(9.743902372927,-14.97148981696,
    1.709647405566));
#4517 = CARTESIAN_POINT('',(14.249503403107,-7.48574490848,1.79298073873
    ));
#4518 = CARTESIAN_POINT('',(14.300000000042,2.976282570609E-13,
    1.876314072062));
#4519 = DEFINITIONAL_REPRESENTATION('',(#4520),#4524);
#4520 = LINE('',#4521,#4522);
#4521 = CARTESIAN_POINT('',(2.,0.));
#4522 = VECTOR('',#4523,1.);
#4523 = DIRECTION('',(0.,1.));
#4524 = ( GEOMETRIC_REPRESENTATION_CONTEXT(2) 
PARAMETRIC_REPRESENTATION_CONTEXT() REPRESENTATION_CONTEXT('2D SPACE',''
  ) );
#4525 = ORIENTED_EDGE('',*,*,#3853,.F.);
#4526 = ADVANCED_FACE('',(#4527),#4496,.T.);
#4527 = FACE_BOUND('',#4528,.T.);
#4528 = EDGE_LOOP('',(#4529,#4550,#4604,#4623));
#4529 = ORIENTED_EDGE('',*,*,#4530,.T.);
#4530 = EDGE_CURVE('',#4454,#4531,#4533,.T.);
#4531 = VERTEX_POINT('',#4532);
#4532 = CARTESIAN_POINT('',(14.300000000003,1.917521929052E-13,
    0.876314072072));
#4533 = SURFACE_CURVE('',#4534,(#4537,#4543),.PCURVE_S1.);
#4534 = B_SPLINE_CURVE_WITH_KNOTS('',1,(#4535,#4536),.UNSPECIFIED.,.F.,
  .F.,(2,2),(2.,3.),.PIECEWISE_BEZIER_KNOTS.);
#4535 = CARTESIAN_POINT('',(13.75,7.004474440531E-15,1.023686127919));
#4536 = CARTESIAN_POINT('',(14.3,7.88477711463E-14,0.876314072081));
#4537 = PCURVE('',#4496,#4538);
#4538 = DEFINITIONAL_REPRESENTATION('',(#4539),#4542);
#4539 = B_SPLINE_CURVE_WITH_KNOTS('',1,(#4540,#4541),.UNSPECIFIED.,.F.,
  .F.,(2,2),(2.,3.),.PIECEWISE_BEZIER_KNOTS.);
#4540 = CARTESIAN_POINT('',(2.,0.));
#4541 = CARTESIAN_POINT('',(3.,0.));
#4542 = ( GEOMETRIC_REPRESENTATION_CONTEXT(2) 
PARAMETRIC_REPRESENTATION_CONTEXT() REPRESENTATION_CONTEXT('2D SPACE',''
  ) );
#4543 = PCURVE('',#1186,#4544);
#4544 = DEFINITIONAL_REPRESENTATION('',(#4545),#4549);
#4545 = LINE('',#4546,#4547);
#4546 = CARTESIAN_POINT('',(0.,1.));
#4547 = VECTOR('',#4548,1.);
#4548 = DIRECTION('',(1.,0.));
#4549 = ( GEOMETRIC_REPRESENTATION_CONTEXT(2) 
PARAMETRIC_REPRESENTATION_CONTEXT() REPRESENTATION_CONTEXT('2D SPACE',''
  ) );
#4550 = ORIENTED_EDGE('',*,*,#4551,.T.);
#4551 = EDGE_CURVE('',#4531,#4552,#4554,.T.);
#4552 = VERTEX_POINT('',#4553);
#4553 = CARTESIAN_POINT('',(14.300000000018,-5.805049436573E-13,
    1.876314072138));
#4554 = SURFACE_CURVE('',#4555,(#4567,#4574),.PCURVE_S1.);
#4555 = ( BOUNDED_CURVE() B_SPLINE_CURVE(6,(#4556,#4557,#4558,#4559,
    #4560,#4561,#4562,#4563,#4564,#4565,#4566),.UNSPECIFIED.,.F.,.F.) 
B_SPLINE_CURVE_WITH_KNOTS((7,4,7),(0.,0.5,1.),.UNSPECIFIED.) CURVE() 
GEOMETRIC_REPRESENTATION_ITEM() RATIONAL_B_SPLINE_CURVE((1.,1.,1.,1.,1.,
1.,1.,1.,1.,1.,1.)) REPRESENTATION_ITEM('') );
#4556 = CARTESIAN_POINT('',(14.300000000006,3.046566146641E-13,
    0.876314072062));
#4557 = CARTESIAN_POINT('',(14.249503403071,7.485744908481,
    0.959647405397));
#4558 = CARTESIAN_POINT('',(9.743902372892,14.971489816957,
    1.042980738882));
#4559 = CARTESIAN_POINT('',(-8.489740359082E-02,18.81055801481,
    1.126314072578));
#4560 = CARTESIAN_POINT('',(-9.614294440739,14.97148981695,
    1.209647406251));
#4561 = CARTESIAN_POINT('',(-18.98570555922,-1.289799144495E-11,
    1.376314073248));
#4562 = CARTESIAN_POINT('',(-9.614294440715,-14.97148981697,
    1.542980739577));
#4563 = CARTESIAN_POINT('',(-8.489740355713E-02,-18.81055801482,
    1.626314072571));
#4564 = CARTESIAN_POINT('',(9.743902372927,-14.97148981696,
    1.709647405566));
#4565 = CARTESIAN_POINT('',(14.249503403107,-7.48574490848,1.79298073873
    ));
#4566 = CARTESIAN_POINT('',(14.300000000042,2.976282570609E-13,
    1.876314072062));
#4567 = PCURVE('',#4496,#4568);
#4568 = DEFINITIONAL_REPRESENTATION('',(#4569),#4573);
#4569 = LINE('',#4570,#4571);
#4570 = CARTESIAN_POINT('',(3.,0.));
#4571 = VECTOR('',#4572,1.);
#4572 = DIRECTION('',(0.,1.));
#4573 = ( GEOMETRIC_REPRESENTATION_CONTEXT(2) 
PARAMETRIC_REPRESENTATION_CONTEXT() REPRESENTATION_CONTEXT('2D SPACE',''
  ) );
#4574 = PCURVE('',#4575,#4598);
#4575 = ( BOUNDED_SURFACE() B_SPLINE_SURFACE(1,6,(
    (#4576,#4577,#4578,#4579,#4580,#4581,#4582,#4583,#4584,#4585,#4586)
    ,(#4587,#4588,#4589,#4590,#4591,#4592,#4593,#4594,#4595,#4596,#4597
)),.UNSPECIFIED.,.F.,.F.,.F.) B_SPLINE_SURFACE_WITH_KNOTS((2,2),(7,4,7),
(3.,4.),(0.,0.5,1.),.UNSPECIFIED.) GEOMETRIC_REPRESENTATION_ITEM() 
RATIONAL_B_SPLINE_SURFACE((
    (1.,1.,1.,1.,1.,1.,1.,1.,1.,1.,1.)
,(1.,1.,1.,1.,1.,1.,1.,1.,1.,1.,1.
  ))) REPRESENTATION_ITEM('') SURFACE() );
#4576 = CARTESIAN_POINT('',(14.300000000006,3.046566146641E-13,
    0.876314072062));
#4577 = CARTESIAN_POINT('',(14.249503403071,7.485744908481,
    0.959647405397));
#4578 = CARTESIAN_POINT('',(9.743902372892,14.971489816957,
    1.042980738882));
#4579 = CARTESIAN_POINT('',(-8.489740359082E-02,18.81055801481,
    1.126314072578));
#4580 = CARTESIAN_POINT('',(-9.614294440739,14.97148981695,
    1.209647406251));
#4581 = CARTESIAN_POINT('',(-18.98570555922,-1.289799144495E-11,
    1.376314073248));
#4582 = CARTESIAN_POINT('',(-9.614294440715,-14.97148981697,
    1.542980739577));
#4583 = CARTESIAN_POINT('',(-8.489740355713E-02,-18.81055801482,
    1.626314072571));
#4584 = CARTESIAN_POINT('',(9.743902372927,-14.97148981696,
    1.709647405566));
#4585 = CARTESIAN_POINT('',(14.249503403107,-7.48574490848,1.79298073873
    ));
#4586 = CARTESIAN_POINT('',(14.300000000042,2.976282570609E-13,
    1.876314072062));
#4587 = CARTESIAN_POINT('',(14.299999999994,3.068449769241E-13,
    0.523686127899));
#4588 = CARTESIAN_POINT('',(14.249503403059,7.485744908481,
    0.607019461234));
#4589 = CARTESIAN_POINT('',(9.743902372879,14.971489816957,
    0.690352794719));
#4590 = CARTESIAN_POINT('',(-8.489740360339E-02,18.81055801481,
    0.773686128415));
#4591 = CARTESIAN_POINT('',(-9.614294440751,14.97148981695,
    0.857019462088));
#4592 = CARTESIAN_POINT('',(-18.98570555923,-1.289580308269E-11,
    1.023686129085));
#4593 = CARTESIAN_POINT('',(-9.614294440728,-14.97148981697,
    1.190352795414));
#4594 = CARTESIAN_POINT('',(-8.48974035697E-02,-18.81055801482,
    1.273686128408));
#4595 = CARTESIAN_POINT('',(9.743902372914,-14.97148981696,
    1.357019461404));
#4596 = CARTESIAN_POINT('',(14.249503403095,-7.48574490848,
    1.440352794567));
#4597 = CARTESIAN_POINT('',(14.300000000029,2.998166193208E-13,
    1.523686127899));
#4598 = DEFINITIONAL_REPRESENTATION('',(#4599),#4603);
#4599 = LINE('',#4600,#4601);
#4600 = CARTESIAN_POINT('',(3.,0.));
#4601 = VECTOR('',#4602,1.);
#4602 = DIRECTION('',(0.,1.));
#4603 = ( GEOMETRIC_REPRESENTATION_CONTEXT(2) 
PARAMETRIC_REPRESENTATION_CONTEXT() REPRESENTATION_CONTEXT('2D SPACE',''
  ) );
#4604 = ORIENTED_EDGE('',*,*,#4605,.F.);
#4605 = EDGE_CURVE('',#3854,#4552,#4606,.T.);
#4606 = SURFACE_CURVE('',#4607,(#4610,#4617),.PCURVE_S1.);
#4607 = B_SPLINE_CURVE_WITH_KNOTS('',1,(#4608,#4609),.UNSPECIFIED.,.F.,
  .F.,(2,2),(2.,3.),.PIECEWISE_BEZIER_KNOTS.);
#4608 = CARTESIAN_POINT('',(13.750000000047,4.017972084747E-15,
    2.023686127919));
#4609 = CARTESIAN_POINT('',(14.300000000042,2.976282570609E-13,
    1.876314072062));
#4610 = PCURVE('',#4496,#4611);
#4611 = DEFINITIONAL_REPRESENTATION('',(#4612),#4616);
#4612 = LINE('',#4613,#4614);
#4613 = CARTESIAN_POINT('',(0.,1.));
#4614 = VECTOR('',#4615,1.);
#4615 = DIRECTION('',(1.,0.));
#4616 = ( GEOMETRIC_REPRESENTATION_CONTEXT(2) 
PARAMETRIC_REPRESENTATION_CONTEXT() REPRESENTATION_CONTEXT('2D SPACE',''
  ) );
#4617 = PCURVE('',#3921,#4618);
#4618 = DEFINITIONAL_REPRESENTATION('',(#4619),#4622);
#4619 = B_SPLINE_CURVE_WITH_KNOTS('',1,(#4620,#4621),.UNSPECIFIED.,.F.,
  .F.,(2,2),(2.,3.),.PIECEWISE_BEZIER_KNOTS.);
#4620 = CARTESIAN_POINT('',(2.,0.));
#4621 = CARTESIAN_POINT('',(3.,0.));
#4622 = ( GEOMETRIC_REPRESENTATION_CONTEXT(2) 
PARAMETRIC_REPRESENTATION_CONTEXT() REPRESENTATION_CONTEXT('2D SPACE',''
  ) );
#4623 = ORIENTED_EDGE('',*,*,#4474,.F.);
#4624 = ADVANCED_FACE('',(#4625),#4575,.T.);
#4625 = FACE_BOUND('',#4626,.T.);
#4626 = EDGE_LOOP('',(#4627,#4671,#4702,#4744));
#4627 = ORIENTED_EDGE('',*,*,#4628,.T.);
#4628 = EDGE_CURVE('',#4531,#4629,#4631,.T.);
#4629 = VERTEX_POINT('',#4630);
#4630 = CARTESIAN_POINT('',(14.299999999997,1.928463740352E-13,
    0.523686127909));
#4631 = SURFACE_CURVE('',#4632,(#4635,#4641),.PCURVE_S1.);
#4632 = B_SPLINE_CURVE_WITH_KNOTS('',1,(#4633,#4634),.UNSPECIFIED.,.F.,
  .F.,(2,2),(3.,4.),.PIECEWISE_BEZIER_KNOTS.);
#4633 = CARTESIAN_POINT('',(14.3,7.88477711463E-14,0.876314072081));
#4634 = CARTESIAN_POINT('',(14.3,7.88477711463E-14,0.523686127919));
#4635 = PCURVE('',#4575,#4636);
#4636 = DEFINITIONAL_REPRESENTATION('',(#4637),#4640);
#4637 = B_SPLINE_CURVE_WITH_KNOTS('',1,(#4638,#4639),.UNSPECIFIED.,.F.,
  .F.,(2,2),(3.,4.),.PIECEWISE_BEZIER_KNOTS.);
#4638 = CARTESIAN_POINT('',(3.,0.));
#4639 = CARTESIAN_POINT('',(4.,0.));
#4640 = ( GEOMETRIC_REPRESENTATION_CONTEXT(2) 
PARAMETRIC_REPRESENTATION_CONTEXT() REPRESENTATION_CONTEXT('2D SPACE',''
  ) );
#4641 = PCURVE('',#4642,#4665);
#4642 = ( BOUNDED_SURFACE() B_SPLINE_SURFACE(1,6,(
    (#4643,#4644,#4645,#4646,#4647,#4648,#4649,#4650,#4651,#4652,#4653)
    ,(#4654,#4655,#4656,#4657,#4658,#4659,#4660,#4661,#4662,#4663,#4664
)),.UNSPECIFIED.,.F.,.F.,.F.) B_SPLINE_SURFACE_WITH_KNOTS((2,2),(7,4,7),
(3.,4.),(0.,0.5,1.),.UNSPECIFIED.) GEOMETRIC_REPRESENTATION_ITEM() 
RATIONAL_B_SPLINE_SURFACE((
    (1.,1.,1.,1.,1.,1.,1.,1.,1.,1.,1.)
,(1.,1.,1.,1.,1.,1.,1.,1.,1.,1.,1.
  ))) REPRESENTATION_ITEM('') SURFACE() );
#4643 = CARTESIAN_POINT('',(14.3,7.967026135827E-14,-0.123685927919));
#4644 = CARTESIAN_POINT('',(14.249503403065,7.485744908481,
    -4.035259458501E-02));
#4645 = CARTESIAN_POINT('',(9.743902372885,14.971489816958,
    4.298073873904E-02));
#4646 = CARTESIAN_POINT('',(-8.489740359846E-02,18.810558014815,
    0.126314072085));
#4647 = CARTESIAN_POINT('',(-9.614294440751,14.97148981696,
    0.209647405418));
#4648 = CARTESIAN_POINT('',(-18.98570555925,2.459951696351E-13,
    0.376314072081));
#4649 = CARTESIAN_POINT('',(-9.614294440751,-14.97148981696,
    0.542980738744));
#4650 = CARTESIAN_POINT('',(-8.489740359769E-02,-18.81055801481,
    0.626314072078));
#4651 = CARTESIAN_POINT('',(9.743902372885,-14.97148981696,
    0.709647405424));
#4652 = CARTESIAN_POINT('',(14.249503403065,-7.485744908481,
    0.792980738748));
#4653 = CARTESIAN_POINT('',(14.3,7.88477711463E-14,0.876314072081));
#4654 = CARTESIAN_POINT('',(14.3,7.967026135827E-14,-0.476313872081));
#4655 = CARTESIAN_POINT('',(14.249503403065,7.485744908481,
    -0.392980538748));
#4656 = CARTESIAN_POINT('',(9.743902372885,14.971489816958,
    -0.309647205424));
#4657 = CARTESIAN_POINT('',(-8.489740359846E-02,18.810558014815,
    -0.226313872078));
#4658 = CARTESIAN_POINT('',(-9.614294440751,14.97148981696,
    -0.142980538744));
#4659 = CARTESIAN_POINT('',(-18.98570555925,2.459951696351E-13,
    2.368612791852E-02));
#4660 = CARTESIAN_POINT('',(-9.614294440751,-14.97148981696,
    0.190352794582));
#4661 = CARTESIAN_POINT('',(-8.489740359769E-02,-18.81055801481,
    0.273686127915));
#4662 = CARTESIAN_POINT('',(9.743902372885,-14.97148981696,
    0.357019461261));
#4663 = CARTESIAN_POINT('',(14.249503403065,-7.485744908481,
    0.440352794585));
#4664 = CARTESIAN_POINT('',(14.3,7.88477711463E-14,0.523686127919));
#4665 = DEFINITIONAL_REPRESENTATION('',(#4666),#4670);
#4666 = LINE('',#4667,#4668);
#4667 = CARTESIAN_POINT('',(0.,1.));
#4668 = VECTOR('',#4669,1.);
#4669 = DIRECTION('',(1.,0.));
#4670 = ( GEOMETRIC_REPRESENTATION_CONTEXT(2) 
PARAMETRIC_REPRESENTATION_CONTEXT() REPRESENTATION_CONTEXT('2D SPACE',''
  ) );
#4671 = ORIENTED_EDGE('',*,*,#4672,.T.);
#4672 = EDGE_CURVE('',#4629,#4673,#4675,.T.);
#4673 = VERTEX_POINT('',#4674);
#4674 = CARTESIAN_POINT('',(14.300000000054,-5.778512530463E-13,
    1.523686127975));
#4675 = SURFACE_CURVE('',#4676,(#4688,#4695),.PCURVE_S1.);
#4676 = ( BOUNDED_CURVE() B_SPLINE_CURVE(6,(#4677,#4678,#4679,#4680,
    #4681,#4682,#4683,#4684,#4685,#4686,#4687),.UNSPECIFIED.,.F.,.F.) 
B_SPLINE_CURVE_WITH_KNOTS((7,4,7),(0.,0.5,1.),.UNSPECIFIED.) CURVE() 
GEOMETRIC_REPRESENTATION_ITEM() RATIONAL_B_SPLINE_CURVE((1.,1.,1.,1.,1.,
1.,1.,1.,1.,1.,1.)) REPRESENTATION_ITEM('') );
#4677 = CARTESIAN_POINT('',(14.299999999994,3.068449769241E-13,
    0.523686127899));
#4678 = CARTESIAN_POINT('',(14.249503403059,7.485744908481,
    0.607019461234));
#4679 = CARTESIAN_POINT('',(9.743902372879,14.971489816957,
    0.690352794719));
#4680 = CARTESIAN_POINT('',(-8.489740360339E-02,18.81055801481,
    0.773686128415));
#4681 = CARTESIAN_POINT('',(-9.614294440751,14.97148981695,
    0.857019462088));
#4682 = CARTESIAN_POINT('',(-18.98570555923,-1.289580308269E-11,
    1.023686129085));
#4683 = CARTESIAN_POINT('',(-9.614294440728,-14.97148981697,
    1.190352795414));
#4684 = CARTESIAN_POINT('',(-8.48974035697E-02,-18.81055801482,
    1.273686128408));
#4685 = CARTESIAN_POINT('',(9.743902372914,-14.97148981696,
    1.357019461404));
#4686 = CARTESIAN_POINT('',(14.249503403095,-7.48574490848,
    1.440352794567));
#4687 = CARTESIAN_POINT('',(14.300000000029,2.998166193208E-13,
    1.523686127899));
#4688 = PCURVE('',#4575,#4689);
#4689 = DEFINITIONAL_REPRESENTATION('',(#4690),#4694);
#4690 = LINE('',#4691,#4692);
#4691 = CARTESIAN_POINT('',(4.,0.));
#4692 = VECTOR('',#4693,1.);
#4693 = DIRECTION('',(0.,1.));
#4694 = ( GEOMETRIC_REPRESENTATION_CONTEXT(2) 
PARAMETRIC_REPRESENTATION_CONTEXT() REPRESENTATION_CONTEXT('2D SPACE',''
  ) );
#4695 = PCURVE('',#2201,#4696);
#4696 = DEFINITIONAL_REPRESENTATION('',(#4697),#4701);
#4697 = LINE('',#4698,#4699);
#4698 = CARTESIAN_POINT('',(4.,0.));
#4699 = VECTOR('',#4700,1.);
#4700 = DIRECTION('',(0.,1.));
#4701 = ( GEOMETRIC_REPRESENTATION_CONTEXT(2) 
PARAMETRIC_REPRESENTATION_CONTEXT() REPRESENTATION_CONTEXT('2D SPACE',''
  ) );
#4702 = ORIENTED_EDGE('',*,*,#4703,.F.);
#4703 = EDGE_CURVE('',#4552,#4673,#4704,.T.);
#4704 = SURFACE_CURVE('',#4705,(#4708,#4715),.PCURVE_S1.);
#4705 = B_SPLINE_CURVE_WITH_KNOTS('',1,(#4706,#4707),.UNSPECIFIED.,.F.,
  .F.,(2,2),(3.,4.),.PIECEWISE_BEZIER_KNOTS.);
#4706 = CARTESIAN_POINT('',(14.300000000042,2.976282570609E-13,
    1.876314072062));
#4707 = CARTESIAN_POINT('',(14.300000000029,2.998166193208E-13,
    1.523686127899));
#4708 = PCURVE('',#4575,#4709);
#4709 = DEFINITIONAL_REPRESENTATION('',(#4710),#4714);
#4710 = LINE('',#4711,#4712);
#4711 = CARTESIAN_POINT('',(0.,1.));
#4712 = VECTOR('',#4713,1.);
#4713 = DIRECTION('',(1.,0.));
#4714 = ( GEOMETRIC_REPRESENTATION_CONTEXT(2) 
PARAMETRIC_REPRESENTATION_CONTEXT() REPRESENTATION_CONTEXT('2D SPACE',''
  ) );
#4715 = PCURVE('',#4716,#4739);
#4716 = ( BOUNDED_SURFACE() B_SPLINE_SURFACE(1,6,(
    (#4717,#4718,#4719,#4720,#4721,#4722,#4723,#4724,#4725,#4726,#4727)
    ,(#4728,#4729,#4730,#4731,#4732,#4733,#4734,#4735,#4736,#4737,#4738
)),.UNSPECIFIED.,.F.,.F.,.F.) B_SPLINE_SURFACE_WITH_KNOTS((2,2),(7,4,7),
(3.,4.),(0.,0.5,1.),.UNSPECIFIED.) GEOMETRIC_REPRESENTATION_ITEM() 
RATIONAL_B_SPLINE_SURFACE((
    (1.,1.,1.,1.,1.,1.,1.,1.,1.,1.,1.)
,(1.,1.,1.,1.,1.,1.,1.,1.,1.,1.,1.
  ))) REPRESENTATION_ITEM('') SURFACE() );
#4717 = CARTESIAN_POINT('',(14.299999999993,-1.458638144376E-12,
    1.876314072214));
#4718 = CARTESIAN_POINT('',(14.289290988298,5.992883740865,
    1.942980738891));
#4719 = CARTESIAN_POINT('',(11.320146279297,11.969877450761,
    2.009647404809));
#4720 = CARTESIAN_POINT('',(5.212294597451,16.103055531631,
    2.076314070049));
#4721 = CARTESIAN_POINT('',(-2.094986818128,16.328718421735,
    2.142980734938));
#4722 = CARTESIAN_POINT('',(-14.0019323364,10.17299931668,2.276314065417
    ));
#4723 = CARTESIAN_POINT('',(-16.17692058762,-3.053400623664,
    2.409647398232));
#4724 = CARTESIAN_POINT('',(-13.70422828547,-9.93330456231,2.47631406547
    ));
#4725 = CARTESIAN_POINT('',(-7.88591236989,-14.46499443714,
    2.542980733574));
#4726 = CARTESIAN_POINT('',(-1.283937380426,-15.44182622885,
    2.609647401791));
#4727 = CARTESIAN_POINT('',(4.418943019322,-13.60010818299,2.67631406984
    ));
#4728 = CARTESIAN_POINT('',(14.300000000078,-1.455519125413E-12,
    1.523686128051));
#4729 = CARTESIAN_POINT('',(14.289290988382,5.992883740865,
    1.590352794728));
#4730 = CARTESIAN_POINT('',(11.320146279382,11.969877450761,
    1.657019460646));
#4731 = CARTESIAN_POINT('',(5.212294597536,16.103055531631,
    1.723686125886));
#4732 = CARTESIAN_POINT('',(-2.094986818043,16.328718421735,
    1.790352790775));
#4733 = CARTESIAN_POINT('',(-14.00193233631,10.17299931668,
    1.923686121254));
#4734 = CARTESIAN_POINT('',(-16.17692058754,-3.053400623664,
    2.057019454069));
#4735 = CARTESIAN_POINT('',(-13.70422828538,-9.93330456231,
    2.123686121307));
#4736 = CARTESIAN_POINT('',(-7.885912369805,-14.46499443714,
    2.190352789411));
#4737 = CARTESIAN_POINT('',(-1.283937380341,-15.44182622885,
    2.257019457628));
#4738 = CARTESIAN_POINT('',(4.418943019407,-13.60010818299,
    2.323686125678));
#4739 = DEFINITIONAL_REPRESENTATION('',(#4740),#4743);
#4740 = B_SPLINE_CURVE_WITH_KNOTS('',1,(#4741,#4742),.UNSPECIFIED.,.F.,
  .F.,(2,2),(3.,4.),.PIECEWISE_BEZIER_KNOTS.);
#4741 = CARTESIAN_POINT('',(3.,0.));
#4742 = CARTESIAN_POINT('',(4.,0.));
#4743 = ( GEOMETRIC_REPRESENTATION_CONTEXT(2) 
PARAMETRIC_REPRESENTATION_CONTEXT() REPRESENTATION_CONTEXT('2D SPACE',''
  ) );
#4744 = ORIENTED_EDGE('',*,*,#4551,.F.);
#4745 = ADVANCED_FACE('',(#4746),#4716,.T.);
#4746 = FACE_BOUND('',#4747,.T.);
#4747 = EDGE_LOOP('',(#4748,#4749,#4780,#4818));
#4748 = ORIENTED_EDGE('',*,*,#4703,.T.);
#4749 = ORIENTED_EDGE('',*,*,#4750,.T.);
#4750 = EDGE_CURVE('',#4673,#4751,#4753,.T.);
#4751 = VERTEX_POINT('',#4752);
#4752 = CARTESIAN_POINT('',(4.418943019415,-13.60010818302,
    2.323686125771));
#4753 = SURFACE_CURVE('',#4754,(#4766,#4773),.PCURVE_S1.);
#4754 = ( BOUNDED_CURVE() B_SPLINE_CURVE(6,(#4755,#4756,#4757,#4758,
    #4759,#4760,#4761,#4762,#4763,#4764,#4765),.UNSPECIFIED.,.F.,.F.) 
B_SPLINE_CURVE_WITH_KNOTS((7,4,7),(0.,0.5,1.),.UNSPECIFIED.) CURVE() 
GEOMETRIC_REPRESENTATION_ITEM() RATIONAL_B_SPLINE_CURVE((1.,1.,1.,1.,1.,
1.,1.,1.,1.,1.,1.)) REPRESENTATION_ITEM('') );
#4755 = CARTESIAN_POINT('',(14.300000000078,-1.455519125413E-12,
    1.523686128051));
#4756 = CARTESIAN_POINT('',(14.289290988382,5.992883740865,
    1.590352794728));
#4757 = CARTESIAN_POINT('',(11.320146279382,11.969877450761,
    1.657019460646));
#4758 = CARTESIAN_POINT('',(5.212294597536,16.103055531631,
    1.723686125886));
#4759 = CARTESIAN_POINT('',(-2.094986818043,16.328718421735,
    1.790352790775));
#4760 = CARTESIAN_POINT('',(-14.00193233631,10.17299931668,
    1.923686121254));
#4761 = CARTESIAN_POINT('',(-16.17692058754,-3.053400623664,
    2.057019454069));
#4762 = CARTESIAN_POINT('',(-13.70422828538,-9.93330456231,
    2.123686121307));
#4763 = CARTESIAN_POINT('',(-7.885912369805,-14.46499443714,
    2.190352789411));
#4764 = CARTESIAN_POINT('',(-1.283937380341,-15.44182622885,
    2.257019457628));
#4765 = CARTESIAN_POINT('',(4.418943019407,-13.60010818299,
    2.323686125678));
#4766 = PCURVE('',#4716,#4767);
#4767 = DEFINITIONAL_REPRESENTATION('',(#4768),#4772);
#4768 = LINE('',#4769,#4770);
#4769 = CARTESIAN_POINT('',(4.,0.));
#4770 = VECTOR('',#4771,1.);
#4771 = DIRECTION('',(0.,1.));
#4772 = ( GEOMETRIC_REPRESENTATION_CONTEXT(2) 
PARAMETRIC_REPRESENTATION_CONTEXT() REPRESENTATION_CONTEXT('2D SPACE',''
  ) );
#4773 = PCURVE('',#2320,#4774);
#4774 = DEFINITIONAL_REPRESENTATION('',(#4775),#4779);
#4775 = LINE('',#4776,#4777);
#4776 = CARTESIAN_POINT('',(4.,0.));
#4777 = VECTOR('',#4778,1.);
#4778 = DIRECTION('',(0.,1.));
#4779 = ( GEOMETRIC_REPRESENTATION_CONTEXT(2) 
PARAMETRIC_REPRESENTATION_CONTEXT() REPRESENTATION_CONTEXT('2D SPACE',''
  ) );
#4780 = ORIENTED_EDGE('',*,*,#4781,.F.);
#4781 = EDGE_CURVE('',#4782,#4751,#4784,.T.);
#4782 = VERTEX_POINT('',#4783);
#4783 = CARTESIAN_POINT('',(4.418943019312,-13.60010818296,
    2.676314069934));
#4784 = SURFACE_CURVE('',#4785,(#4788,#4795),.PCURVE_S1.);
#4785 = B_SPLINE_CURVE_WITH_KNOTS('',1,(#4786,#4787),.UNSPECIFIED.,.F.,
  .F.,(2,2),(3.,4.),.PIECEWISE_BEZIER_KNOTS.);
#4786 = CARTESIAN_POINT('',(4.418943019322,-13.60010818299,2.67631406984
    ));
#4787 = CARTESIAN_POINT('',(4.418943019407,-13.60010818299,
    2.323686125678));
#4788 = PCURVE('',#4716,#4789);
#4789 = DEFINITIONAL_REPRESENTATION('',(#4790),#4794);
#4790 = LINE('',#4791,#4792);
#4791 = CARTESIAN_POINT('',(0.,1.));
#4792 = VECTOR('',#4793,1.);
#4793 = DIRECTION('',(1.,0.));
#4794 = ( GEOMETRIC_REPRESENTATION_CONTEXT(2) 
PARAMETRIC_REPRESENTATION_CONTEXT() REPRESENTATION_CONTEXT('2D SPACE',''
  ) );
#4795 = PCURVE('',#4796,#4813);
#4796 = ( BOUNDED_SURFACE() B_SPLINE_SURFACE(1,7,(
    (#4797,#4798,#4799,#4800,#4801,#4802,#4803,#4804)
    ,(#4805,#4806,#4807,#4808,#4809,#4810,#4811,#4812
)),.UNSPECIFIED.,.F.,.F.,.F.) B_SPLINE_SURFACE_WITH_KNOTS((2,2),(8,8),(
    3.,4.),(0.,1.),.PIECEWISE_BEZIER_KNOTS.) 
GEOMETRIC_REPRESENTATION_ITEM() RATIONAL_B_SPLINE_SURFACE((
    (1.,1.,1.,1.000000000001,0.999999999999,1.,1.,1.)
    ,(1.,1.,1.,1.000000000001,0.999999999999,1.,1.,1.
))) REPRESENTATION_ITEM('') SURFACE() );
#4797 = CARTESIAN_POINT('',(4.418943019302,-13.60010818293,
    2.676314070028));
#4798 = CARTESIAN_POINT('',(7.441129080127,-12.54323038479,
    2.689098264956));
#4799 = CARTESIAN_POINT('',(10.172166452361,-10.70195182213,
    2.701893429478));
#4800 = CARTESIAN_POINT('',(12.367628510008,-8.171563631554,
    2.714699418937));
#4801 = CARTESIAN_POINT('',(13.82075898759,-5.142442512693,
    2.727516085942));
#4802 = CARTESIAN_POINT('',(14.415279428566,-1.881208411829,
    2.74034328042));
#4803 = CARTESIAN_POINT('',(14.151969754643,1.334189229405,
    2.753180849607));
#4804 = CARTESIAN_POINT('',(13.124579924703,4.264434522429,
    2.766028638078));
#4805 = CARTESIAN_POINT('',(4.418943019424,-13.60010818305,
    2.323686125865));
#4806 = CARTESIAN_POINT('',(7.441129080234,-12.54323038489,
    2.382151196018));
#4807 = CARTESIAN_POINT('',(10.172166452452,-10.70195182221,
    2.440666433929));
#4808 = CARTESIAN_POINT('',(12.367628510083,-8.171563631623,
    2.499231178223));
#4809 = CARTESIAN_POINT('',(13.820758987648,-5.142442512748,
    2.557844754903));
#4810 = CARTESIAN_POINT('',(14.415279428608,-1.881208411869,
    2.616506477464));
#4811 = CARTESIAN_POINT('',(14.15196975467,1.33418922938,2.67521564698)
  );
#4812 = CARTESIAN_POINT('',(13.124579924714,4.264434522418,
    2.733971552245));
#4813 = DEFINITIONAL_REPRESENTATION('',(#4814),#4817);
#4814 = B_SPLINE_CURVE_WITH_KNOTS('',1,(#4815,#4816),.UNSPECIFIED.,.F.,
  .F.,(2,2),(3.,4.),.PIECEWISE_BEZIER_KNOTS.);
#4815 = CARTESIAN_POINT('',(3.,0.));
#4816 = CARTESIAN_POINT('',(4.,0.));
#4817 = ( GEOMETRIC_REPRESENTATION_CONTEXT(2) 
PARAMETRIC_REPRESENTATION_CONTEXT() REPRESENTATION_CONTEXT('2D SPACE',''
  ) );
#4818 = ORIENTED_EDGE('',*,*,#4819,.F.);
#4819 = EDGE_CURVE('',#4552,#4782,#4820,.T.);
#4820 = SURFACE_CURVE('',#4821,(#4833,#4840),.PCURVE_S1.);
#4821 = ( BOUNDED_CURVE() B_SPLINE_CURVE(6,(#4822,#4823,#4824,#4825,
    #4826,#4827,#4828,#4829,#4830,#4831,#4832),.UNSPECIFIED.,.F.,.F.) 
B_SPLINE_CURVE_WITH_KNOTS((7,4,7),(0.,0.5,1.),.UNSPECIFIED.) CURVE() 
GEOMETRIC_REPRESENTATION_ITEM() RATIONAL_B_SPLINE_CURVE((1.,1.,1.,1.,1.,
1.,1.,1.,1.,1.,1.)) REPRESENTATION_ITEM('') );
#4822 = CARTESIAN_POINT('',(14.299999999993,-1.458638144376E-12,
    1.876314072214));
#4823 = CARTESIAN_POINT('',(14.289290988298,5.992883740865,
    1.942980738891));
#4824 = CARTESIAN_POINT('',(11.320146279297,11.969877450761,
    2.009647404809));
#4825 = CARTESIAN_POINT('',(5.212294597451,16.103055531631,
    2.076314070049));
#4826 = CARTESIAN_POINT('',(-2.094986818128,16.328718421735,
    2.142980734938));
#4827 = CARTESIAN_POINT('',(-14.0019323364,10.17299931668,2.276314065417
    ));
#4828 = CARTESIAN_POINT('',(-16.17692058762,-3.053400623664,
    2.409647398232));
#4829 = CARTESIAN_POINT('',(-13.70422828547,-9.93330456231,2.47631406547
    ));
#4830 = CARTESIAN_POINT('',(-7.88591236989,-14.46499443714,
    2.542980733574));
#4831 = CARTESIAN_POINT('',(-1.283937380426,-15.44182622885,
    2.609647401791));
#4832 = CARTESIAN_POINT('',(4.418943019322,-13.60010818299,2.67631406984
    ));
#4833 = PCURVE('',#4716,#4834);
#4834 = DEFINITIONAL_REPRESENTATION('',(#4835),#4839);
#4835 = LINE('',#4836,#4837);
#4836 = CARTESIAN_POINT('',(3.,0.));
#4837 = VECTOR('',#4838,1.);
#4838 = DIRECTION('',(0.,1.));
#4839 = ( GEOMETRIC_REPRESENTATION_CONTEXT(2) 
PARAMETRIC_REPRESENTATION_CONTEXT() REPRESENTATION_CONTEXT('2D SPACE',''
  ) );
#4840 = PCURVE('',#3921,#4841);
#4841 = DEFINITIONAL_REPRESENTATION('',(#4842),#4846);
#4842 = LINE('',#4843,#4844);
#4843 = CARTESIAN_POINT('',(3.,0.));
#4844 = VECTOR('',#4845,1.);
#4845 = DIRECTION('',(0.,1.));
#4846 = ( GEOMETRIC_REPRESENTATION_CONTEXT(2) 
PARAMETRIC_REPRESENTATION_CONTEXT() REPRESENTATION_CONTEXT('2D SPACE',''
  ) );
#4847 = ADVANCED_FACE('',(#4848),#4796,.T.);
#4848 = FACE_BOUND('',#4849,.T.);
#4849 = EDGE_LOOP('',(#4850,#4851,#4879,#4900));
#4850 = ORIENTED_EDGE('',*,*,#4781,.T.);
#4851 = ORIENTED_EDGE('',*,*,#4852,.T.);
#4852 = EDGE_CURVE('',#4751,#4853,#4855,.T.);
#4853 = VERTEX_POINT('',#4854);
#4854 = CARTESIAN_POINT('',(13.124579924714,4.264434522418,
    2.733971552245));
#4855 = SURFACE_CURVE('',#4856,(#4865,#4872),.PCURVE_S1.);
#4856 = ( BOUNDED_CURVE() B_SPLINE_CURVE(7,(#4857,#4858,#4859,#4860,
    #4861,#4862,#4863,#4864),.UNSPECIFIED.,.F.,.F.) 
B_SPLINE_CURVE_WITH_KNOTS((8,8),(0.,1.),.PIECEWISE_BEZIER_KNOTS.) CURVE(
) GEOMETRIC_REPRESENTATION_ITEM() RATIONAL_B_SPLINE_CURVE((1.,1.,1.,
1.000000000001,0.999999999999,1.,1.,1.)) REPRESENTATION_ITEM('') );
#4857 = CARTESIAN_POINT('',(4.418943019424,-13.60010818305,
    2.323686125865));
#4858 = CARTESIAN_POINT('',(7.441129080234,-12.54323038489,
    2.382151196018));
#4859 = CARTESIAN_POINT('',(10.172166452452,-10.70195182221,
    2.440666433929));
#4860 = CARTESIAN_POINT('',(12.367628510083,-8.171563631623,
    2.499231178223));
#4861 = CARTESIAN_POINT('',(13.820758987648,-5.142442512748,
    2.557844754903));
#4862 = CARTESIAN_POINT('',(14.415279428608,-1.881208411869,
    2.616506477464));
#4863 = CARTESIAN_POINT('',(14.15196975467,1.33418922938,2.67521564698)
  );
#4864 = CARTESIAN_POINT('',(13.124579924714,4.264434522418,
    2.733971552245));
#4865 = PCURVE('',#4796,#4866);
#4866 = DEFINITIONAL_REPRESENTATION('',(#4867),#4871);
#4867 = LINE('',#4868,#4869);
#4868 = CARTESIAN_POINT('',(4.,0.));
#4869 = VECTOR('',#4870,1.);
#4870 = DIRECTION('',(0.,1.));
#4871 = ( GEOMETRIC_REPRESENTATION_CONTEXT(2) 
PARAMETRIC_REPRESENTATION_CONTEXT() REPRESENTATION_CONTEXT('2D SPACE',''
  ) );
#4872 = PCURVE('',#2725,#4873);
#4873 = DEFINITIONAL_REPRESENTATION('',(#4874),#4878);
#4874 = LINE('',#4875,#4876);
#4875 = CARTESIAN_POINT('',(4.,0.));
#4876 = VECTOR('',#4877,1.);
#4877 = DIRECTION('',(0.,1.));
#4878 = ( GEOMETRIC_REPRESENTATION_CONTEXT(2) 
PARAMETRIC_REPRESENTATION_CONTEXT() REPRESENTATION_CONTEXT('2D SPACE',''
  ) );
#4879 = ORIENTED_EDGE('',*,*,#4880,.F.);
#4880 = EDGE_CURVE('',#4881,#4853,#4883,.T.);
#4881 = VERTEX_POINT('',#4882);
#4882 = CARTESIAN_POINT('',(13.124579924703,4.264434522429,
    2.766028638078));
#4883 = SURFACE_CURVE('',#4884,(#4887,#4894),.PCURVE_S1.);
#4884 = B_SPLINE_CURVE_WITH_KNOTS('',1,(#4885,#4886),.UNSPECIFIED.,.F.,
  .F.,(2,2),(3.,4.),.PIECEWISE_BEZIER_KNOTS.);
#4885 = CARTESIAN_POINT('',(13.124579924703,4.264434522429,
    2.766028638078));
#4886 = CARTESIAN_POINT('',(13.124579924714,4.264434522418,
    2.733971552245));
#4887 = PCURVE('',#4796,#4888);
#4888 = DEFINITIONAL_REPRESENTATION('',(#4889),#4893);
#4889 = LINE('',#4890,#4891);
#4890 = CARTESIAN_POINT('',(0.,1.));
#4891 = VECTOR('',#4892,1.);
#4892 = DIRECTION('',(1.,0.));
#4893 = ( GEOMETRIC_REPRESENTATION_CONTEXT(2) 
PARAMETRIC_REPRESENTATION_CONTEXT() REPRESENTATION_CONTEXT('2D SPACE',''
  ) );
#4894 = PCURVE('',#3096,#4895);
#4895 = DEFINITIONAL_REPRESENTATION('',(#4896),#4899);
#4896 = B_SPLINE_CURVE_WITH_KNOTS('',1,(#4897,#4898),.UNSPECIFIED.,.F.,
  .F.,(2,2),(3.,4.),.PIECEWISE_BEZIER_KNOTS.);
#4897 = CARTESIAN_POINT('',(8.194434716964E-02,0.));
#4898 = CARTESIAN_POINT('',(6.416227536767E-02,-2.667310770295E-02));
#4899 = ( GEOMETRIC_REPRESENTATION_CONTEXT(2) 
PARAMETRIC_REPRESENTATION_CONTEXT() REPRESENTATION_CONTEXT('2D SPACE',''
  ) );
#4900 = ORIENTED_EDGE('',*,*,#4901,.F.);
#4901 = EDGE_CURVE('',#4782,#4881,#4902,.T.);
#4902 = SURFACE_CURVE('',#4903,(#4912,#4919),.PCURVE_S1.);
#4903 = ( BOUNDED_CURVE() B_SPLINE_CURVE(7,(#4904,#4905,#4906,#4907,
    #4908,#4909,#4910,#4911),.UNSPECIFIED.,.F.,.F.) 
B_SPLINE_CURVE_WITH_KNOTS((8,8),(0.,1.),.PIECEWISE_BEZIER_KNOTS.) CURVE(
) GEOMETRIC_REPRESENTATION_ITEM() RATIONAL_B_SPLINE_CURVE((1.,1.,1.,
1.000000000001,0.999999999999,1.,1.,1.)) REPRESENTATION_ITEM('') );
#4904 = CARTESIAN_POINT('',(4.418943019302,-13.60010818293,
    2.676314070028));
#4905 = CARTESIAN_POINT('',(7.441129080127,-12.54323038479,
    2.689098264956));
#4906 = CARTESIAN_POINT('',(10.172166452361,-10.70195182213,
    2.701893429478));
#4907 = CARTESIAN_POINT('',(12.367628510008,-8.171563631554,
    2.714699418937));
#4908 = CARTESIAN_POINT('',(13.82075898759,-5.142442512693,
    2.727516085942));
#4909 = CARTESIAN_POINT('',(14.415279428566,-1.881208411829,
    2.74034328042));
#4910 = CARTESIAN_POINT('',(14.151969754643,1.334189229405,
    2.753180849607));
#4911 = CARTESIAN_POINT('',(13.124579924703,4.264434522429,
    2.766028638078));
#4912 = PCURVE('',#4796,#4913);
#4913 = DEFINITIONAL_REPRESENTATION('',(#4914),#4918);
#4914 = LINE('',#4915,#4916);
#4915 = CARTESIAN_POINT('',(3.,0.));
#4916 = VECTOR('',#4917,1.);
#4917 = DIRECTION('',(0.,1.));
#4918 = ( GEOMETRIC_REPRESENTATION_CONTEXT(2) 
PARAMETRIC_REPRESENTATION_CONTEXT() REPRESENTATION_CONTEXT('2D SPACE',''
  ) );
#4919 = PCURVE('',#4920,#4937);
#4920 = ( BOUNDED_SURFACE() B_SPLINE_SURFACE(1,7,(
    (#4921,#4922,#4923,#4924,#4925,#4926,#4927,#4928)
    ,(#4929,#4930,#4931,#4932,#4933,#4934,#4935,#4936
)),.UNSPECIFIED.,.F.,.F.,.F.) B_SPLINE_SURFACE_WITH_KNOTS((2,2),(8,8),(
    2.,3.),(0.,1.),.PIECEWISE_BEZIER_KNOTS.) 
GEOMETRIC_REPRESENTATION_ITEM() RATIONAL_B_SPLINE_SURFACE((
    (1.,1.,1.,1.000000000001,0.999999999999,1.,1.,1.)
    ,(1.,1.,1.,1.000000000001,0.999999999999,1.,1.,1.
))) REPRESENTATION_ITEM('') SURFACE() );
#4921 = CARTESIAN_POINT('',(4.248983672348,-13.07702709892,
    2.823686125637));
#4922 = CARTESIAN_POINT('',(7.176101525223,-12.12595548236,
    2.817379137902));
#4923 = CARTESIAN_POINT('',(9.857321722068,-10.40964307348,2.81106673789
    ));
#4924 = CARTESIAN_POINT('',(12.052502561601,-8.003722543538,
    2.804748996884));
#4925 = CARTESIAN_POINT('',(13.549420905367,-5.07770691758,
    2.798425987569));
#4926 = CARTESIAN_POINT('',(14.215831089491,-1.882847503323,
    2.792097784048));
#4927 = CARTESIAN_POINT('',(14.032841311804,1.307307419996,
    2.785764461807));
#4928 = CARTESIAN_POINT('',(13.077027098884,4.248983672715,
    2.779426097688));
#4929 = CARTESIAN_POINT('',(4.418943019302,-13.60010818293,
    2.676314070028));
#4930 = CARTESIAN_POINT('',(7.441129080127,-12.54323038479,
    2.689098264956));
#4931 = CARTESIAN_POINT('',(10.172166452361,-10.70195182213,
    2.701893429478));
#4932 = CARTESIAN_POINT('',(12.367628510008,-8.171563631554,
    2.714699418937));
#4933 = CARTESIAN_POINT('',(13.82075898759,-5.142442512693,
    2.727516085942));
#4934 = CARTESIAN_POINT('',(14.415279428566,-1.881208411829,
    2.74034328042));
#4935 = CARTESIAN_POINT('',(14.151969754643,1.334189229405,
    2.753180849607));
#4936 = CARTESIAN_POINT('',(13.124579924703,4.264434522429,
    2.766028638078));
#4937 = DEFINITIONAL_REPRESENTATION('',(#4938),#4942);
#4938 = LINE('',#4939,#4940);
#4939 = CARTESIAN_POINT('',(3.,0.));
#4940 = VECTOR('',#4941,1.);
#4941 = DIRECTION('',(0.,1.));
#4942 = ( GEOMETRIC_REPRESENTATION_CONTEXT(2) 
PARAMETRIC_REPRESENTATION_CONTEXT() REPRESENTATION_CONTEXT('2D SPACE',''
  ) );
#4943 = ADVANCED_FACE('',(#4944),#4920,.T.);
#4944 = FACE_BOUND('',#4945,.T.);
#4945 = EDGE_LOOP('',(#4946,#4965,#4966,#4987));
#4946 = ORIENTED_EDGE('',*,*,#4947,.T.);
#4947 = EDGE_CURVE('',#3898,#4782,#4948,.T.);
#4948 = SURFACE_CURVE('',#4949,(#4952,#4958),.PCURVE_S1.);
#4949 = B_SPLINE_CURVE_WITH_KNOTS('',1,(#4950,#4951),.UNSPECIFIED.,.F.,
  .F.,(2,2),(2.,3.),.PIECEWISE_BEZIER_KNOTS.);
#4950 = CARTESIAN_POINT('',(4.248983672382,-13.07702709903,
    2.823686125637));
#4951 = CARTESIAN_POINT('',(4.418943019322,-13.60010818299,2.67631406984
    ));
#4952 = PCURVE('',#4920,#4953);
#4953 = DEFINITIONAL_REPRESENTATION('',(#4954),#4957);
#4954 = B_SPLINE_CURVE_WITH_KNOTS('',1,(#4955,#4956),.UNSPECIFIED.,.F.,
  .F.,(2,2),(2.,3.),.PIECEWISE_BEZIER_KNOTS.);
#4955 = CARTESIAN_POINT('',(2.,0.));
#4956 = CARTESIAN_POINT('',(3.,0.));
#4957 = ( GEOMETRIC_REPRESENTATION_CONTEXT(2) 
PARAMETRIC_REPRESENTATION_CONTEXT() REPRESENTATION_CONTEXT('2D SPACE',''
  ) );
#4958 = PCURVE('',#3921,#4959);
#4959 = DEFINITIONAL_REPRESENTATION('',(#4960),#4964);
#4960 = LINE('',#4961,#4962);
#4961 = CARTESIAN_POINT('',(0.,1.));
#4962 = VECTOR('',#4963,1.);
#4963 = DIRECTION('',(1.,0.));
#4964 = ( GEOMETRIC_REPRESENTATION_CONTEXT(2) 
PARAMETRIC_REPRESENTATION_CONTEXT() REPRESENTATION_CONTEXT('2D SPACE',''
  ) );
#4965 = ORIENTED_EDGE('',*,*,#4901,.T.);
#4966 = ORIENTED_EDGE('',*,*,#4967,.F.);
#4967 = EDGE_CURVE('',#4968,#4881,#4970,.T.);
#4968 = VERTEX_POINT('',#4969);
#4969 = CARTESIAN_POINT('',(13.077027098884,4.248983672715,
    2.779426097688));
#4970 = SURFACE_CURVE('',#4971,(#4974,#4981),.PCURVE_S1.);
#4971 = B_SPLINE_CURVE_WITH_KNOTS('',1,(#4972,#4973),.UNSPECIFIED.,.F.,
  .F.,(2,2),(2.,3.),.PIECEWISE_BEZIER_KNOTS.);
#4972 = CARTESIAN_POINT('',(13.077027098884,4.248983672715,
    2.779426097688));
#4973 = CARTESIAN_POINT('',(13.124579924703,4.264434522429,
    2.766028638078));
#4974 = PCURVE('',#4920,#4975);
#4975 = DEFINITIONAL_REPRESENTATION('',(#4976),#4980);
#4976 = LINE('',#4977,#4978);
#4977 = CARTESIAN_POINT('',(0.,1.));
#4978 = VECTOR('',#4979,1.);
#4979 = DIRECTION('',(1.,0.));
#4980 = ( GEOMETRIC_REPRESENTATION_CONTEXT(2) 
PARAMETRIC_REPRESENTATION_CONTEXT() REPRESENTATION_CONTEXT('2D SPACE',''
  ) );
#4981 = PCURVE('',#3096,#4982);
#4982 = DEFINITIONAL_REPRESENTATION('',(#4983),#4986);
#4983 = B_SPLINE_CURVE_WITH_KNOTS('',1,(#4984,#4985),.UNSPECIFIED.,.F.,
  .F.,(2,2),(2.,3.),.PIECEWISE_BEZIER_KNOTS.);
#4984 = CARTESIAN_POINT('',(4.777340593374E-02,3.888237003276E-02));
#4985 = CARTESIAN_POINT('',(8.194434716964E-02,0.));
#4986 = ( GEOMETRIC_REPRESENTATION_CONTEXT(2) 
PARAMETRIC_REPRESENTATION_CONTEXT() REPRESENTATION_CONTEXT('2D SPACE',''
  ) );
#4987 = ORIENTED_EDGE('',*,*,#4988,.F.);
#4988 = EDGE_CURVE('',#3898,#4968,#4989,.T.);
#4989 = SURFACE_CURVE('',#4990,(#4999,#5006),.PCURVE_S1.);
#4990 = ( BOUNDED_CURVE() B_SPLINE_CURVE(7,(#4991,#4992,#4993,#4994,
    #4995,#4996,#4997,#4998),.UNSPECIFIED.,.F.,.F.) 
B_SPLINE_CURVE_WITH_KNOTS((8,8),(0.,1.),.PIECEWISE_BEZIER_KNOTS.) CURVE(
) GEOMETRIC_REPRESENTATION_ITEM() RATIONAL_B_SPLINE_CURVE((1.,1.,1.,
1.000000000001,0.999999999999,1.,1.,1.)) REPRESENTATION_ITEM('') );
#4991 = CARTESIAN_POINT('',(4.248983672348,-13.07702709892,
    2.823686125637));
#4992 = CARTESIAN_POINT('',(7.176101525223,-12.12595548236,
    2.817379137902));
#4993 = CARTESIAN_POINT('',(9.857321722068,-10.40964307348,2.81106673789
    ));
#4994 = CARTESIAN_POINT('',(12.052502561601,-8.003722543538,
    2.804748996884));
#4995 = CARTESIAN_POINT('',(13.549420905367,-5.07770691758,
    2.798425987569));
#4996 = CARTESIAN_POINT('',(14.215831089491,-1.882847503323,
    2.792097784048));
#4997 = CARTESIAN_POINT('',(14.032841311804,1.307307419996,
    2.785764461807));
#4998 = CARTESIAN_POINT('',(13.077027098884,4.248983672715,
    2.779426097688));
#4999 = PCURVE('',#4920,#5000);
#5000 = DEFINITIONAL_REPRESENTATION('',(#5001),#5005);
#5001 = LINE('',#5002,#5003);
#5002 = CARTESIAN_POINT('',(2.,0.));
#5003 = VECTOR('',#5004,1.);
#5004 = DIRECTION('',(0.,1.));
#5005 = ( GEOMETRIC_REPRESENTATION_CONTEXT(2) 
PARAMETRIC_REPRESENTATION_CONTEXT() REPRESENTATION_CONTEXT('2D SPACE',''
  ) );
#5006 = PCURVE('',#3182,#5007);
#5007 = DEFINITIONAL_REPRESENTATION('',(#5008),#5012);
#5008 = LINE('',#5009,#5010);
#5009 = CARTESIAN_POINT('',(2.,0.));
#5010 = VECTOR('',#5011,1.);
#5011 = DIRECTION('',(0.,1.));
#5012 = ( GEOMETRIC_REPRESENTATION_CONTEXT(2) 
PARAMETRIC_REPRESENTATION_CONTEXT() REPRESENTATION_CONTEXT('2D SPACE',''
  ) );
#5013 = ADVANCED_FACE('',(#5014),#4642,.T.);
#5014 = FACE_BOUND('',#5015,.T.);
#5015 = EDGE_LOOP('',(#5016,#5068,#5097,#5098,#5129));
#5016 = ORIENTED_EDGE('',*,*,#5017,.F.);
#5017 = EDGE_CURVE('',#5018,#5020,#5022,.T.);
#5018 = VERTEX_POINT('',#5019);
#5019 = CARTESIAN_POINT('',(13.445961807953,-4.850513316655,
    0.468602673299));
#5020 = VERTEX_POINT('',#5021);
#5021 = CARTESIAN_POINT('',(10.699907955179,-9.488444063739,0.4755001));
#5022 = SURFACE_CURVE('',#5023,(#5036,#5052),.PCURVE_S1.);
#5023 = B_SPLINE_CURVE_WITH_KNOTS('',6,(#5024,#5025,#5026,#5027,#5028,
    #5029,#5030,#5031,#5032,#5033,#5034,#5035),.UNSPECIFIED.,.F.,.F.,(7,
    5,7),(0.,0.781014587458,1.),.UNSPECIFIED.);
#5024 = CARTESIAN_POINT('',(13.445961807953,-4.850513316655,
    0.468602673299));
#5025 = CARTESIAN_POINT('',(13.207488047619,-5.514831742935,
    0.469706366198));
#5026 = CARTESIAN_POINT('',(12.929801430605,-6.165081651927,
    0.470973178346));
#5027 = CARTESIAN_POINT('',(12.613748533252,-6.7982656521,0.472183539069
    ));
#5028 = CARTESIAN_POINT('',(12.260566082508,-7.411548773756,
    0.473225242847));
#5029 = CARTESIAN_POINT('',(11.871814213843,-8.002229704342,
    0.474059385666));
#5030 = CARTESIAN_POINT('',(11.330963292552,-8.726327575477,
    0.474862018521));
#5031 = CARTESIAN_POINT('',(11.20987726628,-8.882918971965,
    0.475021482358));
#5032 = CARTESIAN_POINT('',(11.086184973101,-9.037479605314,
    0.475164687077));
#5033 = CARTESIAN_POINT('',(10.959929342968,-9.189955521805,
    0.475291870221));
#5034 = CARTESIAN_POINT('',(10.831154938538,-9.3402941026,0.475403464941
    ));
#5035 = CARTESIAN_POINT('',(10.699907955178,-9.48844406374,0.4755001));
#5036 = PCURVE('',#4642,#5037);
#5037 = DEFINITIONAL_REPRESENTATION('',(#5038),#5051);
#5038 = B_SPLINE_CURVE_WITH_KNOTS('',6,(#5039,#5040,#5041,#5042,#5043,
    #5044,#5045,#5046,#5047,#5048,#5049,#5050),.UNSPECIFIED.,.F.,.F.,(7,
    5,7),(0.,0.781014587458,1.),.UNSPECIFIED.);
#5039 = CARTESIAN_POINT('',(4.,0.944916545379));
#5040 = CARTESIAN_POINT('',(3.974582586862,0.937057348138));
#5041 = CARTESIAN_POINT('',(3.948699437482,0.929197038531));
#5042 = CARTESIAN_POINT('',(3.922975324244,0.921336358087));
#5043 = CARTESIAN_POINT('',(3.897728726347,0.913475405952));
#5044 = CARTESIAN_POINT('',(3.873070504749,0.905614370782));
#5045 = CARTESIAN_POINT('',(3.842254170892,0.895550303182));
#5046 = CARTESIAN_POINT('',(3.835552193481,0.893346462502));
#5047 = CARTESIAN_POINT('',(3.828896467463,0.891142672239));
#5048 = CARTESIAN_POINT('',(3.82228633662,0.888938938533));
#5049 = CARTESIAN_POINT('',(3.815720587284,0.886735266563));
#5050 = CARTESIAN_POINT('',(3.809197448346,0.884531660549));
#5051 = ( GEOMETRIC_REPRESENTATION_CONTEXT(2) 
PARAMETRIC_REPRESENTATION_CONTEXT() REPRESENTATION_CONTEXT('2D SPACE',''
  ) );
#5052 = PCURVE('',#1144,#5053);
#5053 = DEFINITIONAL_REPRESENTATION('',(#5054),#5067);
#5054 = B_SPLINE_CURVE_WITH_KNOTS('',6,(#5055,#5056,#5057,#5058,#5059,
    #5060,#5061,#5062,#5063,#5064,#5065,#5066),.UNSPECIFIED.,.F.,.F.,(7,
    5,7),(0.,0.781014587458,1.),.UNSPECIFIED.);
#5055 = CARTESIAN_POINT('',(5.936973659709,-6.897426701307E-03));
#5056 = CARTESIAN_POINT('',(5.887594975441,-5.793733802022E-03));
#5057 = CARTESIAN_POINT('',(5.838220371092,-4.526921653842E-03));
#5058 = CARTESIAN_POINT('',(5.788852955757,-3.316560931002E-03));
#5059 = CARTESIAN_POINT('',(5.739488653763,-2.274857152762E-03));
#5060 = CARTESIAN_POINT('',(5.690124510675,-1.440714333834E-03));
#5061 = CARTESIAN_POINT('',(5.626923218576,-6.380814790929E-04));
#5062 = CARTESIAN_POINT('',(5.613083146235,-4.786176421421E-04));
#5063 = CARTESIAN_POINT('',(5.59924314038,-3.35412922798E-04));
#5064 = CARTESIAN_POINT('',(5.585403181,-2.082297789476E-04));
#5065 = CARTESIAN_POINT('',(5.571563250273,-9.663505862276E-05));
#5066 = CARTESIAN_POINT('',(5.557723332563,0.));
#5067 = ( GEOMETRIC_REPRESENTATION_CONTEXT(2) 
PARAMETRIC_REPRESENTATION_CONTEXT() REPRESENTATION_CONTEXT('2D SPACE',''
  ) );
#5068 = ORIENTED_EDGE('',*,*,#5069,.T.);
#5069 = EDGE_CURVE('',#5018,#4629,#5070,.T.);
#5070 = SURFACE_CURVE('',#5071,(#5083,#5090),.PCURVE_S1.);
#5071 = ( BOUNDED_CURVE() B_SPLINE_CURVE(6,(#5072,#5073,#5074,#5075,
    #5076,#5077,#5078,#5079,#5080,#5081,#5082),.UNSPECIFIED.,.F.,.F.) 
B_SPLINE_CURVE_WITH_KNOTS((7,4,7),(0.,0.5,1.),.UNSPECIFIED.) CURVE() 
GEOMETRIC_REPRESENTATION_ITEM() RATIONAL_B_SPLINE_CURVE((1.,1.,1.,1.,1.,
1.,1.,1.,1.,1.,1.)) REPRESENTATION_ITEM('') );
#5072 = CARTESIAN_POINT('',(14.3,7.967026135827E-14,-0.476313872081));
#5073 = CARTESIAN_POINT('',(14.249503403065,7.485744908481,
    -0.392980538748));
#5074 = CARTESIAN_POINT('',(9.743902372885,14.971489816958,
    -0.309647205424));
#5075 = CARTESIAN_POINT('',(-8.489740359846E-02,18.810558014815,
    -0.226313872078));
#5076 = CARTESIAN_POINT('',(-9.614294440751,14.97148981696,
    -0.142980538744));
#5077 = CARTESIAN_POINT('',(-18.98570555925,2.459951696351E-13,
    2.368612791852E-02));
#5078 = CARTESIAN_POINT('',(-9.614294440751,-14.97148981696,
    0.190352794582));
#5079 = CARTESIAN_POINT('',(-8.489740359769E-02,-18.81055801481,
    0.273686127915));
#5080 = CARTESIAN_POINT('',(9.743902372885,-14.97148981696,
    0.357019461261));
#5081 = CARTESIAN_POINT('',(14.249503403065,-7.485744908481,
    0.440352794585));
#5082 = CARTESIAN_POINT('',(14.3,7.88477711463E-14,0.523686127919));
#5083 = PCURVE('',#4642,#5084);
#5084 = DEFINITIONAL_REPRESENTATION('',(#5085),#5089);
#5085 = LINE('',#5086,#5087);
#5086 = CARTESIAN_POINT('',(4.,0.));
#5087 = VECTOR('',#5088,1.);
#5088 = DIRECTION('',(0.,1.));
#5089 = ( GEOMETRIC_REPRESENTATION_CONTEXT(2) 
PARAMETRIC_REPRESENTATION_CONTEXT() REPRESENTATION_CONTEXT('2D SPACE',''
  ) );
#5090 = PCURVE('',#1086,#5091);
#5091 = DEFINITIONAL_REPRESENTATION('',(#5092),#5096);
#5092 = LINE('',#5093,#5094);
#5093 = CARTESIAN_POINT('',(4.,0.));
#5094 = VECTOR('',#5095,1.);
#5095 = DIRECTION('',(0.,1.));
#5096 = ( GEOMETRIC_REPRESENTATION_CONTEXT(2) 
PARAMETRIC_REPRESENTATION_CONTEXT() REPRESENTATION_CONTEXT('2D SPACE',''
  ) );
#5097 = ORIENTED_EDGE('',*,*,#4628,.F.);
#5098 = ORIENTED_EDGE('',*,*,#5099,.F.);
#5099 = EDGE_CURVE('',#5100,#4531,#5102,.T.);
#5100 = VERTEX_POINT('',#5101);
#5101 = CARTESIAN_POINT('',(10.699907955182,-9.488444063736,
    0.760845732632));
#5102 = SURFACE_CURVE('',#5103,(#5115,#5122),.PCURVE_S1.);
#5103 = ( BOUNDED_CURVE() B_SPLINE_CURVE(6,(#5104,#5105,#5106,#5107,
    #5108,#5109,#5110,#5111,#5112,#5113,#5114),.UNSPECIFIED.,.F.,.F.) 
B_SPLINE_CURVE_WITH_KNOTS((7,4,7),(0.,0.5,1.),.UNSPECIFIED.) CURVE() 
GEOMETRIC_REPRESENTATION_ITEM() RATIONAL_B_SPLINE_CURVE((1.,1.,1.,1.,1.,
1.,1.,1.,1.,1.,1.)) REPRESENTATION_ITEM('') );
#5104 = CARTESIAN_POINT('',(14.3,7.967026135827E-14,-0.123685927919));
#5105 = CARTESIAN_POINT('',(14.249503403065,7.485744908481,
    -4.035259458501E-02));
#5106 = CARTESIAN_POINT('',(9.743902372885,14.971489816958,
    4.298073873904E-02));
#5107 = CARTESIAN_POINT('',(-8.489740359846E-02,18.810558014815,
    0.126314072085));
#5108 = CARTESIAN_POINT('',(-9.614294440751,14.97148981696,
    0.209647405418));
#5109 = CARTESIAN_POINT('',(-18.98570555925,2.459951696351E-13,
    0.376314072081));
#5110 = CARTESIAN_POINT('',(-9.614294440751,-14.97148981696,
    0.542980738744));
#5111 = CARTESIAN_POINT('',(-8.489740359769E-02,-18.81055801481,
    0.626314072078));
#5112 = CARTESIAN_POINT('',(9.743902372885,-14.97148981696,
    0.709647405424));
#5113 = CARTESIAN_POINT('',(14.249503403065,-7.485744908481,
    0.792980738748));
#5114 = CARTESIAN_POINT('',(14.3,7.88477711463E-14,0.876314072081));
#5115 = PCURVE('',#4642,#5116);
#5116 = DEFINITIONAL_REPRESENTATION('',(#5117),#5121);
#5117 = LINE('',#5118,#5119);
#5118 = CARTESIAN_POINT('',(3.,0.));
#5119 = VECTOR('',#5120,1.);
#5120 = DIRECTION('',(0.,1.));
#5121 = ( GEOMETRIC_REPRESENTATION_CONTEXT(2) 
PARAMETRIC_REPRESENTATION_CONTEXT() REPRESENTATION_CONTEXT('2D SPACE',''
  ) );
#5122 = PCURVE('',#1186,#5123);
#5123 = DEFINITIONAL_REPRESENTATION('',(#5124),#5128);
#5124 = LINE('',#5125,#5126);
#5125 = CARTESIAN_POINT('',(3.,0.));
#5126 = VECTOR('',#5127,1.);
#5127 = DIRECTION('',(0.,1.));
#5128 = ( GEOMETRIC_REPRESENTATION_CONTEXT(2) 
PARAMETRIC_REPRESENTATION_CONTEXT() REPRESENTATION_CONTEXT('2D SPACE',''
  ) );
#5129 = ORIENTED_EDGE('',*,*,#5130,.F.);
#5130 = EDGE_CURVE('',#5020,#5100,#5131,.T.);
#5131 = SURFACE_CURVE('',#5132,(#5139,#5149),.PCURVE_S1.);
#5132 = B_SPLINE_CURVE_WITH_KNOTS('',5,(#5133,#5134,#5135,#5136,#5137,
    #5138),.UNSPECIFIED.,.F.,.F.,(6,6),(0.,1.),
  .PIECEWISE_BEZIER_KNOTS.);
#5133 = CARTESIAN_POINT('',(10.699907955178,-9.48844406374,0.4754995));
#5134 = CARTESIAN_POINT('',(10.699907955178,-9.48844406374,
    0.523371837967));
#5135 = CARTESIAN_POINT('',(10.699907955181,-9.488444063737,
    0.587725936294));
#5136 = CARTESIAN_POINT('',(10.699907955172,-9.488444063746,
    0.649610044226));
#5137 = CARTESIAN_POINT('',(10.69990795518,-9.488444063738,
    0.704354862344));
#5138 = CARTESIAN_POINT('',(10.69990795518,-9.488444063738,
    0.760845732632));
#5139 = PCURVE('',#4642,#5140);
#5140 = DEFINITIONAL_REPRESENTATION('',(#5141),#5148);
#5141 = B_SPLINE_CURVE_WITH_KNOTS('',5,(#5142,#5143,#5144,#5145,#5146,
    #5147),.UNSPECIFIED.,.F.,.F.,(6,6),(0.,1.),
  .PIECEWISE_BEZIER_KNOTS.);
#5142 = CARTESIAN_POINT('',(3.809199149856,0.884531660549));
#5143 = CARTESIAN_POINT('',(3.673440374183,0.884531660549));
#5144 = CARTESIAN_POINT('',(3.490941796314,0.884531660549));
#5145 = CARTESIAN_POINT('',(3.315447741018,0.884531660549));
#5146 = CARTESIAN_POINT('',(3.160199641644,0.884531660549));
#5147 = CARTESIAN_POINT('',(3.,0.884531660549));
#5148 = ( GEOMETRIC_REPRESENTATION_CONTEXT(2) 
PARAMETRIC_REPRESENTATION_CONTEXT() REPRESENTATION_CONTEXT('2D SPACE',''
  ) );
#5149 = PCURVE('',#5150,#5155);
#5150 = CYLINDRICAL_SURFACE('',#5151,14.301);
#5151 = AXIS2_PLACEMENT_3D('',#5152,#5153,#5154);
#5152 = CARTESIAN_POINT('',(0.,0.,0.2000001));
#5153 = DIRECTION('',(-0.,-0.,-1.));
#5154 = DIRECTION('',(1.,0.,-0.));
#5155 = DEFINITIONAL_REPRESENTATION('',(#5156),#5163);
#5156 = B_SPLINE_CURVE_WITH_KNOTS('',5,(#5157,#5158,#5159,#5160,#5161,
    #5162),.UNSPECIFIED.,.F.,.F.,(6,6),(0.,1.),
  .PIECEWISE_BEZIER_KNOTS.);
#5157 = CARTESIAN_POINT('',(-5.557723332563,-0.2754994));
#5158 = CARTESIAN_POINT('',(-5.557723332563,-0.323371737967));
#5159 = CARTESIAN_POINT('',(-5.557723332564,-0.387725836294));
#5160 = CARTESIAN_POINT('',(-5.557723332563,-0.449609944226));
#5161 = CARTESIAN_POINT('',(-5.557723332563,-0.504354762344));
#5162 = CARTESIAN_POINT('',(-5.557723332563,-0.560845632632));
#5163 = ( GEOMETRIC_REPRESENTATION_CONTEXT(2) 
PARAMETRIC_REPRESENTATION_CONTEXT() REPRESENTATION_CONTEXT('2D SPACE',''
  ) );
#5164 = ADVANCED_FACE('',(#5165),#5150,.T.);
#5165 = FACE_BOUND('',#5166,.F.);
#5166 = EDGE_LOOP('',(#5167,#5191,#5243,#5276));
#5167 = ORIENTED_EDGE('',*,*,#5168,.F.);
#5168 = EDGE_CURVE('',#5169,#5020,#5171,.T.);
#5169 = VERTEX_POINT('',#5170);
#5170 = CARTESIAN_POINT('',(7.550449059645,-12.14534149366,0.4755001));
#5171 = SURFACE_CURVE('',#5172,(#5177,#5184),.PCURVE_S1.);
#5172 = CIRCLE('',#5173,14.301);
#5173 = AXIS2_PLACEMENT_3D('',#5174,#5175,#5176);
#5174 = CARTESIAN_POINT('',(0.,0.,0.4755001));
#5175 = DIRECTION('',(0.,0.,1.));
#5176 = DIRECTION('',(1.,0.,-0.));
#5177 = PCURVE('',#5150,#5178);
#5178 = DEFINITIONAL_REPRESENTATION('',(#5179),#5183);
#5179 = LINE('',#5180,#5181);
#5180 = CARTESIAN_POINT('',(-0.,-0.2755));
#5181 = VECTOR('',#5182,1.);
#5182 = DIRECTION('',(-1.,0.));
#5183 = ( GEOMETRIC_REPRESENTATION_CONTEXT(2) 
PARAMETRIC_REPRESENTATION_CONTEXT() REPRESENTATION_CONTEXT('2D SPACE',''
  ) );
#5184 = PCURVE('',#1144,#5185);
#5185 = DEFINITIONAL_REPRESENTATION('',(#5186),#5190);
#5186 = LINE('',#5187,#5188);
#5187 = CARTESIAN_POINT('',(0.,-0.));
#5188 = VECTOR('',#5189,1.);
#5189 = DIRECTION('',(1.,-0.));
#5190 = ( GEOMETRIC_REPRESENTATION_CONTEXT(2) 
PARAMETRIC_REPRESENTATION_CONTEXT() REPRESENTATION_CONTEXT('2D SPACE',''
  ) );
#5191 = ORIENTED_EDGE('',*,*,#5192,.T.);
#5192 = EDGE_CURVE('',#5169,#5193,#5195,.T.);
#5193 = VERTEX_POINT('',#5194);
#5194 = CARTESIAN_POINT('',(7.550449059646,-12.14534149366,
    0.714824352014));
#5195 = SURFACE_CURVE('',#5196,(#5202,#5211),.PCURVE_S1.);
#5196 = B_SPLINE_CURVE_WITH_KNOTS('',4,(#5197,#5198,#5199,#5200,#5201),
  .UNSPECIFIED.,.F.,.F.,(5,5),(0.,1.),.PIECEWISE_BEZIER_KNOTS.);
#5197 = CARTESIAN_POINT('',(7.550449059646,-12.14534149366,0.4754995));
#5198 = CARTESIAN_POINT('',(7.550449059646,-12.14534149366,
    0.535330713003));
#5199 = CARTESIAN_POINT('',(7.550449059652,-12.14534149365,
    0.595161926007));
#5200 = CARTESIAN_POINT('',(7.550449059649,-12.14534149366,0.65499313901
    ));
#5201 = CARTESIAN_POINT('',(7.550449059649,-12.14534149366,
    0.714824352014));
#5202 = PCURVE('',#5150,#5203);
#5203 = DEFINITIONAL_REPRESENTATION('',(#5204),#5210);
#5204 = B_SPLINE_CURVE_WITH_KNOTS('',4,(#5205,#5206,#5207,#5208,#5209),
  .UNSPECIFIED.,.F.,.F.,(5,5),(0.,1.),.PIECEWISE_BEZIER_KNOTS.);
#5205 = CARTESIAN_POINT('',(-5.268593347592,-0.2754994));
#5206 = CARTESIAN_POINT('',(-5.268593347592,-0.335330613003));
#5207 = CARTESIAN_POINT('',(-5.268593347592,-0.395161826007));
#5208 = CARTESIAN_POINT('',(-5.268593347592,-0.45499303901));
#5209 = CARTESIAN_POINT('',(-5.268593347592,-0.514824252014));
#5210 = ( GEOMETRIC_REPRESENTATION_CONTEXT(2) 
PARAMETRIC_REPRESENTATION_CONTEXT() REPRESENTATION_CONTEXT('2D SPACE',''
  ) );
#5211 = PCURVE('',#5212,#5235);
#5212 = ( BOUNDED_SURFACE() B_SPLINE_SURFACE(1,6,(
    (#5213,#5214,#5215,#5216,#5217,#5218,#5219,#5220,#5221,#5222,#5223)
    ,(#5224,#5225,#5226,#5227,#5228,#5229,#5230,#5231,#5232,#5233,#5234
)),.UNSPECIFIED.,.F.,.F.,.F.) B_SPLINE_SURFACE_WITH_KNOTS((2,2),(7,4,7),
(3.,4.),(0.,0.5,1.),.UNSPECIFIED.) GEOMETRIC_REPRESENTATION_ITEM() 
RATIONAL_B_SPLINE_SURFACE((
    (1.,1.,1.,1.,1.,1.,1.,1.,1.,1.,1.)
,(1.,1.,1.,1.,1.,1.,1.,1.,1.,1.,1.
  ))) REPRESENTATION_ITEM('') SURFACE() );
#5213 = CARTESIAN_POINT('',(14.3,7.967026135827E-14,-0.123685927919));
#5214 = CARTESIAN_POINT('',(14.249503403065,7.485744908481,
    -4.035259458501E-02));
#5215 = CARTESIAN_POINT('',(9.743902372885,14.971489816958,
    4.298073873904E-02));
#5216 = CARTESIAN_POINT('',(-8.489740359846E-02,18.810558014815,
    0.126314072085));
#5217 = CARTESIAN_POINT('',(-9.614294440751,14.97148981696,
    0.209647405418));
#5218 = CARTESIAN_POINT('',(-18.98570555925,2.459951696351E-13,
    0.376314072081));
#5219 = CARTESIAN_POINT('',(-9.614294440751,-14.97148981696,
    0.542980738744));
#5220 = CARTESIAN_POINT('',(-8.489740359769E-02,-18.81055801481,
    0.626314072078));
#5221 = CARTESIAN_POINT('',(9.743902372885,-14.97148981696,
    0.709647405424));
#5222 = CARTESIAN_POINT('',(14.249503403065,-7.485744908481,
    0.792980738748));
#5223 = CARTESIAN_POINT('',(14.3,7.88477711463E-14,0.876314072081));
#5224 = CARTESIAN_POINT('',(14.3,7.967026135827E-14,-0.476313872081));
#5225 = CARTESIAN_POINT('',(14.249503403065,7.485744908481,
    -0.392980538748));
#5226 = CARTESIAN_POINT('',(9.743902372885,14.971489816958,
    -0.309647205424));
#5227 = CARTESIAN_POINT('',(-8.489740359846E-02,18.810558014815,
    -0.226313872078));
#5228 = CARTESIAN_POINT('',(-9.614294440751,14.97148981696,
    -0.142980538744));
#5229 = CARTESIAN_POINT('',(-18.98570555925,2.459951696351E-13,
    2.368612791852E-02));
#5230 = CARTESIAN_POINT('',(-9.614294440751,-14.97148981696,
    0.190352794582));
#5231 = CARTESIAN_POINT('',(-8.489740359769E-02,-18.81055801481,
    0.273686127915));
#5232 = CARTESIAN_POINT('',(9.743902372885,-14.97148981696,
    0.357019461261));
#5233 = CARTESIAN_POINT('',(14.249503403065,-7.485744908481,
    0.440352794585));
#5234 = CARTESIAN_POINT('',(14.3,7.88477711463E-14,0.523686127919));
#5235 = DEFINITIONAL_REPRESENTATION('',(#5236),#5242);
#5236 = B_SPLINE_CURVE_WITH_KNOTS('',4,(#5237,#5238,#5239,#5240,#5241),
  .UNSPECIFIED.,.F.,.F.,(5,5),(0.,1.),.PIECEWISE_BEZIER_KNOTS.);
#5237 = CARTESIAN_POINT('',(3.678689411816,0.83851027993));
#5238 = CARTESIAN_POINT('',(3.509017058862,0.83851027993));
#5239 = CARTESIAN_POINT('',(3.339344705908,0.83851027993));
#5240 = CARTESIAN_POINT('',(3.169672352954,0.83851027993));
#5241 = CARTESIAN_POINT('',(3.,0.83851027993));
#5242 = ( GEOMETRIC_REPRESENTATION_CONTEXT(2) 
PARAMETRIC_REPRESENTATION_CONTEXT() REPRESENTATION_CONTEXT('2D SPACE',''
  ) );
#5243 = ORIENTED_EDGE('',*,*,#5244,.T.);
#5244 = EDGE_CURVE('',#5193,#5100,#5245,.T.);
#5245 = SURFACE_CURVE('',#5246,(#5254,#5265),.PCURVE_S1.);
#5246 = B_SPLINE_CURVE_WITH_KNOTS('',6,(#5247,#5248,#5249,#5250,#5251,
    #5252,#5253),.UNSPECIFIED.,.F.,.F.,(7,7),(0.,1.),
  .PIECEWISE_BEZIER_KNOTS.);
#5247 = CARTESIAN_POINT('',(7.550449059644,-12.14534149366,
    0.714824352014));
#5248 = CARTESIAN_POINT('',(8.135709018111,-11.78150030357,
    0.722547009195));
#5249 = CARTESIAN_POINT('',(8.69993984734,-11.38380973597,0.730262692832
    ));
#5250 = CARTESIAN_POINT('',(9.240672112242,-10.9538019518,0.737961863437
    ));
#5251 = CARTESIAN_POINT('',(9.755622559732,-10.49323161126,
    0.745632899595));
#5252 = CARTESIAN_POINT('',(10.242676718369,-10.00405358994,
    0.753263303959));
#5253 = CARTESIAN_POINT('',(10.699907955181,-9.488444063736,
    0.760845732632));
#5254 = PCURVE('',#5150,#5255);
#5255 = DEFINITIONAL_REPRESENTATION('',(#5256),#5264);
#5256 = B_SPLINE_CURVE_WITH_KNOTS('',6,(#5257,#5258,#5259,#5260,#5261,
    #5262,#5263),.UNSPECIFIED.,.F.,.F.,(7,7),(0.,1.),
  .PIECEWISE_BEZIER_KNOTS.);
#5257 = CARTESIAN_POINT('',(-5.268593347591,-0.514824252014));
#5258 = CARTESIAN_POINT('',(-5.316781367564,-0.522546909195));
#5259 = CARTESIAN_POINT('',(-5.364970224549,-0.530262592832));
#5260 = CARTESIAN_POINT('',(-5.413158149587,-0.537961763437));
#5261 = CARTESIAN_POINT('',(-5.461346120547,-0.545632799595));
#5262 = CARTESIAN_POINT('',(-5.509535111846,-0.553263203959));
#5263 = CARTESIAN_POINT('',(-5.557723332564,-0.560845632632));
#5264 = ( GEOMETRIC_REPRESENTATION_CONTEXT(2) 
PARAMETRIC_REPRESENTATION_CONTEXT() REPRESENTATION_CONTEXT('2D SPACE',''
  ) );
#5265 = PCURVE('',#1186,#5266);
#5266 = DEFINITIONAL_REPRESENTATION('',(#5267),#5275);
#5267 = B_SPLINE_CURVE_WITH_KNOTS('',6,(#5268,#5269,#5270,#5271,#5272,
    #5273,#5274),.UNSPECIFIED.,.F.,.F.,(7,7),(0.,1.),
  .PIECEWISE_BEZIER_KNOTS.);
#5268 = CARTESIAN_POINT('',(3.,0.83851027993));
#5269 = CARTESIAN_POINT('',(2.999628109098,0.846178130785));
#5270 = CARTESIAN_POINT('',(2.999309570102,0.853846870675));
#5271 = CARTESIAN_POINT('',(2.999108753626,0.861516446543));
#5272 = CARTESIAN_POINT('',(2.99910653083,0.869187155123));
#5273 = CARTESIAN_POINT('',(2.999388285129,0.876859082197));
#5274 = CARTESIAN_POINT('',(3.,0.884531660549));
#5275 = ( GEOMETRIC_REPRESENTATION_CONTEXT(2) 
PARAMETRIC_REPRESENTATION_CONTEXT() REPRESENTATION_CONTEXT('2D SPACE',''
  ) );
#5276 = ORIENTED_EDGE('',*,*,#5130,.F.);
#5277 = ADVANCED_FACE('',(#5278),#5212,.T.);
#5278 = FACE_BOUND('',#5279,.T.);
#5279 = EDGE_LOOP('',(#5280,#5311,#5434));
#5280 = ORIENTED_EDGE('',*,*,#5281,.F.);
#5281 = EDGE_CURVE('',#5282,#5193,#5284,.T.);
#5282 = VERTEX_POINT('',#5283);
#5283 = CARTESIAN_POINT('',(-11.66289280772,-8.274512540771,
    0.474522003191));
#5284 = SURFACE_CURVE('',#5285,(#5297,#5304),.PCURVE_S1.);
#5285 = ( BOUNDED_CURVE() B_SPLINE_CURVE(6,(#5286,#5287,#5288,#5289,
    #5290,#5291,#5292,#5293,#5294,#5295,#5296),.UNSPECIFIED.,.F.,.F.) 
B_SPLINE_CURVE_WITH_KNOTS((7,4,7),(0.,0.5,1.),.UNSPECIFIED.) CURVE() 
GEOMETRIC_REPRESENTATION_ITEM() RATIONAL_B_SPLINE_CURVE((1.,1.,1.,1.,1.,
1.,1.,1.,1.,1.,1.)) REPRESENTATION_ITEM('') );
#5286 = CARTESIAN_POINT('',(14.3,7.967026135827E-14,-0.123685927919));
#5287 = CARTESIAN_POINT('',(14.249503403065,7.485744908481,
    -4.035259458501E-02));
#5288 = CARTESIAN_POINT('',(9.743902372885,14.971489816958,
    4.298073873904E-02));
#5289 = CARTESIAN_POINT('',(-8.489740359846E-02,18.810558014815,
    0.126314072085));
#5290 = CARTESIAN_POINT('',(-9.614294440751,14.97148981696,
    0.209647405418));
#5291 = CARTESIAN_POINT('',(-18.98570555925,2.459951696351E-13,
    0.376314072081));
#5292 = CARTESIAN_POINT('',(-9.614294440751,-14.97148981696,
    0.542980738744));
#5293 = CARTESIAN_POINT('',(-8.489740359769E-02,-18.81055801481,
    0.626314072078));
#5294 = CARTESIAN_POINT('',(9.743902372885,-14.97148981696,
    0.709647405424));
#5295 = CARTESIAN_POINT('',(14.249503403065,-7.485744908481,
    0.792980738748));
#5296 = CARTESIAN_POINT('',(14.3,7.88477711463E-14,0.876314072081));
#5297 = PCURVE('',#5212,#5298);
#5298 = DEFINITIONAL_REPRESENTATION('',(#5299),#5303);
#5299 = LINE('',#5300,#5301);
#5300 = CARTESIAN_POINT('',(3.,0.));
#5301 = VECTOR('',#5302,1.);
#5302 = DIRECTION('',(0.,1.));
#5303 = ( GEOMETRIC_REPRESENTATION_CONTEXT(2) 
PARAMETRIC_REPRESENTATION_CONTEXT() REPRESENTATION_CONTEXT('2D SPACE',''
  ) );
#5304 = PCURVE('',#1186,#5305);
#5305 = DEFINITIONAL_REPRESENTATION('',(#5306),#5310);
#5306 = LINE('',#5307,#5308);
#5307 = CARTESIAN_POINT('',(3.,0.));
#5308 = VECTOR('',#5309,1.);
#5309 = DIRECTION('',(0.,1.));
#5310 = ( GEOMETRIC_REPRESENTATION_CONTEXT(2) 
PARAMETRIC_REPRESENTATION_CONTEXT() REPRESENTATION_CONTEXT('2D SPACE',''
  ) );
#5311 = ORIENTED_EDGE('',*,*,#5312,.F.);
#5312 = EDGE_CURVE('',#5169,#5282,#5313,.T.);
#5313 = SURFACE_CURVE('',#5314,(#5352,#5393),.PCURVE_S1.);
#5314 = B_SPLINE_CURVE_WITH_KNOTS('',8,(#5315,#5316,#5317,#5318,#5319,
    #5320,#5321,#5322,#5323,#5324,#5325,#5326,#5327,#5328,#5329,#5330,
    #5331,#5332,#5333,#5334,#5335,#5336,#5337,#5338,#5339,#5340,#5341,
    #5342,#5343,#5344,#5345,#5346,#5347,#5348,#5349,#5350,#5351),
  .UNSPECIFIED.,.F.,.F.,(9,7,7,7,7,9),(0.,0.199555262057,0.302892338705,
    0.343878977137,0.801331752431,1.),.UNSPECIFIED.);
#5315 = CARTESIAN_POINT('',(7.550449059644,-12.14534149366,0.4755001));
#5316 = CARTESIAN_POINT('',(7.09297054725,-12.42955597969,0.475340236113
    ));
#5317 = CARTESIAN_POINT('',(6.62324374905,-12.69407019934,0.475163292106
    ));
#5318 = CARTESIAN_POINT('',(6.142274657126,-12.93827426266,
    0.474983601247));
#5319 = CARTESIAN_POINT('',(5.651096394585,-13.1616242373,0.474813102715
    ));
#5320 = CARTESIAN_POINT('',(5.150767271379,-13.36363823815,
    0.474660587036));
#5321 = CARTESIAN_POINT('',(4.642369978026,-13.54389502717,
    0.474531453633));
#5322 = CARTESIAN_POINT('',(4.127011917194,-13.70203512318,
    0.474427980471));
#5323 = CARTESIAN_POINT('',(3.335937726362,-13.90805005985,
    0.474309779455));
#5324 = CARTESIAN_POINT('',(3.064484224155,-13.9723266572,0.474276342602
    ));
#5325 = CARTESIAN_POINT('',(2.791622623188,-14.03055343979,
    0.474249728418));
#5326 = CARTESIAN_POINT('',(2.517510260899,-14.08269446416,
    0.474229747559));
#5327 = CARTESIAN_POINT('',(2.242305355534,-14.12871861742,
    0.474216088183));
#5328 = CARTESIAN_POINT('',(1.966167006148,-14.16859961729,0.47420831595
    ));
#5329 = CARTESIAN_POINT('',(1.689255192604,-14.20231601202,
    0.474205874022));
#5330 = CARTESIAN_POINT('',(1.301656121776,-14.24077246863,
    0.474208959234));
#5331 = CARTESIAN_POINT('',(1.191485054539,-14.25072136282,
    0.474210571808));
#5332 = CARTESIAN_POINT('',(1.081227592423,-14.25969683157,
    0.474212881379));
#5333 = CARTESIAN_POINT('',(0.970893763743,-14.26769796653,0.47421584751
    ));
#5334 = CARTESIAN_POINT('',(0.860493606578,-14.27472398244,
    0.474219428734));
#5335 = CARTESIAN_POINT('',(0.750037168767,-14.28077421712,
    0.474223582555));
#5336 = CARTESIAN_POINT('',(0.639534507909,-14.28584813147,
    0.474228265446));
#5337 = CARTESIAN_POINT('',(-0.704730477448,-14.335674004,0.47429110634)
  );
#5338 = CARTESIAN_POINT('',(-1.943473115471,-14.25975119489,
    0.474409190613));
#5339 = CARTESIAN_POINT('',(-3.172464941419,-14.06139440186,
    0.474526600937));
#5340 = CARTESIAN_POINT('',(-4.37761042833,-13.74220102926,
    0.474574468508));
#5341 = CARTESIAN_POINT('',(-5.545338861843,-13.30551265566,
    0.474525439651));
#5342 = CARTESIAN_POINT('',(-6.662642381407,-12.75646151562,
    0.474424273705));
#5343 = CARTESIAN_POINT('',(-7.717084297461,-12.10190168275,
    0.474333307664));
#5344 = CARTESIAN_POINT('',(-9.122646945567,-11.02489750025,
    0.474275480698));
#5345 = CARTESIAN_POINT('',(-9.534276603439,-10.68055591471,
    0.474267526609));
#5346 = CARTESIAN_POINT('',(-9.931024901636,-10.31868732139,
    0.474272412532));
#5347 = CARTESIAN_POINT('',(-10.31202520647,-9.940047647638,0.4742927318
    ));
#5348 = CARTESIAN_POINT('',(-10.67645910547,-9.545439383712,
    0.47432961306));
#5349 = CARTESIAN_POINT('',(-11.02355536262,-9.135710307793,
    0.474382278988));
#5350 = CARTESIAN_POINT('',(-11.35259075748,-8.711754056414,
    0.474447937175));
#5351 = CARTESIAN_POINT('',(-11.66289280798,-8.274512540404,
    0.474522003186));
#5352 = PCURVE('',#5212,#5353);
#5353 = DEFINITIONAL_REPRESENTATION('',(#5354),#5392);
#5354 = B_SPLINE_CURVE_WITH_KNOTS('',8,(#5355,#5356,#5357,#5358,#5359,
    #5360,#5361,#5362,#5363,#5364,#5365,#5366,#5367,#5368,#5369,#5370,
    #5371,#5372,#5373,#5374,#5375,#5376,#5377,#5378,#5379,#5380,#5381,
    #5382,#5383,#5384,#5385,#5386,#5387,#5388,#5389,#5390,#5391),
  .UNSPECIFIED.,.F.,.F.,(9,7,7,7,7,9),(0.,0.199555262057,0.302892338705,
    0.343878977137,0.801331752431,1.),.UNSPECIFIED.);
#5355 = CARTESIAN_POINT('',(3.678687710305,0.83851027993));
#5356 = CARTESIAN_POINT('',(3.662146940079,0.832517678244));
#5357 = CARTESIAN_POINT('',(3.645655389863,0.826525352788));
#5358 = CARTESIAN_POINT('',(3.629172452786,0.820533317714));
#5359 = CARTESIAN_POINT('',(3.612663993082,0.814541474975));
#5360 = CARTESIAN_POINT('',(3.596104655663,0.808549674185));
#5361 = CARTESIAN_POINT('',(3.579478717427,0.802557770362));
#5362 = CARTESIAN_POINT('',(3.562779480342,0.796565679559));
#5363 = CARTESIAN_POINT('',(3.537321904,0.787470425734));
#5364 = CARTESIAN_POINT('',(3.528616887184,0.784367356697));
#5365 = CARTESIAN_POINT('',(3.519892317005,0.781264215267));
#5366 = CARTESIAN_POINT('',(3.511148706464,0.778160992999));
#5367 = CARTESIAN_POINT('',(3.502386920384,0.775057683011));
#5368 = CARTESIAN_POINT('',(3.493608175411,0.771954279986));
#5369 = CARTESIAN_POINT('',(3.48481404001,0.76885078017));
#5370 = CARTESIAN_POINT('',(3.472513069304,0.764516199371));
#5371 = CARTESIAN_POINT('',(3.469017571288,0.763285201666));
#5372 = CARTESIAN_POINT('',(3.465520051783,0.762054188124));
#5373 = CARTESIAN_POINT('',(3.462020625196,0.760823158652));
#5374 = CARTESIAN_POINT('',(3.458519408972,0.759592113197));
#5375 = CARTESIAN_POINT('',(3.455016523599,0.75836105175));
#5376 = CARTESIAN_POINT('',(3.451512092605,0.757129974344));
#5377 = CARTESIAN_POINT('',(3.408877372919,0.742158621686));
#5378 = CARTESIAN_POINT('',(3.369555404917,0.728410681223));
#5379 = CARTESIAN_POINT('',(3.330238454004,0.714663835975));
#5380 = CARTESIAN_POINT('',(3.291122767681,0.700918419494));
#5381 = CARTESIAN_POINT('',(3.252282122222,0.687173093679));
#5382 = CARTESIAN_POINT('',(3.213585716504,0.673426493739));
#5383 = CARTESIAN_POINT('',(3.1748573539,0.659678824812));
#5384 = CARTESIAN_POINT('',(3.11913406607,0.639971409416));
#5385 = CARTESIAN_POINT('',(3.102235127967,0.634004417526));
#5386 = CARTESIAN_POINT('',(3.085300800789,0.628037786471));
#5387 = CARTESIAN_POINT('',(3.068323668029,0.622071494315));
#5388 = CARTESIAN_POINT('',(3.051300263651,0.616105447486));
#5389 = CARTESIAN_POINT('',(3.034232479378,0.610139535735));
#5390 = CARTESIAN_POINT('',(3.017128033327,0.604173688275));
#5391 = CARTESIAN_POINT('',(3.,0.598207931107));
#5392 = ( GEOMETRIC_REPRESENTATION_CONTEXT(2) 
PARAMETRIC_REPRESENTATION_CONTEXT() REPRESENTATION_CONTEXT('2D SPACE',''
  ) );
#5393 = PCURVE('',#1144,#5394);
#5394 = DEFINITIONAL_REPRESENTATION('',(#5395),#5433);
#5395 = B_SPLINE_CURVE_WITH_KNOTS('',8,(#5396,#5397,#5398,#5399,#5400,
    #5401,#5402,#5403,#5404,#5405,#5406,#5407,#5408,#5409,#5410,#5411,
    #5412,#5413,#5414,#5415,#5416,#5417,#5418,#5419,#5420,#5421,#5422,
    #5423,#5424,#5425,#5426,#5427,#5428,#5429,#5430,#5431,#5432),
  .UNSPECIFIED.,.F.,.F.,(9,7,7,7,7,9),(0.,0.199555262057,0.302892338705,
    0.343878977137,0.801331752431,1.),.UNSPECIFIED.);
#5396 = CARTESIAN_POINT('',(5.268593347591,0.));
#5397 = CARTESIAN_POINT('',(5.230933302392,-1.598638869087E-04));
#5398 = CARTESIAN_POINT('',(5.193272231252,-3.368078936273E-04));
#5399 = CARTESIAN_POINT('',(5.155610804257,-5.164987525797E-04));
#5400 = CARTESIAN_POINT('',(5.11794914075,-6.86997285247E-04));
#5401 = CARTESIAN_POINT('',(5.080287090458,-8.39512963971E-04));
#5402 = CARTESIAN_POINT('',(5.042624516207,-9.686463672524E-04));
#5403 = CARTESIAN_POINT('',(5.004961578232,-1.072119528548E-03));
#5404 = CARTESIAN_POINT('',(4.947795958025,-1.190320545274E-03));
#5405 = CARTESIAN_POINT('',(4.928292868464,-1.223757397885E-03));
#5406 = CARTESIAN_POINT('',(4.908789767222,-1.250371581814E-03));
#5407 = CARTESIAN_POINT('',(4.889286668212,-1.270352440736E-03));
#5408 = CARTESIAN_POINT('',(4.869783583429,-1.284011816582E-03));
#5409 = CARTESIAN_POINT('',(4.850280522954,-1.291784049541E-03));
#5410 = CARTESIAN_POINT('',(4.830777494949,-1.294225978057E-03));
#5411 = CARTESIAN_POINT('',(4.803539024884,-1.291140766454E-03));
#5412 = CARTESIAN_POINT('',(4.795803549277,-1.289528191892E-03));
#5413 = CARTESIAN_POINT('',(4.788068079157,-1.287218621064E-03));
#5414 = CARTESIAN_POINT('',(4.780332614797,-1.284252490204E-03));
#5415 = CARTESIAN_POINT('',(4.77259715642,-1.280671265856E-03));
#5416 = CARTESIAN_POINT('',(4.764861704209,-1.276517444877E-03));
#5417 = CARTESIAN_POINT('',(4.757126258298,-1.271834554434E-03));
#5418 = CARTESIAN_POINT('',(4.663055407714,-1.208993659597E-03));
#5419 = CARTESIAN_POINT('',(4.576684964161,-1.090909362219E-03));
#5420 = CARTESIAN_POINT('',(4.490334126694,-9.734991505498E-04));
#5421 = CARTESIAN_POINT('',(4.403999802061,-9.256313676884E-04));
#5422 = CARTESIAN_POINT('',(4.317664553166,-9.746604386749E-04));
#5423 = CARTESIAN_POINT('',(4.231312000297,-1.075826269987E-03));
#5424 = CARTESIAN_POINT('',(4.144940488058,-1.166792335633E-03));
#5425 = CARTESIAN_POINT('',(4.021110244405,-1.22461930241E-03));
#5426 = CARTESIAN_POINT('',(3.983614959595,-1.232573393152E-03));
#5427 = CARTESIAN_POINT('',(3.946119952224,-1.227687465997E-03));
#5428 = CARTESIAN_POINT('',(3.908625329935,-1.20736819714E-03));
#5429 = CARTESIAN_POINT('',(3.87113088666,-1.170486941764E-03));
#5430 = CARTESIAN_POINT('',(3.833636415903,-1.117821016489E-03));
#5431 = CARTESIAN_POINT('',(3.796142013118,-1.052162822748E-03));
#5432 = CARTESIAN_POINT('',(3.758648367203,-9.780968110655E-04));
#5433 = ( GEOMETRIC_REPRESENTATION_CONTEXT(2) 
PARAMETRIC_REPRESENTATION_CONTEXT() REPRESENTATION_CONTEXT('2D SPACE',''
  ) );
#5434 = ORIENTED_EDGE('',*,*,#5192,.T.);
#5435 = ADVANCED_FACE('',(#5436),#3921,.T.);
#5436 = FACE_BOUND('',#5437,.T.);
#5437 = EDGE_LOOP('',(#5438,#5439,#5440,#5441));
#5438 = ORIENTED_EDGE('',*,*,#4605,.T.);
#5439 = ORIENTED_EDGE('',*,*,#4819,.T.);
#5440 = ORIENTED_EDGE('',*,*,#4947,.F.);
#5441 = ORIENTED_EDGE('',*,*,#3897,.F.);
#5442 = ADVANCED_FACE('',(#5443),#3182,.T.);
#5443 = FACE_BOUND('',#5444,.T.);
#5444 = EDGE_LOOP('',(#5445,#5446,#5447,#5448,#5469,#5495));
#5445 = ORIENTED_EDGE('',*,*,#3596,.F.);
#5446 = ORIENTED_EDGE('',*,*,#3951,.T.);
#5447 = ORIENTED_EDGE('',*,*,#4988,.T.);
#5448 = ORIENTED_EDGE('',*,*,#5449,.F.);
#5449 = EDGE_CURVE('',#5450,#4968,#5452,.T.);
#5450 = VERTEX_POINT('',#5451);
#5451 = CARTESIAN_POINT('',(13.059735162224,4.243365181908,
    2.779426097684));
#5452 = SURFACE_CURVE('',#5453,(#5456,#5463),.PCURVE_S1.);
#5453 = B_SPLINE_CURVE_WITH_KNOTS('',1,(#5454,#5455),.UNSPECIFIED.,.F.,
  .F.,(2,2),(1.,2.),.PIECEWISE_BEZIER_KNOTS.);
#5454 = CARTESIAN_POINT('',(13.059735162224,4.243365181908,
    2.779426097684));
#5455 = CARTESIAN_POINT('',(13.077027098884,4.248983672715,
    2.779426097688));
#5456 = PCURVE('',#3182,#5457);
#5457 = DEFINITIONAL_REPRESENTATION('',(#5458),#5462);
#5458 = LINE('',#5459,#5460);
#5459 = CARTESIAN_POINT('',(0.,1.));
#5460 = VECTOR('',#5461,1.);
#5461 = DIRECTION('',(1.,0.));
#5462 = ( GEOMETRIC_REPRESENTATION_CONTEXT(2) 
PARAMETRIC_REPRESENTATION_CONTEXT() REPRESENTATION_CONTEXT('2D SPACE',''
  ) );
#5463 = PCURVE('',#3096,#5464);
#5464 = DEFINITIONAL_REPRESENTATION('',(#5465),#5468);
#5465 = B_SPLINE_CURVE_WITH_KNOTS('',1,(#5466,#5467),.UNSPECIFIED.,.F.,
  .F.,(2,2),(1.,2.),.PIECEWISE_BEZIER_KNOTS.);
#5466 = CARTESIAN_POINT('',(3.264521876396E-02,4.896782814594E-02));
#5467 = CARTESIAN_POINT('',(4.777340593374E-02,3.888237003276E-02));
#5468 = ( GEOMETRIC_REPRESENTATION_CONTEXT(2) 
PARAMETRIC_REPRESENTATION_CONTEXT() REPRESENTATION_CONTEXT('2D SPACE',''
  ) );
#5469 = ORIENTED_EDGE('',*,*,#5470,.F.);
#5470 = EDGE_CURVE('',#3163,#5450,#5471,.T.);
#5471 = SURFACE_CURVE('',#5472,(#5481,#5488),.PCURVE_S1.);
#5472 = ( BOUNDED_CURVE() B_SPLINE_CURVE(7,(#5473,#5474,#5475,#5476,
    #5477,#5478,#5479,#5480),.UNSPECIFIED.,.F.,.F.) 
B_SPLINE_CURVE_WITH_KNOTS((8,8),(0.,1.),.PIECEWISE_BEZIER_KNOTS.) CURVE(
) GEOMETRIC_REPRESENTATION_ITEM() RATIONAL_B_SPLINE_CURVE((1.,1.,1.,
1.000000000001,0.999999999999,1.,1.,1.)) REPRESENTATION_ITEM('') );
#5473 = CARTESIAN_POINT('',(4.187180273475,-12.88681579566,
    2.823686125554));
#5474 = CARTESIAN_POINT('',(7.079727868911,-11.97421915422,2.81737913782
    ));
#5475 = CARTESIAN_POINT('',(9.742832729246,-10.30334898307,
    2.811066737816));
#5476 = CARTESIAN_POINT('',(11.937911307649,-7.94268942064,
    2.804748996824));
#5477 = CARTESIAN_POINT('',(13.450752511837,-5.054166701177,
    2.798425987527));
#5478 = CARTESIAN_POINT('',(14.143304420745,-1.883443536603,
    2.792097784023));
#5479 = CARTESIAN_POINT('',(13.989521878048,1.297532216572,
    2.785764461795));
#5480 = CARTESIAN_POINT('',(13.059735162224,4.243365181908,
    2.779426097684));
#5481 = PCURVE('',#3182,#5482);
#5482 = DEFINITIONAL_REPRESENTATION('',(#5483),#5487);
#5483 = LINE('',#5484,#5485);
#5484 = CARTESIAN_POINT('',(1.,0.));
#5485 = VECTOR('',#5486,1.);
#5486 = DIRECTION('',(0.,1.));
#5487 = ( GEOMETRIC_REPRESENTATION_CONTEXT(2) 
PARAMETRIC_REPRESENTATION_CONTEXT() REPRESENTATION_CONTEXT('2D SPACE',''
  ) );
#5488 = PCURVE('',#3059,#5489);
#5489 = DEFINITIONAL_REPRESENTATION('',(#5490),#5494);
#5490 = LINE('',#5491,#5492);
#5491 = CARTESIAN_POINT('',(1.,0.));
#5492 = VECTOR('',#5493,1.);
#5493 = DIRECTION('',(0.,1.));
#5494 = ( GEOMETRIC_REPRESENTATION_CONTEXT(2) 
PARAMETRIC_REPRESENTATION_CONTEXT() REPRESENTATION_CONTEXT('2D SPACE',''
  ) );
#5495 = ORIENTED_EDGE('',*,*,#3162,.F.);
#5496 = ADVANCED_FACE('',(#5497),#3127,.T.);
#5497 = FACE_BOUND('',#5498,.T.);
#5498 = EDGE_LOOP('',(#5499,#5522,#5549,#5550));
#5499 = ORIENTED_EDGE('',*,*,#5500,.T.);
#5500 = EDGE_CURVE('',#3111,#5501,#5503,.T.);
#5501 = VERTEX_POINT('',#5502);
#5502 = CARTESIAN_POINT('',(13.3,-3.257560485732E-15,6.45));
#5503 = SEAM_CURVE('',#5504,(#5508,#5515),.PCURVE_S1.);
#5504 = LINE('',#5505,#5506);
#5505 = CARTESIAN_POINT('',(14.7,-3.600461589493E-15,6.05));
#5506 = VECTOR('',#5507,1.);
#5507 = DIRECTION('',(-0.961523947641,2.355054449564E-16,0.274721127897)
  );
#5508 = PCURVE('',#3127,#5509);
#5509 = DEFINITIONAL_REPRESENTATION('',(#5510),#5514);
#5510 = LINE('',#5511,#5512);
#5511 = CARTESIAN_POINT('',(-6.28318530718,0.));
#5512 = VECTOR('',#5513,1.);
#5513 = DIRECTION('',(-0.,-1.));
#5514 = ( GEOMETRIC_REPRESENTATION_CONTEXT(2) 
PARAMETRIC_REPRESENTATION_CONTEXT() REPRESENTATION_CONTEXT('2D SPACE',''
  ) );
#5515 = PCURVE('',#3127,#5516);
#5516 = DEFINITIONAL_REPRESENTATION('',(#5517),#5521);
#5517 = LINE('',#5518,#5519);
#5518 = CARTESIAN_POINT('',(0.,-0.));
#5519 = VECTOR('',#5520,1.);
#5520 = DIRECTION('',(-0.,-1.));
#5521 = ( GEOMETRIC_REPRESENTATION_CONTEXT(2) 
PARAMETRIC_REPRESENTATION_CONTEXT() REPRESENTATION_CONTEXT('2D SPACE',''
  ) );
#5522 = ORIENTED_EDGE('',*,*,#5523,.F.);
#5523 = EDGE_CURVE('',#5501,#5501,#5524,.T.);
#5524 = SURFACE_CURVE('',#5525,(#5530,#5537),.PCURVE_S1.);
#5525 = CIRCLE('',#5526,13.3);
#5526 = AXIS2_PLACEMENT_3D('',#5527,#5528,#5529);
#5527 = CARTESIAN_POINT('',(0.,0.,6.45));
#5528 = DIRECTION('',(0.,0.,1.));
#5529 = DIRECTION('',(1.,0.,-0.));
#5530 = PCURVE('',#3127,#5531);
#5531 = DEFINITIONAL_REPRESENTATION('',(#5532),#5536);
#5532 = LINE('',#5533,#5534);
#5533 = CARTESIAN_POINT('',(-0.,-0.4));
#5534 = VECTOR('',#5535,1.);
#5535 = DIRECTION('',(-1.,-0.));
#5536 = ( GEOMETRIC_REPRESENTATION_CONTEXT(2) 
PARAMETRIC_REPRESENTATION_CONTEXT() REPRESENTATION_CONTEXT('2D SPACE',''
  ) );
#5537 = PCURVE('',#5538,#5543);
#5538 = PLANE('',#5539);
#5539 = AXIS2_PLACEMENT_3D('',#5540,#5541,#5542);
#5540 = CARTESIAN_POINT('',(0.,0.,6.45));
#5541 = DIRECTION('',(0.,0.,1.));
#5542 = DIRECTION('',(1.,0.,-0.));
#5543 = DEFINITIONAL_REPRESENTATION('',(#5544),#5548);
#5544 = CIRCLE('',#5545,13.3);
#5545 = AXIS2_PLACEMENT_2D('',#5546,#5547);
#5546 = CARTESIAN_POINT('',(0.,0.));
#5547 = DIRECTION('',(1.,0.));
#5548 = ( GEOMETRIC_REPRESENTATION_CONTEXT(2) 
PARAMETRIC_REPRESENTATION_CONTEXT() REPRESENTATION_CONTEXT('2D SPACE',''
  ) );
#5549 = ORIENTED_EDGE('',*,*,#5500,.F.);
#5550 = ORIENTED_EDGE('',*,*,#3110,.T.);
#5551 = ADVANCED_FACE('',(#5552,#5555),#5538,.T.);
#5552 = FACE_BOUND('',#5553,.T.);
#5553 = EDGE_LOOP('',(#5554));
#5554 = ORIENTED_EDGE('',*,*,#5523,.T.);
#5555 = FACE_BOUND('',#5556,.T.);
#5556 = EDGE_LOOP('',(#5557));
#5557 = ORIENTED_EDGE('',*,*,#5558,.F.);
#5558 = EDGE_CURVE('',#5559,#5559,#5561,.T.);
#5559 = VERTEX_POINT('',#5560);
#5560 = CARTESIAN_POINT('',(12.8,-3.135095805817E-15,6.45));
#5561 = SURFACE_CURVE('',#5562,(#5567,#5574),.PCURVE_S1.);
#5562 = CIRCLE('',#5563,12.8);
#5563 = AXIS2_PLACEMENT_3D('',#5564,#5565,#5566);
#5564 = CARTESIAN_POINT('',(0.,0.,6.45));
#5565 = DIRECTION('',(0.,0.,1.));
#5566 = DIRECTION('',(1.,0.,-0.));
#5567 = PCURVE('',#5538,#5568);
#5568 = DEFINITIONAL_REPRESENTATION('',(#5569),#5573);
#5569 = CIRCLE('',#5570,12.8);
#5570 = AXIS2_PLACEMENT_2D('',#5571,#5572);
#5571 = CARTESIAN_POINT('',(0.,0.));
#5572 = DIRECTION('',(1.,0.));
#5573 = ( GEOMETRIC_REPRESENTATION_CONTEXT(2) 
PARAMETRIC_REPRESENTATION_CONTEXT() REPRESENTATION_CONTEXT('2D SPACE',''
  ) );
#5574 = PCURVE('',#5575,#5580);
#5575 = CYLINDRICAL_SURFACE('',#5576,12.8);
#5576 = AXIS2_PLACEMENT_3D('',#5577,#5578,#5579);
#5577 = CARTESIAN_POINT('',(0.,0.,0.));
#5578 = DIRECTION('',(0.,0.,1.));
#5579 = DIRECTION('',(1.,0.,-0.));
#5580 = DEFINITIONAL_REPRESENTATION('',(#5581),#5585);
#5581 = LINE('',#5582,#5583);
#5582 = CARTESIAN_POINT('',(0.,6.45));
#5583 = VECTOR('',#5584,1.);
#5584 = DIRECTION('',(1.,0.));
#5585 = ( GEOMETRIC_REPRESENTATION_CONTEXT(2) 
PARAMETRIC_REPRESENTATION_CONTEXT() REPRESENTATION_CONTEXT('2D SPACE',''
  ) );
#5586 = ADVANCED_FACE('',(#5587),#5575,.F.);
#5587 = FACE_BOUND('',#5588,.F.);
#5588 = EDGE_LOOP('',(#5589,#5612,#5613,#5614));
#5589 = ORIENTED_EDGE('',*,*,#5590,.T.);
#5590 = EDGE_CURVE('',#5591,#5559,#5593,.T.);
#5591 = VERTEX_POINT('',#5592);
#5592 = CARTESIAN_POINT('',(12.8,-3.135095805817E-15,3.8));
#5593 = SEAM_CURVE('',#5594,(#5598,#5605),.PCURVE_S1.);
#5594 = LINE('',#5595,#5596);
#5595 = CARTESIAN_POINT('',(12.8,-3.135095805817E-15,0.));
#5596 = VECTOR('',#5597,1.);
#5597 = DIRECTION('',(0.,0.,1.));
#5598 = PCURVE('',#5575,#5599);
#5599 = DEFINITIONAL_REPRESENTATION('',(#5600),#5604);
#5600 = LINE('',#5601,#5602);
#5601 = CARTESIAN_POINT('',(6.28318530718,-0.));
#5602 = VECTOR('',#5603,1.);
#5603 = DIRECTION('',(0.,1.));
#5604 = ( GEOMETRIC_REPRESENTATION_CONTEXT(2) 
PARAMETRIC_REPRESENTATION_CONTEXT() REPRESENTATION_CONTEXT('2D SPACE',''
  ) );
#5605 = PCURVE('',#5575,#5606);
#5606 = DEFINITIONAL_REPRESENTATION('',(#5607),#5611);
#5607 = LINE('',#5608,#5609);
#5608 = CARTESIAN_POINT('',(0.,-0.));
#5609 = VECTOR('',#5610,1.);
#5610 = DIRECTION('',(0.,1.));
#5611 = ( GEOMETRIC_REPRESENTATION_CONTEXT(2) 
PARAMETRIC_REPRESENTATION_CONTEXT() REPRESENTATION_CONTEXT('2D SPACE',''
  ) );
#5612 = ORIENTED_EDGE('',*,*,#5558,.F.);
#5613 = ORIENTED_EDGE('',*,*,#5590,.F.);
#5614 = ORIENTED_EDGE('',*,*,#5615,.T.);
#5615 = EDGE_CURVE('',#5591,#5591,#5616,.T.);
#5616 = SURFACE_CURVE('',#5617,(#5622,#5629),.PCURVE_S1.);
#5617 = CIRCLE('',#5618,12.8);
#5618 = AXIS2_PLACEMENT_3D('',#5619,#5620,#5621);
#5619 = CARTESIAN_POINT('',(0.,0.,3.8));
#5620 = DIRECTION('',(0.,0.,1.));
#5621 = DIRECTION('',(1.,0.,-0.));
#5622 = PCURVE('',#5575,#5623);
#5623 = DEFINITIONAL_REPRESENTATION('',(#5624),#5628);
#5624 = LINE('',#5625,#5626);
#5625 = CARTESIAN_POINT('',(0.,3.8));
#5626 = VECTOR('',#5627,1.);
#5627 = DIRECTION('',(1.,0.));
#5628 = ( GEOMETRIC_REPRESENTATION_CONTEXT(2) 
PARAMETRIC_REPRESENTATION_CONTEXT() REPRESENTATION_CONTEXT('2D SPACE',''
  ) );
#5629 = PCURVE('',#5630,#5635);
#5630 = PLANE('',#5631);
#5631 = AXIS2_PLACEMENT_3D('',#5632,#5633,#5634);
#5632 = CARTESIAN_POINT('',(0.,0.,3.8));
#5633 = DIRECTION('',(0.,0.,1.));
#5634 = DIRECTION('',(1.,0.,-0.));
#5635 = DEFINITIONAL_REPRESENTATION('',(#5636),#5640);
#5636 = CIRCLE('',#5637,12.8);
#5637 = AXIS2_PLACEMENT_2D('',#5638,#5639);
#5638 = CARTESIAN_POINT('',(0.,0.));
#5639 = DIRECTION('',(1.,0.));
#5640 = ( GEOMETRIC_REPRESENTATION_CONTEXT(2) 
PARAMETRIC_REPRESENTATION_CONTEXT() REPRESENTATION_CONTEXT('2D SPACE',''
  ) );
#5641 = ADVANCED_FACE('',(#5642,#5645),#5630,.T.);
#5642 = FACE_BOUND('',#5643,.T.);
#5643 = EDGE_LOOP('',(#5644));
#5644 = ORIENTED_EDGE('',*,*,#5615,.T.);
#5645 = FACE_BOUND('',#5646,.T.);
#5646 = EDGE_LOOP('',(#5647));
#5647 = ORIENTED_EDGE('',*,*,#5648,.F.);
#5648 = EDGE_CURVE('',#5649,#5649,#5651,.T.);
#5649 = VERTEX_POINT('',#5650);
#5650 = CARTESIAN_POINT('',(12.75,-2.632990618167E-15,3.8));
#5651 = SURFACE_CURVE('',#5652,(#5657,#5664),.PCURVE_S1.);
#5652 = CIRCLE('',#5653,10.75);
#5653 = AXIS2_PLACEMENT_3D('',#5654,#5655,#5656);
#5654 = CARTESIAN_POINT('',(2.,0.,3.8));
#5655 = DIRECTION('',(0.,0.,1.));
#5656 = DIRECTION('',(1.,0.,-0.));
#5657 = PCURVE('',#5630,#5658);
#5658 = DEFINITIONAL_REPRESENTATION('',(#5659),#5663);
#5659 = CIRCLE('',#5660,10.75);
#5660 = AXIS2_PLACEMENT_2D('',#5661,#5662);
#5661 = CARTESIAN_POINT('',(2.,0.));
#5662 = DIRECTION('',(1.,0.));
#5663 = ( GEOMETRIC_REPRESENTATION_CONTEXT(2) 
PARAMETRIC_REPRESENTATION_CONTEXT() REPRESENTATION_CONTEXT('2D SPACE',''
  ) );
#5664 = PCURVE('',#5665,#5670);
#5665 = CYLINDRICAL_SURFACE('',#5666,10.75);
#5666 = AXIS2_PLACEMENT_3D('',#5667,#5668,#5669);
#5667 = CARTESIAN_POINT('',(2.,0.,0.));
#5668 = DIRECTION('',(0.,0.,1.));
#5669 = DIRECTION('',(1.,0.,-0.));
#5670 = DEFINITIONAL_REPRESENTATION('',(#5671),#5675);
#5671 = LINE('',#5672,#5673);
#5672 = CARTESIAN_POINT('',(0.,3.8));
#5673 = VECTOR('',#5674,1.);
#5674 = DIRECTION('',(1.,0.));
#5675 = ( GEOMETRIC_REPRESENTATION_CONTEXT(2) 
PARAMETRIC_REPRESENTATION_CONTEXT() REPRESENTATION_CONTEXT('2D SPACE',''
  ) );
#5676 = ADVANCED_FACE('',(#5677),#5665,.F.);
#5677 = FACE_BOUND('',#5678,.F.);
#5678 = EDGE_LOOP('',(#5679,#5680,#5703,#5730));
#5679 = ORIENTED_EDGE('',*,*,#5648,.F.);
#5680 = ORIENTED_EDGE('',*,*,#5681,.F.);
#5681 = EDGE_CURVE('',#5682,#5649,#5684,.T.);
#5682 = VERTEX_POINT('',#5683);
#5683 = CARTESIAN_POINT('',(12.75,-2.632990618167E-15,0.));
#5684 = SEAM_CURVE('',#5685,(#5689,#5696),.PCURVE_S1.);
#5685 = LINE('',#5686,#5687);
#5686 = CARTESIAN_POINT('',(12.75,-2.632990618167E-15,0.));
#5687 = VECTOR('',#5688,1.);
#5688 = DIRECTION('',(0.,0.,1.));
#5689 = PCURVE('',#5665,#5690);
#5690 = DEFINITIONAL_REPRESENTATION('',(#5691),#5695);
#5691 = LINE('',#5692,#5693);
#5692 = CARTESIAN_POINT('',(6.28318530718,-0.));
#5693 = VECTOR('',#5694,1.);
#5694 = DIRECTION('',(0.,1.));
#5695 = ( GEOMETRIC_REPRESENTATION_CONTEXT(2) 
PARAMETRIC_REPRESENTATION_CONTEXT() REPRESENTATION_CONTEXT('2D SPACE',''
  ) );
#5696 = PCURVE('',#5665,#5697);
#5697 = DEFINITIONAL_REPRESENTATION('',(#5698),#5702);
#5698 = LINE('',#5699,#5700);
#5699 = CARTESIAN_POINT('',(0.,-0.));
#5700 = VECTOR('',#5701,1.);
#5701 = DIRECTION('',(0.,1.));
#5702 = ( GEOMETRIC_REPRESENTATION_CONTEXT(2) 
PARAMETRIC_REPRESENTATION_CONTEXT() REPRESENTATION_CONTEXT('2D SPACE',''
  ) );
#5703 = ORIENTED_EDGE('',*,*,#5704,.T.);
#5704 = EDGE_CURVE('',#5682,#5682,#5705,.T.);
#5705 = SURFACE_CURVE('',#5706,(#5711,#5718),.PCURVE_S1.);
#5706 = CIRCLE('',#5707,10.75);
#5707 = AXIS2_PLACEMENT_3D('',#5708,#5709,#5710);
#5708 = CARTESIAN_POINT('',(2.,0.,0.));
#5709 = DIRECTION('',(0.,0.,1.));
#5710 = DIRECTION('',(1.,0.,-0.));
#5711 = PCURVE('',#5665,#5712);
#5712 = DEFINITIONAL_REPRESENTATION('',(#5713),#5717);
#5713 = LINE('',#5714,#5715);
#5714 = CARTESIAN_POINT('',(0.,0.));
#5715 = VECTOR('',#5716,1.);
#5716 = DIRECTION('',(1.,0.));
#5717 = ( GEOMETRIC_REPRESENTATION_CONTEXT(2) 
PARAMETRIC_REPRESENTATION_CONTEXT() REPRESENTATION_CONTEXT('2D SPACE',''
  ) );
#5718 = PCURVE('',#5719,#5724);
#5719 = PLANE('',#5720);
#5720 = AXIS2_PLACEMENT_3D('',#5721,#5722,#5723);
#5721 = CARTESIAN_POINT('',(0.,0.,0.));
#5722 = DIRECTION('',(0.,0.,1.));
#5723 = DIRECTION('',(1.,0.,-0.));
#5724 = DEFINITIONAL_REPRESENTATION('',(#5725),#5729);
#5725 = CIRCLE('',#5726,10.75);
#5726 = AXIS2_PLACEMENT_2D('',#5727,#5728);
#5727 = CARTESIAN_POINT('',(2.,0.));
#5728 = DIRECTION('',(1.,0.));
#5729 = ( GEOMETRIC_REPRESENTATION_CONTEXT(2) 
PARAMETRIC_REPRESENTATION_CONTEXT() REPRESENTATION_CONTEXT('2D SPACE',''
  ) );
#5730 = ORIENTED_EDGE('',*,*,#5681,.T.);
#5731 = ADVANCED_FACE('',(#5732),#5719,.T.);
#5732 = FACE_BOUND('',#5733,.T.);
#5733 = EDGE_LOOP('',(#5734));
#5734 = ORIENTED_EDGE('',*,*,#5704,.T.);
#5735 = ADVANCED_FACE('',(#5736),#3059,.T.);
#5736 = FACE_BOUND('',#5737,.T.);
#5737 = EDGE_LOOP('',(#5738,#5739,#5740,#5741));
#5738 = ORIENTED_EDGE('',*,*,#3038,.F.);
#5739 = ORIENTED_EDGE('',*,*,#3208,.F.);
#5740 = ORIENTED_EDGE('',*,*,#5470,.T.);
#5741 = ORIENTED_EDGE('',*,*,#5742,.F.);
#5742 = EDGE_CURVE('',#3039,#5450,#5743,.T.);
#5743 = SURFACE_CURVE('',#5744,(#5747,#5754),.PCURVE_S1.);
#5744 = B_SPLINE_CURVE_WITH_KNOTS('',1,(#5745,#5746),.UNSPECIFIED.,.F.,
  .F.,(2,2),(0.,1.),.PIECEWISE_BEZIER_KNOTS.);
#5745 = CARTESIAN_POINT('',(13.059735162244,4.243365181889,
    2.720574092608));
#5746 = CARTESIAN_POINT('',(13.059735162224,4.243365181908,
    2.779426097684));
#5747 = PCURVE('',#3059,#5748);
#5748 = DEFINITIONAL_REPRESENTATION('',(#5749),#5753);
#5749 = LINE('',#5750,#5751);
#5750 = CARTESIAN_POINT('',(0.,1.));
#5751 = VECTOR('',#5752,1.);
#5752 = DIRECTION('',(1.,0.));
#5753 = ( GEOMETRIC_REPRESENTATION_CONTEXT(2) 
PARAMETRIC_REPRESENTATION_CONTEXT() REPRESENTATION_CONTEXT('2D SPACE',''
  ) );
#5754 = PCURVE('',#3096,#5755);
#5755 = DEFINITIONAL_REPRESENTATION('',(#5756),#5759);
#5756 = B_SPLINE_CURVE_WITH_KNOTS('',1,(#5757,#5758),.UNSPECIFIED.,.F.,
  .F.,(2,2),(0.,1.),.PIECEWISE_BEZIER_KNOTS.);
#5757 = CARTESIAN_POINT('',(0.,0.));
#5758 = CARTESIAN_POINT('',(3.264521876396E-02,4.896782814594E-02));
#5759 = ( GEOMETRIC_REPRESENTATION_CONTEXT(2) 
PARAMETRIC_REPRESENTATION_CONTEXT() REPRESENTATION_CONTEXT('2D SPACE',''
  ) );
#5760 = ADVANCED_FACE('',(#5761),#3096,.F.);
#5761 = FACE_BOUND('',#5762,.T.);
#5762 = EDGE_LOOP('',(#5763,#5764,#5765,#5766,#5767,#5786));
#5763 = ORIENTED_EDGE('',*,*,#5742,.T.);
#5764 = ORIENTED_EDGE('',*,*,#5449,.T.);
#5765 = ORIENTED_EDGE('',*,*,#4967,.T.);
#5766 = ORIENTED_EDGE('',*,*,#4880,.T.);
#5767 = ORIENTED_EDGE('',*,*,#5768,.T.);
#5768 = EDGE_CURVE('',#4853,#2705,#5769,.T.);
#5769 = SURFACE_CURVE('',#5770,(#5773,#5779),.PCURVE_S1.);
#5770 = B_SPLINE_CURVE_WITH_KNOTS('',1,(#5771,#5772),.UNSPECIFIED.,.F.,
  .F.,(2,2),(4.,5.),.PIECEWISE_BEZIER_KNOTS.);
#5771 = CARTESIAN_POINT('',(13.124579924714,4.264434522418,
    2.733971552245));
#5772 = CARTESIAN_POINT('',(13.077027098904,4.248983672696,
    2.720574092612));
#5773 = PCURVE('',#3096,#5774);
#5774 = DEFINITIONAL_REPRESENTATION('',(#5775),#5778);
#5775 = B_SPLINE_CURVE_WITH_KNOTS('',1,(#5776,#5777),.UNSPECIFIED.,.F.,
  .F.,(2,2),(4.,5.),.PIECEWISE_BEZIER_KNOTS.);
#5776 = CARTESIAN_POINT('',(6.416227536767E-02,-2.667310770295E-02));
#5777 = CARTESIAN_POINT('',(1.512818716978E-02,-1.008545811319E-02));
#5778 = ( GEOMETRIC_REPRESENTATION_CONTEXT(2) 
PARAMETRIC_REPRESENTATION_CONTEXT() REPRESENTATION_CONTEXT('2D SPACE',''
  ) );
#5779 = PCURVE('',#2725,#5780);
#5780 = DEFINITIONAL_REPRESENTATION('',(#5781),#5785);
#5781 = LINE('',#5782,#5783);
#5782 = CARTESIAN_POINT('',(0.,1.));
#5783 = VECTOR('',#5784,1.);
#5784 = DIRECTION('',(1.,0.));
#5785 = ( GEOMETRIC_REPRESENTATION_CONTEXT(2) 
PARAMETRIC_REPRESENTATION_CONTEXT() REPRESENTATION_CONTEXT('2D SPACE',''
  ) );
#5786 = ORIENTED_EDGE('',*,*,#3083,.T.);
#5787 = ADVANCED_FACE('',(#5788),#2725,.T.);
#5788 = FACE_BOUND('',#5789,.T.);
#5789 = EDGE_LOOP('',(#5790,#5809,#5810,#5811));
#5790 = ORIENTED_EDGE('',*,*,#5791,.T.);
#5791 = EDGE_CURVE('',#4751,#2297,#5792,.T.);
#5792 = SURFACE_CURVE('',#5793,(#5796,#5802),.PCURVE_S1.);
#5793 = B_SPLINE_CURVE_WITH_KNOTS('',1,(#5794,#5795),.UNSPECIFIED.,.F.,
  .F.,(2,2),(4.,5.),.PIECEWISE_BEZIER_KNOTS.);
#5794 = CARTESIAN_POINT('',(4.418943019407,-13.60010818299,
    2.323686125678));
#5795 = CARTESIAN_POINT('',(4.248983672538,-13.07702709903,2.1763140698)
  );
#5796 = PCURVE('',#2725,#5797);
#5797 = DEFINITIONAL_REPRESENTATION('',(#5798),#5801);
#5798 = B_SPLINE_CURVE_WITH_KNOTS('',1,(#5799,#5800),.UNSPECIFIED.,.F.,
  .F.,(2,2),(4.,5.),.PIECEWISE_BEZIER_KNOTS.);
#5799 = CARTESIAN_POINT('',(4.,0.));
#5800 = CARTESIAN_POINT('',(5.,0.));
#5801 = ( GEOMETRIC_REPRESENTATION_CONTEXT(2) 
PARAMETRIC_REPRESENTATION_CONTEXT() REPRESENTATION_CONTEXT('2D SPACE',''
  ) );
#5802 = PCURVE('',#2320,#5803);
#5803 = DEFINITIONAL_REPRESENTATION('',(#5804),#5808);
#5804 = LINE('',#5805,#5806);
#5805 = CARTESIAN_POINT('',(0.,1.));
#5806 = VECTOR('',#5807,1.);
#5807 = DIRECTION('',(1.,0.));
#5808 = ( GEOMETRIC_REPRESENTATION_CONTEXT(2) 
PARAMETRIC_REPRESENTATION_CONTEXT() REPRESENTATION_CONTEXT('2D SPACE',''
  ) );
#5809 = ORIENTED_EDGE('',*,*,#2704,.T.);
#5810 = ORIENTED_EDGE('',*,*,#5768,.F.);
#5811 = ORIENTED_EDGE('',*,*,#4852,.F.);
#5812 = ADVANCED_FACE('',(#5813),#2320,.T.);
#5813 = FACE_BOUND('',#5814,.T.);
#5814 = EDGE_LOOP('',(#5815,#5834,#5835,#5836));
#5815 = ORIENTED_EDGE('',*,*,#5816,.T.);
#5816 = EDGE_CURVE('',#4673,#2178,#5817,.T.);
#5817 = SURFACE_CURVE('',#5818,(#5821,#5827),.PCURVE_S1.);
#5818 = B_SPLINE_CURVE_WITH_KNOTS('',1,(#5819,#5820),.UNSPECIFIED.,.F.,
  .F.,(2,2),(4.,5.),.PIECEWISE_BEZIER_KNOTS.);
#5819 = CARTESIAN_POINT('',(14.300000000029,2.998166193208E-13,
    1.523686127899));
#5820 = CARTESIAN_POINT('',(13.750000000024,8.035477216074E-15,
    1.376314072081));
#5821 = PCURVE('',#2320,#5822);
#5822 = DEFINITIONAL_REPRESENTATION('',(#5823),#5826);
#5823 = B_SPLINE_CURVE_WITH_KNOTS('',1,(#5824,#5825),.UNSPECIFIED.,.F.,
  .F.,(2,2),(4.,5.),.PIECEWISE_BEZIER_KNOTS.);
#5824 = CARTESIAN_POINT('',(4.,0.));
#5825 = CARTESIAN_POINT('',(5.,0.));
#5826 = ( GEOMETRIC_REPRESENTATION_CONTEXT(2) 
PARAMETRIC_REPRESENTATION_CONTEXT() REPRESENTATION_CONTEXT('2D SPACE',''
  ) );
#5827 = PCURVE('',#2201,#5828);
#5828 = DEFINITIONAL_REPRESENTATION('',(#5829),#5833);
#5829 = LINE('',#5830,#5831);
#5830 = CARTESIAN_POINT('',(0.,1.));
#5831 = VECTOR('',#5832,1.);
#5832 = DIRECTION('',(1.,0.));
#5833 = ( GEOMETRIC_REPRESENTATION_CONTEXT(2) 
PARAMETRIC_REPRESENTATION_CONTEXT() REPRESENTATION_CONTEXT('2D SPACE',''
  ) );
#5834 = ORIENTED_EDGE('',*,*,#2296,.T.);
#5835 = ORIENTED_EDGE('',*,*,#5791,.F.);
#5836 = ORIENTED_EDGE('',*,*,#4750,.F.);
#5837 = ADVANCED_FACE('',(#5838),#2201,.T.);
#5838 = FACE_BOUND('',#5839,.T.);
#5839 = EDGE_LOOP('',(#5840,#5859,#5860,#5861));
#5840 = ORIENTED_EDGE('',*,*,#5841,.T.);
#5841 = EDGE_CURVE('',#4629,#2176,#5842,.T.);
#5842 = SURFACE_CURVE('',#5843,(#5846,#5852),.PCURVE_S1.);
#5843 = B_SPLINE_CURVE_WITH_KNOTS('',1,(#5844,#5845),.UNSPECIFIED.,.F.,
  .F.,(2,2),(4.,5.),.PIECEWISE_BEZIER_KNOTS.);
#5844 = CARTESIAN_POINT('',(14.3,7.88477711463E-14,0.523686127919));
#5845 = CARTESIAN_POINT('',(13.75,7.004474440531E-15,0.376314072081));
#5846 = PCURVE('',#2201,#5847);
#5847 = DEFINITIONAL_REPRESENTATION('',(#5848),#5851);
#5848 = B_SPLINE_CURVE_WITH_KNOTS('',1,(#5849,#5850),.UNSPECIFIED.,.F.,
  .F.,(2,2),(4.,5.),.PIECEWISE_BEZIER_KNOTS.);
#5849 = CARTESIAN_POINT('',(4.,0.));
#5850 = CARTESIAN_POINT('',(5.,0.));
#5851 = ( GEOMETRIC_REPRESENTATION_CONTEXT(2) 
PARAMETRIC_REPRESENTATION_CONTEXT() REPRESENTATION_CONTEXT('2D SPACE',''
  ) );
#5852 = PCURVE('',#1086,#5853);
#5853 = DEFINITIONAL_REPRESENTATION('',(#5854),#5858);
#5854 = LINE('',#5855,#5856);
#5855 = CARTESIAN_POINT('',(0.,1.));
#5856 = VECTOR('',#5857,1.);
#5857 = DIRECTION('',(1.,0.));
#5858 = ( GEOMETRIC_REPRESENTATION_CONTEXT(2) 
PARAMETRIC_REPRESENTATION_CONTEXT() REPRESENTATION_CONTEXT('2D SPACE',''
  ) );
#5859 = ORIENTED_EDGE('',*,*,#2175,.T.);
#5860 = ORIENTED_EDGE('',*,*,#5816,.F.);
#5861 = ORIENTED_EDGE('',*,*,#4672,.F.);
#5862 = ADVANCED_FACE('',(#5863),#1633,.T.);
#5863 = FACE_BOUND('',#5864,.T.);
#5864 = EDGE_LOOP('',(#5865,#5866,#5867,#5868,#5869));
#5865 = ORIENTED_EDGE('',*,*,#3973,.T.);
#5866 = ORIENTED_EDGE('',*,*,#3236,.T.);
#5867 = ORIENTED_EDGE('',*,*,#2750,.F.);
#5868 = ORIENTED_EDGE('',*,*,#2351,.F.);
#5869 = ORIENTED_EDGE('',*,*,#1617,.F.);
#5870 = ADVANCED_FACE('',(#5871),#1243,.T.);
#5871 = FACE_BOUND('',#5872,.T.);
#5872 = EDGE_LOOP('',(#5873,#5874,#5875,#5904));
#5873 = ORIENTED_EDGE('',*,*,#1309,.F.);
#5874 = ORIENTED_EDGE('',*,*,#1223,.F.);
#5875 = ORIENTED_EDGE('',*,*,#5876,.T.);
#5876 = EDGE_CURVE('',#1157,#4454,#5877,.T.);
#5877 = SURFACE_CURVE('',#5878,(#5890,#5897),.PCURVE_S1.);
#5878 = ( BOUNDED_CURVE() B_SPLINE_CURVE(6,(#5879,#5880,#5881,#5882,
    #5883,#5884,#5885,#5886,#5887,#5888,#5889),.UNSPECIFIED.,.F.,.F.) 
B_SPLINE_CURVE_WITH_KNOTS((7,4,7),(0.,0.5,1.),.UNSPECIFIED.) CURVE() 
GEOMETRIC_REPRESENTATION_ITEM() RATIONAL_B_SPLINE_CURVE((1.,1.,1.,1.,1.,
1.,1.,1.,1.,1.,1.)) REPRESENTATION_ITEM('') );
#5879 = CARTESIAN_POINT('',(13.75,1.7763568394E-15,2.368612791856E-02));
#5880 = CARTESIAN_POINT('',(13.701445579737,7.197831642732,
    0.107019461252));
#5881 = CARTESIAN_POINT('',(9.369136897326,14.395663285458,
    0.190352794576));
#5882 = CARTESIAN_POINT('',(-8.16321190679E-02,18.087075014382,
    0.273686127922));
#5883 = CARTESIAN_POINT('',(-9.244513885317,14.39566328546,
    0.357019461256));
#5884 = CARTESIAN_POINT('',(-18.25548611468,5.06771514457E-13,
    0.523686127919));
#5885 = CARTESIAN_POINT('',(-9.244513885318,-14.39566328546,
    0.690352794581));
#5886 = CARTESIAN_POINT('',(-8.163211906721E-02,-18.08707501438,
    0.773686127915));
#5887 = CARTESIAN_POINT('',(9.369136897325,-14.39566328546,
    0.857019461261));
#5888 = CARTESIAN_POINT('',(13.701445579738,-7.197831642731,
    0.940352794585));
#5889 = CARTESIAN_POINT('',(13.75,7.004474440531E-15,1.023686127919));
#5890 = PCURVE('',#1243,#5891);
#5891 = DEFINITIONAL_REPRESENTATION('',(#5892),#5896);
#5892 = LINE('',#5893,#5894);
#5893 = CARTESIAN_POINT('',(2.,0.));
#5894 = VECTOR('',#5895,1.);
#5895 = DIRECTION('',(0.,1.));
#5896 = ( GEOMETRIC_REPRESENTATION_CONTEXT(2) 
PARAMETRIC_REPRESENTATION_CONTEXT() REPRESENTATION_CONTEXT('2D SPACE',''
  ) );
#5897 = PCURVE('',#1186,#5898);
#5898 = DEFINITIONAL_REPRESENTATION('',(#5899),#5903);
#5899 = LINE('',#5900,#5901);
#5900 = CARTESIAN_POINT('',(2.,0.));
#5901 = VECTOR('',#5902,1.);
#5902 = DIRECTION('',(0.,1.));
#5903 = ( GEOMETRIC_REPRESENTATION_CONTEXT(2) 
PARAMETRIC_REPRESENTATION_CONTEXT() REPRESENTATION_CONTEXT('2D SPACE',''
  ) );
#5904 = ORIENTED_EDGE('',*,*,#4453,.F.);
#5905 = ADVANCED_FACE('',(#5906),#1186,.T.);
#5906 = FACE_BOUND('',#5907,.T.);
#5907 = EDGE_LOOP('',(#5908,#5909,#5910,#6018,#6019,#6020,#6021));
#5908 = ORIENTED_EDGE('',*,*,#5876,.F.);
#5909 = ORIENTED_EDGE('',*,*,#1156,.F.);
#5910 = ORIENTED_EDGE('',*,*,#5911,.T.);
#5911 = EDGE_CURVE('',#1124,#5282,#5912,.T.);
#5912 = SURFACE_CURVE('',#5913,(#5946,#5982),.PCURVE_S1.);
#5913 = B_SPLINE_CURVE_WITH_KNOTS('',7,(#5914,#5915,#5916,#5917,#5918,
    #5919,#5920,#5921,#5922,#5923,#5924,#5925,#5926,#5927,#5928,#5929,
    #5930,#5931,#5932,#5933,#5934,#5935,#5936,#5937,#5938,#5939,#5940,
    #5941,#5942,#5943,#5944,#5945),.UNSPECIFIED.,.F.,.F.,(8,6,6,6,6,8),(
    0.,0.248598887635,0.501867773223,0.713761145359,0.785066221079,1.),
  .UNSPECIFIED.);
#5914 = CARTESIAN_POINT('',(-1.815340106113E-02,14.025488251894,
    0.2000001));
#5915 = CARTESIAN_POINT('',(-1.117858854303,14.033921378749,
    0.209856578518));
#5916 = CARTESIAN_POINT('',(-2.218539437347,13.941760690468,
    0.219715107183));
#5917 = CARTESIAN_POINT('',(-3.308791264308,13.748944419476,
    0.229562196599));
#5918 = CARTESIAN_POINT('',(-4.377678673358,13.457108816571,
    0.239387844072));
#5919 = CARTESIAN_POINT('',(-5.414661238061,13.069235791183,
    0.24919203737));
#5920 = CARTESIAN_POINT('',(-6.409610612378,12.589635219997,
    0.25898250252));
#5921 = CARTESIAN_POINT('',(-8.313944078151,11.448267936229,
    0.278728631109));
#5922 = CARTESIAN_POINT('',(-9.221728530333,10.783033324201,
    0.288687657467));
#5923 = CARTESIAN_POINT('',(-10.06605412384,10.034733436893,
    0.298645567489));
#5924 = CARTESIAN_POINT('',(-10.83806517825,9.210826226121,
    0.308612406437));
#5925 = CARTESIAN_POINT('',(-11.53000237286,8.319746187931,
    0.318591777052));
#5926 = CARTESIAN_POINT('',(-12.13519298058,7.370895550601,
    0.328570278248));
#5927 = CARTESIAN_POINT('',(-13.07767917464,5.5415547373,0.346862675738)
  );
#5928 = CARTESIAN_POINT('',(-13.4427002474,4.675002955334,0.355184325158
    ));
#5929 = CARTESIAN_POINT('',(-13.74028960893,3.781333282051,
    0.363485218393));
#5930 = CARTESIAN_POINT('',(-13.96817354909,2.866867329435,
    0.371756419098));
#5931 = CARTESIAN_POINT('',(-14.12479928455,1.938085263084,
    0.379996423522));
#5932 = CARTESIAN_POINT('',(-14.20934202554,1.001618508289,
    0.388223807969));
#5933 = CARTESIAN_POINT('',(-14.22605984912,-0.251152669828,
    0.39927957821));
#5934 = CARTESIAN_POINT('',(-14.22211245946,-0.566691687105,
    0.402068828258));
#5935 = CARTESIAN_POINT('',(-14.21000548356,-0.882086839119,
    0.404862020483));
#5936 = CARTESIAN_POINT('',(-14.18974472055,-1.197084899858,
    0.407656254992));
#5937 = CARTESIAN_POINT('',(-14.16134819847,-1.511433318427,
    0.410451110778));
#5938 = CARTESIAN_POINT('',(-14.12484245225,-1.82488043709,
    0.413244971041));
#5939 = CARTESIAN_POINT('',(-13.94589605146,-3.078520700123,
    0.424454169018));
#5940 = CARTESIAN_POINT('',(-13.73817478832,-4.009489655137,
    0.432857661737));
#5941 = CARTESIAN_POINT('',(-13.45812043008,-4.92306198755,
    0.441226197301));
#5942 = CARTESIAN_POINT('',(-13.10761619234,-5.812568059613,
    0.449565226051));
#5943 = CARTESIAN_POINT('',(-12.68925322686,-6.671635524544,
    0.457888171582));
#5944 = CARTESIAN_POINT('',(-12.20631366512,-7.494190415927,
    0.466205512565));
#5945 = CARTESIAN_POINT('',(-11.66289280798,-8.274512540404,
    0.474522003186));
#5946 = PCURVE('',#1186,#5947);
#5947 = DEFINITIONAL_REPRESENTATION('',(#5948),#5981);
#5948 = B_SPLINE_CURVE_WITH_KNOTS('',7,(#5949,#5950,#5951,#5952,#5953,
    #5954,#5955,#5956,#5957,#5958,#5959,#5960,#5961,#5962,#5963,#5964,
    #5965,#5966,#5967,#5968,#5969,#5970,#5971,#5972,#5973,#5974,#5975,
    #5976,#5977,#5978,#5979,#5980),.UNSPECIFIED.,.F.,.F.,(8,6,6,6,6,8),(
    0.,0.248598887635,0.501867773223,0.713761145359,0.785066221079,1.),
  .UNSPECIFIED.);
#5949 = CARTESIAN_POINT('',(2.50133078558,0.250196120607));
#5950 = CARTESIAN_POINT('',(2.519127014654,0.262675265989));
#5951 = CARTESIAN_POINT('',(2.536867011891,0.275148174517));
#5952 = CARTESIAN_POINT('',(2.554614543176,0.287610754105));
#5953 = CARTESIAN_POINT('',(2.572436419122,0.300062848074));
#5954 = CARTESIAN_POINT('',(2.590340251256,0.312505565921));
#5955 = CARTESIAN_POINT('',(2.608272077508,0.324938681171));
#5956 = CARTESIAN_POINT('',(2.644411926332,0.350010813578));
#5957 = CARTESIAN_POINT('',(2.662625342754,0.362653988558));
#5958 = CARTESIAN_POINT('',(2.680751463085,0.375283182197));
#5959 = CARTESIAN_POINT('',(2.698732465649,0.387899918459));
#5960 = CARTESIAN_POINT('',(2.71656058742,0.400506656032));
#5961 = CARTESIAN_POINT('',(2.734341304298,0.413105538028));
#5962 = CARTESIAN_POINT('',(2.767087893737,0.436223867726));
#5963 = CARTESIAN_POINT('',(2.782043233906,0.446749516372));
#5964 = CARTESIAN_POINT('',(2.797093241465,0.457268360162));
#5965 = CARTESIAN_POINT('',(2.812301250617,0.467780796441));
#5966 = CARTESIAN_POINT('',(2.827681744927,0.478287455931));
#5967 = CARTESIAN_POINT('',(2.843106565181,0.48878802785));
#5968 = CARTESIAN_POINT('',(2.863243425031,0.502811408526));
#5969 = CARTESIAN_POINT('',(2.868270388401,0.5063414925));
#5970 = CARTESIAN_POINT('',(2.873265123739,0.509870769141));
#5971 = CARTESIAN_POINT('',(2.878247225131,0.513399226174));
#5972 = CARTESIAN_POINT('',(2.883219459693,0.516926850391));
#5973 = CARTESIAN_POINT('',(2.888192698005,0.520453627007));
#5974 = CARTESIAN_POINT('',(2.908174690624,0.534607612317));
#5975 = CARTESIAN_POINT('',(2.923223060461,0.545228814236));
#5976 = CARTESIAN_POINT('',(2.938446934138,0.555840923361));
#5977 = CARTESIAN_POINT('',(2.953810292485,0.566444081816));
#5978 = CARTESIAN_POINT('',(2.969230073504,0.577039472176));
#5979 = CARTESIAN_POINT('',(2.984640306559,0.587627850886));
#5980 = CARTESIAN_POINT('',(3.,0.598207931107));
#5981 = ( GEOMETRIC_REPRESENTATION_CONTEXT(2) 
PARAMETRIC_REPRESENTATION_CONTEXT() REPRESENTATION_CONTEXT('2D SPACE',''
  ) );
#5982 = PCURVE('',#1144,#5983);
#5983 = DEFINITIONAL_REPRESENTATION('',(#5984),#6017);
#5984 = B_SPLINE_CURVE_WITH_KNOTS('',7,(#5985,#5986,#5987,#5988,#5989,
    #5990,#5991,#5992,#5993,#5994,#5995,#5996,#5997,#5998,#5999,#6000,
    #6001,#6002,#6003,#6004,#6005,#6006,#6007,#6008,#6009,#6010,#6011,
    #6012,#6013,#6014,#6015,#6016),.UNSPECIFIED.,.F.,.F.,(8,6,6,6,6,8),(
    0.,0.248598887635,0.501867773223,0.713761145359,0.785066221079,1.),
  .UNSPECIFIED.);
#5985 = CARTESIAN_POINT('',(1.57209064116,-0.2755));
#5986 = CARTESIAN_POINT('',(1.650497372969,-0.265643518762));
#5987 = CARTESIAN_POINT('',(1.728854101254,-0.255784996669));
#5988 = CARTESIAN_POINT('',(1.807136487797,-0.245937902832));
#5989 = CARTESIAN_POINT('',(1.885348864491,-0.236112253455));
#5990 = CARTESIAN_POINT('',(1.963504736765,-0.226308064213));
#5991 = CARTESIAN_POINT('',(2.041607837565,-0.21651759748));
#5992 = CARTESIAN_POINT('',(2.199125363937,-0.196771468891));
#5993 = CARTESIAN_POINT('',(2.278566296329,-0.186812442533));
#5994 = CARTESIAN_POINT('',(2.357930237756,-0.176854532511));
#5995 = CARTESIAN_POINT('',(2.437225117233,-0.166887693563));
#5996 = CARTESIAN_POINT('',(2.516460063389,-0.156908322948));
#5997 = CARTESIAN_POINT('',(2.595641927282,-0.146929821752));
#5998 = CARTESIAN_POINT('',(2.740923595871,-0.128637424262));
#5999 = CARTESIAN_POINT('',(2.807064493367,-0.120315774842));
#6000 = CARTESIAN_POINT('',(2.873155664985,-0.112014881607));
#6001 = CARTESIAN_POINT('',(2.939198701189,-0.103743680902));
#6002 = CARTESIAN_POINT('',(3.005199988609,-9.550367647847E-02));
#6003 = CARTESIAN_POINT('',(3.071161913762,-8.727629203146E-02));
#6004 = CARTESIAN_POINT('',(3.159253202565,-7.622052178999E-02));
#6005 = CARTESIAN_POINT('',(3.181428282401,-7.343127175604E-02));
#6006 = CARTESIAN_POINT('',(3.203598312437,-7.063807946966E-02));
#6007 = CARTESIAN_POINT('',(3.225763291971,-6.78438450777E-02));
#6008 = CARTESIAN_POINT('',(3.24792323947,-6.50489891773E-02));
#6009 = CARTESIAN_POINT('',(3.270078166404,-6.225512895914E-02));
#6010 = CARTESIAN_POINT('',(3.358993974167,-5.104593098161E-02));
#6011 = CARTESIAN_POINT('',(3.425720338346,-4.26424382661E-02));
#6012 = CARTESIAN_POINT('',(3.492396014069,-3.427390269509E-02));
#6013 = CARTESIAN_POINT('',(3.559023550118,-2.593487394702E-02));
#6014 = CARTESIAN_POINT('',(3.625609274602,-1.761192842425E-02));
#6015 = CARTESIAN_POINT('',(3.692154581018,-9.294587432055E-03));
#6016 = CARTESIAN_POINT('',(3.758648367203,-9.780968110682E-04));
#6017 = ( GEOMETRIC_REPRESENTATION_CONTEXT(2) 
PARAMETRIC_REPRESENTATION_CONTEXT() REPRESENTATION_CONTEXT('2D SPACE',''
  ) );
#6018 = ORIENTED_EDGE('',*,*,#5281,.T.);
#6019 = ORIENTED_EDGE('',*,*,#5244,.T.);
#6020 = ORIENTED_EDGE('',*,*,#5099,.T.);
#6021 = ORIENTED_EDGE('',*,*,#4530,.F.);
#6022 = ADVANCED_FACE('',(#6023),#1144,.T.);
#6023 = FACE_BOUND('',#6024,.F.);
#6024 = EDGE_LOOP('',(#6025,#6026,#6027,#6028,#6100,#6101));
#6025 = ORIENTED_EDGE('',*,*,#5312,.F.);
#6026 = ORIENTED_EDGE('',*,*,#5168,.T.);
#6027 = ORIENTED_EDGE('',*,*,#5017,.F.);
#6028 = ORIENTED_EDGE('',*,*,#6029,.F.);
#6029 = EDGE_CURVE('',#1057,#5018,#6030,.T.);
#6030 = SURFACE_CURVE('',#6031,(#6052,#6076),.PCURVE_S1.);
#6031 = B_SPLINE_CURVE_WITH_KNOTS('',7,(#6032,#6033,#6034,#6035,#6036,
    #6037,#6038,#6039,#6040,#6041,#6042,#6043,#6044,#6045,#6046,#6047,
    #6048,#6049,#6050,#6051),.UNSPECIFIED.,.F.,.F.,(8,6,6,8),(0.,
    0.451107873885,0.626430074627,1.),.UNSPECIFIED.);
#6032 = CARTESIAN_POINT('',(-1.815340106157E-02,-14.02548825189,
    0.2000001));
#6033 = CARTESIAN_POINT('',(1.100293433165,-14.04429946558,
    0.217363679546));
#6034 = CARTESIAN_POINT('',(2.220723995242,-13.95901797537,
    0.234690977363));
#6035 = CARTESIAN_POINT('',(3.33111848898,-13.76952854131,0.25195700736)
  );
#6036 = CARTESIAN_POINT('',(4.419976408287,-13.47754939959,
    0.269144674086));
#6037 = CARTESIAN_POINT('',(5.476249239929,-13.08622258298,
    0.286252339725));
#6038 = CARTESIAN_POINT('',(6.489338663656,-12.60012349322,
    0.303315943805));
#6039 = CARTESIAN_POINT('',(7.822294073897,-11.8023028445,0.32701393824)
  );
#6040 = CARTESIAN_POINT('',(8.187351782314,-11.56563641805,
    0.333647279456));
#6041 = CARTESIAN_POINT('',(8.543834181193,-11.31595160554,
    0.340284460954));
#6042 = CARTESIAN_POINT('',(8.891193131841,-11.0536346357,0.346929022251
    ));
#6043 = CARTESIAN_POINT('',(9.228904070133,-10.77909951877,
    0.353584713652));
#6044 = CARTESIAN_POINT('',(9.556465775158,-10.49278747915,
    0.360255145943));
#6045 = CARTESIAN_POINT('',(10.54871191082,-9.561006604801,
    0.381194604665));
#6046 = CARTESIAN_POINT('',(11.175818060534,-8.875461072205,
    0.395527731681));
#6047 = CARTESIAN_POINT('',(11.750031233174,-8.143097001982,
    0.409971593357));
#6048 = CARTESIAN_POINT('',(12.26733187076,-7.368913193424,
    0.424546037479));
#6049 = CARTESIAN_POINT('',(12.724263964968,-6.55825479661,
    0.439241459201));
#6050 = CARTESIAN_POINT('',(13.117917765154,-5.716789391918,
    0.453982375817));
#6051 = CARTESIAN_POINT('',(13.445961807953,-4.850513316655,
    0.468602673299));
#6052 = PCURVE('',#1144,#6053);
#6053 = DEFINITIONAL_REPRESENTATION('',(#6054),#6075);
#6054 = B_SPLINE_CURVE_WITH_KNOTS('',7,(#6055,#6056,#6057,#6058,#6059,
    #6060,#6061,#6062,#6063,#6064,#6065,#6066,#6067,#6068,#6069,#6070,
    #6071,#6072,#6073,#6074),.UNSPECIFIED.,.F.,.F.,(8,6,6,8),(0.,
    0.451107873885,0.626430074627,1.),.UNSPECIFIED.);
#6055 = CARTESIAN_POINT('',(4.711094666019,-0.2755));
#6056 = CARTESIAN_POINT('',(4.790840147108,-0.258136421961));
#6057 = CARTESIAN_POINT('',(4.870487099562,-0.240809118605));
#6058 = CARTESIAN_POINT('',(4.950008227934,-0.223543097737));
#6059 = CARTESIAN_POINT('',(5.029412458201,-0.206355422506));
#6060 = CARTESIAN_POINT('',(5.108711344459,-0.189247761292));
#6061 = CARTESIAN_POINT('',(5.187912431193,-0.172184156195));
#6062 = CARTESIAN_POINT('',(5.297717912379,-0.14848616176));
#6063 = CARTESIAN_POINT('',(5.328433093444,-0.141852820544));
#6064 = CARTESIAN_POINT('',(5.359131374339,-0.135215639046));
#6065 = CARTESIAN_POINT('',(5.389812739346,-0.128571077749));
#6066 = CARTESIAN_POINT('',(5.420477241392,-0.121915386348));
#6067 = CARTESIAN_POINT('',(5.451124828872,-0.115244954057));
#6068 = CARTESIAN_POINT('',(5.547021152101,-9.43054953348E-02));
#6069 = CARTESIAN_POINT('',(5.612213089896,-7.997236831946E-02));
#6070 = CARTESIAN_POINT('',(5.677322681171,-6.552850664317E-02));
#6071 = CARTESIAN_POINT('',(5.742351914484,-5.09540625212E-02));
#6072 = CARTESIAN_POINT('',(5.807303285389,-3.625864079891E-02));
#6073 = CARTESIAN_POINT('',(5.872178199858,-2.151772418257E-02));
#6074 = CARTESIAN_POINT('',(5.936973659709,-6.897426701306E-03));
#6075 = ( GEOMETRIC_REPRESENTATION_CONTEXT(2) 
PARAMETRIC_REPRESENTATION_CONTEXT() REPRESENTATION_CONTEXT('2D SPACE',''
  ) );
#6076 = PCURVE('',#1086,#6077);
#6077 = DEFINITIONAL_REPRESENTATION('',(#6078),#6099);
#6078 = B_SPLINE_CURVE_WITH_KNOTS('',7,(#6079,#6080,#6081,#6082,#6083,
    #6084,#6085,#6086,#6087,#6088,#6089,#6090,#6091,#6092,#6093,#6094,
    #6095,#6096,#6097,#6098),.UNSPECIFIED.,.F.,.F.,(8,6,6,8),(0.,
    0.451107873885,0.626430074627,1.),.UNSPECIFIED.);
#6079 = CARTESIAN_POINT('',(4.498669209553,0.749803878676));
#6080 = CARTESIAN_POINT('',(4.466971476886,0.762496098193));
#6081 = CARTESIAN_POINT('',(4.435401401632,0.775170849117));
#6082 = CARTESIAN_POINT('',(4.404097670837,0.787823583951));
#6083 = CARTESIAN_POINT('',(4.373188057602,0.800456037428));
#6084 = CARTESIAN_POINT('',(4.3427047541,0.813071315962));
#6085 = CARTESIAN_POINT('',(4.312421925688,0.825672077362));
#6086 = CARTESIAN_POINT('',(4.270179185356,0.84314467231));
#6087 = CARTESIAN_POINT('',(4.258334687587,0.848032465539));
#6088 = CARTESIAN_POINT('',(4.246448265787,0.85291792062));
#6089 = CARTESIAN_POINT('',(4.234496162777,0.857801075924));
#6090 = CARTESIAN_POINT('',(4.222453140243,0.862681962337));
#6091 = CARTESIAN_POINT('',(4.210294635929,0.86756057085));
#6092 = CARTESIAN_POINT('',(4.171799675381,0.882826948098));
#6093 = CARTESIAN_POINT('',(4.144976185077,0.893207042202));
#6094 = CARTESIAN_POINT('',(4.117322393501,0.903575507762));
#6095 = CARTESIAN_POINT('',(4.088700271471,0.913931850919));
#6096 = CARTESIAN_POINT('',(4.059167954949,0.924275034442));
#6097 = CARTESIAN_POINT('',(4.029227653838,0.934603587331));
#6098 = CARTESIAN_POINT('',(4.,0.944916545379));
#6099 = ( GEOMETRIC_REPRESENTATION_CONTEXT(2) 
PARAMETRIC_REPRESENTATION_CONTEXT() REPRESENTATION_CONTEXT('2D SPACE',''
  ) );
#6100 = ORIENTED_EDGE('',*,*,#1123,.T.);
#6101 = ORIENTED_EDGE('',*,*,#5911,.T.);
#6102 = ADVANCED_FACE('',(#6103),#1086,.T.);
#6103 = FACE_BOUND('',#6104,.T.);
#6104 = EDGE_LOOP('',(#6105,#6106,#6107,#6108,#6137));
#6105 = ORIENTED_EDGE('',*,*,#5069,.F.);
#6106 = ORIENTED_EDGE('',*,*,#6029,.F.);
#6107 = ORIENTED_EDGE('',*,*,#1056,.F.);
#6108 = ORIENTED_EDGE('',*,*,#6109,.T.);
#6109 = EDGE_CURVE('',#1005,#2176,#6110,.T.);
#6110 = SURFACE_CURVE('',#6111,(#6123,#6130),.PCURVE_S1.);
#6111 = ( BOUNDED_CURVE() B_SPLINE_CURVE(6,(#6112,#6113,#6114,#6115,
    #6116,#6117,#6118,#6119,#6120,#6121,#6122),.UNSPECIFIED.,.F.,.F.) 
B_SPLINE_CURVE_WITH_KNOTS((7,4,7),(0.,0.5,1.),.UNSPECIFIED.) CURVE() 
GEOMETRIC_REPRESENTATION_ITEM() RATIONAL_B_SPLINE_CURVE((1.,1.,1.,1.,1.,
1.,1.,1.,1.,1.,1.)) REPRESENTATION_ITEM('') );
#6112 = CARTESIAN_POINT('',(13.75,1.7763568394E-15,-0.623685927919));
#6113 = CARTESIAN_POINT('',(13.701445579737,7.197831642732,
    -0.540352594585));
#6114 = CARTESIAN_POINT('',(9.369136897326,14.395663285458,
    -0.457019261261));
#6115 = CARTESIAN_POINT('',(-8.16321190679E-02,18.087075014382,
    -0.373685927915));
#6116 = CARTESIAN_POINT('',(-9.244513885317,14.39566328546,
    -0.290352594581));
#6117 = CARTESIAN_POINT('',(-18.25548611468,5.06771514457E-13,
    -0.123685927919));
#6118 = CARTESIAN_POINT('',(-9.244513885318,-14.39566328546,
    4.29807387444E-02));
#6119 = CARTESIAN_POINT('',(-8.163211906721E-02,-18.08707501438,
    0.126314072078));
#6120 = CARTESIAN_POINT('',(9.369136897325,-14.39566328546,
    0.209647405424));
#6121 = CARTESIAN_POINT('',(13.701445579738,-7.197831642731,
    0.292980738748));
#6122 = CARTESIAN_POINT('',(13.75,7.004474440531E-15,0.376314072081));
#6123 = PCURVE('',#1086,#6124);
#6124 = DEFINITIONAL_REPRESENTATION('',(#6125),#6129);
#6125 = LINE('',#6126,#6127);
#6126 = CARTESIAN_POINT('',(5.,0.));
#6127 = VECTOR('',#6128,1.);
#6128 = DIRECTION('',(0.,1.));
#6129 = ( GEOMETRIC_REPRESENTATION_CONTEXT(2) 
PARAMETRIC_REPRESENTATION_CONTEXT() REPRESENTATION_CONTEXT('2D SPACE',''
  ) );
#6130 = PCURVE('',#1024,#6131);
#6131 = DEFINITIONAL_REPRESENTATION('',(#6132),#6136);
#6132 = LINE('',#6133,#6134);
#6133 = CARTESIAN_POINT('',(5.,0.));
#6134 = VECTOR('',#6135,1.);
#6135 = DIRECTION('',(0.,1.));
#6136 = ( GEOMETRIC_REPRESENTATION_CONTEXT(2) 
PARAMETRIC_REPRESENTATION_CONTEXT() REPRESENTATION_CONTEXT('2D SPACE',''
  ) );
#6137 = ORIENTED_EDGE('',*,*,#5841,.F.);
#6138 = ADVANCED_FACE('',(#6139),#1024,.T.);
#6139 = FACE_BOUND('',#6140,.T.);
#6140 = EDGE_LOOP('',(#6141,#6142,#6143,#6305));
#6141 = ORIENTED_EDGE('',*,*,#6109,.F.);
#6142 = ORIENTED_EDGE('',*,*,#1004,.F.);
#6143 = ORIENTED_EDGE('',*,*,#6144,.T.);
#6144 = EDGE_CURVE('',#972,#1646,#6145,.T.);
#6145 = SURFACE_CURVE('',#6146,(#6197,#6251),.PCURVE_S1.);
#6146 = B_SPLINE_CURVE_WITH_KNOTS('',7,(#6147,#6148,#6149,#6150,#6151,
    #6152,#6153,#6154,#6155,#6156,#6157,#6158,#6159,#6160,#6161,#6162,
    #6163,#6164,#6165,#6166,#6167,#6168,#6169,#6170,#6171,#6172,#6173,
    #6174,#6175,#6176,#6177,#6178,#6179,#6180,#6181,#6182,#6183,#6184,
    #6185,#6186,#6187,#6188,#6189,#6190,#6191,#6192,#6193,#6194,#6195,
    #6196),.UNSPECIFIED.,.F.,.F.,(8,6,6,6,6,6,6,6,8),(0.,0.3494992906,
    0.720305374683,0.745330007841,0.778370326942,0.818412126299,
    0.867387083686,0.92721219111,1.),.UNSPECIFIED.);
#6147 = CARTESIAN_POINT('',(6.119147549727,-12.25748886455,0.1999977));
#6148 = CARTESIAN_POINT('',(6.797118027325,-11.91903443619,
    0.208797845641));
#6149 = CARTESIAN_POINT('',(7.453279107174,-11.5368157356,0.21759891965)
  );
#6150 = CARTESIAN_POINT('',(8.084185436977,-11.1125440543,0.226400629408
    ));
#6151 = CARTESIAN_POINT('',(8.686630198646,-10.64824624702,
    0.235203452631));
#6152 = CARTESIAN_POINT('',(9.257620118335,-10.14622887707,
    0.244007939917));
#6153 = CARTESIAN_POINT('',(9.794377329464,-9.609077268736,
    0.252814086512));
#6154 = CARTESIAN_POINT('',(10.824840168352,-8.435589639062,
    0.270964348882));
#6155 = CARTESIAN_POINT('',(11.313983142426,-7.79513859552,
    0.280309530965));
#6156 = CARTESIAN_POINT('',(11.758747102486,-7.121793433247,
    0.289654817124));
#6157 = CARTESIAN_POINT('',(12.156524234034,-6.419264063886,
    0.298999557105));
#6158 = CARTESIAN_POINT('',(12.505095520695,-5.691476240047,
    0.308343031652));
#6159 = CARTESIAN_POINT('',(12.802630312135,-4.942567089125,
    0.317684429039));
#6160 = CARTESIAN_POINT('',(13.064278741653,-4.125235095959,
    0.327653178935));
#6161 = CARTESIAN_POINT('',(13.080581575341,-4.073486441288,
    0.328283397945));
#6162 = CARTESIAN_POINT('',(13.096645262809,-4.021662626003,
    0.328913606188));
#6163 = CARTESIAN_POINT('',(13.112469389167,-3.969764974352,0.3295438037
    ));
#6164 = CARTESIAN_POINT('',(13.128053548579,-3.917794813769,
    0.330173990532));
#6165 = CARTESIAN_POINT('',(13.143397344253,-3.86575347487,
    0.330804166757));
#6166 = CARTESIAN_POINT('',(13.17844111631,-3.744839279729,
    0.332266347706));
#6167 = CARTESIAN_POINT('',(13.19796216065,-3.675914513465,
    0.333098344616));
#6168 = CARTESIAN_POINT('',(13.217062628977,-3.60687106244,
    0.333930323406));
#6169 = CARTESIAN_POINT('',(13.235741656548,-3.53771200621,
    0.334762284352));
#6170 = CARTESIAN_POINT('',(13.253998406369,-3.468440434109,
    0.335594227793));
#6171 = CARTESIAN_POINT('',(13.271832069199,-3.399059445249,
    0.336426154131));
#6172 = CARTESIAN_POINT('',(13.310340918002,-3.245359995948,
    0.33826626116));
#6173 = CARTESIAN_POINT('',(13.330817429053,-3.160991707539,
    0.339274434054));
#6174 = CARTESIAN_POINT('',(13.350670005398,-3.076472816469,
    0.340282583346));
#6175 = CARTESIAN_POINT('',(13.369897316627,-2.991808878298,
    0.341290710014));
#6176 = CARTESIAN_POINT('',(13.388498093213,-2.907005470972,
    0.342298815179));
#6177 = CARTESIAN_POINT('',(13.406471126515,-2.822068194828,
    0.343306900106));
#6178 = CARTESIAN_POINT('',(13.445028816664,-2.632959387984,
    0.345547927637));
#6179 = CARTESIAN_POINT('',(13.465301568054,-2.528724254202,
    0.346780860897));
#6180 = CARTESIAN_POINT('',(13.484631421285,-2.424307557474,
    0.348013768569));
#6181 = CARTESIAN_POINT('',(13.503016415859,-2.319719641406,
    0.349246653548));
#6182 = CARTESIAN_POINT('',(13.520454732447,-2.214970906981,
    0.350479519038));
#6183 = CARTESIAN_POINT('',(13.536944692883,-2.11007181256,
    0.351712368553));
#6184 = CARTESIAN_POINT('',(13.571467649477,-1.876723098329,
    0.354451172061));
#6185 = CARTESIAN_POINT('',(13.589033141998,-1.748204665311,
    0.355957119972));
#6186 = CARTESIAN_POINT('',(13.605178428124,-1.619496734711,
    0.35746305667));
#6187 = CARTESIAN_POINT('',(13.619901037374,-1.490618629202,
    0.358968989685));
#6188 = CARTESIAN_POINT('',(13.63319883839,-1.361589834248,
    0.360474927051));
#6189 = CARTESIAN_POINT('',(13.645070038943,-1.232429998103,
    0.361980877311));
#6190 = CARTESIAN_POINT('',(13.668219118606,-0.945877849126,
    0.365319130674));
#6191 = CARTESIAN_POINT('',(13.678811138282,-0.78843216465,
    0.367151443864));
#6192 = CARTESIAN_POINT('',(13.687286588276,-0.630857537121,
    0.368983805593));
#6193 = CARTESIAN_POINT('',(13.693643681681,-0.473190117524,
    0.370816232483));
#6194 = CARTESIAN_POINT('',(13.697881501371,-0.3154665491,0.372648741272
    ));
#6195 = CARTESIAN_POINT('',(13.7,-0.157723967343,0.374481348815));
#6196 = CARTESIAN_POINT('',(13.7,-1.7763568394E-15,0.376314072081));
#6197 = PCURVE('',#1024,#6198);
#6198 = DEFINITIONAL_REPRESENTATION('',(#6199),#6250);
#6199 = B_SPLINE_CURVE_WITH_KNOTS('',7,(#6200,#6201,#6202,#6203,#6204,
    #6205,#6206,#6207,#6208,#6209,#6210,#6211,#6212,#6213,#6214,#6215,
    #6216,#6217,#6218,#6219,#6220,#6221,#6222,#6223,#6224,#6225,#6226,
    #6227,#6228,#6229,#6230,#6231,#6232,#6233,#6234,#6235,#6236,#6237,
    #6238,#6239,#6240,#6241,#6242,#6243,#6244,#6245,#6246,#6247,#6248,
    #6249),.UNSPECIFIED.,.F.,.F.,(8,6,6,6,6,6,6,6,8),(0.,0.3494992906,
    0.720305374683,0.745330007841,0.778370326942,0.818412126299,
    0.867387083686,0.92721219111,1.),.UNSPECIFIED.);
#6200 = CARTESIAN_POINT('',(5.252782095266,0.823683627917));
#6201 = CARTESIAN_POINT('',(5.253983166966,0.832483773557));
#6202 = CARTESIAN_POINT('',(5.255244556472,0.841284847566));
#6203 = CARTESIAN_POINT('',(5.256401974811,0.850086557325));
#6204 = CARTESIAN_POINT('',(5.257213754936,0.858889380548));
#6205 = CARTESIAN_POINT('',(5.257367944067,0.867693867833));
#6206 = CARTESIAN_POINT('',(5.256557470013,0.876500014428));
#6207 = CARTESIAN_POINT('',(5.252571383575,0.894650276799));
#6208 = CARTESIAN_POINT('',(5.249254499346,0.903995458881));
#6209 = CARTESIAN_POINT('',(5.244482147372,0.913340745041));
#6210 = CARTESIAN_POINT('',(5.238253828575,0.922685485023));
#6211 = CARTESIAN_POINT('',(5.23093893245,0.93202895957));
#6212 = CARTESIAN_POINT('',(5.223573878629,0.941370356957));
#6213 = CARTESIAN_POINT('',(5.217683634534,0.951339106853));
#6214 = CARTESIAN_POINT('',(5.217319661588,0.951969325862));
#6215 = CARTESIAN_POINT('',(5.216964682801,0.952599534106));
#6216 = CARTESIAN_POINT('',(5.21661929907,0.953229731618));
#6217 = CARTESIAN_POINT('',(5.216284129519,0.95385991845));
#6218 = CARTESIAN_POINT('',(5.215959811497,0.954490094675));
#6219 = CARTESIAN_POINT('',(5.215233992629,0.955952275624));
#6220 = CARTESIAN_POINT('',(5.21484104481,0.956784272533));
#6221 = CARTESIAN_POINT('',(5.214469665589,0.957616251324));
#6222 = CARTESIAN_POINT('',(5.214121421361,0.95844821227));
#6223 = CARTESIAN_POINT('',(5.213797936453,0.959280155711));
#6224 = CARTESIAN_POINT('',(5.213500893123,0.960112082049));
#6225 = CARTESIAN_POINT('',(5.212906196306,0.961952189078));
#6226 = CARTESIAN_POINT('',(5.212621753764,0.962960361972));
#6227 = CARTESIAN_POINT('',(5.212381800939,0.963968511264));
#6228 = CARTESIAN_POINT('',(5.212189565619,0.964976637932));
#6229 = CARTESIAN_POINT('',(5.21204840637,0.965984743097));
#6230 = CARTESIAN_POINT('',(5.211961812541,0.966992828024));
#6231 = CARTESIAN_POINT('',(5.211898658204,0.969233855555));
#6232 = CARTESIAN_POINT('',(5.211950958608,0.970466788815));
#6233 = CARTESIAN_POINT('',(5.212096929123,0.971699696487));
#6234 = CARTESIAN_POINT('',(5.21234349736,0.972932581466));
#6235 = CARTESIAN_POINT('',(5.212697894891,0.974165446956));
#6236 = CARTESIAN_POINT('',(5.213167657247,0.975398296472));
#6237 = CARTESIAN_POINT('',(5.214484959308,0.97813709998));
#6238 = CARTESIAN_POINT('',(5.215393139062,0.97964304789));
#6239 = CARTESIAN_POINT('',(5.216499457638,0.981148984589));
#6240 = CARTESIAN_POINT('',(5.217818897568,0.982654917603));
#6241 = CARTESIAN_POINT('',(5.219367129469,0.984160854969));
#6242 = CARTESIAN_POINT('',(5.221160512036,0.98566680523));
#6243 = CARTESIAN_POINT('',(5.225717068157,0.989005058592));
#6244 = CARTESIAN_POINT('',(5.228606156078,0.990837371782));
#6245 = CARTESIAN_POINT('',(5.231914095294,0.992669733511));
#6246 = CARTESIAN_POINT('',(5.23567307801,0.994502160401));
#6247 = CARTESIAN_POINT('',(5.239916749151,0.99633466919));
#6248 = CARTESIAN_POINT('',(5.244680206361,0.998167276733));
#6249 = CARTESIAN_POINT('',(5.25,1.));
#6250 = ( GEOMETRIC_REPRESENTATION_CONTEXT(2) 
PARAMETRIC_REPRESENTATION_CONTEXT() REPRESENTATION_CONTEXT('2D SPACE',''
  ) );
#6251 = PCURVE('',#992,#6252);
#6252 = DEFINITIONAL_REPRESENTATION('',(#6253),#6304);
#6253 = B_SPLINE_CURVE_WITH_KNOTS('',7,(#6254,#6255,#6256,#6257,#6258,
    #6259,#6260,#6261,#6262,#6263,#6264,#6265,#6266,#6267,#6268,#6269,
    #6270,#6271,#6272,#6273,#6274,#6275,#6276,#6277,#6278,#6279,#6280,
    #6281,#6282,#6283,#6284,#6285,#6286,#6287,#6288,#6289,#6290,#6291,
    #6292,#6293,#6294,#6295,#6296,#6297,#6298,#6299,#6300,#6301,#6302,
    #6303),.UNSPECIFIED.,.F.,.F.,(8,6,6,6,6,6,6,6,8),(0.,0.3494992906,
    0.720305374683,0.745330007841,0.778370326942,0.818412126299,
    0.867387083686,0.92721219111,1.),.UNSPECIFIED.);
#6254 = CARTESIAN_POINT('',(5.175410040972,-2.300000000038E-06));
#6255 = CARTESIAN_POINT('',(5.230720756331,8.79784564067E-03));
#6256 = CARTESIAN_POINT('',(5.286033961441,1.759891964953E-02));
#6257 = CARTESIAN_POINT('',(5.341345361664,2.64006294085E-02));
#6258 = CARTESIAN_POINT('',(5.396655639156,3.520345263147E-02));
#6259 = CARTESIAN_POINT('',(5.451967116756,4.400793991659E-02));
#6260 = CARTESIAN_POINT('',(5.507280402498,5.281408651191E-02));
#6261 = CARTESIAN_POINT('',(5.621273570371,7.096434888217E-02));
#6262 = CARTESIAN_POINT('',(5.679959378957,8.030953096459E-02));
#6263 = CARTESIAN_POINT('',(5.738642000341,8.965481712448E-02));
#6264 = CARTESIAN_POINT('',(5.797322584103,9.899955710548E-02));
#6265 = CARTESIAN_POINT('',(5.856003816384,0.108343031652));
#6266 = CARTESIAN_POINT('',(5.914687524113,0.117684429039));
#6267 = CARTESIAN_POINT('',(5.977329189984,0.127653178935));
#6268 = CARTESIAN_POINT('',(5.981289434375,0.128283397945));
#6269 = CARTESIAN_POINT('',(5.985249683166,0.128913606188));
#6270 = CARTESIAN_POINT('',(5.989209936512,0.1295438037));
#6271 = CARTESIAN_POINT('',(5.993170194538,0.130173990532));
#6272 = CARTESIAN_POINT('',(5.997130457341,0.130804166757));
#6273 = CARTESIAN_POINT('',(6.006319513204,0.132266347706));
#6274 = CARTESIAN_POINT('',(6.011548309845,0.133098344616));
#6275 = CARTESIAN_POINT('',(6.016777115091,0.133930323406));
#6276 = CARTESIAN_POINT('',(6.022005928962,0.134762284352));
#6277 = CARTESIAN_POINT('',(6.027234751321,0.135594227793));
#6278 = CARTESIAN_POINT('',(6.032463581873,0.136426154131));
#6279 = CARTESIAN_POINT('',(6.04402928674,0.13826626116));
#6280 = CARTESIAN_POINT('',(6.050366164594,0.139274434054));
#6281 = CARTESIAN_POINT('',(6.056703052982,0.140282583346));
#6282 = CARTESIAN_POINT('',(6.063039950553,0.141290710014));
#6283 = CARTESIAN_POINT('',(6.069376855352,0.142298815179));
#6284 = CARTESIAN_POINT('',(6.07571376482,0.143306900106));
#6285 = CARTESIAN_POINT('',(6.089801325104,0.145547927637));
#6286 = CARTESIAN_POINT('',(6.097551976364,0.146780860897));
#6287 = CARTESIAN_POINT('',(6.105302623977,0.148013768569));
#6288 = CARTESIAN_POINT('',(6.113053259991,0.149246653548));
#6289 = CARTESIAN_POINT('',(6.120803874096,0.150479519038));
#6290 = CARTESIAN_POINT('',(6.128554453625,0.151712368553));
#6291 = CARTESIAN_POINT('',(6.145772603533,0.154451172061));
#6292 = CARTESIAN_POINT('',(6.155240148048,0.155957119972));
#6293 = CARTESIAN_POINT('',(6.164707590533,0.15746305667));
#6294 = CARTESIAN_POINT('',(6.174174895202,0.158968989685));
#6295 = CARTESIAN_POINT('',(6.183642017046,0.160474927051));
#6296 = CARTESIAN_POINT('',(6.19310890183,0.161980877311));
#6297 = CARTESIAN_POINT('',(6.214093257751,0.165319130674));
#6298 = CARTESIAN_POINT('',(6.225610579256,0.167151443864));
#6299 = CARTESIAN_POINT('',(6.23712733911,0.168983805593));
#6300 = CARTESIAN_POINT('',(6.248643390817,0.170816232483));
#6301 = CARTESIAN_POINT('',(6.260158552886,0.172648741272));
#6302 = CARTESIAN_POINT('',(6.271672608833,0.174481348815));
#6303 = CARTESIAN_POINT('',(6.28318530718,0.176314072081));
#6304 = ( GEOMETRIC_REPRESENTATION_CONTEXT(2) 
PARAMETRIC_REPRESENTATION_CONTEXT() REPRESENTATION_CONTEXT('2D SPACE',''
  ) );
#6305 = ORIENTED_EDGE('',*,*,#2231,.F.);
#6306 = ADVANCED_FACE('',(#6307),#992,.T.);
#6307 = FACE_BOUND('',#6308,.T.);
#6308 = EDGE_LOOP('',(#6309,#6310,#6311));
#6309 = ORIENTED_EDGE('',*,*,#6144,.F.);
#6310 = ORIENTED_EDGE('',*,*,#969,.F.);
#6311 = ORIENTED_EDGE('',*,*,#2150,.T.);
#6312 = ADVANCED_FACE('',(#6313),#955,.F.);
#6313 = FACE_BOUND('',#6314,.F.);
#6314 = EDGE_LOOP('',(#6315,#6338,#6339,#6362));
#6315 = ORIENTED_EDGE('',*,*,#6316,.F.);
#6316 = EDGE_CURVE('',#919,#6317,#6319,.T.);
#6317 = VERTEX_POINT('',#6318);
#6318 = CARTESIAN_POINT('',(15.97,-6.5,2.2));
#6319 = SURFACE_CURVE('',#6320,(#6324,#6331),.PCURVE_S1.);
#6320 = LINE('',#6321,#6322);
#6321 = CARTESIAN_POINT('',(15.97,-6.5,-1.));
#6322 = VECTOR('',#6323,1.);
#6323 = DIRECTION('',(0.,0.,1.));
#6324 = PCURVE('',#955,#6325);
#6325 = DEFINITIONAL_REPRESENTATION('',(#6326),#6330);
#6326 = LINE('',#6327,#6328);
#6327 = CARTESIAN_POINT('',(0.,0.));
#6328 = VECTOR('',#6329,1.);
#6329 = DIRECTION('',(1.,0.));
#6330 = ( GEOMETRIC_REPRESENTATION_CONTEXT(2) 
PARAMETRIC_REPRESENTATION_CONTEXT() REPRESENTATION_CONTEXT('2D SPACE',''
  ) );
#6331 = PCURVE('',#215,#6332);
#6332 = DEFINITIONAL_REPRESENTATION('',(#6333),#6337);
#6333 = LINE('',#6334,#6335);
#6334 = CARTESIAN_POINT('',(0.,3.17));
#6335 = VECTOR('',#6336,1.);
#6336 = DIRECTION('',(1.,0.));
#6337 = ( GEOMETRIC_REPRESENTATION_CONTEXT(2) 
PARAMETRIC_REPRESENTATION_CONTEXT() REPRESENTATION_CONTEXT('2D SPACE',''
  ) );
#6338 = ORIENTED_EDGE('',*,*,#941,.F.);
#6339 = ORIENTED_EDGE('',*,*,#6340,.T.);
#6340 = EDGE_CURVE('',#803,#6341,#6343,.T.);
#6341 = VERTEX_POINT('',#6342);
#6342 = CARTESIAN_POINT('',(15.97,6.5,2.2));
#6343 = SURFACE_CURVE('',#6344,(#6348,#6355),.PCURVE_S1.);
#6344 = LINE('',#6345,#6346);
#6345 = CARTESIAN_POINT('',(15.97,6.5,-1.));
#6346 = VECTOR('',#6347,1.);
#6347 = DIRECTION('',(0.,0.,1.));
#6348 = PCURVE('',#955,#6349);
#6349 = DEFINITIONAL_REPRESENTATION('',(#6350),#6354);
#6350 = LINE('',#6351,#6352);
#6351 = CARTESIAN_POINT('',(0.,-13.));
#6352 = VECTOR('',#6353,1.);
#6353 = DIRECTION('',(1.,0.));
#6354 = ( GEOMETRIC_REPRESENTATION_CONTEXT(2) 
PARAMETRIC_REPRESENTATION_CONTEXT() REPRESENTATION_CONTEXT('2D SPACE',''
  ) );
#6355 = PCURVE('',#44,#6356);
#6356 = DEFINITIONAL_REPRESENTATION('',(#6357),#6361);
#6357 = LINE('',#6358,#6359);
#6358 = CARTESIAN_POINT('',(0.,3.17));
#6359 = VECTOR('',#6360,1.);
#6360 = DIRECTION('',(1.,0.));
#6361 = ( GEOMETRIC_REPRESENTATION_CONTEXT(2) 
PARAMETRIC_REPRESENTATION_CONTEXT() REPRESENTATION_CONTEXT('2D SPACE',''
  ) );
#6362 = ORIENTED_EDGE('',*,*,#6363,.F.);
#6363 = EDGE_CURVE('',#6317,#6341,#6364,.T.);
#6364 = SURFACE_CURVE('',#6365,(#6369,#6376),.PCURVE_S1.);
#6365 = LINE('',#6366,#6367);
#6366 = CARTESIAN_POINT('',(15.97,-6.5,2.2));
#6367 = VECTOR('',#6368,1.);
#6368 = DIRECTION('',(-0.,1.,0.));
#6369 = PCURVE('',#955,#6370);
#6370 = DEFINITIONAL_REPRESENTATION('',(#6371),#6375);
#6371 = LINE('',#6372,#6373);
#6372 = CARTESIAN_POINT('',(3.2,0.));
#6373 = VECTOR('',#6374,1.);
#6374 = DIRECTION('',(0.,-1.));
#6375 = ( GEOMETRIC_REPRESENTATION_CONTEXT(2) 
PARAMETRIC_REPRESENTATION_CONTEXT() REPRESENTATION_CONTEXT('2D SPACE',''
  ) );
#6376 = PCURVE('',#6377,#6382);
#6377 = PLANE('',#6378);
#6378 = AXIS2_PLACEMENT_3D('',#6379,#6380,#6381);
#6379 = CARTESIAN_POINT('',(15.97,-6.5,2.2));
#6380 = DIRECTION('',(0.,0.,1.));
#6381 = DIRECTION('',(1.,0.,-0.));
#6382 = DEFINITIONAL_REPRESENTATION('',(#6383),#6387);
#6383 = LINE('',#6384,#6385);
#6384 = CARTESIAN_POINT('',(0.,0.));
#6385 = VECTOR('',#6386,1.);
#6386 = DIRECTION('',(0.,1.));
#6387 = ( GEOMETRIC_REPRESENTATION_CONTEXT(2) 
PARAMETRIC_REPRESENTATION_CONTEXT() REPRESENTATION_CONTEXT('2D SPACE',''
  ) );
#6388 = ADVANCED_FACE('',(#6389,#6460),#6377,.T.);
#6389 = FACE_BOUND('',#6390,.T.);
#6390 = EDGE_LOOP('',(#6391,#6414,#6415,#6438));
#6391 = ORIENTED_EDGE('',*,*,#6392,.F.);
#6392 = EDGE_CURVE('',#6341,#6393,#6395,.T.);
#6393 = VERTEX_POINT('',#6394);
#6394 = CARTESIAN_POINT('',(18.988283229402,6.5,2.2));
#6395 = SURFACE_CURVE('',#6396,(#6400,#6407),.PCURVE_S1.);
#6396 = LINE('',#6397,#6398);
#6397 = CARTESIAN_POINT('',(15.97,6.5,2.2));
#6398 = VECTOR('',#6399,1.);
#6399 = DIRECTION('',(1.,0.,-0.));
#6400 = PCURVE('',#6377,#6401);
#6401 = DEFINITIONAL_REPRESENTATION('',(#6402),#6406);
#6402 = LINE('',#6403,#6404);
#6403 = CARTESIAN_POINT('',(0.,13.));
#6404 = VECTOR('',#6405,1.);
#6405 = DIRECTION('',(1.,0.));
#6406 = ( GEOMETRIC_REPRESENTATION_CONTEXT(2) 
PARAMETRIC_REPRESENTATION_CONTEXT() REPRESENTATION_CONTEXT('2D SPACE',''
  ) );
#6407 = PCURVE('',#44,#6408);
#6408 = DEFINITIONAL_REPRESENTATION('',(#6409),#6413);
#6409 = LINE('',#6410,#6411);
#6410 = CARTESIAN_POINT('',(3.2,3.17));
#6411 = VECTOR('',#6412,1.);
#6412 = DIRECTION('',(0.,1.));
#6413 = ( GEOMETRIC_REPRESENTATION_CONTEXT(2) 
PARAMETRIC_REPRESENTATION_CONTEXT() REPRESENTATION_CONTEXT('2D SPACE',''
  ) );
#6414 = ORIENTED_EDGE('',*,*,#6363,.F.);
#6415 = ORIENTED_EDGE('',*,*,#6416,.T.);
#6416 = EDGE_CURVE('',#6317,#6417,#6419,.T.);
#6417 = VERTEX_POINT('',#6418);
#6418 = CARTESIAN_POINT('',(18.988283229402,-6.5,2.2));
#6419 = SURFACE_CURVE('',#6420,(#6424,#6431),.PCURVE_S1.);
#6420 = LINE('',#6421,#6422);
#6421 = CARTESIAN_POINT('',(15.97,-6.5,2.2));
#6422 = VECTOR('',#6423,1.);
#6423 = DIRECTION('',(1.,0.,-0.));
#6424 = PCURVE('',#6377,#6425);
#6425 = DEFINITIONAL_REPRESENTATION('',(#6426),#6430);
#6426 = LINE('',#6427,#6428);
#6427 = CARTESIAN_POINT('',(0.,0.));
#6428 = VECTOR('',#6429,1.);
#6429 = DIRECTION('',(1.,0.));
#6430 = ( GEOMETRIC_REPRESENTATION_CONTEXT(2) 
PARAMETRIC_REPRESENTATION_CONTEXT() REPRESENTATION_CONTEXT('2D SPACE',''
  ) );
#6431 = PCURVE('',#215,#6432);
#6432 = DEFINITIONAL_REPRESENTATION('',(#6433),#6437);
#6433 = LINE('',#6434,#6435);
#6434 = CARTESIAN_POINT('',(3.2,3.17));
#6435 = VECTOR('',#6436,1.);
#6436 = DIRECTION('',(0.,1.));
#6437 = ( GEOMETRIC_REPRESENTATION_CONTEXT(2) 
PARAMETRIC_REPRESENTATION_CONTEXT() REPRESENTATION_CONTEXT('2D SPACE',''
  ) );
#6438 = ORIENTED_EDGE('',*,*,#6439,.T.);
#6439 = EDGE_CURVE('',#6417,#6393,#6440,.T.);
#6440 = SURFACE_CURVE('',#6441,(#6446,#6453),.PCURVE_S1.);
#6441 = CIRCLE('',#6442,20.07);
#6442 = AXIS2_PLACEMENT_3D('',#6443,#6444,#6445);
#6443 = CARTESIAN_POINT('',(0.,0.,2.2));
#6444 = DIRECTION('',(0.,0.,1.));
#6445 = DIRECTION('',(0.946102801664,-0.323866467364,0.));
#6446 = PCURVE('',#6377,#6447);
#6447 = DEFINITIONAL_REPRESENTATION('',(#6448),#6452);
#6448 = CIRCLE('',#6449,20.07);
#6449 = AXIS2_PLACEMENT_2D('',#6450,#6451);
#6450 = CARTESIAN_POINT('',(-15.97,6.5));
#6451 = DIRECTION('',(0.946102801664,-0.323866467364));
#6452 = ( GEOMETRIC_REPRESENTATION_CONTEXT(2) 
PARAMETRIC_REPRESENTATION_CONTEXT() REPRESENTATION_CONTEXT('2D SPACE',''
  ) );
#6453 = PCURVE('',#246,#6454);
#6454 = DEFINITIONAL_REPRESENTATION('',(#6455),#6459);
#6455 = LINE('',#6456,#6457);
#6456 = CARTESIAN_POINT('',(5.953371932429,4.2));
#6457 = VECTOR('',#6458,1.);
#6458 = DIRECTION('',(1.,0.));
#6459 = ( GEOMETRIC_REPRESENTATION_CONTEXT(2) 
PARAMETRIC_REPRESENTATION_CONTEXT() REPRESENTATION_CONTEXT('2D SPACE',''
  ) );
#6460 = FACE_BOUND('',#6461,.T.);
#6461 = EDGE_LOOP('',(#6462,#6485,#6506,#6527));
#6462 = ORIENTED_EDGE('',*,*,#6463,.T.);
#6463 = EDGE_CURVE('',#6464,#6466,#6468,.T.);
#6464 = VERTEX_POINT('',#6465);
#6465 = CARTESIAN_POINT('',(18.57,-4.4,2.2));
#6466 = VERTEX_POINT('',#6467);
#6467 = CARTESIAN_POINT('',(16.77,-4.4,2.2));
#6468 = SURFACE_CURVE('',#6469,(#6473,#6479),.PCURVE_S1.);
#6469 = LINE('',#6470,#6471);
#6470 = CARTESIAN_POINT('',(16.37,-4.4,2.2));
#6471 = VECTOR('',#6472,1.);
#6472 = DIRECTION('',(-1.,-0.,0.));
#6473 = PCURVE('',#6377,#6474);
#6474 = DEFINITIONAL_REPRESENTATION('',(#6475),#6478);
#6475 = B_SPLINE_CURVE_WITH_KNOTS('',1,(#6476,#6477),.UNSPECIFIED.,.F.,
  .F.,(2,2),(-2.2,-0.4),.PIECEWISE_BEZIER_KNOTS.);
#6476 = CARTESIAN_POINT('',(2.6,2.1));
#6477 = CARTESIAN_POINT('',(0.8,2.1));
#6478 = ( GEOMETRIC_REPRESENTATION_CONTEXT(2) 
PARAMETRIC_REPRESENTATION_CONTEXT() REPRESENTATION_CONTEXT('2D SPACE',''
  ) );
#6479 = PCURVE('',#332,#6480);
#6480 = DEFINITIONAL_REPRESENTATION('',(#6481),#6484);
#6481 = B_SPLINE_CURVE_WITH_KNOTS('',1,(#6482,#6483),.UNSPECIFIED.,.F.,
  .F.,(2,2),(-2.2,-0.4),.PIECEWISE_BEZIER_KNOTS.);
#6482 = CARTESIAN_POINT('',(4.2,1.8));
#6483 = CARTESIAN_POINT('',(4.2,0.));
#6484 = ( GEOMETRIC_REPRESENTATION_CONTEXT(2) 
PARAMETRIC_REPRESENTATION_CONTEXT() REPRESENTATION_CONTEXT('2D SPACE',''
  ) );
#6485 = ORIENTED_EDGE('',*,*,#6486,.T.);
#6486 = EDGE_CURVE('',#6466,#6487,#6489,.T.);
#6487 = VERTEX_POINT('',#6488);
#6488 = CARTESIAN_POINT('',(16.77,4.4,2.2));
#6489 = SURFACE_CURVE('',#6490,(#6494,#6500),.PCURVE_S1.);
#6490 = LINE('',#6491,#6492);
#6491 = CARTESIAN_POINT('',(16.77,-5.45,2.2));
#6492 = VECTOR('',#6493,1.);
#6493 = DIRECTION('',(-0.,1.,0.));
#6494 = PCURVE('',#6377,#6495);
#6495 = DEFINITIONAL_REPRESENTATION('',(#6496),#6499);
#6496 = B_SPLINE_CURVE_WITH_KNOTS('',1,(#6497,#6498),.UNSPECIFIED.,.F.,
  .F.,(2,2),(1.05,9.85),.PIECEWISE_BEZIER_KNOTS.);
#6497 = CARTESIAN_POINT('',(0.8,2.1));
#6498 = CARTESIAN_POINT('',(0.8,10.9));
#6499 = ( GEOMETRIC_REPRESENTATION_CONTEXT(2) 
PARAMETRIC_REPRESENTATION_CONTEXT() REPRESENTATION_CONTEXT('2D SPACE',''
  ) );
#6500 = PCURVE('',#357,#6501);
#6501 = DEFINITIONAL_REPRESENTATION('',(#6502),#6505);
#6502 = B_SPLINE_CURVE_WITH_KNOTS('',1,(#6503,#6504),.UNSPECIFIED.,.F.,
  .F.,(2,2),(1.05,9.85),.PIECEWISE_BEZIER_KNOTS.);
#6503 = CARTESIAN_POINT('',(4.2,0.));
#6504 = CARTESIAN_POINT('',(4.2,-8.8));
#6505 = ( GEOMETRIC_REPRESENTATION_CONTEXT(2) 
PARAMETRIC_REPRESENTATION_CONTEXT() REPRESENTATION_CONTEXT('2D SPACE',''
  ) );
#6506 = ORIENTED_EDGE('',*,*,#6507,.F.);
#6507 = EDGE_CURVE('',#6508,#6487,#6510,.T.);
#6508 = VERTEX_POINT('',#6509);
#6509 = CARTESIAN_POINT('',(18.57,4.4,2.2));
#6510 = SURFACE_CURVE('',#6511,(#6515,#6521),.PCURVE_S1.);
#6511 = LINE('',#6512,#6513);
#6512 = CARTESIAN_POINT('',(16.37,4.4,2.2));
#6513 = VECTOR('',#6514,1.);
#6514 = DIRECTION('',(-1.,-0.,0.));
#6515 = PCURVE('',#6377,#6516);
#6516 = DEFINITIONAL_REPRESENTATION('',(#6517),#6520);
#6517 = B_SPLINE_CURVE_WITH_KNOTS('',1,(#6518,#6519),.UNSPECIFIED.,.F.,
  .F.,(2,2),(-2.2,-0.4),.PIECEWISE_BEZIER_KNOTS.);
#6518 = CARTESIAN_POINT('',(2.6,10.9));
#6519 = CARTESIAN_POINT('',(0.8,10.9));
#6520 = ( GEOMETRIC_REPRESENTATION_CONTEXT(2) 
PARAMETRIC_REPRESENTATION_CONTEXT() REPRESENTATION_CONTEXT('2D SPACE',''
  ) );
#6521 = PCURVE('',#278,#6522);
#6522 = DEFINITIONAL_REPRESENTATION('',(#6523),#6526);
#6523 = B_SPLINE_CURVE_WITH_KNOTS('',1,(#6524,#6525),.UNSPECIFIED.,.F.,
  .F.,(2,2),(-2.2,-0.4),.PIECEWISE_BEZIER_KNOTS.);
#6524 = CARTESIAN_POINT('',(4.2,1.8));
#6525 = CARTESIAN_POINT('',(4.2,0.));
#6526 = ( GEOMETRIC_REPRESENTATION_CONTEXT(2) 
PARAMETRIC_REPRESENTATION_CONTEXT() REPRESENTATION_CONTEXT('2D SPACE',''
  ) );
#6527 = ORIENTED_EDGE('',*,*,#6528,.F.);
#6528 = EDGE_CURVE('',#6464,#6508,#6529,.T.);
#6529 = SURFACE_CURVE('',#6530,(#6534,#6540),.PCURVE_S1.);
#6530 = LINE('',#6531,#6532);
#6531 = CARTESIAN_POINT('',(18.57,-5.45,2.2));
#6532 = VECTOR('',#6533,1.);
#6533 = DIRECTION('',(-0.,1.,0.));
#6534 = PCURVE('',#6377,#6535);
#6535 = DEFINITIONAL_REPRESENTATION('',(#6536),#6539);
#6536 = B_SPLINE_CURVE_WITH_KNOTS('',1,(#6537,#6538),.UNSPECIFIED.,.F.,
  .F.,(2,2),(1.05,9.85),.PIECEWISE_BEZIER_KNOTS.);
#6537 = CARTESIAN_POINT('',(2.6,2.1));
#6538 = CARTESIAN_POINT('',(2.6,10.9));
#6539 = ( GEOMETRIC_REPRESENTATION_CONTEXT(2) 
PARAMETRIC_REPRESENTATION_CONTEXT() REPRESENTATION_CONTEXT('2D SPACE',''
  ) );
#6540 = PCURVE('',#305,#6541);
#6541 = DEFINITIONAL_REPRESENTATION('',(#6542),#6545);
#6542 = B_SPLINE_CURVE_WITH_KNOTS('',1,(#6543,#6544),.UNSPECIFIED.,.F.,
  .F.,(2,2),(1.05,9.85),.PIECEWISE_BEZIER_KNOTS.);
#6543 = CARTESIAN_POINT('',(4.2,0.));
#6544 = CARTESIAN_POINT('',(4.2,-8.8));
#6545 = ( GEOMETRIC_REPRESENTATION_CONTEXT(2) 
PARAMETRIC_REPRESENTATION_CONTEXT() REPRESENTATION_CONTEXT('2D SPACE',''
  ) );
#6546 = ADVANCED_FACE('',(#6547),#442,.T.);
#6547 = FACE_BOUND('',#6548,.T.);
#6548 = EDGE_LOOP('',(#6549,#6570,#6571,#6572));
#6549 = ORIENTED_EDGE('',*,*,#6550,.F.);
#6550 = EDGE_CURVE('',#400,#660,#6551,.T.);
#6551 = SURFACE_CURVE('',#6552,(#6556,#6563),.PCURVE_S1.);
#6552 = LINE('',#6553,#6554);
#6553 = CARTESIAN_POINT('',(-16.77,-4.4,-2.));
#6554 = VECTOR('',#6555,1.);
#6555 = DIRECTION('',(0.,0.,1.));
#6556 = PCURVE('',#442,#6557);
#6557 = DEFINITIONAL_REPRESENTATION('',(#6558),#6562);
#6558 = LINE('',#6559,#6560);
#6559 = CARTESIAN_POINT('',(0.,1.8));
#6560 = VECTOR('',#6561,1.);
#6561 = DIRECTION('',(1.,0.));
#6562 = ( GEOMETRIC_REPRESENTATION_CONTEXT(2) 
PARAMETRIC_REPRESENTATION_CONTEXT() REPRESENTATION_CONTEXT('2D SPACE',''
  ) );
#6563 = PCURVE('',#415,#6564);
#6564 = DEFINITIONAL_REPRESENTATION('',(#6565),#6569);
#6565 = LINE('',#6566,#6567);
#6566 = CARTESIAN_POINT('',(0.,0.));
#6567 = VECTOR('',#6568,1.);
#6568 = DIRECTION('',(1.,0.));
#6569 = ( GEOMETRIC_REPRESENTATION_CONTEXT(2) 
PARAMETRIC_REPRESENTATION_CONTEXT() REPRESENTATION_CONTEXT('2D SPACE',''
  ) );
#6570 = ORIENTED_EDGE('',*,*,#426,.T.);
#6571 = ORIENTED_EDGE('',*,*,#481,.T.);
#6572 = ORIENTED_EDGE('',*,*,#659,.F.);
#6573 = ADVANCED_FACE('',(#6574),#415,.F.);
#6574 = FACE_BOUND('',#6575,.F.);
#6575 = EDGE_LOOP('',(#6576,#6577,#6578,#6599));
#6576 = ORIENTED_EDGE('',*,*,#6550,.F.);
#6577 = ORIENTED_EDGE('',*,*,#399,.T.);
#6578 = ORIENTED_EDGE('',*,*,#6579,.T.);
#6579 = EDGE_CURVE('',#371,#682,#6580,.T.);
#6580 = SURFACE_CURVE('',#6581,(#6585,#6592),.PCURVE_S1.);
#6581 = LINE('',#6582,#6583);
#6582 = CARTESIAN_POINT('',(-16.77,4.4,-2.));
#6583 = VECTOR('',#6584,1.);
#6584 = DIRECTION('',(0.,0.,1.));
#6585 = PCURVE('',#415,#6586);
#6586 = DEFINITIONAL_REPRESENTATION('',(#6587),#6591);
#6587 = LINE('',#6588,#6589);
#6588 = CARTESIAN_POINT('',(0.,-8.8));
#6589 = VECTOR('',#6590,1.);
#6590 = DIRECTION('',(1.,0.));
#6591 = ( GEOMETRIC_REPRESENTATION_CONTEXT(2) 
PARAMETRIC_REPRESENTATION_CONTEXT() REPRESENTATION_CONTEXT('2D SPACE',''
  ) );
#6592 = PCURVE('',#388,#6593);
#6593 = DEFINITIONAL_REPRESENTATION('',(#6594),#6598);
#6594 = LINE('',#6595,#6596);
#6595 = CARTESIAN_POINT('',(0.,1.8));
#6596 = VECTOR('',#6597,1.);
#6597 = DIRECTION('',(1.,0.));
#6598 = ( GEOMETRIC_REPRESENTATION_CONTEXT(2) 
PARAMETRIC_REPRESENTATION_CONTEXT() REPRESENTATION_CONTEXT('2D SPACE',''
  ) );
#6599 = ORIENTED_EDGE('',*,*,#702,.F.);
#6600 = ADVANCED_FACE('',(#6601),#388,.F.);
#6601 = FACE_BOUND('',#6602,.F.);
#6602 = EDGE_LOOP('',(#6603,#6604,#6605,#6606));
#6603 = ORIENTED_EDGE('',*,*,#6579,.F.);
#6604 = ORIENTED_EDGE('',*,*,#370,.T.);
#6605 = ORIENTED_EDGE('',*,*,#505,.T.);
#6606 = ORIENTED_EDGE('',*,*,#681,.F.);
#6607 = ADVANCED_FACE('',(#6608),#357,.T.);
#6608 = FACE_BOUND('',#6609,.T.);
#6609 = EDGE_LOOP('',(#6610,#6631,#6632,#6653));
#6610 = ORIENTED_EDGE('',*,*,#6611,.F.);
#6611 = EDGE_CURVE('',#317,#6466,#6612,.T.);
#6612 = SURFACE_CURVE('',#6613,(#6617,#6624),.PCURVE_S1.);
#6613 = LINE('',#6614,#6615);
#6614 = CARTESIAN_POINT('',(16.77,-4.4,-2.));
#6615 = VECTOR('',#6616,1.);
#6616 = DIRECTION('',(0.,0.,1.));
#6617 = PCURVE('',#357,#6618);
#6618 = DEFINITIONAL_REPRESENTATION('',(#6619),#6623);
#6619 = LINE('',#6620,#6621);
#6620 = CARTESIAN_POINT('',(0.,0.));
#6621 = VECTOR('',#6622,1.);
#6622 = DIRECTION('',(1.,0.));
#6623 = ( GEOMETRIC_REPRESENTATION_CONTEXT(2) 
PARAMETRIC_REPRESENTATION_CONTEXT() REPRESENTATION_CONTEXT('2D SPACE',''
  ) );
#6624 = PCURVE('',#332,#6625);
#6625 = DEFINITIONAL_REPRESENTATION('',(#6626),#6630);
#6626 = LINE('',#6627,#6628);
#6627 = CARTESIAN_POINT('',(0.,0.));
#6628 = VECTOR('',#6629,1.);
#6629 = DIRECTION('',(1.,0.));
#6630 = ( GEOMETRIC_REPRESENTATION_CONTEXT(2) 
PARAMETRIC_REPRESENTATION_CONTEXT() REPRESENTATION_CONTEXT('2D SPACE',''
  ) );
#6631 = ORIENTED_EDGE('',*,*,#343,.T.);
#6632 = ORIENTED_EDGE('',*,*,#6633,.T.);
#6633 = EDGE_CURVE('',#263,#6487,#6634,.T.);
#6634 = SURFACE_CURVE('',#6635,(#6639,#6646),.PCURVE_S1.);
#6635 = LINE('',#6636,#6637);
#6636 = CARTESIAN_POINT('',(16.77,4.4,-2.));
#6637 = VECTOR('',#6638,1.);
#6638 = DIRECTION('',(0.,0.,1.));
#6639 = PCURVE('',#357,#6640);
#6640 = DEFINITIONAL_REPRESENTATION('',(#6641),#6645);
#6641 = LINE('',#6642,#6643);
#6642 = CARTESIAN_POINT('',(0.,-8.8));
#6643 = VECTOR('',#6644,1.);
#6644 = DIRECTION('',(1.,0.));
#6645 = ( GEOMETRIC_REPRESENTATION_CONTEXT(2) 
PARAMETRIC_REPRESENTATION_CONTEXT() REPRESENTATION_CONTEXT('2D SPACE',''
  ) );
#6646 = PCURVE('',#278,#6647);
#6647 = DEFINITIONAL_REPRESENTATION('',(#6648),#6652);
#6648 = LINE('',#6649,#6650);
#6649 = CARTESIAN_POINT('',(0.,0.));
#6650 = VECTOR('',#6651,1.);
#6651 = DIRECTION('',(1.,0.));
#6652 = ( GEOMETRIC_REPRESENTATION_CONTEXT(2) 
PARAMETRIC_REPRESENTATION_CONTEXT() REPRESENTATION_CONTEXT('2D SPACE',''
  ) );
#6653 = ORIENTED_EDGE('',*,*,#6486,.F.);
#6654 = ADVANCED_FACE('',(#6655),#332,.T.);
#6655 = FACE_BOUND('',#6656,.T.);
#6656 = EDGE_LOOP('',(#6657,#6678,#6679,#6680));
#6657 = ORIENTED_EDGE('',*,*,#6658,.F.);
#6658 = EDGE_CURVE('',#290,#6464,#6659,.T.);
#6659 = SURFACE_CURVE('',#6660,(#6664,#6671),.PCURVE_S1.);
#6660 = LINE('',#6661,#6662);
#6661 = CARTESIAN_POINT('',(18.57,-4.4,-2.));
#6662 = VECTOR('',#6663,1.);
#6663 = DIRECTION('',(0.,0.,1.));
#6664 = PCURVE('',#332,#6665);
#6665 = DEFINITIONAL_REPRESENTATION('',(#6666),#6670);
#6666 = LINE('',#6667,#6668);
#6667 = CARTESIAN_POINT('',(0.,1.8));
#6668 = VECTOR('',#6669,1.);
#6669 = DIRECTION('',(1.,0.));
#6670 = ( GEOMETRIC_REPRESENTATION_CONTEXT(2) 
PARAMETRIC_REPRESENTATION_CONTEXT() REPRESENTATION_CONTEXT('2D SPACE',''
  ) );
#6671 = PCURVE('',#305,#6672);
#6672 = DEFINITIONAL_REPRESENTATION('',(#6673),#6677);
#6673 = LINE('',#6674,#6675);
#6674 = CARTESIAN_POINT('',(0.,0.));
#6675 = VECTOR('',#6676,1.);
#6676 = DIRECTION('',(1.,0.));
#6677 = ( GEOMETRIC_REPRESENTATION_CONTEXT(2) 
PARAMETRIC_REPRESENTATION_CONTEXT() REPRESENTATION_CONTEXT('2D SPACE',''
  ) );
#6678 = ORIENTED_EDGE('',*,*,#316,.T.);
#6679 = ORIENTED_EDGE('',*,*,#6611,.T.);
#6680 = ORIENTED_EDGE('',*,*,#6463,.F.);
#6681 = ADVANCED_FACE('',(#6682),#305,.F.);
#6682 = FACE_BOUND('',#6683,.F.);
#6683 = EDGE_LOOP('',(#6684,#6685,#6686,#6707));
#6684 = ORIENTED_EDGE('',*,*,#6658,.F.);
#6685 = ORIENTED_EDGE('',*,*,#289,.T.);
#6686 = ORIENTED_EDGE('',*,*,#6687,.T.);
#6687 = EDGE_CURVE('',#261,#6508,#6688,.T.);
#6688 = SURFACE_CURVE('',#6689,(#6693,#6700),.PCURVE_S1.);
#6689 = LINE('',#6690,#6691);
#6690 = CARTESIAN_POINT('',(18.57,4.4,-2.));
#6691 = VECTOR('',#6692,1.);
#6692 = DIRECTION('',(0.,0.,1.));
#6693 = PCURVE('',#305,#6694);
#6694 = DEFINITIONAL_REPRESENTATION('',(#6695),#6699);
#6695 = LINE('',#6696,#6697);
#6696 = CARTESIAN_POINT('',(0.,-8.8));
#6697 = VECTOR('',#6698,1.);
#6698 = DIRECTION('',(1.,0.));
#6699 = ( GEOMETRIC_REPRESENTATION_CONTEXT(2) 
PARAMETRIC_REPRESENTATION_CONTEXT() REPRESENTATION_CONTEXT('2D SPACE',''
  ) );
#6700 = PCURVE('',#278,#6701);
#6701 = DEFINITIONAL_REPRESENTATION('',(#6702),#6706);
#6702 = LINE('',#6703,#6704);
#6703 = CARTESIAN_POINT('',(0.,1.8));
#6704 = VECTOR('',#6705,1.);
#6705 = DIRECTION('',(1.,0.));
#6706 = ( GEOMETRIC_REPRESENTATION_CONTEXT(2) 
PARAMETRIC_REPRESENTATION_CONTEXT() REPRESENTATION_CONTEXT('2D SPACE',''
  ) );
#6707 = ORIENTED_EDGE('',*,*,#6528,.F.);
#6708 = ADVANCED_FACE('',(#6709),#278,.F.);
#6709 = FACE_BOUND('',#6710,.F.);
#6710 = EDGE_LOOP('',(#6711,#6712,#6713,#6714));
#6711 = ORIENTED_EDGE('',*,*,#6687,.F.);
#6712 = ORIENTED_EDGE('',*,*,#260,.T.);
#6713 = ORIENTED_EDGE('',*,*,#6633,.T.);
#6714 = ORIENTED_EDGE('',*,*,#6507,.F.);
#6715 = ADVANCED_FACE('',(#6716),#246,.T.);
#6716 = FACE_BOUND('',#6717,.T.);
#6717 = EDGE_LOOP('',(#6718,#6719,#6739,#6740));
#6718 = ORIENTED_EDGE('',*,*,#227,.F.);
#6719 = ORIENTED_EDGE('',*,*,#6720,.T.);
#6720 = EDGE_CURVE('',#22,#6393,#6721,.T.);
#6721 = SURFACE_CURVE('',#6722,(#6726,#6732),.PCURVE_S1.);
#6722 = LINE('',#6723,#6724);
#6723 = CARTESIAN_POINT('',(18.988283229402,6.5,-2.));
#6724 = VECTOR('',#6725,1.);
#6725 = DIRECTION('',(0.,0.,1.));
#6726 = PCURVE('',#246,#6727);
#6727 = DEFINITIONAL_REPRESENTATION('',(#6728),#6731);
#6728 = B_SPLINE_CURVE_WITH_KNOTS('',1,(#6729,#6730),.UNSPECIFIED.,.F.,
  .F.,(2,2),(1.,4.2),.PIECEWISE_BEZIER_KNOTS.);
#6729 = CARTESIAN_POINT('',(6.61299868193,1.));
#6730 = CARTESIAN_POINT('',(6.61299868193,4.2));
#6731 = ( GEOMETRIC_REPRESENTATION_CONTEXT(2) 
PARAMETRIC_REPRESENTATION_CONTEXT() REPRESENTATION_CONTEXT('2D SPACE',''
  ) );
#6732 = PCURVE('',#44,#6733);
#6733 = DEFINITIONAL_REPRESENTATION('',(#6734),#6738);
#6734 = LINE('',#6735,#6736);
#6735 = CARTESIAN_POINT('',(-1.,6.188283229402));
#6736 = VECTOR('',#6737,1.);
#6737 = DIRECTION('',(1.,0.));
#6738 = ( GEOMETRIC_REPRESENTATION_CONTEXT(2) 
PARAMETRIC_REPRESENTATION_CONTEXT() REPRESENTATION_CONTEXT('2D SPACE',''
  ) );
#6739 = ORIENTED_EDGE('',*,*,#6439,.F.);
#6740 = ORIENTED_EDGE('',*,*,#6741,.F.);
#6741 = EDGE_CURVE('',#200,#6417,#6742,.T.);
#6742 = SURFACE_CURVE('',#6743,(#6747,#6753),.PCURVE_S1.);
#6743 = LINE('',#6744,#6745);
#6744 = CARTESIAN_POINT('',(18.988283229402,-6.5,-2.));
#6745 = VECTOR('',#6746,1.);
#6746 = DIRECTION('',(0.,0.,1.));
#6747 = PCURVE('',#246,#6748);
#6748 = DEFINITIONAL_REPRESENTATION('',(#6749),#6752);
#6749 = B_SPLINE_CURVE_WITH_KNOTS('',1,(#6750,#6751),.UNSPECIFIED.,.F.,
  .F.,(2,2),(1.,4.2),.PIECEWISE_BEZIER_KNOTS.);
#6750 = CARTESIAN_POINT('',(5.953371932429,1.));
#6751 = CARTESIAN_POINT('',(5.953371932429,4.2));
#6752 = ( GEOMETRIC_REPRESENTATION_CONTEXT(2) 
PARAMETRIC_REPRESENTATION_CONTEXT() REPRESENTATION_CONTEXT('2D SPACE',''
  ) );
#6753 = PCURVE('',#215,#6754);
#6754 = DEFINITIONAL_REPRESENTATION('',(#6755),#6759);
#6755 = LINE('',#6756,#6757);
#6756 = CARTESIAN_POINT('',(-1.,6.188283229402));
#6757 = VECTOR('',#6758,1.);
#6758 = DIRECTION('',(1.,0.));
#6759 = ( GEOMETRIC_REPRESENTATION_CONTEXT(2) 
PARAMETRIC_REPRESENTATION_CONTEXT() REPRESENTATION_CONTEXT('2D SPACE',''
  ) );
#6760 = ADVANCED_FACE('',(#6761),#215,.F.);
#6761 = FACE_BOUND('',#6762,.F.);
#6762 = EDGE_LOOP('',(#6763,#6764,#6783,#6784,#6785,#6786));
#6763 = ORIENTED_EDGE('',*,*,#199,.F.);
#6764 = ORIENTED_EDGE('',*,*,#6765,.T.);
#6765 = EDGE_CURVE('',#171,#895,#6766,.T.);
#6766 = SURFACE_CURVE('',#6767,(#6771,#6777),.PCURVE_S1.);
#6767 = LINE('',#6768,#6769);
#6768 = CARTESIAN_POINT('',(14.587354112381,-6.5,-1.));
#6769 = VECTOR('',#6770,1.);
#6770 = DIRECTION('',(0.,0.,1.));
#6771 = PCURVE('',#215,#6772);
#6772 = DEFINITIONAL_REPRESENTATION('',(#6773),#6776);
#6773 = B_SPLINE_CURVE_WITH_KNOTS('',1,(#6774,#6775),.UNSPECIFIED.,.F.,
  .F.,(2,2),(-2.400000000069E-06,1.2000024),.PIECEWISE_BEZIER_KNOTS.);
#6774 = CARTESIAN_POINT('',(-2.400000000069E-06,1.787354112381));
#6775 = CARTESIAN_POINT('',(1.2000024,1.787354112381));
#6776 = ( GEOMETRIC_REPRESENTATION_CONTEXT(2) 
PARAMETRIC_REPRESENTATION_CONTEXT() REPRESENTATION_CONTEXT('2D SPACE',''
  ) );
#6777 = PCURVE('',#187,#6778);
#6778 = DEFINITIONAL_REPRESENTATION('',(#6779),#6782);
#6779 = B_SPLINE_CURVE_WITH_KNOTS('',1,(#6780,#6781),.UNSPECIFIED.,.F.,
  .F.,(2,2),(-2.400000000069E-06,1.2000024),.PIECEWISE_BEZIER_KNOTS.);
#6780 = CARTESIAN_POINT('',(5.864003592166,-2.400000000069E-06));
#6781 = CARTESIAN_POINT('',(5.864003592166,1.2000024));
#6782 = ( GEOMETRIC_REPRESENTATION_CONTEXT(2) 
PARAMETRIC_REPRESENTATION_CONTEXT() REPRESENTATION_CONTEXT('2D SPACE',''
  ) );
#6783 = ORIENTED_EDGE('',*,*,#918,.T.);
#6784 = ORIENTED_EDGE('',*,*,#6316,.T.);
#6785 = ORIENTED_EDGE('',*,*,#6416,.T.);
#6786 = ORIENTED_EDGE('',*,*,#6741,.F.);
#6787 = ADVANCED_FACE('',(#6788),#187,.T.);
#6788 = FACE_BOUND('',#6789,.T.);
#6789 = EDGE_LOOP('',(#6790,#6791,#6792,#6811));
#6790 = ORIENTED_EDGE('',*,*,#6765,.T.);
#6791 = ORIENTED_EDGE('',*,*,#894,.F.);
#6792 = ORIENTED_EDGE('',*,*,#6793,.F.);
#6793 = EDGE_CURVE('',#143,#872,#6794,.T.);
#6794 = SURFACE_CURVE('',#6795,(#6799,#6805),.PCURVE_S1.);
#6795 = LINE('',#6796,#6797);
#6796 = CARTESIAN_POINT('',(-14.58735411238,-6.5,-1.));
#6797 = VECTOR('',#6798,1.);
#6798 = DIRECTION('',(0.,0.,1.));
#6799 = PCURVE('',#187,#6800);
#6800 = DEFINITIONAL_REPRESENTATION('',(#6801),#6804);
#6801 = B_SPLINE_CURVE_WITH_KNOTS('',1,(#6802,#6803),.UNSPECIFIED.,.F.,
  .F.,(2,2),(-2.400000000069E-06,1.2000024),.PIECEWISE_BEZIER_KNOTS.);
#6802 = CARTESIAN_POINT('',(3.560774368603,-2.400000000069E-06));
#6803 = CARTESIAN_POINT('',(3.560774368603,1.2000024));
#6804 = ( GEOMETRIC_REPRESENTATION_CONTEXT(2) 
PARAMETRIC_REPRESENTATION_CONTEXT() REPRESENTATION_CONTEXT('2D SPACE',''
  ) );
#6805 = PCURVE('',#158,#6806);
#6806 = DEFINITIONAL_REPRESENTATION('',(#6807),#6810);
#6807 = B_SPLINE_CURVE_WITH_KNOTS('',1,(#6808,#6809),.UNSPECIFIED.,.F.,
  .F.,(2,2),(-2.400000000069E-06,1.2000024),.PIECEWISE_BEZIER_KNOTS.);
#6808 = CARTESIAN_POINT('',(-2.400000000069E-06,1.382645887619));
#6809 = CARTESIAN_POINT('',(1.2000024,1.382645887619));
#6810 = ( GEOMETRIC_REPRESENTATION_CONTEXT(2) 
PARAMETRIC_REPRESENTATION_CONTEXT() REPRESENTATION_CONTEXT('2D SPACE',''
  ) );
#6811 = ORIENTED_EDGE('',*,*,#170,.T.);
#6812 = ADVANCED_FACE('',(#6813),#158,.F.);
#6813 = FACE_BOUND('',#6814,.F.);
#6814 = EDGE_LOOP('',(#6815,#6816,#6836,#6837,#6838,#6839));
#6815 = ORIENTED_EDGE('',*,*,#142,.F.);
#6816 = ORIENTED_EDGE('',*,*,#6817,.T.);
#6817 = EDGE_CURVE('',#114,#581,#6818,.T.);
#6818 = SURFACE_CURVE('',#6819,(#6823,#6830),.PCURVE_S1.);
#6819 = LINE('',#6820,#6821);
#6820 = CARTESIAN_POINT('',(-18.9882832294,-6.5,-2.));
#6821 = VECTOR('',#6822,1.);
#6822 = DIRECTION('',(0.,0.,1.));
#6823 = PCURVE('',#158,#6824);
#6824 = DEFINITIONAL_REPRESENTATION('',(#6825),#6829);
#6825 = LINE('',#6826,#6827);
#6826 = CARTESIAN_POINT('',(-1.,-3.018283229402));
#6827 = VECTOR('',#6828,1.);
#6828 = DIRECTION('',(1.,0.));
#6829 = ( GEOMETRIC_REPRESENTATION_CONTEXT(2) 
PARAMETRIC_REPRESENTATION_CONTEXT() REPRESENTATION_CONTEXT('2D SPACE',''
  ) );
#6830 = PCURVE('',#130,#6831);
#6831 = DEFINITIONAL_REPRESENTATION('',(#6832),#6835);
#6832 = B_SPLINE_CURVE_WITH_KNOTS('',1,(#6833,#6834),.UNSPECIFIED.,.F.,
  .F.,(2,2),(0.68,4.52),.PIECEWISE_BEZIER_KNOTS.);
#6833 = CARTESIAN_POINT('',(3.47140602834,0.68));
#6834 = CARTESIAN_POINT('',(3.47140602834,4.52));
#6835 = ( GEOMETRIC_REPRESENTATION_CONTEXT(2) 
PARAMETRIC_REPRESENTATION_CONTEXT() REPRESENTATION_CONTEXT('2D SPACE',''
  ) );
#6836 = ORIENTED_EDGE('',*,*,#608,.T.);
#6837 = ORIENTED_EDGE('',*,*,#724,.F.);
#6838 = ORIENTED_EDGE('',*,*,#871,.T.);
#6839 = ORIENTED_EDGE('',*,*,#6793,.F.);
#6840 = ADVANCED_FACE('',(#6841),#130,.T.);
#6841 = FACE_BOUND('',#6842,.T.);
#6842 = EDGE_LOOP('',(#6843,#6844,#6845,#6846));
#6843 = ORIENTED_EDGE('',*,*,#113,.T.);
#6844 = ORIENTED_EDGE('',*,*,#6817,.T.);
#6845 = ORIENTED_EDGE('',*,*,#580,.T.);
#6846 = ORIENTED_EDGE('',*,*,#6847,.F.);
#6847 = EDGE_CURVE('',#86,#556,#6848,.T.);
#6848 = SURFACE_CURVE('',#6849,(#6853,#6859),.PCURVE_S1.);
#6849 = LINE('',#6850,#6851);
#6850 = CARTESIAN_POINT('',(-18.9882832294,6.5,-2.));
#6851 = VECTOR('',#6852,1.);
#6852 = DIRECTION('',(0.,0.,1.));
#6853 = PCURVE('',#130,#6854);
#6854 = DEFINITIONAL_REPRESENTATION('',(#6855),#6858);
#6855 = B_SPLINE_CURVE_WITH_KNOTS('',1,(#6856,#6857),.UNSPECIFIED.,.F.,
  .F.,(2,2),(0.68,4.52),.PIECEWISE_BEZIER_KNOTS.);
#6856 = CARTESIAN_POINT('',(2.81177927884,0.68));
#6857 = CARTESIAN_POINT('',(2.81177927884,4.52));
#6858 = ( GEOMETRIC_REPRESENTATION_CONTEXT(2) 
PARAMETRIC_REPRESENTATION_CONTEXT() REPRESENTATION_CONTEXT('2D SPACE',''
  ) );
#6859 = PCURVE('',#101,#6860);
#6860 = DEFINITIONAL_REPRESENTATION('',(#6861),#6865);
#6861 = LINE('',#6862,#6863);
#6862 = CARTESIAN_POINT('',(-1.,-3.018283229402));
#6863 = VECTOR('',#6864,1.);
#6864 = DIRECTION('',(1.,0.));
#6865 = ( GEOMETRIC_REPRESENTATION_CONTEXT(2) 
PARAMETRIC_REPRESENTATION_CONTEXT() REPRESENTATION_CONTEXT('2D SPACE',''
  ) );
#6866 = ADVANCED_FACE('',(#6867),#101,.T.);
#6867 = FACE_BOUND('',#6868,.T.);
#6868 = EDGE_LOOP('',(#6869,#6888,#6889,#6890,#6891,#6892));
#6869 = ORIENTED_EDGE('',*,*,#6870,.F.);
#6870 = EDGE_CURVE('',#57,#826,#6871,.T.);
#6871 = SURFACE_CURVE('',#6872,(#6876,#6882),.PCURVE_S1.);
#6872 = LINE('',#6873,#6874);
#6873 = CARTESIAN_POINT('',(-14.58735411238,6.5,-1.));
#6874 = VECTOR('',#6875,1.);
#6875 = DIRECTION('',(0.,0.,1.));
#6876 = PCURVE('',#101,#6877);
#6877 = DEFINITIONAL_REPRESENTATION('',(#6878),#6881);
#6878 = B_SPLINE_CURVE_WITH_KNOTS('',1,(#6879,#6880),.UNSPECIFIED.,.F.,
  .F.,(2,2),(-2.400000000069E-06,1.2000024),.PIECEWISE_BEZIER_KNOTS.);
#6879 = CARTESIAN_POINT('',(-2.400000000069E-06,1.382645887619));
#6880 = CARTESIAN_POINT('',(1.2000024,1.382645887619));
#6881 = ( GEOMETRIC_REPRESENTATION_CONTEXT(2) 
PARAMETRIC_REPRESENTATION_CONTEXT() REPRESENTATION_CONTEXT('2D SPACE',''
  ) );
#6882 = PCURVE('',#73,#6883);
#6883 = DEFINITIONAL_REPRESENTATION('',(#6884),#6887);
#6884 = B_SPLINE_CURVE_WITH_KNOTS('',1,(#6885,#6886),.UNSPECIFIED.,.F.,
  .F.,(2,2),(-2.400000000069E-06,1.2000024),.PIECEWISE_BEZIER_KNOTS.);
#6885 = CARTESIAN_POINT('',(2.722410938576,-2.400000000069E-06));
#6886 = CARTESIAN_POINT('',(2.722410938576,1.2000024));
#6887 = ( GEOMETRIC_REPRESENTATION_CONTEXT(2) 
PARAMETRIC_REPRESENTATION_CONTEXT() REPRESENTATION_CONTEXT('2D SPACE',''
  ) );
#6888 = ORIENTED_EDGE('',*,*,#85,.T.);
#6889 = ORIENTED_EDGE('',*,*,#6847,.T.);
#6890 = ORIENTED_EDGE('',*,*,#555,.T.);
#6891 = ORIENTED_EDGE('',*,*,#775,.F.);
#6892 = ORIENTED_EDGE('',*,*,#849,.T.);
#6893 = ADVANCED_FACE('',(#6894),#73,.T.);
#6894 = FACE_BOUND('',#6895,.T.);
#6895 = EDGE_LOOP('',(#6896,#6897,#6916,#6917));
#6896 = ORIENTED_EDGE('',*,*,#825,.F.);
#6897 = ORIENTED_EDGE('',*,*,#6898,.F.);
#6898 = EDGE_CURVE('',#24,#801,#6899,.T.);
#6899 = SURFACE_CURVE('',#6900,(#6904,#6910),.PCURVE_S1.);
#6900 = LINE('',#6901,#6902);
#6901 = CARTESIAN_POINT('',(14.587354112381,6.5,-1.));
#6902 = VECTOR('',#6903,1.);
#6903 = DIRECTION('',(0.,0.,1.));
#6904 = PCURVE('',#73,#6905);
#6905 = DEFINITIONAL_REPRESENTATION('',(#6906),#6909);
#6906 = B_SPLINE_CURVE_WITH_KNOTS('',1,(#6907,#6908),.UNSPECIFIED.,.F.,
  .F.,(2,2),(-2.400000000069E-06,1.2000024),.PIECEWISE_BEZIER_KNOTS.);
#6907 = CARTESIAN_POINT('',(0.419181715014,-2.400000000069E-06));
#6908 = CARTESIAN_POINT('',(0.419181715014,1.2000024));
#6909 = ( GEOMETRIC_REPRESENTATION_CONTEXT(2) 
PARAMETRIC_REPRESENTATION_CONTEXT() REPRESENTATION_CONTEXT('2D SPACE',''
  ) );
#6910 = PCURVE('',#44,#6911);
#6911 = DEFINITIONAL_REPRESENTATION('',(#6912),#6915);
#6912 = B_SPLINE_CURVE_WITH_KNOTS('',1,(#6913,#6914),.UNSPECIFIED.,.F.,
  .F.,(2,2),(-2.400000000069E-06,1.2000024),.PIECEWISE_BEZIER_KNOTS.);
#6913 = CARTESIAN_POINT('',(-2.400000000069E-06,1.787354112381));
#6914 = CARTESIAN_POINT('',(1.2000024,1.787354112381));
#6915 = ( GEOMETRIC_REPRESENTATION_CONTEXT(2) 
PARAMETRIC_REPRESENTATION_CONTEXT() REPRESENTATION_CONTEXT('2D SPACE',''
  ) );
#6916 = ORIENTED_EDGE('',*,*,#56,.T.);
#6917 = ORIENTED_EDGE('',*,*,#6870,.T.);
#6918 = ADVANCED_FACE('',(#6919),#44,.T.);
#6919 = FACE_BOUND('',#6920,.T.);
#6920 = EDGE_LOOP('',(#6921,#6922,#6923,#6924,#6925,#6926));
#6921 = ORIENTED_EDGE('',*,*,#6898,.T.);
#6922 = ORIENTED_EDGE('',*,*,#800,.T.);
#6923 = ORIENTED_EDGE('',*,*,#6340,.T.);
#6924 = ORIENTED_EDGE('',*,*,#6392,.T.);
#6925 = ORIENTED_EDGE('',*,*,#6720,.F.);
#6926 = ORIENTED_EDGE('',*,*,#21,.T.);
#6927 = ( GEOMETRIC_REPRESENTATION_CONTEXT(3) 
GLOBAL_UNCERTAINTY_ASSIGNED_CONTEXT((#6931)) 
GLOBAL_UNIT_ASSIGNED_CONTEXT((#6928,#6929,#6930)) REPRESENTATION_CONTEXT
('Context #1','3D Context with UNIT and UNCERTAINTY') );
#6928 = ( LENGTH_UNIT() NAMED_UNIT(*) SI_UNIT(.MILLI.,.METRE.) );
#6929 = ( NAMED_UNIT(*) PLANE_ANGLE_UNIT() SI_UNIT($,.RADIAN.) );
#6930 = ( NAMED_UNIT(*) SI_UNIT($,.STERADIAN.) SOLID_ANGLE_UNIT() );
#6931 = UNCERTAINTY_MEASURE_WITH_UNIT(LENGTH_MEASURE(1.E-06),#6928,
  'distance_accuracy_value','confusion accuracy');
#6932 = PRODUCT_RELATED_PRODUCT_CATEGORY('part',$,(#7));
ENDSEC;
END-ISO-10303-21;
