ISO-10303-21;
HEADER;
FILE_DESCRIPTION(('Open CASCADE Model'),'2;1');
FILE_NAME('Open CASCADE Shape Model','2026-09-01T07:35:42',('Author'),(
    'Open CASCADE'),'Open CASCADE STEP processor 7.9','build123d',
  'Unknown');
FILE_SCHEMA(('AUTOMOTIVE_DESIGN { 1 0 10303 214 1 1 1 1 }'));
ENDSEC;
DATA;
#1 = APPLICATION_PROTOCOL_DEFINITION('international standard',
  'automotive_design',2000,#2);
#2 = APPLICATION_CONTEXT(
  'core data for automotive mechanical design processes');
#3 = SHAPE_DEFINITION_REPRESENTATION(#4,#10);
#4 = PRODUCT_DEFINITION_SHAPE('','',#5);
#5 = PRODUCT_DEFINITION('design','',#6,#9);
#6 = PRODUCT_DEFINITION_FORMATION('','',#7);
#7 = PRODUCT('COMPOUND','COMPOUND','',(#8));
#8 = PRODUCT_CONTEXT('',#2,'mechanical');
#9 = PRODUCT_DEFINITION_CONTEXT('part definition',#2,'design');
#10 = ADVANCED_BREP_SHAPE_REPRESENTATION('',(#11,#15),#8819);
#11 = AXIS2_PLACEMENT_3D('',#12,#13,#14);
#12 = CARTESIAN_POINT('',(0.,0.,0.));
#13 = DIRECTION('',(0.,0.,1.));
#14 = DIRECTION('',(1.,0.,-0.));
#15 = MANIFOLD_SOLID_BREP('',#16);
#16 = CLOSED_SHELL('',(#17,#135,#566,#614,#1013,#1038,#1063,#1088,#1113,
    #1138,#1163,#1188,#1213,#1238,#1263,#1288,#1313,#1338,#1345,#2208,
    #2433,#3994,#4283,#4289,#4323,#4512,#4517,#4522,#4555,#4785,#4790,
    #4795,#4855,#6941,#7175,#7180,#7185,#7190,#7195,#7200,#7205,#7210,
    #7215,#7220,#7253,#7482,#7487,#7492,#7517,#7542,#7577,#7811,#7816,
    #7821,#7826,#7859,#8055,#8186,#8363,#8368,#8373,#8378,#8383,#8388,
    #8393,#8398,#8403,#8408,#8413,#8418,#8443,#8498,#8558,#8565,#8600,
    #8655,#8690,#8745,#8780,#8815));
#17 = ADVANCED_FACE('',(#18),#33,.T.);
#18 = FACE_BOUND('',#19,.T.);
#19 = EDGE_LOOP('',(#20,#56,#82,#111));
#20 = ORIENTED_EDGE('',*,*,#21,.F.);
#21 = EDGE_CURVE('',#22,#24,#26,.T.);
#22 = VERTEX_POINT('',#23);
#23 = CARTESIAN_POINT('',(15.951381425233,0.770928418668,7.7));
#24 = VERTEX_POINT('',#25);
#25 = CARTESIAN_POINT('',(11.824458687726,10.734201262426,7.7));
#26 = SURFACE_CURVE('',#27,(#32,#44),.PCURVE_S1.);
#27 = CIRCLE('',#28,15.97);
#28 = AXIS2_PLACEMENT_3D('',#29,#30,#31);
#29 = CARTESIAN_POINT('',(0.,0.,7.7));
#30 = DIRECTION('',(0.,0.,1.));
#31 = DIRECTION('',(1.,0.,-0.));
#32 = PCURVE('',#33,#38);
#33 = CYLINDRICAL_SURFACE('',#34,15.97);
#34 = AXIS2_PLACEMENT_3D('',#35,#36,#37);
#35 = CARTESIAN_POINT('',(0.,0.,0.2));
#36 = DIRECTION('',(0.,0.,1.));
#37 = DIRECTION('',(1.,0.,-0.));
#38 = DEFINITIONAL_REPRESENTATION('',(#39),#43);
#39 = LINE('',#40,#41);
#40 = CARTESIAN_POINT('',(0.,7.5));
#41 = VECTOR('',#42,1.);
#42 = DIRECTION('',(1.,0.));
#43 = ( GEOMETRIC_REPRESENTATION_CONTEXT(2) 
PARAMETRIC_REPRESENTATION_CONTEXT() REPRESENTATION_CONTEXT('2D SPACE',''
  ) );
#44 = PCURVE('',#45,#50);
#45 = PLANE('',#46);
#46 = AXIS2_PLACEMENT_3D('',#47,#48,#49);
#47 = CARTESIAN_POINT('',(0.,0.,7.7));
#48 = DIRECTION('',(0.,0.,1.));
#49 = DIRECTION('',(1.,0.,-0.));
#50 = DEFINITIONAL_REPRESENTATION('',(#51),#55);
#51 = CIRCLE('',#52,15.97);
#52 = AXIS2_PLACEMENT_2D('',#53,#54);
#53 = CARTESIAN_POINT('',(0.,0.));
#54 = DIRECTION('',(1.,0.));
#55 = ( GEOMETRIC_REPRESENTATION_CONTEXT(2) 
PARAMETRIC_REPRESENTATION_CONTEXT() REPRESENTATION_CONTEXT('2D SPACE',''
  ) );
#56 = ORIENTED_EDGE('',*,*,#57,.F.);
#57 = EDGE_CURVE('',#58,#22,#60,.T.);
#58 = VERTEX_POINT('',#59);
#59 = CARTESIAN_POINT('',(15.951381425233,0.770928418668,0.2));
#60 = SURFACE_CURVE('',#61,(#65,#71),.PCURVE_S1.);
#61 = LINE('',#62,#63);
#62 = CARTESIAN_POINT('',(15.951381425234,0.770928418669,0.2));
#63 = VECTOR('',#64,1.);
#64 = DIRECTION('',(0.,0.,1.));
#65 = PCURVE('',#33,#66);
#66 = DEFINITIONAL_REPRESENTATION('',(#67),#70);
#67 = B_SPLINE_CURVE_WITH_KNOTS('',1,(#68,#69),.UNSPECIFIED.,.F.,.F.,(2,
    2),(-5.999999999895E-07,7.5000006),.PIECEWISE_BEZIER_KNOTS.);
#68 = CARTESIAN_POINT('',(4.829230765706E-02,-5.999999999895E-07));
#69 = CARTESIAN_POINT('',(4.829230765706E-02,7.5000006));
#70 = ( GEOMETRIC_REPRESENTATION_CONTEXT(2) 
PARAMETRIC_REPRESENTATION_CONTEXT() REPRESENTATION_CONTEXT('2D SPACE',''
  ) );
#71 = PCURVE('',#72,#77);
#72 = CYLINDRICAL_SURFACE('',#73,1.4);
#73 = AXIS2_PLACEMENT_3D('',#74,#75,#76);
#74 = CARTESIAN_POINT('',(17.12,0.,0.2));
#75 = DIRECTION('',(0.,0.,1.));
#76 = DIRECTION('',(1.,0.,-0.));
#77 = DEFINITIONAL_REPRESENTATION('',(#78),#81);
#78 = B_SPLINE_CURVE_WITH_KNOTS('',1,(#79,#80),.UNSPECIFIED.,.F.,.F.,(2,
    2),(-5.999999999895E-07,7.5000006),.PIECEWISE_BEZIER_KNOTS.);
#79 = CARTESIAN_POINT('',(2.558434165465,-5.999999999895E-07));
#80 = CARTESIAN_POINT('',(2.558434165465,7.5000006));
#81 = ( GEOMETRIC_REPRESENTATION_CONTEXT(2) 
PARAMETRIC_REPRESENTATION_CONTEXT() REPRESENTATION_CONTEXT('2D SPACE',''
  ) );
#82 = ORIENTED_EDGE('',*,*,#83,.T.);
#83 = EDGE_CURVE('',#58,#84,#86,.T.);
#84 = VERTEX_POINT('',#85);
#85 = CARTESIAN_POINT('',(11.824458687726,10.734201262426,0.2));
#86 = SURFACE_CURVE('',#87,(#92,#99),.PCURVE_S1.);
#87 = CIRCLE('',#88,15.97);
#88 = AXIS2_PLACEMENT_3D('',#89,#90,#91);
#89 = CARTESIAN_POINT('',(0.,0.,0.2));
#90 = DIRECTION('',(0.,0.,1.));
#91 = DIRECTION('',(1.,0.,-0.));
#92 = PCURVE('',#33,#93);
#93 = DEFINITIONAL_REPRESENTATION('',(#94),#98);
#94 = LINE('',#95,#96);
#95 = CARTESIAN_POINT('',(0.,0.));
#96 = VECTOR('',#97,1.);
#97 = DIRECTION('',(1.,0.));
#98 = ( GEOMETRIC_REPRESENTATION_CONTEXT(2) 
PARAMETRIC_REPRESENTATION_CONTEXT() REPRESENTATION_CONTEXT('2D SPACE',''
  ) );
#99 = PCURVE('',#100,#105);
#100 = PLANE('',#101);
#101 = AXIS2_PLACEMENT_3D('',#102,#103,#104);
#102 = CARTESIAN_POINT('',(0.,0.,0.2));
#103 = DIRECTION('',(0.,0.,1.));
#104 = DIRECTION('',(1.,0.,-0.));
#105 = DEFINITIONAL_REPRESENTATION('',(#106),#110);
#106 = CIRCLE('',#107,15.97);
#107 = AXIS2_PLACEMENT_2D('',#108,#109);
#108 = CARTESIAN_POINT('',(0.,0.));
#109 = DIRECTION('',(1.,0.));
#110 = ( GEOMETRIC_REPRESENTATION_CONTEXT(2) 
PARAMETRIC_REPRESENTATION_CONTEXT() REPRESENTATION_CONTEXT('2D SPACE',''
  ) );
#111 = ORIENTED_EDGE('',*,*,#112,.T.);
#112 = EDGE_CURVE('',#84,#24,#113,.T.);
#113 = SURFACE_CURVE('',#114,(#118,#124),.PCURVE_S1.);
#114 = LINE('',#115,#116);
#115 = CARTESIAN_POINT('',(11.824458687726,10.734201262426,0.2));
#116 = VECTOR('',#117,1.);
#117 = DIRECTION('',(0.,0.,1.));
#118 = PCURVE('',#33,#119);
#119 = DEFINITIONAL_REPRESENTATION('',(#120),#123);
#120 = B_SPLINE_CURVE_WITH_KNOTS('',1,(#121,#122),.UNSPECIFIED.,.F.,.F.,
  (2,2),(-5.999999999895E-07,7.5000006),.PIECEWISE_BEZIER_KNOTS.);
#121 = CARTESIAN_POINT('',(0.73710585574,-5.999999999895E-07));
#122 = CARTESIAN_POINT('',(0.73710585574,7.5000006));
#123 = ( GEOMETRIC_REPRESENTATION_CONTEXT(2) 
PARAMETRIC_REPRESENTATION_CONTEXT() REPRESENTATION_CONTEXT('2D SPACE',''
  ) );
#124 = PCURVE('',#125,#130);
#125 = CYLINDRICAL_SURFACE('',#126,1.4);
#126 = AXIS2_PLACEMENT_3D('',#127,#128,#129);
#127 = CARTESIAN_POINT('',(12.105668093914,12.105668093914,0.2));
#128 = DIRECTION('',(0.,0.,1.));
#129 = DIRECTION('',(1.,0.,-0.));
#130 = DEFINITIONAL_REPRESENTATION('',(#131),#134);
#131 = B_SPLINE_CURVE_WITH_KNOTS('',1,(#132,#133),.UNSPECIFIED.,.F.,.F.,
  (2,2),(-5.999999999895E-07,7.5000006),.PIECEWISE_BEZIER_KNOTS.);
#132 = CARTESIAN_POINT('',(4.510149305112,-5.999999999895E-07));
#133 = CARTESIAN_POINT('',(4.510149305112,7.5000006));
#134 = ( GEOMETRIC_REPRESENTATION_CONTEXT(2) 
PARAMETRIC_REPRESENTATION_CONTEXT() REPRESENTATION_CONTEXT('2D SPACE',''
  ) );
#135 = ADVANCED_FACE('',(#136),#45,.T.);
#136 = FACE_BOUND('',#137,.T.);
#137 = EDGE_LOOP('',(#138,#162,#163,#187,#216,#245,#274,#303,#332,#365,
    #394,#423,#452,#481,#510,#539));
#138 = ORIENTED_EDGE('',*,*,#139,.F.);
#139 = EDGE_CURVE('',#22,#140,#142,.T.);
#140 = VERTEX_POINT('',#141);
#141 = CARTESIAN_POINT('',(15.951381425234,-0.770928418668,7.7));
#142 = SURFACE_CURVE('',#143,(#148,#155),.PCURVE_S1.);
#143 = CIRCLE('',#144,1.4);
#144 = AXIS2_PLACEMENT_3D('',#145,#146,#147);
#145 = CARTESIAN_POINT('',(17.12,0.,7.7));
#146 = DIRECTION('',(0.,0.,1.));
#147 = DIRECTION('',(1.,0.,-0.));
#148 = PCURVE('',#45,#149);
#149 = DEFINITIONAL_REPRESENTATION('',(#150),#154);
#150 = CIRCLE('',#151,1.4);
#151 = AXIS2_PLACEMENT_2D('',#152,#153);
#152 = CARTESIAN_POINT('',(17.12,0.));
#153 = DIRECTION('',(1.,0.));
#154 = ( GEOMETRIC_REPRESENTATION_CONTEXT(2) 
PARAMETRIC_REPRESENTATION_CONTEXT() REPRESENTATION_CONTEXT('2D SPACE',''
  ) );
#155 = PCURVE('',#72,#156);
#156 = DEFINITIONAL_REPRESENTATION('',(#157),#161);
#157 = LINE('',#158,#159);
#158 = CARTESIAN_POINT('',(0.,7.5));
#159 = VECTOR('',#160,1.);
#160 = DIRECTION('',(1.,0.));
#161 = ( GEOMETRIC_REPRESENTATION_CONTEXT(2) 
PARAMETRIC_REPRESENTATION_CONTEXT() REPRESENTATION_CONTEXT('2D SPACE',''
  ) );
#162 = ORIENTED_EDGE('',*,*,#21,.T.);
#163 = ORIENTED_EDGE('',*,*,#164,.F.);
#164 = EDGE_CURVE('',#165,#24,#167,.T.);
#165 = VERTEX_POINT('',#166);
#166 = CARTESIAN_POINT('',(10.734201262426,11.824458687726,7.7));
#167 = SURFACE_CURVE('',#168,(#173,#180),.PCURVE_S1.);
#168 = CIRCLE('',#169,1.4);
#169 = AXIS2_PLACEMENT_3D('',#170,#171,#172);
#170 = CARTESIAN_POINT('',(12.105668093914,12.105668093914,7.7));
#171 = DIRECTION('',(0.,0.,1.));
#172 = DIRECTION('',(1.,0.,-0.));
#173 = PCURVE('',#45,#174);
#174 = DEFINITIONAL_REPRESENTATION('',(#175),#179);
#175 = CIRCLE('',#176,1.4);
#176 = AXIS2_PLACEMENT_2D('',#177,#178);
#177 = CARTESIAN_POINT('',(12.105668093914,12.105668093914));
#178 = DIRECTION('',(1.,0.));
#179 = ( GEOMETRIC_REPRESENTATION_CONTEXT(2) 
PARAMETRIC_REPRESENTATION_CONTEXT() REPRESENTATION_CONTEXT('2D SPACE',''
  ) );
#180 = PCURVE('',#125,#181);
#181 = DEFINITIONAL_REPRESENTATION('',(#182),#186);
#182 = LINE('',#183,#184);
#183 = CARTESIAN_POINT('',(0.,7.5));
#184 = VECTOR('',#185,1.);
#185 = DIRECTION('',(1.,0.));
#186 = ( GEOMETRIC_REPRESENTATION_CONTEXT(2) 
PARAMETRIC_REPRESENTATION_CONTEXT() REPRESENTATION_CONTEXT('2D SPACE',''
  ) );
#187 = ORIENTED_EDGE('',*,*,#188,.T.);
#188 = EDGE_CURVE('',#165,#189,#191,.T.);
#189 = VERTEX_POINT('',#190);
#190 = CARTESIAN_POINT('',(0.770928418669,15.951381425234,7.7));
#191 = SURFACE_CURVE('',#192,(#197,#204),.PCURVE_S1.);
#192 = CIRCLE('',#193,15.97);
#193 = AXIS2_PLACEMENT_3D('',#194,#195,#196);
#194 = CARTESIAN_POINT('',(0.,0.,7.7));
#195 = DIRECTION('',(0.,0.,1.));
#196 = DIRECTION('',(1.,0.,-0.));
#197 = PCURVE('',#45,#198);
#198 = DEFINITIONAL_REPRESENTATION('',(#199),#203);
#199 = CIRCLE('',#200,15.97);
#200 = AXIS2_PLACEMENT_2D('',#201,#202);
#201 = CARTESIAN_POINT('',(0.,0.));
#202 = DIRECTION('',(1.,0.));
#203 = ( GEOMETRIC_REPRESENTATION_CONTEXT(2) 
PARAMETRIC_REPRESENTATION_CONTEXT() REPRESENTATION_CONTEXT('2D SPACE',''
  ) );
#204 = PCURVE('',#205,#210);
#205 = CYLINDRICAL_SURFACE('',#206,15.97);
#206 = AXIS2_PLACEMENT_3D('',#207,#208,#209);
#207 = CARTESIAN_POINT('',(0.,0.,0.2));
#208 = DIRECTION('',(0.,0.,1.));
#209 = DIRECTION('',(1.,0.,-0.));
#210 = DEFINITIONAL_REPRESENTATION('',(#211),#215);
#211 = LINE('',#212,#213);
#212 = CARTESIAN_POINT('',(0.,7.5));
#213 = VECTOR('',#214,1.);
#214 = DIRECTION('',(1.,0.));
#215 = ( GEOMETRIC_REPRESENTATION_CONTEXT(2) 
PARAMETRIC_REPRESENTATION_CONTEXT() REPRESENTATION_CONTEXT('2D SPACE',''
  ) );
#216 = ORIENTED_EDGE('',*,*,#217,.F.);
#217 = EDGE_CURVE('',#218,#189,#220,.T.);
#218 = VERTEX_POINT('',#219);
#219 = CARTESIAN_POINT('',(-0.770928418669,15.951381425234,7.7));
#220 = SURFACE_CURVE('',#221,(#226,#233),.PCURVE_S1.);
#221 = CIRCLE('',#222,1.4);
#222 = AXIS2_PLACEMENT_3D('',#223,#224,#225);
#223 = CARTESIAN_POINT('',(1.04829766007E-15,17.12,7.7));
#224 = DIRECTION('',(0.,0.,1.));
#225 = DIRECTION('',(1.,0.,-0.));
#226 = PCURVE('',#45,#227);
#227 = DEFINITIONAL_REPRESENTATION('',(#228),#232);
#228 = CIRCLE('',#229,1.4);
#229 = AXIS2_PLACEMENT_2D('',#230,#231);
#230 = CARTESIAN_POINT('',(1.04829766007E-15,17.12));
#231 = DIRECTION('',(1.,0.));
#232 = ( GEOMETRIC_REPRESENTATION_CONTEXT(2) 
PARAMETRIC_REPRESENTATION_CONTEXT() REPRESENTATION_CONTEXT('2D SPACE',''
  ) );
#233 = PCURVE('',#234,#239);
#234 = CYLINDRICAL_SURFACE('',#235,1.4);
#235 = AXIS2_PLACEMENT_3D('',#236,#237,#238);
#236 = CARTESIAN_POINT('',(1.04829766007E-15,17.12,0.2));
#237 = DIRECTION('',(0.,0.,1.));
#238 = DIRECTION('',(1.,0.,-0.));
#239 = DEFINITIONAL_REPRESENTATION('',(#240),#244);
#240 = LINE('',#241,#242);
#241 = CARTESIAN_POINT('',(0.,7.5));
#242 = VECTOR('',#243,1.);
#243 = DIRECTION('',(1.,0.));
#244 = ( GEOMETRIC_REPRESENTATION_CONTEXT(2) 
PARAMETRIC_REPRESENTATION_CONTEXT() REPRESENTATION_CONTEXT('2D SPACE',''
  ) );
#245 = ORIENTED_EDGE('',*,*,#246,.T.);
#246 = EDGE_CURVE('',#218,#247,#249,.T.);
#247 = VERTEX_POINT('',#248);
#248 = CARTESIAN_POINT('',(-10.73420126242,11.824458687726,7.7));
#249 = SURFACE_CURVE('',#250,(#255,#262),.PCURVE_S1.);
#250 = CIRCLE('',#251,15.97);
#251 = AXIS2_PLACEMENT_3D('',#252,#253,#254);
#252 = CARTESIAN_POINT('',(0.,0.,7.7));
#253 = DIRECTION('',(0.,0.,1.));
#254 = DIRECTION('',(1.,0.,-0.));
#255 = PCURVE('',#45,#256);
#256 = DEFINITIONAL_REPRESENTATION('',(#257),#261);
#257 = CIRCLE('',#258,15.97);
#258 = AXIS2_PLACEMENT_2D('',#259,#260);
#259 = CARTESIAN_POINT('',(0.,0.));
#260 = DIRECTION('',(1.,0.));
#261 = ( GEOMETRIC_REPRESENTATION_CONTEXT(2) 
PARAMETRIC_REPRESENTATION_CONTEXT() REPRESENTATION_CONTEXT('2D SPACE',''
  ) );
#262 = PCURVE('',#263,#268);
#263 = CYLINDRICAL_SURFACE('',#264,15.97);
#264 = AXIS2_PLACEMENT_3D('',#265,#266,#267);
#265 = CARTESIAN_POINT('',(0.,0.,0.2));
#266 = DIRECTION('',(0.,0.,1.));
#267 = DIRECTION('',(1.,0.,-0.));
#268 = DEFINITIONAL_REPRESENTATION('',(#269),#273);
#269 = LINE('',#270,#271);
#270 = CARTESIAN_POINT('',(0.,7.5));
#271 = VECTOR('',#272,1.);
#272 = DIRECTION('',(1.,0.));
#273 = ( GEOMETRIC_REPRESENTATION_CONTEXT(2) 
PARAMETRIC_REPRESENTATION_CONTEXT() REPRESENTATION_CONTEXT('2D SPACE',''
  ) );
#274 = ORIENTED_EDGE('',*,*,#275,.F.);
#275 = EDGE_CURVE('',#276,#247,#278,.T.);
#276 = VERTEX_POINT('',#277);
#277 = CARTESIAN_POINT('',(-11.82445868772,10.734201262426,7.7));
#278 = SURFACE_CURVE('',#279,(#284,#291),.PCURVE_S1.);
#279 = CIRCLE('',#280,1.4);
#280 = AXIS2_PLACEMENT_3D('',#281,#282,#283);
#281 = CARTESIAN_POINT('',(-12.10566809391,12.105668093914,7.7));
#282 = DIRECTION('',(0.,0.,1.));
#283 = DIRECTION('',(1.,0.,-0.));
#284 = PCURVE('',#45,#285);
#285 = DEFINITIONAL_REPRESENTATION('',(#286),#290);
#286 = CIRCLE('',#287,1.4);
#287 = AXIS2_PLACEMENT_2D('',#288,#289);
#288 = CARTESIAN_POINT('',(-12.10566809391,12.105668093914));
#289 = DIRECTION('',(1.,0.));
#290 = ( GEOMETRIC_REPRESENTATION_CONTEXT(2) 
PARAMETRIC_REPRESENTATION_CONTEXT() REPRESENTATION_CONTEXT('2D SPACE',''
  ) );
#291 = PCURVE('',#292,#297);
#292 = CYLINDRICAL_SURFACE('',#293,1.4);
#293 = AXIS2_PLACEMENT_3D('',#294,#295,#296);
#294 = CARTESIAN_POINT('',(-12.10566809391,12.105668093914,0.2));
#295 = DIRECTION('',(0.,0.,1.));
#296 = DIRECTION('',(1.,0.,-0.));
#297 = DEFINITIONAL_REPRESENTATION('',(#298),#302);
#298 = LINE('',#299,#300);
#299 = CARTESIAN_POINT('',(0.,7.5));
#300 = VECTOR('',#301,1.);
#301 = DIRECTION('',(1.,0.));
#302 = ( GEOMETRIC_REPRESENTATION_CONTEXT(2) 
PARAMETRIC_REPRESENTATION_CONTEXT() REPRESENTATION_CONTEXT('2D SPACE',''
  ) );
#303 = ORIENTED_EDGE('',*,*,#304,.T.);
#304 = EDGE_CURVE('',#276,#305,#307,.T.);
#305 = VERTEX_POINT('',#306);
#306 = CARTESIAN_POINT('',(-15.95138142523,0.770928418669,7.7));
#307 = SURFACE_CURVE('',#308,(#313,#320),.PCURVE_S1.);
#308 = CIRCLE('',#309,15.97);
#309 = AXIS2_PLACEMENT_3D('',#310,#311,#312);
#310 = CARTESIAN_POINT('',(0.,0.,7.7));
#311 = DIRECTION('',(0.,0.,1.));
#312 = DIRECTION('',(1.,0.,-0.));
#313 = PCURVE('',#45,#314);
#314 = DEFINITIONAL_REPRESENTATION('',(#315),#319);
#315 = CIRCLE('',#316,15.97);
#316 = AXIS2_PLACEMENT_2D('',#317,#318);
#317 = CARTESIAN_POINT('',(0.,0.));
#318 = DIRECTION('',(1.,0.));
#319 = ( GEOMETRIC_REPRESENTATION_CONTEXT(2) 
PARAMETRIC_REPRESENTATION_CONTEXT() REPRESENTATION_CONTEXT('2D SPACE',''
  ) );
#320 = PCURVE('',#321,#326);
#321 = CYLINDRICAL_SURFACE('',#322,15.97);
#322 = AXIS2_PLACEMENT_3D('',#323,#324,#325);
#323 = CARTESIAN_POINT('',(0.,0.,0.2));
#324 = DIRECTION('',(0.,0.,1.));
#325 = DIRECTION('',(1.,0.,-0.));
#326 = DEFINITIONAL_REPRESENTATION('',(#327),#331);
#327 = LINE('',#328,#329);
#328 = CARTESIAN_POINT('',(0.,7.5));
#329 = VECTOR('',#330,1.);
#330 = DIRECTION('',(1.,0.));
#331 = ( GEOMETRIC_REPRESENTATION_CONTEXT(2) 
PARAMETRIC_REPRESENTATION_CONTEXT() REPRESENTATION_CONTEXT('2D SPACE',''
  ) );
#332 = ORIENTED_EDGE('',*,*,#333,.T.);
#333 = EDGE_CURVE('',#305,#334,#336,.T.);
#334 = VERTEX_POINT('',#335);
#335 = CARTESIAN_POINT('',(-15.95138142523,-0.770928418669,7.7));
#336 = SURFACE_CURVE('',#337,(#342,#353),.PCURVE_S1.);
#337 = CIRCLE('',#338,1.4);
#338 = AXIS2_PLACEMENT_3D('',#339,#340,#341);
#339 = CARTESIAN_POINT('',(-17.12,2.09659532014E-15,7.7));
#340 = DIRECTION('',(0.,0.,-1.));
#341 = DIRECTION('',(0.834727553405,0.550663156192,0.));
#342 = PCURVE('',#45,#343);
#343 = DEFINITIONAL_REPRESENTATION('',(#344),#352);
#344 = ( BOUNDED_CURVE() B_SPLINE_CURVE(2,(#345,#346,#347,#348,#349,#350
,#351),.UNSPECIFIED.,.T.,.F.) B_SPLINE_CURVE_WITH_KNOTS((1,2,2,2,2,1),(
    -2.094395102393,0.,2.094395102393,4.188790204786,6.28318530718,
8.377580409573),.UNSPECIFIED.) CURVE() GEOMETRIC_REPRESENTATION_ITEM() 
RATIONAL_B_SPLINE_CURVE((1.,0.5,1.,0.5,1.,0.5,1.)) REPRESENTATION_ITEM(
  '') );
#345 = CARTESIAN_POINT('',(-15.95138142523,0.770928418669));
#346 = CARTESIAN_POINT('',(-14.6160942351,-1.253178327495));
#347 = CARTESIAN_POINT('',(-17.03666569231,-1.397517582416));
#348 = CARTESIAN_POINT('',(-19.45723714953,-1.541856837337));
#349 = CARTESIAN_POINT('',(-18.37195288245,0.626589163748));
#350 = CARTESIAN_POINT('',(-17.28666861536,2.795035164833));
#351 = CARTESIAN_POINT('',(-15.95138142523,0.770928418669));
#352 = ( GEOMETRIC_REPRESENTATION_CONTEXT(2) 
PARAMETRIC_REPRESENTATION_CONTEXT() REPRESENTATION_CONTEXT('2D SPACE',''
  ) );
#353 = PCURVE('',#354,#359);
#354 = CYLINDRICAL_SURFACE('',#355,1.4);
#355 = AXIS2_PLACEMENT_3D('',#356,#357,#358);
#356 = CARTESIAN_POINT('',(-17.12,2.09659532014E-15,0.2));
#357 = DIRECTION('',(0.,0.,1.));
#358 = DIRECTION('',(1.,0.,-0.));
#359 = DEFINITIONAL_REPRESENTATION('',(#360),#364);
#360 = LINE('',#361,#362);
#361 = CARTESIAN_POINT('',(6.866343795305,7.5));
#362 = VECTOR('',#363,1.);
#363 = DIRECTION('',(-1.,-0.));
#364 = ( GEOMETRIC_REPRESENTATION_CONTEXT(2) 
PARAMETRIC_REPRESENTATION_CONTEXT() REPRESENTATION_CONTEXT('2D SPACE',''
  ) );
#365 = ORIENTED_EDGE('',*,*,#366,.T.);
#366 = EDGE_CURVE('',#334,#367,#369,.T.);
#367 = VERTEX_POINT('',#368);
#368 = CARTESIAN_POINT('',(-11.82445868772,-10.73420126242,7.7));
#369 = SURFACE_CURVE('',#370,(#375,#382),.PCURVE_S1.);
#370 = CIRCLE('',#371,15.97);
#371 = AXIS2_PLACEMENT_3D('',#372,#373,#374);
#372 = CARTESIAN_POINT('',(0.,0.,7.7));
#373 = DIRECTION('',(0.,0.,1.));
#374 = DIRECTION('',(1.,0.,-0.));
#375 = PCURVE('',#45,#376);
#376 = DEFINITIONAL_REPRESENTATION('',(#377),#381);
#377 = CIRCLE('',#378,15.97);
#378 = AXIS2_PLACEMENT_2D('',#379,#380);
#379 = CARTESIAN_POINT('',(0.,0.));
#380 = DIRECTION('',(1.,0.));
#381 = ( GEOMETRIC_REPRESENTATION_CONTEXT(2) 
PARAMETRIC_REPRESENTATION_CONTEXT() REPRESENTATION_CONTEXT('2D SPACE',''
  ) );
#382 = PCURVE('',#383,#388);
#383 = CYLINDRICAL_SURFACE('',#384,15.97);
#384 = AXIS2_PLACEMENT_3D('',#385,#386,#387);
#385 = CARTESIAN_POINT('',(0.,0.,0.2));
#386 = DIRECTION('',(0.,0.,1.));
#387 = DIRECTION('',(1.,0.,-0.));
#388 = DEFINITIONAL_REPRESENTATION('',(#389),#393);
#389 = LINE('',#390,#391);
#390 = CARTESIAN_POINT('',(0.,7.5));
#391 = VECTOR('',#392,1.);
#392 = DIRECTION('',(1.,0.));
#393 = ( GEOMETRIC_REPRESENTATION_CONTEXT(2) 
PARAMETRIC_REPRESENTATION_CONTEXT() REPRESENTATION_CONTEXT('2D SPACE',''
  ) );
#394 = ORIENTED_EDGE('',*,*,#395,.F.);
#395 = EDGE_CURVE('',#396,#367,#398,.T.);
#396 = VERTEX_POINT('',#397);
#397 = CARTESIAN_POINT('',(-10.73420126242,-11.82445868772,7.7));
#398 = SURFACE_CURVE('',#399,(#404,#411),.PCURVE_S1.);
#399 = CIRCLE('',#400,1.4);
#400 = AXIS2_PLACEMENT_3D('',#401,#402,#403);
#401 = CARTESIAN_POINT('',(-12.10566809391,-12.10566809391,7.7));
#402 = DIRECTION('',(0.,0.,1.));
#403 = DIRECTION('',(1.,0.,-0.));
#404 = PCURVE('',#45,#405);
#405 = DEFINITIONAL_REPRESENTATION('',(#406),#410);
#406 = CIRCLE('',#407,1.4);
#407 = AXIS2_PLACEMENT_2D('',#408,#409);
#408 = CARTESIAN_POINT('',(-12.10566809391,-12.10566809391));
#409 = DIRECTION('',(1.,0.));
#410 = ( GEOMETRIC_REPRESENTATION_CONTEXT(2) 
PARAMETRIC_REPRESENTATION_CONTEXT() REPRESENTATION_CONTEXT('2D SPACE',''
  ) );
#411 = PCURVE('',#412,#417);
#412 = CYLINDRICAL_SURFACE('',#413,1.4);
#413 = AXIS2_PLACEMENT_3D('',#414,#415,#416);
#414 = CARTESIAN_POINT('',(-12.10566809391,-12.10566809391,0.2));
#415 = DIRECTION('',(0.,0.,1.));
#416 = DIRECTION('',(1.,0.,-0.));
#417 = DEFINITIONAL_REPRESENTATION('',(#418),#422);
#418 = LINE('',#419,#420);
#419 = CARTESIAN_POINT('',(0.,7.5));
#420 = VECTOR('',#421,1.);
#421 = DIRECTION('',(1.,0.));
#422 = ( GEOMETRIC_REPRESENTATION_CONTEXT(2) 
PARAMETRIC_REPRESENTATION_CONTEXT() REPRESENTATION_CONTEXT('2D SPACE',''
  ) );
#423 = ORIENTED_EDGE('',*,*,#424,.T.);
#424 = EDGE_CURVE('',#396,#425,#427,.T.);
#425 = VERTEX_POINT('',#426);
#426 = CARTESIAN_POINT('',(-0.770928418669,-15.95138142523,7.7));
#427 = SURFACE_CURVE('',#428,(#433,#440),.PCURVE_S1.);
#428 = CIRCLE('',#429,15.97);
#429 = AXIS2_PLACEMENT_3D('',#430,#431,#432);
#430 = CARTESIAN_POINT('',(0.,0.,7.7));
#431 = DIRECTION('',(0.,0.,1.));
#432 = DIRECTION('',(1.,0.,-0.));
#433 = PCURVE('',#45,#434);
#434 = DEFINITIONAL_REPRESENTATION('',(#435),#439);
#435 = CIRCLE('',#436,15.97);
#436 = AXIS2_PLACEMENT_2D('',#437,#438);
#437 = CARTESIAN_POINT('',(0.,0.));
#438 = DIRECTION('',(1.,0.));
#439 = ( GEOMETRIC_REPRESENTATION_CONTEXT(2) 
PARAMETRIC_REPRESENTATION_CONTEXT() REPRESENTATION_CONTEXT('2D SPACE',''
  ) );
#440 = PCURVE('',#441,#446);
#441 = CYLINDRICAL_SURFACE('',#442,15.97);
#442 = AXIS2_PLACEMENT_3D('',#443,#444,#445);
#443 = CARTESIAN_POINT('',(0.,0.,0.2));
#444 = DIRECTION('',(0.,0.,1.));
#445 = DIRECTION('',(1.,0.,-0.));
#446 = DEFINITIONAL_REPRESENTATION('',(#447),#451);
#447 = LINE('',#448,#449);
#448 = CARTESIAN_POINT('',(0.,7.5));
#449 = VECTOR('',#450,1.);
#450 = DIRECTION('',(1.,0.));
#451 = ( GEOMETRIC_REPRESENTATION_CONTEXT(2) 
PARAMETRIC_REPRESENTATION_CONTEXT() REPRESENTATION_CONTEXT('2D SPACE',''
  ) );
#452 = ORIENTED_EDGE('',*,*,#453,.F.);
#453 = EDGE_CURVE('',#454,#425,#456,.T.);
#454 = VERTEX_POINT('',#455);
#455 = CARTESIAN_POINT('',(0.770928418669,-15.95138142523,7.7));
#456 = SURFACE_CURVE('',#457,(#462,#469),.PCURVE_S1.);
#457 = CIRCLE('',#458,1.4);
#458 = AXIS2_PLACEMENT_3D('',#459,#460,#461);
#459 = CARTESIAN_POINT('',(-3.14489298021E-15,-17.12,7.7));
#460 = DIRECTION('',(0.,0.,1.));
#461 = DIRECTION('',(1.,0.,-0.));
#462 = PCURVE('',#45,#463);
#463 = DEFINITIONAL_REPRESENTATION('',(#464),#468);
#464 = CIRCLE('',#465,1.4);
#465 = AXIS2_PLACEMENT_2D('',#466,#467);
#466 = CARTESIAN_POINT('',(-3.14489298021E-15,-17.12));
#467 = DIRECTION('',(1.,0.));
#468 = ( GEOMETRIC_REPRESENTATION_CONTEXT(2) 
PARAMETRIC_REPRESENTATION_CONTEXT() REPRESENTATION_CONTEXT('2D SPACE',''
  ) );
#469 = PCURVE('',#470,#475);
#470 = CYLINDRICAL_SURFACE('',#471,1.4);
#471 = AXIS2_PLACEMENT_3D('',#472,#473,#474);
#472 = CARTESIAN_POINT('',(-3.14489298021E-15,-17.12,0.2));
#473 = DIRECTION('',(0.,0.,1.));
#474 = DIRECTION('',(1.,0.,-0.));
#475 = DEFINITIONAL_REPRESENTATION('',(#476),#480);
#476 = LINE('',#477,#478);
#477 = CARTESIAN_POINT('',(0.,7.5));
#478 = VECTOR('',#479,1.);
#479 = DIRECTION('',(1.,0.));
#480 = ( GEOMETRIC_REPRESENTATION_CONTEXT(2) 
PARAMETRIC_REPRESENTATION_CONTEXT() REPRESENTATION_CONTEXT('2D SPACE',''
  ) );
#481 = ORIENTED_EDGE('',*,*,#482,.T.);
#482 = EDGE_CURVE('',#454,#483,#485,.T.);
#483 = VERTEX_POINT('',#484);
#484 = CARTESIAN_POINT('',(10.734201262426,-11.82445868772,7.7));
#485 = SURFACE_CURVE('',#486,(#491,#498),.PCURVE_S1.);
#486 = CIRCLE('',#487,15.97);
#487 = AXIS2_PLACEMENT_3D('',#488,#489,#490);
#488 = CARTESIAN_POINT('',(0.,0.,7.7));
#489 = DIRECTION('',(0.,0.,1.));
#490 = DIRECTION('',(1.,0.,-0.));
#491 = PCURVE('',#45,#492);
#492 = DEFINITIONAL_REPRESENTATION('',(#493),#497);
#493 = CIRCLE('',#494,15.97);
#494 = AXIS2_PLACEMENT_2D('',#495,#496);
#495 = CARTESIAN_POINT('',(0.,0.));
#496 = DIRECTION('',(1.,0.));
#497 = ( GEOMETRIC_REPRESENTATION_CONTEXT(2) 
PARAMETRIC_REPRESENTATION_CONTEXT() REPRESENTATION_CONTEXT('2D SPACE',''
  ) );
#498 = PCURVE('',#499,#504);
#499 = CYLINDRICAL_SURFACE('',#500,15.97);
#500 = AXIS2_PLACEMENT_3D('',#501,#502,#503);
#501 = CARTESIAN_POINT('',(0.,0.,0.2));
#502 = DIRECTION('',(0.,0.,1.));
#503 = DIRECTION('',(1.,0.,-0.));
#504 = DEFINITIONAL_REPRESENTATION('',(#505),#509);
#505 = LINE('',#506,#507);
#506 = CARTESIAN_POINT('',(0.,7.5));
#507 = VECTOR('',#508,1.);
#508 = DIRECTION('',(1.,0.));
#509 = ( GEOMETRIC_REPRESENTATION_CONTEXT(2) 
PARAMETRIC_REPRESENTATION_CONTEXT() REPRESENTATION_CONTEXT('2D SPACE',''
  ) );
#510 = ORIENTED_EDGE('',*,*,#511,.F.);
#511 = EDGE_CURVE('',#512,#483,#514,.T.);
#512 = VERTEX_POINT('',#513);
#513 = CARTESIAN_POINT('',(11.824458687726,-10.73420126242,7.7));
#514 = SURFACE_CURVE('',#515,(#520,#527),.PCURVE_S1.);
#515 = CIRCLE('',#516,1.4);
#516 = AXIS2_PLACEMENT_3D('',#517,#518,#519);
#517 = CARTESIAN_POINT('',(12.105668093914,-12.10566809391,7.7));
#518 = DIRECTION('',(0.,0.,1.));
#519 = DIRECTION('',(1.,0.,-0.));
#520 = PCURVE('',#45,#521);
#521 = DEFINITIONAL_REPRESENTATION('',(#522),#526);
#522 = CIRCLE('',#523,1.4);
#523 = AXIS2_PLACEMENT_2D('',#524,#525);
#524 = CARTESIAN_POINT('',(12.105668093914,-12.10566809391));
#525 = DIRECTION('',(1.,0.));
#526 = ( GEOMETRIC_REPRESENTATION_CONTEXT(2) 
PARAMETRIC_REPRESENTATION_CONTEXT() REPRESENTATION_CONTEXT('2D SPACE',''
  ) );
#527 = PCURVE('',#528,#533);
#528 = CYLINDRICAL_SURFACE('',#529,1.4);
#529 = AXIS2_PLACEMENT_3D('',#530,#531,#532);
#530 = CARTESIAN_POINT('',(12.105668093914,-12.10566809391,0.2));
#531 = DIRECTION('',(0.,0.,1.));
#532 = DIRECTION('',(1.,0.,-0.));
#533 = DEFINITIONAL_REPRESENTATION('',(#534),#538);
#534 = LINE('',#535,#536);
#535 = CARTESIAN_POINT('',(0.,7.5));
#536 = VECTOR('',#537,1.);
#537 = DIRECTION('',(1.,0.));
#538 = ( GEOMETRIC_REPRESENTATION_CONTEXT(2) 
PARAMETRIC_REPRESENTATION_CONTEXT() REPRESENTATION_CONTEXT('2D SPACE',''
  ) );
#539 = ORIENTED_EDGE('',*,*,#540,.T.);
#540 = EDGE_CURVE('',#512,#140,#541,.T.);
#541 = SURFACE_CURVE('',#542,(#547,#554),.PCURVE_S1.);
#542 = CIRCLE('',#543,15.97);
#543 = AXIS2_PLACEMENT_3D('',#544,#545,#546);
#544 = CARTESIAN_POINT('',(0.,0.,7.7));
#545 = DIRECTION('',(0.,0.,1.));
#546 = DIRECTION('',(1.,0.,-0.));
#547 = PCURVE('',#45,#548);
#548 = DEFINITIONAL_REPRESENTATION('',(#549),#553);
#549 = CIRCLE('',#550,15.97);
#550 = AXIS2_PLACEMENT_2D('',#551,#552);
#551 = CARTESIAN_POINT('',(0.,0.));
#552 = DIRECTION('',(1.,0.));
#553 = ( GEOMETRIC_REPRESENTATION_CONTEXT(2) 
PARAMETRIC_REPRESENTATION_CONTEXT() REPRESENTATION_CONTEXT('2D SPACE',''
  ) );
#554 = PCURVE('',#555,#560);
#555 = CYLINDRICAL_SURFACE('',#556,15.97);
#556 = AXIS2_PLACEMENT_3D('',#557,#558,#559);
#557 = CARTESIAN_POINT('',(0.,0.,0.2));
#558 = DIRECTION('',(0.,0.,1.));
#559 = DIRECTION('',(1.,0.,-0.));
#560 = DEFINITIONAL_REPRESENTATION('',(#561),#565);
#561 = LINE('',#562,#563);
#562 = CARTESIAN_POINT('',(0.,7.5));
#563 = VECTOR('',#564,1.);
#564 = DIRECTION('',(1.,0.));
#565 = ( GEOMETRIC_REPRESENTATION_CONTEXT(2) 
PARAMETRIC_REPRESENTATION_CONTEXT() REPRESENTATION_CONTEXT('2D SPACE',''
  ) );
#566 = ADVANCED_FACE('',(#567),#125,.F.);
#567 = FACE_BOUND('',#568,.F.);
#568 = EDGE_LOOP('',(#569,#570,#591,#613));
#569 = ORIENTED_EDGE('',*,*,#164,.F.);
#570 = ORIENTED_EDGE('',*,*,#571,.F.);
#571 = EDGE_CURVE('',#572,#165,#574,.T.);
#572 = VERTEX_POINT('',#573);
#573 = CARTESIAN_POINT('',(10.734201262426,11.824458687726,0.2));
#574 = SURFACE_CURVE('',#575,(#579,#585),.PCURVE_S1.);
#575 = LINE('',#576,#577);
#576 = CARTESIAN_POINT('',(10.734201262426,11.824458687726,0.2));
#577 = VECTOR('',#578,1.);
#578 = DIRECTION('',(0.,0.,1.));
#579 = PCURVE('',#125,#580);
#580 = DEFINITIONAL_REPRESENTATION('',(#581),#584);
#581 = B_SPLINE_CURVE_WITH_KNOTS('',1,(#582,#583),.UNSPECIFIED.,.F.,.F.,
  (2,2),(-5.999999999895E-07,7.5000006),.PIECEWISE_BEZIER_KNOTS.);
#582 = CARTESIAN_POINT('',(3.343832328862,-5.999999999895E-07));
#583 = CARTESIAN_POINT('',(3.343832328862,7.5000006));
#584 = ( GEOMETRIC_REPRESENTATION_CONTEXT(2) 
PARAMETRIC_REPRESENTATION_CONTEXT() REPRESENTATION_CONTEXT('2D SPACE',''
  ) );
#585 = PCURVE('',#205,#586);
#586 = DEFINITIONAL_REPRESENTATION('',(#587),#590);
#587 = B_SPLINE_CURVE_WITH_KNOTS('',1,(#588,#589),.UNSPECIFIED.,.F.,.F.,
  (2,2),(-5.999999999895E-07,7.5000006),.PIECEWISE_BEZIER_KNOTS.);
#588 = CARTESIAN_POINT('',(0.833690471055,-5.999999999895E-07));
#589 = CARTESIAN_POINT('',(0.833690471055,7.5000006));
#590 = ( GEOMETRIC_REPRESENTATION_CONTEXT(2) 
PARAMETRIC_REPRESENTATION_CONTEXT() REPRESENTATION_CONTEXT('2D SPACE',''
  ) );
#591 = ORIENTED_EDGE('',*,*,#592,.T.);
#592 = EDGE_CURVE('',#572,#84,#593,.T.);
#593 = SURFACE_CURVE('',#594,(#599,#606),.PCURVE_S1.);
#594 = CIRCLE('',#595,1.4);
#595 = AXIS2_PLACEMENT_3D('',#596,#597,#598);
#596 = CARTESIAN_POINT('',(12.105668093914,12.105668093914,0.2));
#597 = DIRECTION('',(0.,0.,1.));
#598 = DIRECTION('',(1.,0.,-0.));
#599 = PCURVE('',#125,#600);
#600 = DEFINITIONAL_REPRESENTATION('',(#601),#605);
#601 = LINE('',#602,#603);
#602 = CARTESIAN_POINT('',(0.,0.));
#603 = VECTOR('',#604,1.);
#604 = DIRECTION('',(1.,0.));
#605 = ( GEOMETRIC_REPRESENTATION_CONTEXT(2) 
PARAMETRIC_REPRESENTATION_CONTEXT() REPRESENTATION_CONTEXT('2D SPACE',''
  ) );
#606 = PCURVE('',#100,#607);
#607 = DEFINITIONAL_REPRESENTATION('',(#608),#612);
#608 = CIRCLE('',#609,1.4);
#609 = AXIS2_PLACEMENT_2D('',#610,#611);
#610 = CARTESIAN_POINT('',(12.105668093914,12.105668093914));
#611 = DIRECTION('',(1.,0.));
#612 = ( GEOMETRIC_REPRESENTATION_CONTEXT(2) 
PARAMETRIC_REPRESENTATION_CONTEXT() REPRESENTATION_CONTEXT('2D SPACE',''
  ) );
#613 = ORIENTED_EDGE('',*,*,#112,.T.);
#614 = ADVANCED_FACE('',(#615,#953),#100,.F.);
#615 = FACE_BOUND('',#616,.F.);
#616 = EDGE_LOOP('',(#617,#641,#642,#643,#667,#691,#715,#739,#763,#787,
    #811,#835,#859,#883,#907,#931));
#617 = ORIENTED_EDGE('',*,*,#618,.F.);
#618 = EDGE_CURVE('',#58,#619,#621,.T.);
#619 = VERTEX_POINT('',#620);
#620 = CARTESIAN_POINT('',(15.951381425234,-0.770928418668,0.2));
#621 = SURFACE_CURVE('',#622,(#627,#634),.PCURVE_S1.);
#622 = CIRCLE('',#623,1.4);
#623 = AXIS2_PLACEMENT_3D('',#624,#625,#626);
#624 = CARTESIAN_POINT('',(17.12,0.,0.2));
#625 = DIRECTION('',(0.,0.,1.));
#626 = DIRECTION('',(1.,0.,-0.));
#627 = PCURVE('',#100,#628);
#628 = DEFINITIONAL_REPRESENTATION('',(#629),#633);
#629 = CIRCLE('',#630,1.4);
#630 = AXIS2_PLACEMENT_2D('',#631,#632);
#631 = CARTESIAN_POINT('',(17.12,0.));
#632 = DIRECTION('',(1.,0.));
#633 = ( GEOMETRIC_REPRESENTATION_CONTEXT(2) 
PARAMETRIC_REPRESENTATION_CONTEXT() REPRESENTATION_CONTEXT('2D SPACE',''
  ) );
#634 = PCURVE('',#72,#635);
#635 = DEFINITIONAL_REPRESENTATION('',(#636),#640);
#636 = LINE('',#637,#638);
#637 = CARTESIAN_POINT('',(0.,0.));
#638 = VECTOR('',#639,1.);
#639 = DIRECTION('',(1.,0.));
#640 = ( GEOMETRIC_REPRESENTATION_CONTEXT(2) 
PARAMETRIC_REPRESENTATION_CONTEXT() REPRESENTATION_CONTEXT('2D SPACE',''
  ) );
#641 = ORIENTED_EDGE('',*,*,#83,.T.);
#642 = ORIENTED_EDGE('',*,*,#592,.F.);
#643 = ORIENTED_EDGE('',*,*,#644,.T.);
#644 = EDGE_CURVE('',#572,#645,#647,.T.);
#645 = VERTEX_POINT('',#646);
#646 = CARTESIAN_POINT('',(0.770928418669,15.951381425234,0.2));
#647 = SURFACE_CURVE('',#648,(#653,#660),.PCURVE_S1.);
#648 = CIRCLE('',#649,15.97);
#649 = AXIS2_PLACEMENT_3D('',#650,#651,#652);
#650 = CARTESIAN_POINT('',(0.,0.,0.2));
#651 = DIRECTION('',(0.,0.,1.));
#652 = DIRECTION('',(1.,0.,-0.));
#653 = PCURVE('',#100,#654);
#654 = DEFINITIONAL_REPRESENTATION('',(#655),#659);
#655 = CIRCLE('',#656,15.97);
#656 = AXIS2_PLACEMENT_2D('',#657,#658);
#657 = CARTESIAN_POINT('',(0.,0.));
#658 = DIRECTION('',(1.,0.));
#659 = ( GEOMETRIC_REPRESENTATION_CONTEXT(2) 
PARAMETRIC_REPRESENTATION_CONTEXT() REPRESENTATION_CONTEXT('2D SPACE',''
  ) );
#660 = PCURVE('',#205,#661);
#661 = DEFINITIONAL_REPRESENTATION('',(#662),#666);
#662 = LINE('',#663,#664);
#663 = CARTESIAN_POINT('',(0.,0.));
#664 = VECTOR('',#665,1.);
#665 = DIRECTION('',(1.,0.));
#666 = ( GEOMETRIC_REPRESENTATION_CONTEXT(2) 
PARAMETRIC_REPRESENTATION_CONTEXT() REPRESENTATION_CONTEXT('2D SPACE',''
  ) );
#667 = ORIENTED_EDGE('',*,*,#668,.F.);
#668 = EDGE_CURVE('',#669,#645,#671,.T.);
#669 = VERTEX_POINT('',#670);
#670 = CARTESIAN_POINT('',(-0.770928418669,15.951381425234,0.2));
#671 = SURFACE_CURVE('',#672,(#677,#684),.PCURVE_S1.);
#672 = CIRCLE('',#673,1.4);
#673 = AXIS2_PLACEMENT_3D('',#674,#675,#676);
#674 = CARTESIAN_POINT('',(1.04829766007E-15,17.12,0.2));
#675 = DIRECTION('',(0.,0.,1.));
#676 = DIRECTION('',(1.,0.,-0.));
#677 = PCURVE('',#100,#678);
#678 = DEFINITIONAL_REPRESENTATION('',(#679),#683);
#679 = CIRCLE('',#680,1.4);
#680 = AXIS2_PLACEMENT_2D('',#681,#682);
#681 = CARTESIAN_POINT('',(1.04829766007E-15,17.12));
#682 = DIRECTION('',(1.,0.));
#683 = ( GEOMETRIC_REPRESENTATION_CONTEXT(2) 
PARAMETRIC_REPRESENTATION_CONTEXT() REPRESENTATION_CONTEXT('2D SPACE',''
  ) );
#684 = PCURVE('',#234,#685);
#685 = DEFINITIONAL_REPRESENTATION('',(#686),#690);
#686 = LINE('',#687,#688);
#687 = CARTESIAN_POINT('',(0.,0.));
#688 = VECTOR('',#689,1.);
#689 = DIRECTION('',(1.,0.));
#690 = ( GEOMETRIC_REPRESENTATION_CONTEXT(2) 
PARAMETRIC_REPRESENTATION_CONTEXT() REPRESENTATION_CONTEXT('2D SPACE',''
  ) );
#691 = ORIENTED_EDGE('',*,*,#692,.T.);
#692 = EDGE_CURVE('',#669,#693,#695,.T.);
#693 = VERTEX_POINT('',#694);
#694 = CARTESIAN_POINT('',(-10.73420126242,11.824458687726,0.2));
#695 = SURFACE_CURVE('',#696,(#701,#708),.PCURVE_S1.);
#696 = CIRCLE('',#697,15.97);
#697 = AXIS2_PLACEMENT_3D('',#698,#699,#700);
#698 = CARTESIAN_POINT('',(0.,0.,0.2));
#699 = DIRECTION('',(0.,0.,1.));
#700 = DIRECTION('',(1.,0.,-0.));
#701 = PCURVE('',#100,#702);
#702 = DEFINITIONAL_REPRESENTATION('',(#703),#707);
#703 = CIRCLE('',#704,15.97);
#704 = AXIS2_PLACEMENT_2D('',#705,#706);
#705 = CARTESIAN_POINT('',(0.,0.));
#706 = DIRECTION('',(1.,0.));
#707 = ( GEOMETRIC_REPRESENTATION_CONTEXT(2) 
PARAMETRIC_REPRESENTATION_CONTEXT() REPRESENTATION_CONTEXT('2D SPACE',''
  ) );
#708 = PCURVE('',#263,#709);
#709 = DEFINITIONAL_REPRESENTATION('',(#710),#714);
#710 = LINE('',#711,#712);
#711 = CARTESIAN_POINT('',(0.,0.));
#712 = VECTOR('',#713,1.);
#713 = DIRECTION('',(1.,0.));
#714 = ( GEOMETRIC_REPRESENTATION_CONTEXT(2) 
PARAMETRIC_REPRESENTATION_CONTEXT() REPRESENTATION_CONTEXT('2D SPACE',''
  ) );
#715 = ORIENTED_EDGE('',*,*,#716,.F.);
#716 = EDGE_CURVE('',#717,#693,#719,.T.);
#717 = VERTEX_POINT('',#718);
#718 = CARTESIAN_POINT('',(-11.82445868772,10.734201262426,0.2));
#719 = SURFACE_CURVE('',#720,(#725,#732),.PCURVE_S1.);
#720 = CIRCLE('',#721,1.4);
#721 = AXIS2_PLACEMENT_3D('',#722,#723,#724);
#722 = CARTESIAN_POINT('',(-12.10566809391,12.105668093914,0.2));
#723 = DIRECTION('',(0.,0.,1.));
#724 = DIRECTION('',(1.,0.,-0.));
#725 = PCURVE('',#100,#726);
#726 = DEFINITIONAL_REPRESENTATION('',(#727),#731);
#727 = CIRCLE('',#728,1.4);
#728 = AXIS2_PLACEMENT_2D('',#729,#730);
#729 = CARTESIAN_POINT('',(-12.10566809391,12.105668093914));
#730 = DIRECTION('',(1.,0.));
#731 = ( GEOMETRIC_REPRESENTATION_CONTEXT(2) 
PARAMETRIC_REPRESENTATION_CONTEXT() REPRESENTATION_CONTEXT('2D SPACE',''
  ) );
#732 = PCURVE('',#292,#733);
#733 = DEFINITIONAL_REPRESENTATION('',(#734),#738);
#734 = LINE('',#735,#736);
#735 = CARTESIAN_POINT('',(0.,0.));
#736 = VECTOR('',#737,1.);
#737 = DIRECTION('',(1.,0.));
#738 = ( GEOMETRIC_REPRESENTATION_CONTEXT(2) 
PARAMETRIC_REPRESENTATION_CONTEXT() REPRESENTATION_CONTEXT('2D SPACE',''
  ) );
#739 = ORIENTED_EDGE('',*,*,#740,.T.);
#740 = EDGE_CURVE('',#717,#741,#743,.T.);
#741 = VERTEX_POINT('',#742);
#742 = CARTESIAN_POINT('',(-15.95138142523,0.770928418669,0.2));
#743 = SURFACE_CURVE('',#744,(#749,#756),.PCURVE_S1.);
#744 = CIRCLE('',#745,15.97);
#745 = AXIS2_PLACEMENT_3D('',#746,#747,#748);
#746 = CARTESIAN_POINT('',(0.,0.,0.2));
#747 = DIRECTION('',(0.,0.,1.));
#748 = DIRECTION('',(1.,0.,-0.));
#749 = PCURVE('',#100,#750);
#750 = DEFINITIONAL_REPRESENTATION('',(#751),#755);
#751 = CIRCLE('',#752,15.97);
#752 = AXIS2_PLACEMENT_2D('',#753,#754);
#753 = CARTESIAN_POINT('',(0.,0.));
#754 = DIRECTION('',(1.,0.));
#755 = ( GEOMETRIC_REPRESENTATION_CONTEXT(2) 
PARAMETRIC_REPRESENTATION_CONTEXT() REPRESENTATION_CONTEXT('2D SPACE',''
  ) );
#756 = PCURVE('',#321,#757);
#757 = DEFINITIONAL_REPRESENTATION('',(#758),#762);
#758 = LINE('',#759,#760);
#759 = CARTESIAN_POINT('',(0.,0.));
#760 = VECTOR('',#761,1.);
#761 = DIRECTION('',(1.,0.));
#762 = ( GEOMETRIC_REPRESENTATION_CONTEXT(2) 
PARAMETRIC_REPRESENTATION_CONTEXT() REPRESENTATION_CONTEXT('2D SPACE',''
  ) );
#763 = ORIENTED_EDGE('',*,*,#764,.F.);
#764 = EDGE_CURVE('',#765,#741,#767,.T.);
#765 = VERTEX_POINT('',#766);
#766 = CARTESIAN_POINT('',(-15.95138142523,-0.770928418669,0.2));
#767 = SURFACE_CURVE('',#768,(#773,#780),.PCURVE_S1.);
#768 = CIRCLE('',#769,1.4);
#769 = AXIS2_PLACEMENT_3D('',#770,#771,#772);
#770 = CARTESIAN_POINT('',(-17.12,2.09659532014E-15,0.2));
#771 = DIRECTION('',(0.,0.,1.));
#772 = DIRECTION('',(0.834727553405,-0.550663156192,0.));
#773 = PCURVE('',#100,#774);
#774 = DEFINITIONAL_REPRESENTATION('',(#775),#779);
#775 = CIRCLE('',#776,1.4);
#776 = AXIS2_PLACEMENT_2D('',#777,#778);
#777 = CARTESIAN_POINT('',(-17.12,2.09659532014E-15));
#778 = DIRECTION('',(0.834727553405,-0.550663156192));
#779 = ( GEOMETRIC_REPRESENTATION_CONTEXT(2) 
PARAMETRIC_REPRESENTATION_CONTEXT() REPRESENTATION_CONTEXT('2D SPACE',''
  ) );
#780 = PCURVE('',#354,#781);
#781 = DEFINITIONAL_REPRESENTATION('',(#782),#786);
#782 = LINE('',#783,#784);
#783 = CARTESIAN_POINT('',(5.700026819055,0.));
#784 = VECTOR('',#785,1.);
#785 = DIRECTION('',(1.,0.));
#786 = ( GEOMETRIC_REPRESENTATION_CONTEXT(2) 
PARAMETRIC_REPRESENTATION_CONTEXT() REPRESENTATION_CONTEXT('2D SPACE',''
  ) );
#787 = ORIENTED_EDGE('',*,*,#788,.T.);
#788 = EDGE_CURVE('',#765,#789,#791,.T.);
#789 = VERTEX_POINT('',#790);
#790 = CARTESIAN_POINT('',(-11.82445868772,-10.73420126242,0.2));
#791 = SURFACE_CURVE('',#792,(#797,#804),.PCURVE_S1.);
#792 = CIRCLE('',#793,15.97);
#793 = AXIS2_PLACEMENT_3D('',#794,#795,#796);
#794 = CARTESIAN_POINT('',(0.,0.,0.2));
#795 = DIRECTION('',(0.,0.,1.));
#796 = DIRECTION('',(1.,0.,-0.));
#797 = PCURVE('',#100,#798);
#798 = DEFINITIONAL_REPRESENTATION('',(#799),#803);
#799 = CIRCLE('',#800,15.97);
#800 = AXIS2_PLACEMENT_2D('',#801,#802);
#801 = CARTESIAN_POINT('',(0.,0.));
#802 = DIRECTION('',(1.,0.));
#803 = ( GEOMETRIC_REPRESENTATION_CONTEXT(2) 
PARAMETRIC_REPRESENTATION_CONTEXT() REPRESENTATION_CONTEXT('2D SPACE',''
  ) );
#804 = PCURVE('',#383,#805);
#805 = DEFINITIONAL_REPRESENTATION('',(#806),#810);
#806 = LINE('',#807,#808);
#807 = CARTESIAN_POINT('',(0.,0.));
#808 = VECTOR('',#809,1.);
#809 = DIRECTION('',(1.,0.));
#810 = ( GEOMETRIC_REPRESENTATION_CONTEXT(2) 
PARAMETRIC_REPRESENTATION_CONTEXT() REPRESENTATION_CONTEXT('2D SPACE',''
  ) );
#811 = ORIENTED_EDGE('',*,*,#812,.F.);
#812 = EDGE_CURVE('',#813,#789,#815,.T.);
#813 = VERTEX_POINT('',#814);
#814 = CARTESIAN_POINT('',(-10.73420126242,-11.82445868772,0.2));
#815 = SURFACE_CURVE('',#816,(#821,#828),.PCURVE_S1.);
#816 = CIRCLE('',#817,1.4);
#817 = AXIS2_PLACEMENT_3D('',#818,#819,#820);
#818 = CARTESIAN_POINT('',(-12.10566809391,-12.10566809391,0.2));
#819 = DIRECTION('',(0.,0.,1.));
#820 = DIRECTION('',(1.,0.,-0.));
#821 = PCURVE('',#100,#822);
#822 = DEFINITIONAL_REPRESENTATION('',(#823),#827);
#823 = CIRCLE('',#824,1.4);
#824 = AXIS2_PLACEMENT_2D('',#825,#826);
#825 = CARTESIAN_POINT('',(-12.10566809391,-12.10566809391));
#826 = DIRECTION('',(1.,0.));
#827 = ( GEOMETRIC_REPRESENTATION_CONTEXT(2) 
PARAMETRIC_REPRESENTATION_CONTEXT() REPRESENTATION_CONTEXT('2D SPACE',''
  ) );
#828 = PCURVE('',#412,#829);
#829 = DEFINITIONAL_REPRESENTATION('',(#830),#834);
#830 = LINE('',#831,#832);
#831 = CARTESIAN_POINT('',(0.,0.));
#832 = VECTOR('',#833,1.);
#833 = DIRECTION('',(1.,0.));
#834 = ( GEOMETRIC_REPRESENTATION_CONTEXT(2) 
PARAMETRIC_REPRESENTATION_CONTEXT() REPRESENTATION_CONTEXT('2D SPACE',''
  ) );
#835 = ORIENTED_EDGE('',*,*,#836,.T.);
#836 = EDGE_CURVE('',#813,#837,#839,.T.);
#837 = VERTEX_POINT('',#838);
#838 = CARTESIAN_POINT('',(-0.770928418669,-15.95138142523,0.2));
#839 = SURFACE_CURVE('',#840,(#845,#852),.PCURVE_S1.);
#840 = CIRCLE('',#841,15.97);
#841 = AXIS2_PLACEMENT_3D('',#842,#843,#844);
#842 = CARTESIAN_POINT('',(0.,0.,0.2));
#843 = DIRECTION('',(0.,0.,1.));
#844 = DIRECTION('',(1.,0.,-0.));
#845 = PCURVE('',#100,#846);
#846 = DEFINITIONAL_REPRESENTATION('',(#847),#851);
#847 = CIRCLE('',#848,15.97);
#848 = AXIS2_PLACEMENT_2D('',#849,#850);
#849 = CARTESIAN_POINT('',(0.,0.));
#850 = DIRECTION('',(1.,0.));
#851 = ( GEOMETRIC_REPRESENTATION_CONTEXT(2) 
PARAMETRIC_REPRESENTATION_CONTEXT() REPRESENTATION_CONTEXT('2D SPACE',''
  ) );
#852 = PCURVE('',#441,#853);
#853 = DEFINITIONAL_REPRESENTATION('',(#854),#858);
#854 = LINE('',#855,#856);
#855 = CARTESIAN_POINT('',(0.,0.));
#856 = VECTOR('',#857,1.);
#857 = DIRECTION('',(1.,0.));
#858 = ( GEOMETRIC_REPRESENTATION_CONTEXT(2) 
PARAMETRIC_REPRESENTATION_CONTEXT() REPRESENTATION_CONTEXT('2D SPACE',''
  ) );
#859 = ORIENTED_EDGE('',*,*,#860,.F.);
#860 = EDGE_CURVE('',#861,#837,#863,.T.);
#861 = VERTEX_POINT('',#862);
#862 = CARTESIAN_POINT('',(0.770928418669,-15.95138142523,0.2));
#863 = SURFACE_CURVE('',#864,(#869,#876),.PCURVE_S1.);
#864 = CIRCLE('',#865,1.4);
#865 = AXIS2_PLACEMENT_3D('',#866,#867,#868);
#866 = CARTESIAN_POINT('',(-3.14489298021E-15,-17.12,0.2));
#867 = DIRECTION('',(0.,0.,1.));
#868 = DIRECTION('',(1.,0.,-0.));
#869 = PCURVE('',#100,#870);
#870 = DEFINITIONAL_REPRESENTATION('',(#871),#875);
#871 = CIRCLE('',#872,1.4);
#872 = AXIS2_PLACEMENT_2D('',#873,#874);
#873 = CARTESIAN_POINT('',(-3.14489298021E-15,-17.12));
#874 = DIRECTION('',(1.,0.));
#875 = ( GEOMETRIC_REPRESENTATION_CONTEXT(2) 
PARAMETRIC_REPRESENTATION_CONTEXT() REPRESENTATION_CONTEXT('2D SPACE',''
  ) );
#876 = PCURVE('',#470,#877);
#877 = DEFINITIONAL_REPRESENTATION('',(#878),#882);
#878 = LINE('',#879,#880);
#879 = CARTESIAN_POINT('',(0.,0.));
#880 = VECTOR('',#881,1.);
#881 = DIRECTION('',(1.,0.));
#882 = ( GEOMETRIC_REPRESENTATION_CONTEXT(2) 
PARAMETRIC_REPRESENTATION_CONTEXT() REPRESENTATION_CONTEXT('2D SPACE',''
  ) );
#883 = ORIENTED_EDGE('',*,*,#884,.T.);
#884 = EDGE_CURVE('',#861,#885,#887,.T.);
#885 = VERTEX_POINT('',#886);
#886 = CARTESIAN_POINT('',(10.734201262426,-11.82445868772,0.2));
#887 = SURFACE_CURVE('',#888,(#893,#900),.PCURVE_S1.);
#888 = CIRCLE('',#889,15.97);
#889 = AXIS2_PLACEMENT_3D('',#890,#891,#892);
#890 = CARTESIAN_POINT('',(0.,0.,0.2));
#891 = DIRECTION('',(0.,0.,1.));
#892 = DIRECTION('',(1.,0.,-0.));
#893 = PCURVE('',#100,#894);
#894 = DEFINITIONAL_REPRESENTATION('',(#895),#899);
#895 = CIRCLE('',#896,15.97);
#896 = AXIS2_PLACEMENT_2D('',#897,#898);
#897 = CARTESIAN_POINT('',(0.,0.));
#898 = DIRECTION('',(1.,0.));
#899 = ( GEOMETRIC_REPRESENTATION_CONTEXT(2) 
PARAMETRIC_REPRESENTATION_CONTEXT() REPRESENTATION_CONTEXT('2D SPACE',''
  ) );
#900 = PCURVE('',#499,#901);
#901 = DEFINITIONAL_REPRESENTATION('',(#902),#906);
#902 = LINE('',#903,#904);
#903 = CARTESIAN_POINT('',(0.,0.));
#904 = VECTOR('',#905,1.);
#905 = DIRECTION('',(1.,0.));
#906 = ( GEOMETRIC_REPRESENTATION_CONTEXT(2) 
PARAMETRIC_REPRESENTATION_CONTEXT() REPRESENTATION_CONTEXT('2D SPACE',''
  ) );
#907 = ORIENTED_EDGE('',*,*,#908,.F.);
#908 = EDGE_CURVE('',#909,#885,#911,.T.);
#909 = VERTEX_POINT('',#910);
#910 = CARTESIAN_POINT('',(11.824458687726,-10.73420126242,0.2));
#911 = SURFACE_CURVE('',#912,(#917,#924),.PCURVE_S1.);
#912 = CIRCLE('',#913,1.4);
#913 = AXIS2_PLACEMENT_3D('',#914,#915,#916);
#914 = CARTESIAN_POINT('',(12.105668093914,-12.10566809391,0.2));
#915 = DIRECTION('',(0.,0.,1.));
#916 = DIRECTION('',(1.,0.,-0.));
#917 = PCURVE('',#100,#918);
#918 = DEFINITIONAL_REPRESENTATION('',(#919),#923);
#919 = CIRCLE('',#920,1.4);
#920 = AXIS2_PLACEMENT_2D('',#921,#922);
#921 = CARTESIAN_POINT('',(12.105668093914,-12.10566809391));
#922 = DIRECTION('',(1.,0.));
#923 = ( GEOMETRIC_REPRESENTATION_CONTEXT(2) 
PARAMETRIC_REPRESENTATION_CONTEXT() REPRESENTATION_CONTEXT('2D SPACE',''
  ) );
#924 = PCURVE('',#528,#925);
#925 = DEFINITIONAL_REPRESENTATION('',(#926),#930);
#926 = LINE('',#927,#928);
#927 = CARTESIAN_POINT('',(0.,0.));
#928 = VECTOR('',#929,1.);
#929 = DIRECTION('',(1.,0.));
#930 = ( GEOMETRIC_REPRESENTATION_CONTEXT(2) 
PARAMETRIC_REPRESENTATION_CONTEXT() REPRESENTATION_CONTEXT('2D SPACE',''
  ) );
#931 = ORIENTED_EDGE('',*,*,#932,.T.);
#932 = EDGE_CURVE('',#909,#619,#933,.T.);
#933 = SURFACE_CURVE('',#934,(#939,#946),.PCURVE_S1.);
#934 = CIRCLE('',#935,15.97);
#935 = AXIS2_PLACEMENT_3D('',#936,#937,#938);
#936 = CARTESIAN_POINT('',(0.,0.,0.2));
#937 = DIRECTION('',(0.,0.,1.));
#938 = DIRECTION('',(1.,0.,-0.));
#939 = PCURVE('',#100,#940);
#940 = DEFINITIONAL_REPRESENTATION('',(#941),#945);
#941 = CIRCLE('',#942,15.97);
#942 = AXIS2_PLACEMENT_2D('',#943,#944);
#943 = CARTESIAN_POINT('',(0.,0.));
#944 = DIRECTION('',(1.,0.));
#945 = ( GEOMETRIC_REPRESENTATION_CONTEXT(2) 
PARAMETRIC_REPRESENTATION_CONTEXT() REPRESENTATION_CONTEXT('2D SPACE',''
  ) );
#946 = PCURVE('',#555,#947);
#947 = DEFINITIONAL_REPRESENTATION('',(#948),#952);
#948 = LINE('',#949,#950);
#949 = CARTESIAN_POINT('',(0.,0.));
#950 = VECTOR('',#951,1.);
#951 = DIRECTION('',(1.,0.));
#952 = ( GEOMETRIC_REPRESENTATION_CONTEXT(2) 
PARAMETRIC_REPRESENTATION_CONTEXT() REPRESENTATION_CONTEXT('2D SPACE',''
  ) );
#953 = FACE_BOUND('',#954,.F.);
#954 = EDGE_LOOP('',(#955,#986));
#955 = ORIENTED_EDGE('',*,*,#956,.F.);
#956 = EDGE_CURVE('',#957,#959,#961,.T.);
#957 = VERTEX_POINT('',#958);
#958 = CARTESIAN_POINT('',(6.711849216889,12.909437636464,0.20000005));
#959 = VERTEX_POINT('',#960);
#960 = CARTESIAN_POINT('',(6.711849216888,-12.90943763646,0.20000005));
#961 = SURFACE_CURVE('',#962,(#967,#974),.PCURVE_S1.);
#962 = CIRCLE('',#963,14.55);
#963 = AXIS2_PLACEMENT_3D('',#964,#965,#966);
#964 = CARTESIAN_POINT('',(0.,0.,0.2));
#965 = DIRECTION('',(0.,0.,1.));
#966 = DIRECTION('',(1.,0.,-0.));
#967 = PCURVE('',#100,#968);
#968 = DEFINITIONAL_REPRESENTATION('',(#969),#973);
#969 = CIRCLE('',#970,14.55);
#970 = AXIS2_PLACEMENT_2D('',#971,#972);
#971 = CARTESIAN_POINT('',(0.,0.));
#972 = DIRECTION('',(1.,0.));
#973 = ( GEOMETRIC_REPRESENTATION_CONTEXT(2) 
PARAMETRIC_REPRESENTATION_CONTEXT() REPRESENTATION_CONTEXT('2D SPACE',''
  ) );
#974 = PCURVE('',#975,#980);
#975 = CYLINDRICAL_SURFACE('',#976,14.55);
#976 = AXIS2_PLACEMENT_3D('',#977,#978,#979);
#977 = CARTESIAN_POINT('',(0.,0.,0.2));
#978 = DIRECTION('',(0.,0.,1.));
#979 = DIRECTION('',(1.,0.,-0.));
#980 = DEFINITIONAL_REPRESENTATION('',(#981),#985);
#981 = LINE('',#982,#983);
#982 = CARTESIAN_POINT('',(0.,0.));
#983 = VECTOR('',#984,1.);
#984 = DIRECTION('',(1.,0.));
#985 = ( GEOMETRIC_REPRESENTATION_CONTEXT(2) 
PARAMETRIC_REPRESENTATION_CONTEXT() REPRESENTATION_CONTEXT('2D SPACE',''
  ) );
#986 = ORIENTED_EDGE('',*,*,#987,.F.);
#987 = EDGE_CURVE('',#959,#957,#988,.T.);
#988 = SURFACE_CURVE('',#989,(#994,#1001),.PCURVE_S1.);
#989 = CIRCLE('',#990,14.55);
#990 = AXIS2_PLACEMENT_3D('',#991,#992,#993);
#991 = CARTESIAN_POINT('',(0.,0.,0.2));
#992 = DIRECTION('',(9.028516130335E-25,3.873135407557E-09,1.));
#993 = DIRECTION('',(0.461295478824,-0.887246572953,3.436426116937E-09)
  );
#994 = PCURVE('',#100,#995);
#995 = DEFINITIONAL_REPRESENTATION('',(#996),#1000);
#996 = CIRCLE('',#997,14.55);
#997 = AXIS2_PLACEMENT_2D('',#998,#999);
#998 = CARTESIAN_POINT('',(0.,0.));
#999 = DIRECTION('',(0.461295478824,-0.887246572953));
#1000 = ( GEOMETRIC_REPRESENTATION_CONTEXT(2) 
PARAMETRIC_REPRESENTATION_CONTEXT() REPRESENTATION_CONTEXT('2D SPACE',''
  ) );
#1001 = PCURVE('',#1002,#1007);
#1002 = PLANE('',#1003);
#1003 = AXIS2_PLACEMENT_3D('',#1004,#1005,#1006);
#1004 = CARTESIAN_POINT('',(-2.227917564176E-31,-1.819232749987E-15,
    0.2000001));
#1005 = DIRECTION('',(0.,0.,1.));
#1006 = DIRECTION('',(-1.,1.224646799147E-16,0.));
#1007 = DEFINITIONAL_REPRESENTATION('',(#1008),#1012);
#1008 = CIRCLE('',#1009,14.55);
#1009 = AXIS2_PLACEMENT_2D('',#1010,#1011);
#1010 = CARTESIAN_POINT('',(0.,-1.819232749987E-15));
#1011 = DIRECTION('',(-0.461295478824,0.887246572953));
#1012 = ( GEOMETRIC_REPRESENTATION_CONTEXT(2) 
PARAMETRIC_REPRESENTATION_CONTEXT() REPRESENTATION_CONTEXT('2D SPACE',''
  ) );
#1013 = ADVANCED_FACE('',(#1014),#72,.F.);
#1014 = FACE_BOUND('',#1015,.F.);
#1015 = EDGE_LOOP('',(#1016,#1017,#1018,#1019));
#1016 = ORIENTED_EDGE('',*,*,#139,.F.);
#1017 = ORIENTED_EDGE('',*,*,#57,.F.);
#1018 = ORIENTED_EDGE('',*,*,#618,.T.);
#1019 = ORIENTED_EDGE('',*,*,#1020,.T.);
#1020 = EDGE_CURVE('',#619,#140,#1021,.T.);
#1021 = SURFACE_CURVE('',#1022,(#1026,#1032),.PCURVE_S1.);
#1022 = LINE('',#1023,#1024);
#1023 = CARTESIAN_POINT('',(15.951381425234,-0.770928418669,0.2));
#1024 = VECTOR('',#1025,1.);
#1025 = DIRECTION('',(0.,0.,1.));
#1026 = PCURVE('',#72,#1027);
#1027 = DEFINITIONAL_REPRESENTATION('',(#1028),#1031);
#1028 = B_SPLINE_CURVE_WITH_KNOTS('',1,(#1029,#1030),.UNSPECIFIED.,.F.,
  .F.,(2,2),(-5.999999999895E-07,7.5000006),.PIECEWISE_BEZIER_KNOTS.);
#1029 = CARTESIAN_POINT('',(3.724751141715,-5.999999999895E-07));
#1030 = CARTESIAN_POINT('',(3.724751141715,7.5000006));
#1031 = ( GEOMETRIC_REPRESENTATION_CONTEXT(2) 
PARAMETRIC_REPRESENTATION_CONTEXT() REPRESENTATION_CONTEXT('2D SPACE',''
  ) );
#1032 = PCURVE('',#555,#1033);
#1033 = DEFINITIONAL_REPRESENTATION('',(#1034),#1037);
#1034 = B_SPLINE_CURVE_WITH_KNOTS('',1,(#1035,#1036),.UNSPECIFIED.,.F.,
  .F.,(2,2),(-5.999999999895E-07,7.5000006),.PIECEWISE_BEZIER_KNOTS.);
#1035 = CARTESIAN_POINT('',(6.234892999523,-5.999999999895E-07));
#1036 = CARTESIAN_POINT('',(6.234892999523,7.5000006));
#1037 = ( GEOMETRIC_REPRESENTATION_CONTEXT(2) 
PARAMETRIC_REPRESENTATION_CONTEXT() REPRESENTATION_CONTEXT('2D SPACE',''
  ) );
#1038 = ADVANCED_FACE('',(#1039),#555,.T.);
#1039 = FACE_BOUND('',#1040,.T.);
#1040 = EDGE_LOOP('',(#1041,#1042,#1061,#1062));
#1041 = ORIENTED_EDGE('',*,*,#540,.F.);
#1042 = ORIENTED_EDGE('',*,*,#1043,.F.);
#1043 = EDGE_CURVE('',#909,#512,#1044,.T.);
#1044 = SURFACE_CURVE('',#1045,(#1049,#1055),.PCURVE_S1.);
#1045 = LINE('',#1046,#1047);
#1046 = CARTESIAN_POINT('',(11.824458687726,-10.73420126242,0.2));
#1047 = VECTOR('',#1048,1.);
#1048 = DIRECTION('',(0.,0.,1.));
#1049 = PCURVE('',#555,#1050);
#1050 = DEFINITIONAL_REPRESENTATION('',(#1051),#1054);
#1051 = B_SPLINE_CURVE_WITH_KNOTS('',1,(#1052,#1053),.UNSPECIFIED.,.F.,
  .F.,(2,2),(-5.999999999895E-07,7.5000006),.PIECEWISE_BEZIER_KNOTS.);
#1052 = CARTESIAN_POINT('',(5.546079451439,-5.999999999895E-07));
#1053 = CARTESIAN_POINT('',(5.546079451439,7.5000006));
#1054 = ( GEOMETRIC_REPRESENTATION_CONTEXT(2) 
PARAMETRIC_REPRESENTATION_CONTEXT() REPRESENTATION_CONTEXT('2D SPACE',''
  ) );
#1055 = PCURVE('',#528,#1056);
#1056 = DEFINITIONAL_REPRESENTATION('',(#1057),#1060);
#1057 = B_SPLINE_CURVE_WITH_KNOTS('',1,(#1058,#1059),.UNSPECIFIED.,.F.,
  .F.,(2,2),(-5.999999999895E-07,7.5000006),.PIECEWISE_BEZIER_KNOTS.);
#1058 = CARTESIAN_POINT('',(1.773036002067,-5.999999999895E-07));
#1059 = CARTESIAN_POINT('',(1.773036002067,7.5000006));
#1060 = ( GEOMETRIC_REPRESENTATION_CONTEXT(2) 
PARAMETRIC_REPRESENTATION_CONTEXT() REPRESENTATION_CONTEXT('2D SPACE',''
  ) );
#1061 = ORIENTED_EDGE('',*,*,#932,.T.);
#1062 = ORIENTED_EDGE('',*,*,#1020,.T.);
#1063 = ADVANCED_FACE('',(#1064),#528,.F.);
#1064 = FACE_BOUND('',#1065,.F.);
#1065 = EDGE_LOOP('',(#1066,#1067,#1068,#1069));
#1066 = ORIENTED_EDGE('',*,*,#511,.F.);
#1067 = ORIENTED_EDGE('',*,*,#1043,.F.);
#1068 = ORIENTED_EDGE('',*,*,#908,.T.);
#1069 = ORIENTED_EDGE('',*,*,#1070,.T.);
#1070 = EDGE_CURVE('',#885,#483,#1071,.T.);
#1071 = SURFACE_CURVE('',#1072,(#1076,#1082),.PCURVE_S1.);
#1072 = LINE('',#1073,#1074);
#1073 = CARTESIAN_POINT('',(10.734201262426,-11.82445868772,0.2));
#1074 = VECTOR('',#1075,1.);
#1075 = DIRECTION('',(0.,0.,1.));
#1076 = PCURVE('',#528,#1077);
#1077 = DEFINITIONAL_REPRESENTATION('',(#1078),#1081);
#1078 = B_SPLINE_CURVE_WITH_KNOTS('',1,(#1079,#1080),.UNSPECIFIED.,.F.,
  .F.,(2,2),(-5.999999999895E-07,7.5000006),.PIECEWISE_BEZIER_KNOTS.);
#1079 = CARTESIAN_POINT('',(2.939352978317,-5.999999999895E-07));
#1080 = CARTESIAN_POINT('',(2.939352978317,7.5000006));
#1081 = ( GEOMETRIC_REPRESENTATION_CONTEXT(2) 
PARAMETRIC_REPRESENTATION_CONTEXT() REPRESENTATION_CONTEXT('2D SPACE',''
  ) );
#1082 = PCURVE('',#499,#1083);
#1083 = DEFINITIONAL_REPRESENTATION('',(#1084),#1087);
#1084 = B_SPLINE_CURVE_WITH_KNOTS('',1,(#1085,#1086),.UNSPECIFIED.,.F.,
  .F.,(2,2),(-5.999999999895E-07,7.5000006),.PIECEWISE_BEZIER_KNOTS.);
#1085 = CARTESIAN_POINT('',(5.449494836125,-5.999999999895E-07));
#1086 = CARTESIAN_POINT('',(5.449494836125,7.5000006));
#1087 = ( GEOMETRIC_REPRESENTATION_CONTEXT(2) 
PARAMETRIC_REPRESENTATION_CONTEXT() REPRESENTATION_CONTEXT('2D SPACE',''
  ) );
#1088 = ADVANCED_FACE('',(#1089),#499,.T.);
#1089 = FACE_BOUND('',#1090,.T.);
#1090 = EDGE_LOOP('',(#1091,#1092,#1111,#1112));
#1091 = ORIENTED_EDGE('',*,*,#482,.F.);
#1092 = ORIENTED_EDGE('',*,*,#1093,.F.);
#1093 = EDGE_CURVE('',#861,#454,#1094,.T.);
#1094 = SURFACE_CURVE('',#1095,(#1099,#1105),.PCURVE_S1.);
#1095 = LINE('',#1096,#1097);
#1096 = CARTESIAN_POINT('',(0.770928418669,-15.95138142523,0.2));
#1097 = VECTOR('',#1098,1.);
#1098 = DIRECTION('',(0.,0.,1.));
#1099 = PCURVE('',#499,#1100);
#1100 = DEFINITIONAL_REPRESENTATION('',(#1101),#1104);
#1101 = B_SPLINE_CURVE_WITH_KNOTS('',1,(#1102,#1103),.UNSPECIFIED.,.F.,
  .F.,(2,2),(-5.999999999895E-07,7.5000006),.PIECEWISE_BEZIER_KNOTS.);
#1102 = CARTESIAN_POINT('',(4.760681288042,-5.999999999895E-07));
#1103 = CARTESIAN_POINT('',(4.760681288042,7.5000006));
#1104 = ( GEOMETRIC_REPRESENTATION_CONTEXT(2) 
PARAMETRIC_REPRESENTATION_CONTEXT() REPRESENTATION_CONTEXT('2D SPACE',''
  ) );
#1105 = PCURVE('',#470,#1106);
#1106 = DEFINITIONAL_REPRESENTATION('',(#1107),#1110);
#1107 = B_SPLINE_CURVE_WITH_KNOTS('',1,(#1108,#1109),.UNSPECIFIED.,.F.,
  .F.,(2,2),(-5.999999999895E-07,7.5000006),.PIECEWISE_BEZIER_KNOTS.);
#1108 = CARTESIAN_POINT('',(0.98763783867,-5.999999999895E-07));
#1109 = CARTESIAN_POINT('',(0.98763783867,7.5000006));
#1110 = ( GEOMETRIC_REPRESENTATION_CONTEXT(2) 
PARAMETRIC_REPRESENTATION_CONTEXT() REPRESENTATION_CONTEXT('2D SPACE',''
  ) );
#1111 = ORIENTED_EDGE('',*,*,#884,.T.);
#1112 = ORIENTED_EDGE('',*,*,#1070,.T.);
#1113 = ADVANCED_FACE('',(#1114),#470,.F.);
#1114 = FACE_BOUND('',#1115,.F.);
#1115 = EDGE_LOOP('',(#1116,#1117,#1118,#1119));
#1116 = ORIENTED_EDGE('',*,*,#453,.F.);
#1117 = ORIENTED_EDGE('',*,*,#1093,.F.);
#1118 = ORIENTED_EDGE('',*,*,#860,.T.);
#1119 = ORIENTED_EDGE('',*,*,#1120,.T.);
#1120 = EDGE_CURVE('',#837,#425,#1121,.T.);
#1121 = SURFACE_CURVE('',#1122,(#1126,#1132),.PCURVE_S1.);
#1122 = LINE('',#1123,#1124);
#1123 = CARTESIAN_POINT('',(-0.770928418669,-15.95138142523,0.2));
#1124 = VECTOR('',#1125,1.);
#1125 = DIRECTION('',(0.,0.,1.));
#1126 = PCURVE('',#470,#1127);
#1127 = DEFINITIONAL_REPRESENTATION('',(#1128),#1131);
#1128 = B_SPLINE_CURVE_WITH_KNOTS('',1,(#1129,#1130),.UNSPECIFIED.,.F.,
  .F.,(2,2),(-5.999999999895E-07,7.5000006),.PIECEWISE_BEZIER_KNOTS.);
#1129 = CARTESIAN_POINT('',(2.15395481492,-5.999999999895E-07));
#1130 = CARTESIAN_POINT('',(2.15395481492,7.5000006));
#1131 = ( GEOMETRIC_REPRESENTATION_CONTEXT(2) 
PARAMETRIC_REPRESENTATION_CONTEXT() REPRESENTATION_CONTEXT('2D SPACE',''
  ) );
#1132 = PCURVE('',#441,#1133);
#1133 = DEFINITIONAL_REPRESENTATION('',(#1134),#1137);
#1134 = B_SPLINE_CURVE_WITH_KNOTS('',1,(#1135,#1136),.UNSPECIFIED.,.F.,
  .F.,(2,2),(-5.999999999895E-07,7.5000006),.PIECEWISE_BEZIER_KNOTS.);
#1135 = CARTESIAN_POINT('',(4.664096672728,-5.999999999895E-07));
#1136 = CARTESIAN_POINT('',(4.664096672728,7.5000006));
#1137 = ( GEOMETRIC_REPRESENTATION_CONTEXT(2) 
PARAMETRIC_REPRESENTATION_CONTEXT() REPRESENTATION_CONTEXT('2D SPACE',''
  ) );
#1138 = ADVANCED_FACE('',(#1139),#441,.T.);
#1139 = FACE_BOUND('',#1140,.T.);
#1140 = EDGE_LOOP('',(#1141,#1142,#1161,#1162));
#1141 = ORIENTED_EDGE('',*,*,#424,.F.);
#1142 = ORIENTED_EDGE('',*,*,#1143,.F.);
#1143 = EDGE_CURVE('',#813,#396,#1144,.T.);
#1144 = SURFACE_CURVE('',#1145,(#1149,#1155),.PCURVE_S1.);
#1145 = LINE('',#1146,#1147);
#1146 = CARTESIAN_POINT('',(-10.73420126242,-11.82445868772,0.2));
#1147 = VECTOR('',#1148,1.);
#1148 = DIRECTION('',(0.,0.,1.));
#1149 = PCURVE('',#441,#1150);
#1150 = DEFINITIONAL_REPRESENTATION('',(#1151),#1154);
#1151 = B_SPLINE_CURVE_WITH_KNOTS('',1,(#1152,#1153),.UNSPECIFIED.,.F.,
  .F.,(2,2),(-5.999999999895E-07,7.5000006),.PIECEWISE_BEZIER_KNOTS.);
#1152 = CARTESIAN_POINT('',(3.975283124644,-5.999999999895E-07));
#1153 = CARTESIAN_POINT('',(3.975283124644,7.5000006));
#1154 = ( GEOMETRIC_REPRESENTATION_CONTEXT(2) 
PARAMETRIC_REPRESENTATION_CONTEXT() REPRESENTATION_CONTEXT('2D SPACE',''
  ) );
#1155 = PCURVE('',#412,#1156);
#1156 = DEFINITIONAL_REPRESENTATION('',(#1157),#1160);
#1157 = B_SPLINE_CURVE_WITH_KNOTS('',1,(#1158,#1159),.UNSPECIFIED.,.F.,
  .F.,(2,2),(-5.999999999895E-07,7.5000006),.PIECEWISE_BEZIER_KNOTS.);
#1158 = CARTESIAN_POINT('',(0.202239675272,-5.999999999895E-07));
#1159 = CARTESIAN_POINT('',(0.202239675272,7.5000006));
#1160 = ( GEOMETRIC_REPRESENTATION_CONTEXT(2) 
PARAMETRIC_REPRESENTATION_CONTEXT() REPRESENTATION_CONTEXT('2D SPACE',''
  ) );
#1161 = ORIENTED_EDGE('',*,*,#836,.T.);
#1162 = ORIENTED_EDGE('',*,*,#1120,.T.);
#1163 = ADVANCED_FACE('',(#1164),#412,.F.);
#1164 = FACE_BOUND('',#1165,.F.);
#1165 = EDGE_LOOP('',(#1166,#1167,#1168,#1169));
#1166 = ORIENTED_EDGE('',*,*,#395,.F.);
#1167 = ORIENTED_EDGE('',*,*,#1143,.F.);
#1168 = ORIENTED_EDGE('',*,*,#812,.T.);
#1169 = ORIENTED_EDGE('',*,*,#1170,.T.);
#1170 = EDGE_CURVE('',#789,#367,#1171,.T.);
#1171 = SURFACE_CURVE('',#1172,(#1176,#1182),.PCURVE_S1.);
#1172 = LINE('',#1173,#1174);
#1173 = CARTESIAN_POINT('',(-11.82445868772,-10.73420126242,0.2));
#1174 = VECTOR('',#1175,1.);
#1175 = DIRECTION('',(0.,0.,1.));
#1176 = PCURVE('',#412,#1177);
#1177 = DEFINITIONAL_REPRESENTATION('',(#1178),#1181);
#1178 = B_SPLINE_CURVE_WITH_KNOTS('',1,(#1179,#1180),.UNSPECIFIED.,.F.,
  .F.,(2,2),(-5.999999999895E-07,7.5000006),.PIECEWISE_BEZIER_KNOTS.);
#1179 = CARTESIAN_POINT('',(1.368556651523,-5.999999999895E-07));
#1180 = CARTESIAN_POINT('',(1.368556651523,7.5000006));
#1181 = ( GEOMETRIC_REPRESENTATION_CONTEXT(2) 
PARAMETRIC_REPRESENTATION_CONTEXT() REPRESENTATION_CONTEXT('2D SPACE',''
  ) );
#1182 = PCURVE('',#383,#1183);
#1183 = DEFINITIONAL_REPRESENTATION('',(#1184),#1187);
#1184 = B_SPLINE_CURVE_WITH_KNOTS('',1,(#1185,#1186),.UNSPECIFIED.,.F.,
  .F.,(2,2),(-5.999999999895E-07,7.5000006),.PIECEWISE_BEZIER_KNOTS.);
#1185 = CARTESIAN_POINT('',(3.87869850933,-5.999999999895E-07));
#1186 = CARTESIAN_POINT('',(3.87869850933,7.5000006));
#1187 = ( GEOMETRIC_REPRESENTATION_CONTEXT(2) 
PARAMETRIC_REPRESENTATION_CONTEXT() REPRESENTATION_CONTEXT('2D SPACE',''
  ) );
#1188 = ADVANCED_FACE('',(#1189),#383,.T.);
#1189 = FACE_BOUND('',#1190,.T.);
#1190 = EDGE_LOOP('',(#1191,#1192,#1211,#1212));
#1191 = ORIENTED_EDGE('',*,*,#366,.F.);
#1192 = ORIENTED_EDGE('',*,*,#1193,.F.);
#1193 = EDGE_CURVE('',#765,#334,#1194,.T.);
#1194 = SURFACE_CURVE('',#1195,(#1199,#1205),.PCURVE_S1.);
#1195 = LINE('',#1196,#1197);
#1196 = CARTESIAN_POINT('',(-15.95138142523,-0.770928418669,0.2));
#1197 = VECTOR('',#1198,1.);
#1198 = DIRECTION('',(0.,0.,1.));
#1199 = PCURVE('',#383,#1200);
#1200 = DEFINITIONAL_REPRESENTATION('',(#1201),#1204);
#1201 = B_SPLINE_CURVE_WITH_KNOTS('',1,(#1202,#1203),.UNSPECIFIED.,.F.,
  .F.,(2,2),(-5.999999999895E-07,7.5000006),.PIECEWISE_BEZIER_KNOTS.);
#1202 = CARTESIAN_POINT('',(3.189884961247,-5.999999999895E-07));
#1203 = CARTESIAN_POINT('',(3.189884961247,7.5000006));
#1204 = ( GEOMETRIC_REPRESENTATION_CONTEXT(2) 
PARAMETRIC_REPRESENTATION_CONTEXT() REPRESENTATION_CONTEXT('2D SPACE',''
  ) );
#1205 = PCURVE('',#354,#1206);
#1206 = DEFINITIONAL_REPRESENTATION('',(#1207),#1210);
#1207 = B_SPLINE_CURVE_WITH_KNOTS('',1,(#1208,#1209),.UNSPECIFIED.,.F.,
  .F.,(2,2),(0.,7.5),.PIECEWISE_BEZIER_KNOTS.);
#1208 = CARTESIAN_POINT('',(5.700026819054,0.));
#1209 = CARTESIAN_POINT('',(5.700026819054,7.5));
#1210 = ( GEOMETRIC_REPRESENTATION_CONTEXT(2) 
PARAMETRIC_REPRESENTATION_CONTEXT() REPRESENTATION_CONTEXT('2D SPACE',''
  ) );
#1211 = ORIENTED_EDGE('',*,*,#788,.T.);
#1212 = ORIENTED_EDGE('',*,*,#1170,.T.);
#1213 = ADVANCED_FACE('',(#1214),#354,.F.);
#1214 = FACE_BOUND('',#1215,.F.);
#1215 = EDGE_LOOP('',(#1216,#1217,#1236,#1237));
#1216 = ORIENTED_EDGE('',*,*,#764,.T.);
#1217 = ORIENTED_EDGE('',*,*,#1218,.T.);
#1218 = EDGE_CURVE('',#741,#305,#1219,.T.);
#1219 = SURFACE_CURVE('',#1220,(#1224,#1230),.PCURVE_S1.);
#1220 = LINE('',#1221,#1222);
#1221 = CARTESIAN_POINT('',(-15.95138142523,0.770928418669,0.2));
#1222 = VECTOR('',#1223,1.);
#1223 = DIRECTION('',(0.,0.,1.));
#1224 = PCURVE('',#354,#1225);
#1225 = DEFINITIONAL_REPRESENTATION('',(#1226),#1229);
#1226 = B_SPLINE_CURVE_WITH_KNOTS('',1,(#1227,#1228),.UNSPECIFIED.,.F.,
  .F.,(2,2),(0.,7.5),.PIECEWISE_BEZIER_KNOTS.);
#1227 = CARTESIAN_POINT('',(6.866343795305,0.));
#1228 = CARTESIAN_POINT('',(6.866343795305,7.5));
#1229 = ( GEOMETRIC_REPRESENTATION_CONTEXT(2) 
PARAMETRIC_REPRESENTATION_CONTEXT() REPRESENTATION_CONTEXT('2D SPACE',''
  ) );
#1230 = PCURVE('',#321,#1231);
#1231 = DEFINITIONAL_REPRESENTATION('',(#1232),#1235);
#1232 = B_SPLINE_CURVE_WITH_KNOTS('',1,(#1233,#1234),.UNSPECIFIED.,.F.,
  .F.,(2,2),(-5.999999999895E-07,7.5000006),.PIECEWISE_BEZIER_KNOTS.);
#1233 = CARTESIAN_POINT('',(3.093300345933,-5.999999999895E-07));
#1234 = CARTESIAN_POINT('',(3.093300345933,7.5000006));
#1235 = ( GEOMETRIC_REPRESENTATION_CONTEXT(2) 
PARAMETRIC_REPRESENTATION_CONTEXT() REPRESENTATION_CONTEXT('2D SPACE',''
  ) );
#1236 = ORIENTED_EDGE('',*,*,#333,.T.);
#1237 = ORIENTED_EDGE('',*,*,#1193,.F.);
#1238 = ADVANCED_FACE('',(#1239),#321,.T.);
#1239 = FACE_BOUND('',#1240,.T.);
#1240 = EDGE_LOOP('',(#1241,#1242,#1261,#1262));
#1241 = ORIENTED_EDGE('',*,*,#304,.F.);
#1242 = ORIENTED_EDGE('',*,*,#1243,.F.);
#1243 = EDGE_CURVE('',#717,#276,#1244,.T.);
#1244 = SURFACE_CURVE('',#1245,(#1249,#1255),.PCURVE_S1.);
#1245 = LINE('',#1246,#1247);
#1246 = CARTESIAN_POINT('',(-11.82445868772,10.734201262426,0.2));
#1247 = VECTOR('',#1248,1.);
#1248 = DIRECTION('',(0.,0.,1.));
#1249 = PCURVE('',#321,#1250);
#1250 = DEFINITIONAL_REPRESENTATION('',(#1251),#1254);
#1251 = B_SPLINE_CURVE_WITH_KNOTS('',1,(#1252,#1253),.UNSPECIFIED.,.F.,
  .F.,(2,2),(-5.999999999895E-07,7.5000006),.PIECEWISE_BEZIER_KNOTS.);
#1252 = CARTESIAN_POINT('',(2.404486797849,-5.999999999895E-07));
#1253 = CARTESIAN_POINT('',(2.404486797849,7.5000006));
#1254 = ( GEOMETRIC_REPRESENTATION_CONTEXT(2) 
PARAMETRIC_REPRESENTATION_CONTEXT() REPRESENTATION_CONTEXT('2D SPACE',''
  ) );
#1255 = PCURVE('',#292,#1256);
#1256 = DEFINITIONAL_REPRESENTATION('',(#1257),#1260);
#1257 = B_SPLINE_CURVE_WITH_KNOTS('',1,(#1258,#1259),.UNSPECIFIED.,.F.,
  .F.,(2,2),(-5.999999999895E-07,7.5000006),.PIECEWISE_BEZIER_KNOTS.);
#1258 = CARTESIAN_POINT('',(4.914628655657,-5.999999999895E-07));
#1259 = CARTESIAN_POINT('',(4.914628655657,7.5000006));
#1260 = ( GEOMETRIC_REPRESENTATION_CONTEXT(2) 
PARAMETRIC_REPRESENTATION_CONTEXT() REPRESENTATION_CONTEXT('2D SPACE',''
  ) );
#1261 = ORIENTED_EDGE('',*,*,#740,.T.);
#1262 = ORIENTED_EDGE('',*,*,#1218,.T.);
#1263 = ADVANCED_FACE('',(#1264),#292,.F.);
#1264 = FACE_BOUND('',#1265,.F.);
#1265 = EDGE_LOOP('',(#1266,#1267,#1268,#1269));
#1266 = ORIENTED_EDGE('',*,*,#275,.F.);
#1267 = ORIENTED_EDGE('',*,*,#1243,.F.);
#1268 = ORIENTED_EDGE('',*,*,#716,.T.);
#1269 = ORIENTED_EDGE('',*,*,#1270,.T.);
#1270 = EDGE_CURVE('',#693,#247,#1271,.T.);
#1271 = SURFACE_CURVE('',#1272,(#1276,#1282),.PCURVE_S1.);
#1272 = LINE('',#1273,#1274);
#1273 = CARTESIAN_POINT('',(-10.73420126242,11.824458687726,0.2));
#1274 = VECTOR('',#1275,1.);
#1275 = DIRECTION('',(0.,0.,1.));
#1276 = PCURVE('',#292,#1277);
#1277 = DEFINITIONAL_REPRESENTATION('',(#1278),#1281);
#1278 = B_SPLINE_CURVE_WITH_KNOTS('',1,(#1279,#1280),.UNSPECIFIED.,.F.,
  .F.,(2,2),(-5.999999999895E-07,7.5000006),.PIECEWISE_BEZIER_KNOTS.);
#1279 = CARTESIAN_POINT('',(6.080945631907,-5.999999999895E-07));
#1280 = CARTESIAN_POINT('',(6.080945631907,7.5000006));
#1281 = ( GEOMETRIC_REPRESENTATION_CONTEXT(2) 
PARAMETRIC_REPRESENTATION_CONTEXT() REPRESENTATION_CONTEXT('2D SPACE',''
  ) );
#1282 = PCURVE('',#263,#1283);
#1283 = DEFINITIONAL_REPRESENTATION('',(#1284),#1287);
#1284 = B_SPLINE_CURVE_WITH_KNOTS('',1,(#1285,#1286),.UNSPECIFIED.,.F.,
  .F.,(2,2),(-5.999999999895E-07,7.5000006),.PIECEWISE_BEZIER_KNOTS.);
#1285 = CARTESIAN_POINT('',(2.307902182535,-5.999999999895E-07));
#1286 = CARTESIAN_POINT('',(2.307902182535,7.5000006));
#1287 = ( GEOMETRIC_REPRESENTATION_CONTEXT(2) 
PARAMETRIC_REPRESENTATION_CONTEXT() REPRESENTATION_CONTEXT('2D SPACE',''
  ) );
#1288 = ADVANCED_FACE('',(#1289),#263,.T.);
#1289 = FACE_BOUND('',#1290,.T.);
#1290 = EDGE_LOOP('',(#1291,#1292,#1311,#1312));
#1291 = ORIENTED_EDGE('',*,*,#246,.F.);
#1292 = ORIENTED_EDGE('',*,*,#1293,.F.);
#1293 = EDGE_CURVE('',#669,#218,#1294,.T.);
#1294 = SURFACE_CURVE('',#1295,(#1299,#1305),.PCURVE_S1.);
#1295 = LINE('',#1296,#1297);
#1296 = CARTESIAN_POINT('',(-0.770928418669,15.951381425234,0.2));
#1297 = VECTOR('',#1298,1.);
#1298 = DIRECTION('',(0.,0.,1.));
#1299 = PCURVE('',#263,#1300);
#1300 = DEFINITIONAL_REPRESENTATION('',(#1301),#1304);
#1301 = B_SPLINE_CURVE_WITH_KNOTS('',1,(#1302,#1303),.UNSPECIFIED.,.F.,
  .F.,(2,2),(-5.999999999895E-07,7.5000006),.PIECEWISE_BEZIER_KNOTS.);
#1302 = CARTESIAN_POINT('',(1.619088634452,-5.999999999895E-07));
#1303 = CARTESIAN_POINT('',(1.619088634452,7.5000006));
#1304 = ( GEOMETRIC_REPRESENTATION_CONTEXT(2) 
PARAMETRIC_REPRESENTATION_CONTEXT() REPRESENTATION_CONTEXT('2D SPACE',''
  ) );
#1305 = PCURVE('',#234,#1306);
#1306 = DEFINITIONAL_REPRESENTATION('',(#1307),#1310);
#1307 = B_SPLINE_CURVE_WITH_KNOTS('',1,(#1308,#1309),.UNSPECIFIED.,.F.,
  .F.,(2,2),(-5.999999999895E-07,7.5000006),.PIECEWISE_BEZIER_KNOTS.);
#1308 = CARTESIAN_POINT('',(4.12923049226,-5.999999999895E-07));
#1309 = CARTESIAN_POINT('',(4.12923049226,7.5000006));
#1310 = ( GEOMETRIC_REPRESENTATION_CONTEXT(2) 
PARAMETRIC_REPRESENTATION_CONTEXT() REPRESENTATION_CONTEXT('2D SPACE',''
  ) );
#1311 = ORIENTED_EDGE('',*,*,#692,.T.);
#1312 = ORIENTED_EDGE('',*,*,#1270,.T.);
#1313 = ADVANCED_FACE('',(#1314),#234,.F.);
#1314 = FACE_BOUND('',#1315,.F.);
#1315 = EDGE_LOOP('',(#1316,#1317,#1318,#1319));
#1316 = ORIENTED_EDGE('',*,*,#217,.F.);
#1317 = ORIENTED_EDGE('',*,*,#1293,.F.);
#1318 = ORIENTED_EDGE('',*,*,#668,.T.);
#1319 = ORIENTED_EDGE('',*,*,#1320,.T.);
#1320 = EDGE_CURVE('',#645,#189,#1321,.T.);
#1321 = SURFACE_CURVE('',#1322,(#1326,#1332),.PCURVE_S1.);
#1322 = LINE('',#1323,#1324);
#1323 = CARTESIAN_POINT('',(0.770928418669,15.951381425234,0.2));
#1324 = VECTOR('',#1325,1.);
#1325 = DIRECTION('',(0.,0.,1.));
#1326 = PCURVE('',#234,#1327);
#1327 = DEFINITIONAL_REPRESENTATION('',(#1328),#1331);
#1328 = B_SPLINE_CURVE_WITH_KNOTS('',1,(#1329,#1330),.UNSPECIFIED.,.F.,
  .F.,(2,2),(-5.999999999895E-07,7.5000006),.PIECEWISE_BEZIER_KNOTS.);
#1329 = CARTESIAN_POINT('',(5.29554746851,-5.999999999895E-07));
#1330 = CARTESIAN_POINT('',(5.29554746851,7.5000006));
#1331 = ( GEOMETRIC_REPRESENTATION_CONTEXT(2) 
PARAMETRIC_REPRESENTATION_CONTEXT() REPRESENTATION_CONTEXT('2D SPACE',''
  ) );
#1332 = PCURVE('',#205,#1333);
#1333 = DEFINITIONAL_REPRESENTATION('',(#1334),#1337);
#1334 = B_SPLINE_CURVE_WITH_KNOTS('',1,(#1335,#1336),.UNSPECIFIED.,.F.,
  .F.,(2,2),(-5.999999999895E-07,7.5000006),.PIECEWISE_BEZIER_KNOTS.);
#1335 = CARTESIAN_POINT('',(1.522504019138,-5.999999999895E-07));
#1336 = CARTESIAN_POINT('',(1.522504019138,7.5000006));
#1337 = ( GEOMETRIC_REPRESENTATION_CONTEXT(2) 
PARAMETRIC_REPRESENTATION_CONTEXT() REPRESENTATION_CONTEXT('2D SPACE',''
  ) );
#1338 = ADVANCED_FACE('',(#1339),#205,.T.);
#1339 = FACE_BOUND('',#1340,.T.);
#1340 = EDGE_LOOP('',(#1341,#1342,#1343,#1344));
#1341 = ORIENTED_EDGE('',*,*,#188,.F.);
#1342 = ORIENTED_EDGE('',*,*,#571,.F.);
#1343 = ORIENTED_EDGE('',*,*,#644,.T.);
#1344 = ORIENTED_EDGE('',*,*,#1320,.T.);
#1345 = ADVANCED_FACE('',(#1346),#975,.F.);
#1346 = FACE_BOUND('',#1347,.F.);
#1347 = EDGE_LOOP('',(#1348,#1378,#1451,#1524,#1558,#1631,#1681,#1760,
    #1839,#1912,#1985,#2019,#2069,#2070,#2137));
#1348 = ORIENTED_EDGE('',*,*,#1349,.T.);
#1349 = EDGE_CURVE('',#1350,#1352,#1354,.T.);
#1350 = VERTEX_POINT('',#1351);
#1351 = CARTESIAN_POINT('',(14.55,-2.377743115504E-12,0.373686127919));
#1352 = VERTEX_POINT('',#1353);
#1353 = CARTESIAN_POINT('',(14.549999999995,-2.09037118707E-15,
    1.026314073062));
#1354 = SURFACE_CURVE('',#1355,(#1359,#1366),.PCURVE_S1.);
#1355 = LINE('',#1356,#1357);
#1356 = CARTESIAN_POINT('',(14.55,-3.563722185519E-15,0.2));
#1357 = VECTOR('',#1358,1.);
#1358 = DIRECTION('',(0.,0.,1.));
#1359 = PCURVE('',#975,#1360);
#1360 = DEFINITIONAL_REPRESENTATION('',(#1361),#1365);
#1361 = LINE('',#1362,#1363);
#1362 = CARTESIAN_POINT('',(6.28318530718,-0.));
#1363 = VECTOR('',#1364,1.);
#1364 = DIRECTION('',(0.,1.));
#1365 = ( GEOMETRIC_REPRESENTATION_CONTEXT(2) 
PARAMETRIC_REPRESENTATION_CONTEXT() REPRESENTATION_CONTEXT('2D SPACE',''
  ) );
#1366 = PCURVE('',#1367,#1372);
#1367 = CYLINDRICAL_SURFACE('',#1368,14.55);
#1368 = AXIS2_PLACEMENT_3D('',#1369,#1370,#1371);
#1369 = CARTESIAN_POINT('',(0.,0.,0.2));
#1370 = DIRECTION('',(0.,0.,1.));
#1371 = DIRECTION('',(1.,0.,-0.));
#1372 = DEFINITIONAL_REPRESENTATION('',(#1373),#1377);
#1373 = LINE('',#1374,#1375);
#1374 = CARTESIAN_POINT('',(0.,-0.));
#1375 = VECTOR('',#1376,1.);
#1376 = DIRECTION('',(0.,1.));
#1377 = ( GEOMETRIC_REPRESENTATION_CONTEXT(2) 
PARAMETRIC_REPRESENTATION_CONTEXT() REPRESENTATION_CONTEXT('2D SPACE',''
  ) );
#1378 = ORIENTED_EDGE('',*,*,#1379,.F.);
#1379 = EDGE_CURVE('',#1380,#1352,#1382,.T.);
#1380 = VERTEX_POINT('',#1381);
#1381 = CARTESIAN_POINT('',(11.771198068556,-8.552274319141,
    0.926314087862));
#1382 = SURFACE_CURVE('',#1383,(#1396,#1412),.PCURVE_S1.);
#1383 = B_SPLINE_CURVE_WITH_KNOTS('',6,(#1384,#1385,#1386,#1387,#1388,
    #1389,#1390,#1391,#1392,#1393,#1394,#1395),.UNSPECIFIED.,.F.,.F.,(7,
    5,7),(0.,0.500080711603,1.),.UNSPECIFIED.);
#1384 = CARTESIAN_POINT('',(11.771198216691,-8.552274115309,
    0.926314090618));
#1385 = CARTESIAN_POINT('',(12.219063079503,-7.935840871545,
    0.934673855042));
#1386 = CARTESIAN_POINT('',(12.628200998132,-7.29124844552,
    0.943039094089));
#1387 = CARTESIAN_POINT('',(12.996374263262,-6.621569648337,
    0.951405924638));
#1388 = CARTESIAN_POINT('',(13.321714079565,-5.930067369636,
    0.959768494888));
#1389 = CARTESIAN_POINT('',(13.602679304551,-5.220171398217,
    0.968118941032));
#1390 = CARTESIAN_POINT('',(14.073443492439,-3.771059161969,
    0.984787004295));
#1391 = CARTESIAN_POINT('',(14.263283256677,-3.031817344249,
    0.993105026855));
#1392 = CARTESIAN_POINT('',(14.406441017611,-2.281383740397,
    1.00140549105));
#1393 = CARTESIAN_POINT('',(14.502148443888,-1.523435918268,
    1.009691572779));
#1394 = CARTESIAN_POINT('',(14.549999999652,-0.7617086003,1.017980223841
    ));
#1395 = CARTESIAN_POINT('',(14.55,-1.7763568394E-15,1.026314073059));
#1396 = PCURVE('',#975,#1397);
#1397 = DEFINITIONAL_REPRESENTATION('',(#1398),#1411);
#1398 = B_SPLINE_CURVE_WITH_KNOTS('',6,(#1399,#1400,#1401,#1402,#1403,
    #1404,#1405,#1406,#1407,#1408,#1409,#1410),.UNSPECIFIED.,.F.,.F.,(7,
    5,7),(0.,0.500080711603,1.),.UNSPECIFIED.);
#1399 = CARTESIAN_POINT('',(5.654866887372,0.726314090618));
#1400 = CARTESIAN_POINT('',(5.707234813934,0.734673855042));
#1401 = CARTESIAN_POINT('',(5.759603979443,0.743039094089));
#1402 = CARTESIAN_POINT('',(5.811971686178,0.751405924638));
#1403 = CARTESIAN_POINT('',(5.864339399643,0.759768494888));
#1404 = CARTESIAN_POINT('',(5.916708588124,0.768118941032));
#1405 = CARTESIAN_POINT('',(6.021427610218,0.784787004295));
#1406 = CARTESIAN_POINT('',(6.073779965549,0.793105026855));
#1407 = CARTESIAN_POINT('',(6.126130888714,0.80140549105));
#1408 = CARTESIAN_POINT('',(6.178481815155,0.809691572779));
#1409 = CARTESIAN_POINT('',(6.23083420063,0.817980223841));
#1410 = CARTESIAN_POINT('',(6.28318530718,0.826314073059));
#1411 = ( GEOMETRIC_REPRESENTATION_CONTEXT(2) 
PARAMETRIC_REPRESENTATION_CONTEXT() REPRESENTATION_CONTEXT('2D SPACE',''
  ) );
#1412 = PCURVE('',#1413,#1436);
#1413 = ( BOUNDED_SURFACE() B_SPLINE_SURFACE(1,6,(
    (#1414,#1415,#1416,#1417,#1418,#1419,#1420,#1421,#1422,#1423,#1424)
    ,(#1425,#1426,#1427,#1428,#1429,#1430,#1431,#1432,#1433,#1434,#1435
)),.UNSPECIFIED.,.F.,.F.,.F.) B_SPLINE_SURFACE_WITH_KNOTS((2,2),(7,4,7),
(4.,5.),(0.,0.5,1.),.UNSPECIFIED.) GEOMETRIC_REPRESENTATION_ITEM() 
RATIONAL_B_SPLINE_SURFACE((
    (1.,1.,1.,1.,1.,1.,1.,1.,1.,1.,1.)
,(1.,1.,1.,1.,1.,1.,1.,1.,1.,1.,1.
  ))) REPRESENTATION_ITEM('') SURFACE() );
#1414 = CARTESIAN_POINT('',(-13.99999999999,2.175881855656E-13,
    0.673686127937));
#1415 = CARTESIAN_POINT('',(-13.95056277197,-7.32870130893,
    0.757019461272));
#1416 = CARTESIAN_POINT('',(-9.539484841184,-14.65740261785,
    0.840352794746));
#1417 = CARTESIAN_POINT('',(8.311633961007E-02,-18.41593092383,
    0.923686128415));
#1418 = CARTESIAN_POINT('',(9.412595955927,-14.65740261785,
    1.007019462063));
#1419 = CARTESIAN_POINT('',(18.587404044053,1.233530144411E-11,
    1.173686129035));
#1420 = CARTESIAN_POINT('',(9.412595955904,14.657402617869,
    1.340352795389));
#1421 = CARTESIAN_POINT('',(8.311633957919E-02,18.415930923849,
    1.423686128408));
#1422 = CARTESIAN_POINT('',(-9.539484841218,14.657402617861,
    1.507019461429));
#1423 = CARTESIAN_POINT('',(-13.95056277201,7.32870130893,1.590352794605
    ));
#1424 = CARTESIAN_POINT('',(-14.00000000003,2.241089016955E-13,
    1.673686127937));
#1425 = CARTESIAN_POINT('',(-14.54999999999,-6.418506756636E-15,
    0.526314072081));
#1426 = CARTESIAN_POINT('',(-14.4986205953,-7.61661457468,0.609647405417
    ));
#1427 = CARTESIAN_POINT('',(-9.914250316736,-15.23322914935,
    0.692980738896));
#1428 = CARTESIAN_POINT('',(8.638162414441E-02,-19.13941392427,
    0.776314072578));
#1429 = CARTESIAN_POINT('',(9.782376511365,-15.23322914935,
    0.859647406239));
#1430 = CARTESIAN_POINT('',(19.317623488625,1.272608091645E-11,
    1.026314073223));
#1431 = CARTESIAN_POINT('',(9.782376511342,15.233229149369,
    1.192980739565));
#1432 = CARTESIAN_POINT('',(8.638162411295E-02,19.139413924283,
    1.276314072571));
#1433 = CARTESIAN_POINT('',(-9.91425031677,15.23322914936,1.359647405579
    ));
#1434 = CARTESIAN_POINT('',(-14.49862059533,7.61661457468,1.44298073875)
  );
#1435 = CARTESIAN_POINT('',(-14.55000000002,-5.040403111782E-15,
    1.526314072081));
#1436 = DEFINITIONAL_REPRESENTATION('',(#1437),#1450);
#1437 = B_SPLINE_CURVE_WITH_KNOTS('',6,(#1438,#1439,#1440,#1441,#1442,
    #1443,#1444,#1445,#1446,#1447,#1448,#1449),.UNSPECIFIED.,.F.,.F.,(7,
    5,7),(0.,0.500080711603,1.),.UNSPECIFIED.);
#1438 = CARTESIAN_POINT('',(5.,0.400000017647));
#1439 = CARTESIAN_POINT('',(4.999814678153,0.408332470795));
#1440 = CARTESIAN_POINT('',(4.999593704329,0.416665144461));
#1441 = CARTESIAN_POINT('',(4.999362335969,0.424997877767));
#1442 = CARTESIAN_POINT('',(4.999163734657,0.433331179723));
#1443 = CARTESIAN_POINT('',(4.999053768479,0.441665419916));
#1444 = CARTESIAN_POINT('',(4.999044755306,0.458332154873));
#1445 = CARTESIAN_POINT('',(4.999145696249,0.466665051499));
#1446 = CARTESIAN_POINT('',(4.999368456472,0.474998350693));
#1447 = CARTESIAN_POINT('',(4.99969195683,0.483332098367));
#1448 = CARTESIAN_POINT('',(4.999999992122,0.491666150729));
#1449 = CARTESIAN_POINT('',(4.999999991494,0.499999999854));
#1450 = ( GEOMETRIC_REPRESENTATION_CONTEXT(2) 
PARAMETRIC_REPRESENTATION_CONTEXT() REPRESENTATION_CONTEXT('2D SPACE',''
  ) );
#1451 = ORIENTED_EDGE('',*,*,#1452,.T.);
#1452 = EDGE_CURVE('',#1380,#1453,#1455,.T.);
#1453 = VERTEX_POINT('',#1454);
#1454 = CARTESIAN_POINT('',(4.529747161468,-13.82692629087,
    0.826700204654));
#1455 = SURFACE_CURVE('',#1456,(#1469,#1485),.PCURVE_S1.);
#1456 = B_SPLINE_CURVE_WITH_KNOTS('',6,(#1457,#1458,#1459,#1460,#1461,
    #1462,#1463,#1464,#1465,#1466,#1467,#1468),.UNSPECIFIED.,.F.,.F.,(7,
    5,7),(0.,0.363321260307,1.),.UNSPECIFIED.);
#1457 = CARTESIAN_POINT('',(11.771198216736,-8.552274115246,
    0.926314090619));
#1458 = CARTESIAN_POINT('',(11.447070397649,-8.998397889416,
    0.920283745093));
#1459 = CARTESIAN_POINT('',(11.102650827506,-9.429783240693,
    0.914253372854));
#1460 = CARTESIAN_POINT('',(10.738782313536,-9.845270760383,
    0.908222954313));
#1461 = CARTESIAN_POINT('',(10.356387746171,-10.24377374008,
    0.902192342758));
#1462 = CARTESIAN_POINT('',(9.956469788754,-10.62427854712,0.8961614112)
  );
#1463 = CARTESIAN_POINT('',(8.810488898019,-11.6194486415,0.879561193612
    ));
#1464 = CARTESIAN_POINT('',(8.030325086879,-12.19494252124,
    0.868990553021));
#1465 = CARTESIAN_POINT('',(7.205500635105,-12.70719605933,
    0.858419428452));
#1466 = CARTESIAN_POINT('',(6.342450580282,-13.15203644651,
    0.847847135256));
#1467 = CARTESIAN_POINT('',(5.44805899694,-13.52608427222,0.837273412276
    ));
#1468 = CARTESIAN_POINT('',(4.529747148608,-13.82692629508,
    0.826700204506));
#1469 = PCURVE('',#975,#1470);
#1470 = DEFINITIONAL_REPRESENTATION('',(#1471),#1484);
#1471 = B_SPLINE_CURVE_WITH_KNOTS('',6,(#1472,#1473,#1474,#1475,#1476,
    #1477,#1478,#1479,#1480,#1481,#1482,#1483),.UNSPECIFIED.,.F.,.F.,(7,
    5,7),(0.,0.363321260307,1.),.UNSPECIFIED.);
#1472 = CARTESIAN_POINT('',(5.654866887377,0.726314090619));
#1473 = CARTESIAN_POINT('',(5.616967281411,0.720283745093));
#1474 = CARTESIAN_POINT('',(5.579067430311,0.714253372854));
#1475 = CARTESIAN_POINT('',(5.541167861075,0.708222954313));
#1476 = CARTESIAN_POINT('',(5.503268288372,0.702192342758));
#1477 = CARTESIAN_POINT('',(5.465368429886,0.6961614112));
#1478 = CARTESIAN_POINT('',(5.361054115353,0.679561193612));
#1479 = CARTESIAN_POINT('',(5.294635316853,0.668990553021));
#1480 = CARTESIAN_POINT('',(5.228221258919,0.658419428452));
#1481 = CARTESIAN_POINT('',(5.161807223685,0.647847135256));
#1482 = CARTESIAN_POINT('',(5.095388450536,0.637273412276));
#1483 = CARTESIAN_POINT('',(5.028973700885,0.626700204506));
#1484 = ( GEOMETRIC_REPRESENTATION_CONTEXT(2) 
PARAMETRIC_REPRESENTATION_CONTEXT() REPRESENTATION_CONTEXT('2D SPACE',''
  ) );
#1485 = PCURVE('',#1486,#1509);
#1486 = ( BOUNDED_SURFACE() B_SPLINE_SURFACE(1,6,(
    (#1487,#1488,#1489,#1490,#1491,#1492,#1493,#1494,#1495,#1496,#1497)
    ,(#1498,#1499,#1500,#1501,#1502,#1503,#1504,#1505,#1506,#1507,#1508
)),.UNSPECIFIED.,.F.,.F.,.F.) B_SPLINE_SURFACE_WITH_KNOTS((2,2),(7,4,7),
(5.,6.),(0.,0.5,1.),.UNSPECIFIED.) GEOMETRIC_REPRESENTATION_ITEM() 
RATIONAL_B_SPLINE_SURFACE((
    (1.,1.,1.,1.,1.,1.,1.,1.,1.,1.,1.)
,(1.,1.,1.,1.,1.,1.,1.,1.,1.,1.,1.
  ))) REPRESENTATION_ITEM('') SURFACE() );
#1487 = CARTESIAN_POINT('',(-14.54999999999,-6.418506756636E-15,
    0.526314072081));
#1488 = CARTESIAN_POINT('',(-14.4986205953,-7.61661457468,0.609647405417
    ));
#1489 = CARTESIAN_POINT('',(-9.914250316736,-15.23322914935,
    0.692980738896));
#1490 = CARTESIAN_POINT('',(8.638162414441E-02,-19.13941392427,
    0.776314072578));
#1491 = CARTESIAN_POINT('',(9.782376511365,-15.23322914935,
    0.859647406239));
#1492 = CARTESIAN_POINT('',(19.317623488625,1.272608091645E-11,
    1.026314073223));
#1493 = CARTESIAN_POINT('',(9.782376511342,15.233229149369,
    1.192980739565));
#1494 = CARTESIAN_POINT('',(8.638162411295E-02,19.139413924283,
    1.276314072571));
#1495 = CARTESIAN_POINT('',(-9.91425031677,15.23322914936,1.359647405579
    ));
#1496 = CARTESIAN_POINT('',(-14.49862059533,7.61661457468,1.44298073875)
  );
#1497 = CARTESIAN_POINT('',(-14.55000000002,-5.040403111782E-15,
    1.526314072081));
#1498 = CARTESIAN_POINT('',(-14.74999999999,-8.760035309801E-14,
    0.526314072075));
#1499 = CARTESIAN_POINT('',(-14.69791434924,-7.721310307681,
    0.60964740541));
#1500 = CARTESIAN_POINT('',(-10.05052867148,-15.44262061535,
    0.692980738891));
#1501 = CARTESIAN_POINT('',(8.756900033725E-02,-19.4024986517,
    0.776314072578));
#1502 = CARTESIAN_POINT('',(9.916842167886,-15.44262061535,
    0.859647406243));
#1503 = CARTESIAN_POINT('',(19.583157832104,1.224664402984E-11,
    1.026314073232));
#1504 = CARTESIAN_POINT('',(9.916842167863,15.442620615369,
    1.192980739569));
#1505 = CARTESIAN_POINT('',(8.756900030559E-02,19.402498651712,
    1.276314072571));
#1506 = CARTESIAN_POINT('',(-10.05052867151,15.442620615361,
    1.359647405575));
#1507 = CARTESIAN_POINT('',(-14.69791434927,7.72131030768,1.442980738743
    ));
#1508 = CARTESIAN_POINT('',(-14.75000000002,-8.809229035682E-14,
    1.526314072075));
#1509 = DEFINITIONAL_REPRESENTATION('',(#1510),#1523);
#1510 = B_SPLINE_CURVE_WITH_KNOTS('',6,(#1511,#1512,#1513,#1514,#1515,
    #1516,#1517,#1518,#1519,#1520,#1521,#1522),.UNSPECIFIED.,.F.,.F.,(7,
    5,7),(0.,0.363321260307,1.),.UNSPECIFIED.);
#1511 = CARTESIAN_POINT('',(5.,0.400000017648));
#1512 = CARTESIAN_POINT('',(5.000368832031,0.393969672134));
#1513 = CARTESIAN_POINT('',(5.000686499507,0.387939299906));
#1514 = CARTESIAN_POINT('',(5.000925968575,0.381908881377));
#1515 = CARTESIAN_POINT('',(5.001076474935,0.375878269835));
#1516 = CARTESIAN_POINT('',(5.00114120496,0.369847338291));
#1517 = CARTESIAN_POINT('',(5.001124062729,0.353247120741));
#1518 = CARTESIAN_POINT('',(5.000895176572,0.342676480176));
#1519 = CARTESIAN_POINT('',(5.000521787195,0.332105355636));
#1520 = CARTESIAN_POINT('',(5.000181436773,0.321533062468));
#1521 = CARTESIAN_POINT('',(5.00000268155,0.310959339519));
#1522 = CARTESIAN_POINT('',(5.,0.30038613178));
#1523 = ( GEOMETRIC_REPRESENTATION_CONTEXT(2) 
PARAMETRIC_REPRESENTATION_CONTEXT() REPRESENTATION_CONTEXT('2D SPACE',''
  ) );
#1524 = ORIENTED_EDGE('',*,*,#1525,.F.);
#1525 = EDGE_CURVE('',#1526,#1453,#1528,.T.);
#1526 = VERTEX_POINT('',#1527);
#1527 = CARTESIAN_POINT('',(4.496257175846,-13.83785284676,
    0.826314761942));
#1528 = SURFACE_CURVE('',#1529,(#1541,#1551),.PCURVE_S1.);
#1529 = ( BOUNDED_CURVE() B_SPLINE_CURVE(6,(#1530,#1531,#1532,#1533,
    #1534,#1535,#1536,#1537,#1538,#1539,#1540),.UNSPECIFIED.,.F.,.F.) 
B_SPLINE_CURVE_WITH_KNOTS((7,4,7),(0.,0.5,1.),.UNSPECIFIED.) CURVE() 
GEOMETRIC_REPRESENTATION_ITEM() RATIONAL_B_SPLINE_CURVE((1.,1.,1.,1.,1.,
1.,1.,1.,1.,1.,1.)) REPRESENTATION_ITEM('') );
#1530 = CARTESIAN_POINT('',(-14.54999999999,-6.418506756636E-15,
    0.526314072081));
#1531 = CARTESIAN_POINT('',(-14.4986205953,-7.61661457468,0.609647405417
    ));
#1532 = CARTESIAN_POINT('',(-9.914250316736,-15.23322914935,
    0.692980738896));
#1533 = CARTESIAN_POINT('',(8.638162414441E-02,-19.13941392427,
    0.776314072578));
#1534 = CARTESIAN_POINT('',(9.782376511365,-15.23322914935,
    0.859647406239));
#1535 = CARTESIAN_POINT('',(19.317623488625,1.272608091645E-11,
    1.026314073223));
#1536 = CARTESIAN_POINT('',(9.782376511342,15.233229149369,
    1.192980739565));
#1537 = CARTESIAN_POINT('',(8.638162411295E-02,19.139413924283,
    1.276314072571));
#1538 = CARTESIAN_POINT('',(-9.91425031677,15.23322914936,1.359647405579
    ));
#1539 = CARTESIAN_POINT('',(-14.49862059533,7.61661457468,1.44298073875)
  );
#1540 = CARTESIAN_POINT('',(-14.55000000002,-5.040403111782E-15,
    1.526314072081));
#1541 = PCURVE('',#975,#1542);
#1542 = DEFINITIONAL_REPRESENTATION('',(#1543),#1550);
#1543 = B_SPLINE_CURVE_WITH_KNOTS('',5,(#1544,#1545,#1546,#1547,#1548,
    #1549),.UNSPECIFIED.,.F.,.F.,(6,6),(0.300000689217,0.300386131928),
  .PIECEWISE_BEZIER_KNOTS.);
#1544 = CARTESIAN_POINT('',(5.026552575003,0.626314761942));
#1545 = CARTESIAN_POINT('',(5.027036800284,0.626391850484));
#1546 = CARTESIAN_POINT('',(5.027521025605,0.626468939027));
#1547 = CARTESIAN_POINT('',(5.028005250966,0.626546027569));
#1548 = CARTESIAN_POINT('',(5.028489476369,0.626623116112));
#1549 = CARTESIAN_POINT('',(5.028973701815,0.626700204654));
#1550 = ( GEOMETRIC_REPRESENTATION_CONTEXT(2) 
PARAMETRIC_REPRESENTATION_CONTEXT() REPRESENTATION_CONTEXT('2D SPACE',''
  ) );
#1551 = PCURVE('',#1413,#1552);
#1552 = DEFINITIONAL_REPRESENTATION('',(#1553),#1557);
#1553 = LINE('',#1554,#1555);
#1554 = CARTESIAN_POINT('',(5.,0.));
#1555 = VECTOR('',#1556,1.);
#1556 = DIRECTION('',(0.,1.));
#1557 = ( GEOMETRIC_REPRESENTATION_CONTEXT(2) 
PARAMETRIC_REPRESENTATION_CONTEXT() REPRESENTATION_CONTEXT('2D SPACE',''
  ) );
#1558 = ORIENTED_EDGE('',*,*,#1559,.F.);
#1559 = EDGE_CURVE('',#1560,#1526,#1562,.T.);
#1560 = VERTEX_POINT('',#1561);
#1561 = CARTESIAN_POINT('',(-4.496197420787,-13.8378722625,
    0.726314070664));
#1562 = SURFACE_CURVE('',#1563,(#1576,#1592),.PCURVE_S1.);
#1563 = B_SPLINE_CURVE_WITH_KNOTS('',6,(#1564,#1565,#1566,#1567,#1568,
    #1569,#1570,#1571,#1572,#1573,#1574,#1575),.UNSPECIFIED.,.F.,.F.,(7,
    5,7),(0.,0.334852578646,1.),.UNSPECIFIED.);
#1564 = CARTESIAN_POINT('',(-4.49619742077,-13.8378722625,0.726314070664
    ));
#1565 = CARTESIAN_POINT('',(-4.010966678334,-13.99553329385,
    0.731892896669));
#1566 = CARTESIAN_POINT('',(-3.519099404977,-14.13277718706,
    0.737471842413));
#1567 = CARTESIAN_POINT('',(-3.02167452714,-14.24925360979,
    0.743050952884));
#1568 = CARTESIAN_POINT('',(-2.519787765642,-14.34468966703,
    0.748630341244));
#1569 = CARTESIAN_POINT('',(-2.014551358326,-14.41888999918,
    0.754210093158));
#1570 = CARTESIAN_POINT('',(-0.499085723645,-14.5767113343,
    0.770874375645));
#1571 = CARTESIAN_POINT('',(0.517772154612,-14.59743994984,
    0.781960800667));
#1572 = CARTESIAN_POINT('',(1.534512188899,-14.53296568454,
    0.793047852057));
#1573 = CARTESIAN_POINT('',(2.542296038178,-14.38367369456,0.8041361545)
  );
#1574 = CARTESIAN_POINT('',(3.532400586869,-14.15103345018,
    0.815225922722));
#1575 = CARTESIAN_POINT('',(4.496257175846,-13.83785284676,
    0.826314761942));
#1576 = PCURVE('',#975,#1577);
#1577 = DEFINITIONAL_REPRESENTATION('',(#1578),#1591);
#1578 = B_SPLINE_CURVE_WITH_KNOTS('',6,(#1579,#1580,#1581,#1582,#1583,
    #1584,#1585,#1586,#1587,#1588,#1589,#1590),.UNSPECIFIED.,.F.,.F.,(7,
    5,7),(0.,0.334852578646,1.),.UNSPECIFIED.);
#1579 = CARTESIAN_POINT('',(4.398229703997,0.526314070664));
#1580 = CARTESIAN_POINT('',(4.433295119635,0.531892896669));
#1581 = CARTESIAN_POINT('',(4.468360705743,0.537471842413));
#1582 = CARTESIAN_POINT('',(4.503426105233,0.543050952884));
#1583 = CARTESIAN_POINT('',(4.538491511212,0.548630341244));
#1584 = CARTESIAN_POINT('',(4.573557111774,0.554210093158));
#1585 = CARTESIAN_POINT('',(4.678276099358,0.570874375645));
#1586 = CARTESIAN_POINT('',(4.747934833417,0.581960800667));
#1587 = CARTESIAN_POINT('',(4.817587557656,0.593047852057));
#1588 = CARTESIAN_POINT('',(4.887240256445,0.6041361545));
#1589 = CARTESIAN_POINT('',(4.956898951738,0.615225922722));
#1590 = CARTESIAN_POINT('',(5.026552575003,0.626314761942));
#1591 = ( GEOMETRIC_REPRESENTATION_CONTEXT(2) 
PARAMETRIC_REPRESENTATION_CONTEXT() REPRESENTATION_CONTEXT('2D SPACE',''
  ) );
#1592 = PCURVE('',#1593,#1616);
#1593 = ( BOUNDED_SURFACE() B_SPLINE_SURFACE(1,6,(
    (#1594,#1595,#1596,#1597,#1598,#1599,#1600,#1601,#1602,#1603,#1604)
    ,(#1605,#1606,#1607,#1608,#1609,#1610,#1611,#1612,#1613,#1614,#1615
)),.UNSPECIFIED.,.F.,.F.,.F.) B_SPLINE_SURFACE_WITH_KNOTS((2,2),(7,4,7),
(5.,6.),(0.,0.5,1.),.UNSPECIFIED.) GEOMETRIC_REPRESENTATION_ITEM() 
RATIONAL_B_SPLINE_SURFACE((
    (1.,1.,1.,1.,1.,1.,1.,1.,1.,1.,1.)
,(1.,1.,1.,1.,1.,1.,1.,1.,1.,1.,1.
  ))) REPRESENTATION_ITEM('') SURFACE() );
#1594 = CARTESIAN_POINT('',(-14.54999999999,-6.418506756636E-15,
    0.526314072081));
#1595 = CARTESIAN_POINT('',(-14.4986205953,-7.61661457468,0.609647405417
    ));
#1596 = CARTESIAN_POINT('',(-9.914250316736,-15.23322914935,
    0.692980738896));
#1597 = CARTESIAN_POINT('',(8.638162414441E-02,-19.13941392427,
    0.776314072578));
#1598 = CARTESIAN_POINT('',(9.782376511365,-15.23322914935,
    0.859647406239));
#1599 = CARTESIAN_POINT('',(19.317623488625,1.272608091645E-11,
    1.026314073223));
#1600 = CARTESIAN_POINT('',(9.782376511342,15.233229149369,
    1.192980739565));
#1601 = CARTESIAN_POINT('',(8.638162411295E-02,19.139413924283,
    1.276314072571));
#1602 = CARTESIAN_POINT('',(-9.91425031677,15.23322914936,1.359647405579
    ));
#1603 = CARTESIAN_POINT('',(-14.49862059533,7.61661457468,1.44298073875)
  );
#1604 = CARTESIAN_POINT('',(-14.55000000002,-5.040403111782E-15,
    1.526314072081));
#1605 = CARTESIAN_POINT('',(-14.74999999999,-8.760035309801E-14,
    0.526314072075));
#1606 = CARTESIAN_POINT('',(-14.69791434924,-7.721310307681,
    0.60964740541));
#1607 = CARTESIAN_POINT('',(-10.05052867148,-15.44262061535,
    0.692980738891));
#1608 = CARTESIAN_POINT('',(8.756900033725E-02,-19.4024986517,
    0.776314072578));
#1609 = CARTESIAN_POINT('',(9.916842167886,-15.44262061535,
    0.859647406243));
#1610 = CARTESIAN_POINT('',(19.583157832104,1.224664402984E-11,
    1.026314073232));
#1611 = CARTESIAN_POINT('',(9.916842167863,15.442620615369,
    1.192980739569));
#1612 = CARTESIAN_POINT('',(8.756900030559E-02,19.402498651712,
    1.276314072571));
#1613 = CARTESIAN_POINT('',(-10.05052867151,15.442620615361,
    1.359647405575));
#1614 = CARTESIAN_POINT('',(-14.69791434927,7.72131030768,1.442980738743
    ));
#1615 = CARTESIAN_POINT('',(-14.75000000002,-8.809229035682E-14,
    1.526314072075));
#1616 = DEFINITIONAL_REPRESENTATION('',(#1617),#1630);
#1617 = B_SPLINE_CURVE_WITH_KNOTS('',6,(#1618,#1619,#1620,#1621,#1622,
    #1623,#1624,#1625,#1626,#1627,#1628,#1629),.UNSPECIFIED.,.F.,.F.,(7,
    5,7),(0.,0.334852578646,1.),.UNSPECIFIED.);
#1618 = CARTESIAN_POINT('',(5.,0.199999998245));
#1619 = CARTESIAN_POINT('',(5.00053287479,0.205578824233));
#1620 = CARTESIAN_POINT('',(5.000953711658,0.211157769961));
#1621 = CARTESIAN_POINT('',(5.001250104092,0.216736880415));
#1622 = CARTESIAN_POINT('',(5.001426462674,0.222316268758));
#1623 = CARTESIAN_POINT('',(5.001498513393,0.227896020654));
#1624 = CARTESIAN_POINT('',(5.00146650695,0.24456030309));
#1625 = CARTESIAN_POINT('',(5.001118803811,0.255646728078));
#1626 = CARTESIAN_POINT('',(5.000609869985,0.266733779433));
#1627 = CARTESIAN_POINT('',(5.000199847946,0.277822081842));
#1628 = CARTESIAN_POINT('',(5.000002814366,0.288911850031));
#1629 = CARTESIAN_POINT('',(5.,0.300000689217));
#1630 = ( GEOMETRIC_REPRESENTATION_CONTEXT(2) 
PARAMETRIC_REPRESENTATION_CONTEXT() REPRESENTATION_CONTEXT('2D SPACE',''
  ) );
#1631 = ORIENTED_EDGE('',*,*,#1632,.F.);
#1632 = EDGE_CURVE('',#1633,#1560,#1635,.T.);
#1633 = VERTEX_POINT('',#1634);
#1634 = CARTESIAN_POINT('',(-11.77119713827,-8.552275599623,
    0.626314074592));
#1635 = SURFACE_CURVE('',#1636,(#1649,#1665),.PCURVE_S1.);
#1636 = B_SPLINE_CURVE_WITH_KNOTS('',6,(#1637,#1638,#1639,#1640,#1641,
    #1642,#1643,#1644,#1645,#1646,#1647,#1648),.UNSPECIFIED.,.F.,.F.,(7,
    5,7),(0.,0.379010144502,1.),.UNSPECIFIED.);
#1637 = CARTESIAN_POINT('',(-11.77119713827,-8.552275599623,
    0.626314074592));
#1638 = CARTESIAN_POINT('',(-11.43176457034,-9.019464434422,
    0.632782396065));
#1639 = CARTESIAN_POINT('',(-11.07007765009,-9.470491567419,
    0.639214129652));
#1640 = CARTESIAN_POINT('',(-10.68710474591,-9.904024581278,
    0.64560822977));
#1641 = CARTESIAN_POINT('',(-10.28391022859,-10.31881894108,
    0.651968540485));
#1642 = CARTESIAN_POINT('',(-9.861654005234,-10.71371854767,
    0.658301310861));
#1643 = CARTESIAN_POINT('',(-8.70056911476,-11.70033526169,
    0.674953634121));
#1644 = CARTESIAN_POINT('',(-7.931694910379,-12.25678467277,
    0.685237939026));
#1645 = CARTESIAN_POINT('',(-7.12053752343,-12.75225182588,
    0.695492485799));
#1646 = CARTESIAN_POINT('',(-6.273167250386,-13.18286492284,
    0.705748375157));
#1647 = CARTESIAN_POINT('',(-5.396064754046,-13.54548763095,
    0.716021017021));
#1648 = CARTESIAN_POINT('',(-4.496197420778,-13.8378722625,
    0.726314070664));
#1649 = PCURVE('',#975,#1650);
#1650 = DEFINITIONAL_REPRESENTATION('',(#1651),#1664);
#1651 = B_SPLINE_CURVE_WITH_KNOTS('',6,(#1652,#1653,#1654,#1655,#1656,
    #1657,#1658,#1659,#1660,#1661,#1662,#1663),.UNSPECIFIED.,.F.,.F.,(7,
    5,7),(0.,0.379010144502,1.),.UNSPECIFIED.);
#1652 = CARTESIAN_POINT('',(3.769911199495,0.426314074592));
#1653 = CARTESIAN_POINT('',(3.809600351695,0.432782396065));
#1654 = CARTESIAN_POINT('',(3.84928989603,0.439214129652));
#1655 = CARTESIAN_POINT('',(3.888979158809,0.44560822977));
#1656 = CARTESIAN_POINT('',(3.928668484033,0.451968540485));
#1657 = CARTESIAN_POINT('',(3.968358212314,0.458301310861));
#1658 = CARTESIAN_POINT('',(4.073076906689,0.474953634121));
#1659 = CARTESIAN_POINT('',(4.13810988729,0.485237939026));
#1660 = CARTESIAN_POINT('',(4.203138638926,0.495492485799));
#1661 = CARTESIAN_POINT('',(4.268167391539,0.505748375157));
#1662 = CARTESIAN_POINT('',(4.333200390515,0.516021017021));
#1663 = CARTESIAN_POINT('',(4.398229703996,0.526314070664));
#1664 = ( GEOMETRIC_REPRESENTATION_CONTEXT(2) 
PARAMETRIC_REPRESENTATION_CONTEXT() REPRESENTATION_CONTEXT('2D SPACE',''
  ) );
#1665 = PCURVE('',#1413,#1666);
#1666 = DEFINITIONAL_REPRESENTATION('',(#1667),#1680);
#1667 = B_SPLINE_CURVE_WITH_KNOTS('',6,(#1668,#1669,#1670,#1671,#1672,
    #1673,#1674,#1675,#1676,#1677,#1678,#1679),.UNSPECIFIED.,.F.,.F.,(7,
    5,7),(0.,0.379010144502,1.),.UNSPECIFIED.);
#1668 = CARTESIAN_POINT('',(5.,0.100000002418));
#1669 = CARTESIAN_POINT('',(4.99899421057,0.106320098624));
#1670 = CARTESIAN_POINT('',(4.99823590156,0.112640078641));
#1671 = CARTESIAN_POINT('',(4.997729623262,0.118959567472));
#1672 = CARTESIAN_POINT('',(4.997448455103,0.125278441844));
#1673 = CARTESIAN_POINT('',(4.997349787124,0.131596671304));
#1674 = CARTESIAN_POINT('',(4.997458793004,0.148265058945));
#1675 = CARTESIAN_POINT('',(4.997902005156,0.15861468091));
#1676 = CARTESIAN_POINT('',(4.998530041421,0.168961782651));
#1677 = CARTESIAN_POINT('',(4.999140967204,0.179307705368));
#1678 = CARTESIAN_POINT('',(4.999640645855,0.189653985873));
#1679 = CARTESIAN_POINT('',(5.,0.199999998245));
#1680 = ( GEOMETRIC_REPRESENTATION_CONTEXT(2) 
PARAMETRIC_REPRESENTATION_CONTEXT() REPRESENTATION_CONTEXT('2D SPACE',''
  ) );
#1681 = ORIENTED_EDGE('',*,*,#1682,.F.);
#1682 = EDGE_CURVE('',#1683,#1633,#1685,.T.);
#1683 = VERTEX_POINT('',#1684);
#1684 = CARTESIAN_POINT('',(-14.54999999999,-5.972650746055E-15,
    0.526314072081));
#1685 = SURFACE_CURVE('',#1686,(#1701,#1719),.PCURVE_S1.);
#1686 = B_SPLINE_CURVE_WITH_KNOTS('',7,(#1687,#1688,#1689,#1690,#1691,
    #1692,#1693,#1694,#1695,#1696,#1697,#1698,#1699,#1700),
  .UNSPECIFIED.,.F.,.F.,(8,6,8),(0.,0.658433654129,1.),.UNSPECIFIED.);
#1687 = CARTESIAN_POINT('',(-14.54999999999,-5.329070518201E-15,
    0.526314072081));
#1688 = CARTESIAN_POINT('',(-14.54999999999,-0.859504812703,
    0.535717908964));
#1689 = CARTESIAN_POINT('',(-14.49076467312,-1.719454315413,
    0.545117867205));
#1690 = CARTESIAN_POINT('',(-14.37218408736,-2.574589385991,
    0.554517797166));
#1691 = CARTESIAN_POINT('',(-14.19480166312,-3.419868307427,
    0.563919649589));
#1692 = CARTESIAN_POINT('',(-13.95966228208,-4.250445072165,
    0.573323989548));
#1693 = CARTESIAN_POINT('',(-13.66826839924,-5.061663857207,
    0.582730889167));
#1694 = CARTESIAN_POINT('',(-13.14324222296,-6.257530627357,
    0.597020957534));
#1695 = CARTESIAN_POINT('',(-12.94929924835,-6.659585604529,
    0.601902514315));
#1696 = CARTESIAN_POINT('',(-12.74102077193,-7.054598908573,
    0.60678448852));
#1697 = CARTESIAN_POINT('',(-12.51871498476,-7.441959202476,
    0.611666758259));
#1698 = CARTESIAN_POINT('',(-12.28272214524,-7.821072852517,
    0.616549202548));
#1699 = CARTESIAN_POINT('',(-12.03341465557,-8.191364161107,
    0.62143169118));
#1700 = CARTESIAN_POINT('',(-11.77119713827,-8.552275599624,
    0.626314074592));
#1701 = PCURVE('',#975,#1702);
#1702 = DEFINITIONAL_REPRESENTATION('',(#1703),#1718);
#1703 = B_SPLINE_CURVE_WITH_KNOTS('',7,(#1704,#1705,#1706,#1707,#1708,
    #1709,#1710,#1711,#1712,#1713,#1714,#1715,#1716,#1717),
  .UNSPECIFIED.,.F.,.F.,(8,6,8),(0.,0.658433654129,1.),.UNSPECIFIED.);
#1704 = CARTESIAN_POINT('',(3.14159265359,0.326314072081));
#1705 = CARTESIAN_POINT('',(3.200665149308,0.335717908964));
#1706 = CARTESIAN_POINT('',(3.259768206258,0.345117867205));
#1707 = CARTESIAN_POINT('',(3.318877076859,0.354517797166));
#1708 = CARTESIAN_POINT('',(3.3779834518,0.363919649589));
#1709 = CARTESIAN_POINT('',(3.437085962029,0.373323989548));
#1710 = CARTESIAN_POINT('',(3.496187312362,0.382730889167));
#1711 = CARTESIAN_POINT('',(3.585949757325,0.397020957534));
#1712 = CARTESIAN_POINT('',(3.616609724782,0.401902514315));
#1713 = CARTESIAN_POINT('',(3.647269699393,0.40678448852));
#1714 = CARTESIAN_POINT('',(3.677929770802,0.411666758259));
#1715 = CARTESIAN_POINT('',(3.70859007889,0.416549202548));
#1716 = CARTESIAN_POINT('',(3.739250644389,0.42143169118));
#1717 = CARTESIAN_POINT('',(3.769911199495,0.426314074592));
#1718 = ( GEOMETRIC_REPRESENTATION_CONTEXT(2) 
PARAMETRIC_REPRESENTATION_CONTEXT() REPRESENTATION_CONTEXT('2D SPACE',''
  ) );
#1719 = PCURVE('',#1720,#1743);
#1720 = ( BOUNDED_SURFACE() B_SPLINE_SURFACE(1,6,(
    (#1721,#1722,#1723,#1724,#1725,#1726,#1727,#1728,#1729,#1730,#1731)
    ,(#1732,#1733,#1734,#1735,#1736,#1737,#1738,#1739,#1740,#1741,#1742
)),.UNSPECIFIED.,.F.,.F.,.F.) B_SPLINE_SURFACE_WITH_KNOTS((2,2),(7,4,7),
(5.,6.),(0.,0.5,1.),.UNSPECIFIED.) GEOMETRIC_REPRESENTATION_ITEM() 
RATIONAL_B_SPLINE_SURFACE((
    (1.,1.,1.,1.,1.,1.,1.,1.,1.,1.,1.)
,(1.,1.,1.,1.,1.,1.,1.,1.,1.,1.,1.
  ))) REPRESENTATION_ITEM('') SURFACE() );
#1721 = CARTESIAN_POINT('',(-14.54999999999,-6.418506756636E-15,
    0.526314072081));
#1722 = CARTESIAN_POINT('',(-14.4986205953,-7.61661457468,0.609647405417
    ));
#1723 = CARTESIAN_POINT('',(-9.914250316736,-15.23322914935,
    0.692980738896));
#1724 = CARTESIAN_POINT('',(8.638162414441E-02,-19.13941392427,
    0.776314072578));
#1725 = CARTESIAN_POINT('',(9.782376511365,-15.23322914935,
    0.859647406239));
#1726 = CARTESIAN_POINT('',(19.317623488625,1.272608091645E-11,
    1.026314073223));
#1727 = CARTESIAN_POINT('',(9.782376511342,15.233229149369,
    1.192980739565));
#1728 = CARTESIAN_POINT('',(8.638162411295E-02,19.139413924283,
    1.276314072571));
#1729 = CARTESIAN_POINT('',(-9.91425031677,15.23322914936,1.359647405579
    ));
#1730 = CARTESIAN_POINT('',(-14.49862059533,7.61661457468,1.44298073875)
  );
#1731 = CARTESIAN_POINT('',(-14.55000000002,-5.040403111782E-15,
    1.526314072081));
#1732 = CARTESIAN_POINT('',(-14.74999999999,-8.760035309801E-14,
    0.526314072075));
#1733 = CARTESIAN_POINT('',(-14.69791434924,-7.721310307681,
    0.60964740541));
#1734 = CARTESIAN_POINT('',(-10.05052867148,-15.44262061535,
    0.692980738891));
#1735 = CARTESIAN_POINT('',(8.756900033725E-02,-19.4024986517,
    0.776314072578));
#1736 = CARTESIAN_POINT('',(9.916842167886,-15.44262061535,
    0.859647406243));
#1737 = CARTESIAN_POINT('',(19.583157832104,1.224664402984E-11,
    1.026314073232));
#1738 = CARTESIAN_POINT('',(9.916842167863,15.442620615369,
    1.192980739569));
#1739 = CARTESIAN_POINT('',(8.756900030559E-02,19.402498651712,
    1.276314072571));
#1740 = CARTESIAN_POINT('',(-10.05052867151,15.442620615361,
    1.359647405575));
#1741 = CARTESIAN_POINT('',(-14.69791434927,7.72131030768,1.442980738743
    ));
#1742 = CARTESIAN_POINT('',(-14.75000000002,-8.809229035682E-14,
    1.526314072075));
#1743 = DEFINITIONAL_REPRESENTATION('',(#1744),#1759);
#1744 = B_SPLINE_CURVE_WITH_KNOTS('',7,(#1745,#1746,#1747,#1748,#1749,
    #1750,#1751,#1752,#1753,#1754,#1755,#1756,#1757,#1758),
  .UNSPECIFIED.,.F.,.F.,(8,6,8),(0.,0.658433654129,1.),.UNSPECIFIED.);
#1745 = CARTESIAN_POINT('',(5.,0.));
#1746 = CARTESIAN_POINT('',(5.028989812451,9.403836882688E-03));
#1747 = CARTESIAN_POINT('',(5.042421728146,1.880379512169E-02));
#1748 = CARTESIAN_POINT('',(5.045541590371,2.82037250786E-02));
#1749 = CARTESIAN_POINT('',(5.042555972972,3.760557749608E-02));
#1750 = CARTESIAN_POINT('',(5.036444447263,4.700991744781E-02));
#1751 = CARTESIAN_POINT('',(5.029169530517,5.641681705639E-02));
#1752 = CARTESIAN_POINT('',(5.018176967822,7.070688540594E-02));
#1753 = CARTESIAN_POINT('',(5.014432280802,7.558844218099E-02));
#1754 = CARTESIAN_POINT('',(5.010865230326,8.047041637876E-02));
#1755 = CARTESIAN_POINT('',(5.007588179899,8.535268611022E-02));
#1756 = CARTESIAN_POINT('',(5.004668146003,9.023513039165E-02));
#1757 = CARTESIAN_POINT('',(5.00213672166,9.511761901499E-02));
#1758 = CARTESIAN_POINT('',(5.,0.100000002418));
#1759 = ( GEOMETRIC_REPRESENTATION_CONTEXT(2) 
PARAMETRIC_REPRESENTATION_CONTEXT() REPRESENTATION_CONTEXT('2D SPACE',''
  ) );
#1760 = ORIENTED_EDGE('',*,*,#1761,.T.);
#1761 = EDGE_CURVE('',#1683,#1762,#1764,.T.);
#1762 = VERTEX_POINT('',#1763);
#1763 = CARTESIAN_POINT('',(-11.77119714149,8.552275595186,
    0.426314069725));
#1764 = SURFACE_CURVE('',#1765,(#1780,#1798),.PCURVE_S1.);
#1765 = B_SPLINE_CURVE_WITH_KNOTS('',7,(#1766,#1767,#1768,#1769,#1770,
    #1771,#1772,#1773,#1774,#1775,#1776,#1777,#1778,#1779),
  .UNSPECIFIED.,.F.,.F.,(8,6,8),(0.,0.653996995154,1.),.UNSPECIFIED.);
#1766 = CARTESIAN_POINT('',(-14.55,-1.053324094613E-14,0.526314072081));
#1767 = CARTESIAN_POINT('',(-14.55,0.853719568932,0.516973531515));
#1768 = CARTESIAN_POINT('',(-14.49155939767,1.7078705408,0.507636897683)
  );
#1769 = CARTESIAN_POINT('',(-14.37457230076,2.557304714732,
    0.498300337553));
#1770 = CARTESIAN_POINT('',(-14.1995664275,3.397084044579,0.488961888311
    ));
#1771 = CARTESIAN_POINT('',(-13.96755767357,4.222458222263,
    0.479620965122));
#1772 = CARTESIAN_POINT('',(-13.68000888284,5.028859142625,
    0.470277504049));
#1773 = CARTESIAN_POINT('',(-13.15831895224,6.226182678871,
    0.455987581133));
#1774 = CARTESIAN_POINT('',(-12.96280068056,6.633921505114,
    0.451042652981));
#1775 = CARTESIAN_POINT('',(-12.75255574088,7.034467138805,
    0.446097290288));
#1776 = CARTESIAN_POINT('',(-12.52790316149,7.427183450106,
    0.441151619122));
#1777 = CARTESIAN_POINT('',(-12.28919575744,7.811452905833,
    0.436205764914));
#1778 = CARTESIAN_POINT('',(-12.03682020923,8.186676818473,
    0.431259863093));
#1779 = CARTESIAN_POINT('',(-11.77119714149,8.552275595191,
    0.426314069725));
#1780 = PCURVE('',#975,#1781);
#1781 = DEFINITIONAL_REPRESENTATION('',(#1782),#1797);
#1782 = B_SPLINE_CURVE_WITH_KNOTS('',7,(#1783,#1784,#1785,#1786,#1787,
    #1788,#1789,#1790,#1791,#1792,#1793,#1794,#1795,#1796),
  .UNSPECIFIED.,.F.,.F.,(8,6,8),(0.,0.653996995154,1.),.UNSPECIFIED.);
#1783 = CARTESIAN_POINT('',(3.14159265359,0.326314072081));
#1784 = CARTESIAN_POINT('',(3.082917769127,0.316973531515));
#1785 = CARTESIAN_POINT('',(3.024213236784,0.307636897683));
#1786 = CARTESIAN_POINT('',(2.965502933189,0.298300337553));
#1787 = CARTESIAN_POINT('',(2.906794862756,0.288961888311));
#1788 = CARTESIAN_POINT('',(2.84809038094,0.279620965122));
#1789 = CARTESIAN_POINT('',(2.789387022295,0.270277504049));
#1790 = CARTESIAN_POINT('',(2.699624729508,0.255987581133));
#1791 = CARTESIAN_POINT('',(2.668566566533,0.251042652981));
#1792 = CARTESIAN_POINT('',(2.637508403258,0.246097290288));
#1793 = CARTESIAN_POINT('',(2.606450144407,0.241151619122));
#1794 = CARTESIAN_POINT('',(2.575391640271,0.236205764914));
#1795 = CARTESIAN_POINT('',(2.544332867194,0.231259863093));
#1796 = CARTESIAN_POINT('',(2.513274108061,0.226314069725));
#1797 = ( GEOMETRIC_REPRESENTATION_CONTEXT(2) 
PARAMETRIC_REPRESENTATION_CONTEXT() REPRESENTATION_CONTEXT('2D SPACE',''
  ) );
#1798 = PCURVE('',#1799,#1822);
#1799 = ( BOUNDED_SURFACE() B_SPLINE_SURFACE(1,6,(
    (#1800,#1801,#1802,#1803,#1804,#1805,#1806,#1807,#1808,#1809,#1810)
    ,(#1811,#1812,#1813,#1814,#1815,#1816,#1817,#1818,#1819,#1820,#1821
)),.UNSPECIFIED.,.F.,.F.,.F.) B_SPLINE_SURFACE_WITH_KNOTS((2,2),(7,4,7),
(5.,6.),(0.,0.5,1.),.UNSPECIFIED.) GEOMETRIC_REPRESENTATION_ITEM() 
RATIONAL_B_SPLINE_SURFACE((
    (1.,1.,1.,1.,1.,1.,1.,1.,1.,1.,1.)
,(1.,1.,1.,1.,1.,1.,1.,1.,1.,1.,1.
  ))) REPRESENTATION_ITEM('') SURFACE() );
#1800 = CARTESIAN_POINT('',(-14.55,-1.770852586041E-15,-0.473685927919)
  );
#1801 = CARTESIAN_POINT('',(-14.4986205953,-7.61661457468,
    -0.390352594585));
#1802 = CARTESIAN_POINT('',(-9.914250316742,-15.23322914935,
    -0.30701926126));
#1803 = CARTESIAN_POINT('',(8.638162413974E-02,-19.13941392427,
    -0.223685927915));
#1804 = CARTESIAN_POINT('',(9.782376511365,-15.23322914935,
    -0.140352594582));
#1805 = CARTESIAN_POINT('',(19.317623488636,-7.554631119558E-14,
    2.631407208142E-02));
#1806 = CARTESIAN_POINT('',(9.782376511365,15.233229149359,
    0.192980738745));
#1807 = CARTESIAN_POINT('',(8.638162413962E-02,19.139413924278,
    0.276314072078));
#1808 = CARTESIAN_POINT('',(-9.914250316742,15.233229149359,
    0.359647405423));
#1809 = CARTESIAN_POINT('',(-14.4986205953,7.61661457468,0.442980738748)
  );
#1810 = CARTESIAN_POINT('',(-14.55,-5.526794735474E-15,0.526314072081));
#1811 = CARTESIAN_POINT('',(-14.75,-7.34238713085E-15,-0.473685927919));
#1812 = CARTESIAN_POINT('',(-14.69791434924,-7.721310307681,
    -0.390352594585));
#1813 = CARTESIAN_POINT('',(-10.05052867149,-15.44262061535,
    -0.30701926126));
#1814 = CARTESIAN_POINT('',(8.756900033249E-02,-19.40249865171,
    -0.223685927915));
#1815 = CARTESIAN_POINT('',(9.916842167886,-15.44262061535,
    -0.140352594582));
#1816 = CARTESIAN_POINT('',(19.583157832115,-6.553688703239E-13,
    2.631407208142E-02));
#1817 = CARTESIAN_POINT('',(9.916842167886,15.44262061536,0.192980738745
    ));
#1818 = CARTESIAN_POINT('',(8.756900033235E-02,19.402498651707,
    0.276314072078));
#1819 = CARTESIAN_POINT('',(-10.05052867149,15.44262061536,
    0.359647405423));
#1820 = CARTESIAN_POINT('',(-14.69791434924,7.72131030768,0.442980738748
    ));
#1821 = CARTESIAN_POINT('',(-14.75,-1.296837018395E-14,0.526314072081));
#1822 = DEFINITIONAL_REPRESENTATION('',(#1823),#1838);
#1823 = B_SPLINE_CURVE_WITH_KNOTS('',7,(#1824,#1825,#1826,#1827,#1828,
    #1829,#1830,#1831,#1832,#1833,#1834,#1835,#1836,#1837),
  .UNSPECIFIED.,.F.,.F.,(8,6,8),(0.,0.653996995154,1.),.UNSPECIFIED.);
#1824 = CARTESIAN_POINT('',(5.,1.));
#1825 = CARTESIAN_POINT('',(5.028794684827,0.990659459434));
#1826 = CARTESIAN_POINT('',(5.042239958367,0.981322825601));
#1827 = CARTESIAN_POINT('',(5.045477106907,0.971986265471));
#1828 = CARTESIAN_POINT('',(5.042634787433,0.962647816229));
#1829 = CARTESIAN_POINT('',(5.036648903672,0.95330689304));
#1830 = CARTESIAN_POINT('',(5.029462797109,0.943963431967));
#1831 = CARTESIAN_POINT('',(5.018469217864,0.92967350905));
#1832 = CARTESIAN_POINT('',(5.014664403651,0.924728580899));
#1833 = CARTESIAN_POINT('',(5.011035834066,0.919783218205));
#1834 = CARTESIAN_POINT('',(5.007702148989,0.914837547039));
#1835 = CARTESIAN_POINT('',(5.004733967125,0.909891692831));
#1836 = CARTESIAN_POINT('',(5.002164472341,0.90494579101));
#1837 = CARTESIAN_POINT('',(5.,0.899999997642));
#1838 = ( GEOMETRIC_REPRESENTATION_CONTEXT(2) 
PARAMETRIC_REPRESENTATION_CONTEXT() REPRESENTATION_CONTEXT('2D SPACE',''
  ) );
#1839 = ORIENTED_EDGE('',*,*,#1840,.F.);
#1840 = EDGE_CURVE('',#1841,#1762,#1843,.T.);
#1841 = VERTEX_POINT('',#1842);
#1842 = CARTESIAN_POINT('',(-4.496197398219,13.837872269834,
    0.326314073578));
#1843 = SURFACE_CURVE('',#1844,(#1857,#1873),.PCURVE_S1.);
#1844 = B_SPLINE_CURVE_WITH_KNOTS('',6,(#1845,#1846,#1847,#1848,#1849,
    #1850,#1851,#1852,#1853,#1854,#1855,#1856),.UNSPECIFIED.,.F.,.F.,(7,
    5,7),(0.,0.642070544752,1.),.UNSPECIFIED.);
#1845 = CARTESIAN_POINT('',(-4.496197398245,13.837872269826,
    0.326314073579));
#1846 = CARTESIAN_POINT('',(-5.426608829441,13.53556326056,
    0.337066015837));
#1847 = CARTESIAN_POINT('',(-6.332688419416,13.158165570258,
    0.347840408224));
#1848 = CARTESIAN_POINT('',(-7.20672626008,12.708164976472,
    0.358631714496));
#1849 = CARTESIAN_POINT('',(-8.041577838018,12.189064352696,
    0.36942604937));
#1850 = CARTESIAN_POINT('',(-8.830569911235,11.605196824306,
    0.380190792807));
#1851 = CARTESIAN_POINT('',(-9.978484003671,10.60329077918,
    0.396860088659));
#1852 = CARTESIAN_POINT('',(-10.37322929296,10.226196158166,
    0.402807532051));
#1853 = CARTESIAN_POINT('',(-10.75080332279,9.831530415411,
    0.408730666967));
#1854 = CARTESIAN_POINT('',(-11.11023782703,9.420275547007,
    0.414624380809));
#1855 = CARTESIAN_POINT('',(-11.45064086691,8.993483442267,
    0.420485424667));
#1856 = CARTESIAN_POINT('',(-11.77119714149,8.552275595189,
    0.426314069725));
#1857 = PCURVE('',#975,#1858);
#1858 = DEFINITIONAL_REPRESENTATION('',(#1859),#1872);
#1859 = B_SPLINE_CURVE_WITH_KNOTS('',6,(#1860,#1861,#1862,#1863,#1864,
    #1865,#1866,#1867,#1868,#1869,#1870,#1871),.UNSPECIFIED.,.F.,.F.,(7,
    5,7),(0.,0.642070544752,1.),.UNSPECIFIED.);
#1860 = CARTESIAN_POINT('',(1.884955601555,0.126314073579));
#1861 = CARTESIAN_POINT('',(1.952192197836,0.137066015837));
#1862 = CARTESIAN_POINT('',(2.019433062527,0.147840408224));
#1863 = CARTESIAN_POINT('',(2.086668867991,0.158631714496));
#1864 = CARTESIAN_POINT('',(2.153904671839,0.16942604937));
#1865 = CARTESIAN_POINT('',(2.221145554622,0.180190792807));
#1866 = CARTESIAN_POINT('',(2.325864064588,0.196860088659));
#1867 = CARTESIAN_POINT('',(2.363346165395,0.202807532051));
#1868 = CARTESIAN_POINT('',(2.400828028644,0.208730666967));
#1869 = CARTESIAN_POINT('',(2.438309925208,0.214624380809));
#1870 = CARTESIAN_POINT('',(2.475792122009,0.220485424667));
#1871 = CARTESIAN_POINT('',(2.513274108062,0.226314069725));
#1872 = ( GEOMETRIC_REPRESENTATION_CONTEXT(2) 
PARAMETRIC_REPRESENTATION_CONTEXT() REPRESENTATION_CONTEXT('2D SPACE',''
  ) );
#1873 = PCURVE('',#1874,#1897);
#1874 = ( BOUNDED_SURFACE() B_SPLINE_SURFACE(1,6,(
    (#1875,#1876,#1877,#1878,#1879,#1880,#1881,#1882,#1883,#1884,#1885)
    ,(#1886,#1887,#1888,#1889,#1890,#1891,#1892,#1893,#1894,#1895,#1896
)),.UNSPECIFIED.,.F.,.F.,.F.) B_SPLINE_SURFACE_WITH_KNOTS((2,2),(7,4,7),
(4.,5.),(0.,0.5,1.),.UNSPECIFIED.) GEOMETRIC_REPRESENTATION_ITEM() 
RATIONAL_B_SPLINE_SURFACE((
    (1.,1.,1.,1.,1.,1.,1.,1.,1.,1.,1.)
,(1.,1.,1.,1.,1.,1.,1.,1.,1.,1.,1.
  ))) REPRESENTATION_ITEM('') SURFACE() );
#1875 = CARTESIAN_POINT('',(-14.,1.355086741218E-14,-0.326313872081));
#1876 = CARTESIAN_POINT('',(-13.95056277198,-7.32870130893,
    -0.242980538748));
#1877 = CARTESIAN_POINT('',(-9.539484841185,-14.65740261785,
    -0.159647205423));
#1878 = CARTESIAN_POINT('',(8.311633961065E-02,-18.41593092384,
    -7.631387207818E-02));
#1879 = CARTESIAN_POINT('',(9.412595955931,-14.65740261785,
    7.019461255494E-03));
#1880 = CARTESIAN_POINT('',(18.587404044069,-1.910217990011E-13,
    0.173686127919));
#1881 = CARTESIAN_POINT('',(9.412595955931,14.657402617859,
    0.340352794582));
#1882 = CARTESIAN_POINT('',(8.311633961054E-02,18.415930923844,
    0.423686127915));
#1883 = CARTESIAN_POINT('',(-9.539484841185,14.657402617859,
    0.50701946126));
#1884 = CARTESIAN_POINT('',(-13.95056277198,7.32870130893,0.590352794585
    ));
#1885 = CARTESIAN_POINT('',(-14.,1.493753774783E-14,0.673686127919));
#1886 = CARTESIAN_POINT('',(-14.55,-1.770852586041E-15,-0.473685927919)
  );
#1887 = CARTESIAN_POINT('',(-14.4986205953,-7.61661457468,
    -0.390352594585));
#1888 = CARTESIAN_POINT('',(-9.914250316742,-15.23322914935,
    -0.30701926126));
#1889 = CARTESIAN_POINT('',(8.638162413974E-02,-19.13941392427,
    -0.223685927915));
#1890 = CARTESIAN_POINT('',(9.782376511365,-15.23322914935,
    -0.140352594582));
#1891 = CARTESIAN_POINT('',(19.317623488636,-7.554631119558E-14,
    2.631407208142E-02));
#1892 = CARTESIAN_POINT('',(9.782376511365,15.233229149359,
    0.192980738745));
#1893 = CARTESIAN_POINT('',(8.638162413962E-02,19.139413924278,
    0.276314072078));
#1894 = CARTESIAN_POINT('',(-9.914250316742,15.233229149359,
    0.359647405423));
#1895 = CARTESIAN_POINT('',(-14.4986205953,7.61661457468,0.442980738748)
  );
#1896 = CARTESIAN_POINT('',(-14.55,-5.526794735474E-15,0.526314072081));
#1897 = DEFINITIONAL_REPRESENTATION('',(#1898),#1911);
#1898 = B_SPLINE_CURVE_WITH_KNOTS('',6,(#1899,#1900,#1901,#1902,#1903,
    #1904,#1905,#1906,#1907,#1908,#1909,#1910),.UNSPECIFIED.,.F.,.F.,(7,
    5,7),(0.,0.642070544752,1.),.UNSPECIFIED.);
#1899 = CARTESIAN_POINT('',(5.,0.800000001496));
#1900 = CARTESIAN_POINT('',(4.99962844834,0.810697187422));
#1901 = CARTESIAN_POINT('',(4.999106861454,0.821394712477));
#1902 = CARTESIAN_POINT('',(4.998467497687,0.832091794397));
#1903 = CARTESIAN_POINT('',(4.997816575319,0.842790201503));
#1904 = CARTESIAN_POINT('',(4.997385804766,0.853491461398));
#1905 = CARTESIAN_POINT('',(4.997382918411,0.870160331882));
#1906 = CARTESIAN_POINT('',(4.997515234218,0.876127274926));
#1907 = CARTESIAN_POINT('',(4.997816443963,0.882094799742));
#1908 = CARTESIAN_POINT('',(4.998320985867,0.888062868961));
#1909 = CARTESIAN_POINT('',(4.999050143846,0.894031370329));
#1910 = CARTESIAN_POINT('',(5.,0.899999997642));
#1911 = ( GEOMETRIC_REPRESENTATION_CONTEXT(2) 
PARAMETRIC_REPRESENTATION_CONTEXT() REPRESENTATION_CONTEXT('2D SPACE',''
  ) );
#1912 = ORIENTED_EDGE('',*,*,#1913,.T.);
#1913 = EDGE_CURVE('',#1841,#1914,#1916,.T.);
#1914 = VERTEX_POINT('',#1915);
#1915 = CARTESIAN_POINT('',(4.496252116083,13.837854490806,
    0.226313441074));
#1916 = SURFACE_CURVE('',#1917,(#1930,#1946),.PCURVE_S1.);
#1917 = B_SPLINE_CURVE_WITH_KNOTS('',6,(#1918,#1919,#1920,#1921,#1922,
    #1923,#1924,#1925,#1926,#1927,#1928,#1929),.UNSPECIFIED.,.F.,.F.,(7,
    5,7),(0.,0.332215102834,1.),.UNSPECIFIED.);
#1918 = CARTESIAN_POINT('',(-4.496197398235,13.837872269829,
    0.326314073578));
#1919 = CARTESIAN_POINT('',(-4.014789296093,13.994291249144,
    0.320779197498));
#1920 = CARTESIAN_POINT('',(-3.526848812922,14.130613520066,
    0.315244203507));
#1921 = CARTESIAN_POINT('',(-3.033429582972,14.246496947689,
    0.309709047799));
#1922 = CARTESIAN_POINT('',(-2.535601506147,14.34167445563,
    0.304173620352));
#1923 = CARTESIAN_POINT('',(-2.034450477346,14.415954083785,
    0.298637836964));
#1924 = CARTESIAN_POINT('',(-0.519250363781,14.576286837582,
    0.281973616601));
#1925 = CARTESIAN_POINT('',(0.501638520144,14.59845449045,0.270843263785
    ));
#1926 = CARTESIAN_POINT('',(1.522514839529,14.534738367721,0.25971228565
    ));
#1927 = CARTESIAN_POINT('',(2.534434672325,14.385518950438,
    0.248580036442));
#1928 = CARTESIAN_POINT('',(3.528569360099,14.152277443993,
    0.237446296073));
#1929 = CARTESIAN_POINT('',(4.496245980164,13.837856484509,
    0.226313511666));
#1930 = PCURVE('',#975,#1931);
#1931 = DEFINITIONAL_REPRESENTATION('',(#1932),#1945);
#1932 = B_SPLINE_CURVE_WITH_KNOTS('',6,(#1933,#1934,#1935,#1936,#1937,
    #1938,#1939,#1940,#1941,#1942,#1943,#1944),.UNSPECIFIED.,.F.,.F.,(7,
    5,7),(0.,0.332215102834,1.),.UNSPECIFIED.);
#1933 = CARTESIAN_POINT('',(1.884955601554,0.126314073578));
#1934 = CARTESIAN_POINT('',(1.850166430737,0.120779197498));
#1935 = CARTESIAN_POINT('',(1.815377091848,0.115244203507));
#1936 = CARTESIAN_POINT('',(1.780587934253,0.109709047799));
#1937 = CARTESIAN_POINT('',(1.745798773507,0.104173620352));
#1938 = CARTESIAN_POINT('',(1.711009425158,9.863783696388E-02));
#1939 = CARTESIAN_POINT('',(1.606290565851,8.197361660097E-02));
#1940 = CARTESIAN_POINT('',(1.536355664304,7.084326378495E-02));
#1941 = CARTESIAN_POINT('',(1.466426881633,5.971228564959E-02));
#1942 = CARTESIAN_POINT('',(1.396498099722,4.858003644153E-02));
#1943 = CARTESIAN_POINT('',(1.326563202755,3.744629607331E-02));
#1944 = CARTESIAN_POINT('',(1.256633541239,2.631351166555E-02));
#1945 = ( GEOMETRIC_REPRESENTATION_CONTEXT(2) 
PARAMETRIC_REPRESENTATION_CONTEXT() REPRESENTATION_CONTEXT('2D SPACE',''
  ) );
#1946 = PCURVE('',#1947,#1970);
#1947 = ( BOUNDED_SURFACE() B_SPLINE_SURFACE(1,6,(
    (#1948,#1949,#1950,#1951,#1952,#1953,#1954,#1955,#1956,#1957,#1958)
    ,(#1959,#1960,#1961,#1962,#1963,#1964,#1965,#1966,#1967,#1968,#1969
)),.UNSPECIFIED.,.F.,.F.,.F.) B_SPLINE_SURFACE_WITH_KNOTS((2,2),(7,4,7),
(5.,6.),(0.,0.5,1.),.UNSPECIFIED.) GEOMETRIC_REPRESENTATION_ITEM() 
RATIONAL_B_SPLINE_SURFACE((
    (1.,1.,1.,1.,1.,1.,1.,1.,1.,1.,1.)
,(1.,1.,1.,1.,1.,1.,1.,1.,1.,1.,1.
  ))) REPRESENTATION_ITEM('') SURFACE() );
#1948 = CARTESIAN_POINT('',(-14.55,-1.770852586041E-15,-0.473685927919)
  );
#1949 = CARTESIAN_POINT('',(-14.4986205953,-7.61661457468,
    -0.390352594585));
#1950 = CARTESIAN_POINT('',(-9.914250316742,-15.23322914935,
    -0.30701926126));
#1951 = CARTESIAN_POINT('',(8.638162413974E-02,-19.13941392427,
    -0.223685927915));
#1952 = CARTESIAN_POINT('',(9.782376511365,-15.23322914935,
    -0.140352594582));
#1953 = CARTESIAN_POINT('',(19.317623488636,-7.554631119558E-14,
    2.631407208142E-02));
#1954 = CARTESIAN_POINT('',(9.782376511365,15.233229149359,
    0.192980738745));
#1955 = CARTESIAN_POINT('',(8.638162413962E-02,19.139413924278,
    0.276314072078));
#1956 = CARTESIAN_POINT('',(-9.914250316742,15.233229149359,
    0.359647405423));
#1957 = CARTESIAN_POINT('',(-14.4986205953,7.61661457468,0.442980738748)
  );
#1958 = CARTESIAN_POINT('',(-14.55,-5.526794735474E-15,0.526314072081));
#1959 = CARTESIAN_POINT('',(-14.75,-7.34238713085E-15,-0.473685927919));
#1960 = CARTESIAN_POINT('',(-14.69791434924,-7.721310307681,
    -0.390352594585));
#1961 = CARTESIAN_POINT('',(-10.05052867149,-15.44262061535,
    -0.30701926126));
#1962 = CARTESIAN_POINT('',(8.756900033249E-02,-19.40249865171,
    -0.223685927915));
#1963 = CARTESIAN_POINT('',(9.916842167886,-15.44262061535,
    -0.140352594582));
#1964 = CARTESIAN_POINT('',(19.583157832115,-6.553688703239E-13,
    2.631407208142E-02));
#1965 = CARTESIAN_POINT('',(9.916842167886,15.44262061536,0.192980738745
    ));
#1966 = CARTESIAN_POINT('',(8.756900033235E-02,19.402498651707,
    0.276314072078));
#1967 = CARTESIAN_POINT('',(-10.05052867149,15.44262061536,
    0.359647405423));
#1968 = CARTESIAN_POINT('',(-14.69791434924,7.72131030768,0.442980738748
    ));
#1969 = CARTESIAN_POINT('',(-14.75,-1.296837018395E-14,0.526314072081));
#1970 = DEFINITIONAL_REPRESENTATION('',(#1971),#1984);
#1971 = B_SPLINE_CURVE_WITH_KNOTS('',6,(#1972,#1973,#1974,#1975,#1976,
    #1977,#1978,#1979,#1980,#1981,#1982,#1983),.UNSPECIFIED.,.F.,.F.,(7,
    5,7),(0.,0.332215102834,1.),.UNSPECIFIED.);
#1972 = CARTESIAN_POINT('',(5.,0.800000001496));
#1973 = CARTESIAN_POINT('',(5.000528676806,0.794465125416));
#1974 = CARTESIAN_POINT('',(5.000947072849,0.788930131425));
#1975 = CARTESIAN_POINT('',(5.001243076653,0.783394975717));
#1976 = CARTESIAN_POINT('',(5.001420862046,0.77785954827));
#1977 = CARTESIAN_POINT('',(5.001495609126,0.772323764882));
#1978 = CARTESIAN_POINT('',(5.001473382853,0.755659544519));
#1979 = CARTESIAN_POINT('',(5.001126871249,0.744529191704));
#1980 = CARTESIAN_POINT('',(5.000614777673,0.733398213569));
#1981 = CARTESIAN_POINT('',(5.00020141031,0.722265964361));
#1982 = CARTESIAN_POINT('',(5.000002827411,0.711132223993));
#1983 = CARTESIAN_POINT('',(5.,0.699999439585));
#1984 = ( GEOMETRIC_REPRESENTATION_CONTEXT(2) 
PARAMETRIC_REPRESENTATION_CONTEXT() REPRESENTATION_CONTEXT('2D SPACE',''
  ) );
#1985 = ORIENTED_EDGE('',*,*,#1986,.F.);
#1986 = EDGE_CURVE('',#1987,#1914,#1989,.T.);
#1987 = VERTEX_POINT('',#1988);
#1988 = CARTESIAN_POINT('',(4.529758359641,13.826922622307,
    0.225927811219));
#1989 = SURFACE_CURVE('',#1990,(#2002,#2012),.PCURVE_S1.);
#1990 = ( BOUNDED_CURVE() B_SPLINE_CURVE(6,(#1991,#1992,#1993,#1994,
    #1995,#1996,#1997,#1998,#1999,#2000,#2001),.UNSPECIFIED.,.F.,.F.) 
B_SPLINE_CURVE_WITH_KNOTS((7,4,7),(0.,0.5,1.),.UNSPECIFIED.) CURVE() 
GEOMETRIC_REPRESENTATION_ITEM() RATIONAL_B_SPLINE_CURVE((1.,1.,1.,1.,1.,
1.,1.,1.,1.,1.,1.)) REPRESENTATION_ITEM('') );
#1991 = CARTESIAN_POINT('',(-14.55,-1.770852586041E-15,-0.473685927919)
  );
#1992 = CARTESIAN_POINT('',(-14.4986205953,-7.61661457468,
    -0.390352594585));
#1993 = CARTESIAN_POINT('',(-9.914250316742,-15.23322914935,
    -0.30701926126));
#1994 = CARTESIAN_POINT('',(8.638162413974E-02,-19.13941392427,
    -0.223685927915));
#1995 = CARTESIAN_POINT('',(9.782376511365,-15.23322914935,
    -0.140352594582));
#1996 = CARTESIAN_POINT('',(19.317623488636,-7.554631119558E-14,
    2.631407208142E-02));
#1997 = CARTESIAN_POINT('',(9.782376511365,15.233229149359,
    0.192980738745));
#1998 = CARTESIAN_POINT('',(8.638162413962E-02,19.139413924278,
    0.276314072078));
#1999 = CARTESIAN_POINT('',(-9.914250316742,15.233229149359,
    0.359647405423));
#2000 = CARTESIAN_POINT('',(-14.4986205953,7.61661457468,0.442980738748)
  );
#2001 = CARTESIAN_POINT('',(-14.55,-5.526794735474E-15,0.526314072081));
#2002 = PCURVE('',#975,#2003);
#2003 = DEFINITIONAL_REPRESENTATION('',(#2004),#2011);
#2004 = B_SPLINE_CURVE_WITH_KNOTS('',5,(#2005,#2006,#2007,#2008,#2009,
    #2010),.UNSPECIFIED.,.F.,.F.,(6,6),(0.699613739139,0.699999368994),
  .PIECEWISE_BEZIER_KNOTS.);
#2005 = CARTESIAN_POINT('',(1.254210795483,2.59278112189E-02));
#2006 = CARTESIAN_POINT('',(1.254695256035,2.60049371899E-02));
#2007 = CARTESIAN_POINT('',(1.255179716543,2.608206316091E-02));
#2008 = CARTESIAN_POINT('',(1.25566417701,2.615918913192E-02));
#2009 = CARTESIAN_POINT('',(1.256148637436,2.623631510293E-02));
#2010 = CARTESIAN_POINT('',(1.256633097824,2.631344107393E-02));
#2011 = ( GEOMETRIC_REPRESENTATION_CONTEXT(2) 
PARAMETRIC_REPRESENTATION_CONTEXT() REPRESENTATION_CONTEXT('2D SPACE',''
  ) );
#2012 = PCURVE('',#1874,#2013);
#2013 = DEFINITIONAL_REPRESENTATION('',(#2014),#2018);
#2014 = LINE('',#2015,#2016);
#2015 = CARTESIAN_POINT('',(5.,0.));
#2016 = VECTOR('',#2017,1.);
#2017 = DIRECTION('',(0.,1.));
#2018 = ( GEOMETRIC_REPRESENTATION_CONTEXT(2) 
PARAMETRIC_REPRESENTATION_CONTEXT() REPRESENTATION_CONTEXT('2D SPACE',''
  ) );
#2019 = ORIENTED_EDGE('',*,*,#2020,.F.);
#2020 = EDGE_CURVE('',#957,#1987,#2021,.T.);
#2021 = SURFACE_CURVE('',#2022,(#2028,#2037),.PCURVE_S1.);
#2022 = B_SPLINE_CURVE_WITH_KNOTS('',4,(#2023,#2024,#2025,#2026,#2027),
  .UNSPECIFIED.,.F.,.F.,(5,5),(0.,1.),.PIECEWISE_BEZIER_KNOTS.);
#2023 = CARTESIAN_POINT('',(6.712043851235,12.909336440697,0.1999977));
#2024 = CARTESIAN_POINT('',(6.186362048775,13.182657949213,
    0.206479810085));
#2025 = CARTESIAN_POINT('',(5.645838735544,13.427438444716,
    0.212962296452));
#2026 = CARTESIAN_POINT('',(5.092805268879,13.642466072309,
    0.219445031399));
#2027 = CARTESIAN_POINT('',(4.529758359641,13.826922622307,
    0.225927811219));
#2028 = PCURVE('',#975,#2029);
#2029 = DEFINITIONAL_REPRESENTATION('',(#2030),#2036);
#2030 = B_SPLINE_CURVE_WITH_KNOTS('',4,(#2031,#2032,#2033,#2034,#2035),
  .UNSPECIFIED.,.F.,.F.,(5,5),(0.,1.),.PIECEWISE_BEZIER_KNOTS.);
#2031 = CARTESIAN_POINT('',(1.091326493202,-2.299999999872E-06));
#2032 = CARTESIAN_POINT('',(1.132047548453,6.479810085125E-03));
#2033 = CARTESIAN_POINT('',(1.172768644662,1.296229645226E-02));
#2034 = CARTESIAN_POINT('',(1.213489738121,1.944503139926E-02));
#2035 = CARTESIAN_POINT('',(1.254210795483,2.59278112189E-02));
#2036 = ( GEOMETRIC_REPRESENTATION_CONTEXT(2) 
PARAMETRIC_REPRESENTATION_CONTEXT() REPRESENTATION_CONTEXT('2D SPACE',''
  ) );
#2037 = PCURVE('',#2038,#2061);
#2038 = ( BOUNDED_SURFACE() B_SPLINE_SURFACE(1,6,(
    (#2039,#2040,#2041,#2042,#2043,#2044,#2045,#2046,#2047,#2048,#2049)
    ,(#2050,#2051,#2052,#2053,#2054,#2055,#2056,#2057,#2058,#2059,#2060
)),.UNSPECIFIED.,.F.,.F.,.F.) B_SPLINE_SURFACE_WITH_KNOTS((2,2),(7,4,7),
(5.,6.),(0.,0.5,1.),.UNSPECIFIED.) GEOMETRIC_REPRESENTATION_ITEM() 
RATIONAL_B_SPLINE_SURFACE((
    (1.,1.,1.,1.,1.,1.,1.,1.,1.,1.,1.)
,(1.,1.,1.,1.,1.,1.,1.,1.,1.,1.,1.
  ))) REPRESENTATION_ITEM('') SURFACE() );
#2039 = CARTESIAN_POINT('',(-14.55,-1.770852586041E-15,-0.473685927919)
  );
#2040 = CARTESIAN_POINT('',(-14.4986205953,-7.61661457468,
    -0.390352594585));
#2041 = CARTESIAN_POINT('',(-9.914250316742,-15.23322914935,
    -0.30701926126));
#2042 = CARTESIAN_POINT('',(8.638162413974E-02,-19.13941392427,
    -0.223685927915));
#2043 = CARTESIAN_POINT('',(9.782376511365,-15.23322914935,
    -0.140352594582));
#2044 = CARTESIAN_POINT('',(19.317623488636,-7.554631119558E-14,
    2.631407208142E-02));
#2045 = CARTESIAN_POINT('',(9.782376511365,15.233229149359,
    0.192980738745));
#2046 = CARTESIAN_POINT('',(8.638162413962E-02,19.139413924278,
    0.276314072078));
#2047 = CARTESIAN_POINT('',(-9.914250316742,15.233229149359,
    0.359647405423));
#2048 = CARTESIAN_POINT('',(-14.4986205953,7.61661457468,0.442980738748)
  );
#2049 = CARTESIAN_POINT('',(-14.55,-5.526794735474E-15,0.526314072081));
#2050 = CARTESIAN_POINT('',(-14.75,-7.34238713085E-15,-0.473685927919));
#2051 = CARTESIAN_POINT('',(-14.69791434924,-7.721310307681,
    -0.390352594585));
#2052 = CARTESIAN_POINT('',(-10.05052867149,-15.44262061535,
    -0.30701926126));
#2053 = CARTESIAN_POINT('',(8.756900033249E-02,-19.40249865171,
    -0.223685927915));
#2054 = CARTESIAN_POINT('',(9.916842167886,-15.44262061535,
    -0.140352594582));
#2055 = CARTESIAN_POINT('',(19.583157832115,-6.553688703239E-13,
    2.631407208142E-02));
#2056 = CARTESIAN_POINT('',(9.916842167886,15.44262061536,0.192980738745
    ));
#2057 = CARTESIAN_POINT('',(8.756900033235E-02,19.402498651707,
    0.276314072078));
#2058 = CARTESIAN_POINT('',(-10.05052867149,15.44262061536,
    0.359647405423));
#2059 = CARTESIAN_POINT('',(-14.69791434924,7.72131030768,0.442980738748
    ));
#2060 = CARTESIAN_POINT('',(-14.75,-1.296837018395E-14,0.526314072081));
#2061 = DEFINITIONAL_REPRESENTATION('',(#2062),#2068);
#2062 = B_SPLINE_CURVE_WITH_KNOTS('',4,(#2063,#2064,#2065,#2066,#2067),
  .UNSPECIFIED.,.F.,.F.,(5,5),(0.,1.),.PIECEWISE_BEZIER_KNOTS.);
#2063 = CARTESIAN_POINT('',(5.000385153525,0.67368362792));
#2064 = CARTESIAN_POINT('',(5.000219280733,0.680165738005));
#2065 = CARTESIAN_POINT('',(5.000077346882,0.686648224372));
#2066 = CARTESIAN_POINT('',(5.000001645246,0.693130959319));
#2067 = CARTESIAN_POINT('',(5.,0.699613739139));
#2068 = ( GEOMETRIC_REPRESENTATION_CONTEXT(2) 
PARAMETRIC_REPRESENTATION_CONTEXT() REPRESENTATION_CONTEXT('2D SPACE',''
  ) );
#2069 = ORIENTED_EDGE('',*,*,#956,.T.);
#2070 = ORIENTED_EDGE('',*,*,#2071,.T.);
#2071 = EDGE_CURVE('',#959,#2072,#2074,.T.);
#2072 = VERTEX_POINT('',#2073);
#2073 = CARTESIAN_POINT('',(11.771198175398,-8.552274172144,
    0.273686144799));
#2074 = SURFACE_CURVE('',#2075,(#2086,#2100),.PCURVE_S1.);
#2075 = B_SPLINE_CURVE_WITH_KNOTS('',5,(#2076,#2077,#2078,#2079,#2080,
    #2081,#2082,#2083,#2084,#2085),.UNSPECIFIED.,.F.,.F.,(6,4,6),(0.,
    0.511914150339,1.),.UNSPECIFIED.);
#2076 = CARTESIAN_POINT('',(6.711654581019,-12.90953882929,0.1999977));
#2077 = CARTESIAN_POINT('',(7.323657921632,-12.59135898732,
    0.207544111041));
#2078 = CARTESIAN_POINT('',(7.916811909128,-12.23690918865,
    0.215090126345));
#2079 = CARTESIAN_POINT('',(8.488234795941,-11.84768869793,
    0.222635397068));
#2080 = CARTESIAN_POINT('',(9.035258931236,-11.42551454793,
    0.230180172638));
#2081 = CARTESIAN_POINT('',(10.051396132001,-10.54061003897,
    0.244917378753));
#2082 = CARTESIAN_POINT('',(10.522959068721,-10.08067483117,
    0.252109986389));
#2083 = CARTESIAN_POINT('',(10.968000766742,-9.594562598875,
    0.259302104818));
#2084 = CARTESIAN_POINT('',(11.384632031524,-9.084336942332,
    0.266494144425));
#2085 = CARTESIAN_POINT('',(11.771198175405,-8.552274172134,0.2736861448
    ));
#2086 = PCURVE('',#975,#2087);
#2087 = DEFINITIONAL_REPRESENTATION('',(#2088),#2099);
#2088 = B_SPLINE_CURVE_WITH_KNOTS('',5,(#2089,#2090,#2091,#2092,#2093,
    #2094,#2095,#2096,#2097,#2098),.UNSPECIFIED.,.F.,.F.,(6,4,6),(0.,
    0.511914150339,1.),.UNSPECIFIED.);
#2089 = CARTESIAN_POINT('',(5.191828660053,-2.300000000038E-06));
#2090 = CARTESIAN_POINT('',(5.239235724605,7.544111040584E-03));
#2091 = CARTESIAN_POINT('',(5.286643239359,1.509012634541E-02));
#2092 = CARTESIAN_POINT('',(5.334049905562,2.263539706763E-02));
#2093 = CARTESIAN_POINT('',(5.38145742548,3.018017263765E-02));
#2094 = CARTESIAN_POINT('',(5.474064889908,4.491737875267E-02));
#2095 = CARTESIAN_POINT('',(5.519265651417,5.210998638927E-02));
#2096 = CARTESIAN_POINT('',(5.564465737859,5.930210481835E-02));
#2097 = CARTESIAN_POINT('',(5.609666490684,6.649414442512E-02));
#2098 = CARTESIAN_POINT('',(5.654866882544,7.368614479961E-02));
#2099 = ( GEOMETRIC_REPRESENTATION_CONTEXT(2) 
PARAMETRIC_REPRESENTATION_CONTEXT() REPRESENTATION_CONTEXT('2D SPACE',''
  ) );
#2100 = PCURVE('',#2101,#2124);
#2101 = ( BOUNDED_SURFACE() B_SPLINE_SURFACE(1,6,(
    (#2102,#2103,#2104,#2105,#2106,#2107,#2108,#2109,#2110,#2111,#2112)
    ,(#2113,#2114,#2115,#2116,#2117,#2118,#2119,#2120,#2121,#2122,#2123
)),.UNSPECIFIED.,.F.,.F.,.F.) B_SPLINE_SURFACE_WITH_KNOTS((2,2),(7,4,7),
(1.,2.),(0.,0.5,1.),.UNSPECIFIED.) GEOMETRIC_REPRESENTATION_ITEM() 
RATIONAL_B_SPLINE_SURFACE((
    (1.,1.,1.,1.,1.,1.,1.,1.,1.,1.,1.)
,(1.,1.,1.,1.,1.,1.,1.,1.,1.,1.,1.
  ))) REPRESENTATION_ITEM('') SURFACE() );
#2102 = CARTESIAN_POINT('',(-14.75,-7.34238713085E-15,-0.126313872081));
#2103 = CARTESIAN_POINT('',(-14.69791434924,-7.721310307681,
    -4.298053874794E-02));
#2104 = CARTESIAN_POINT('',(-10.05052867149,-15.44262061535,
    4.035279457661E-02));
#2105 = CARTESIAN_POINT('',(8.756900033249E-02,-19.40249865171,
    0.123686127922));
#2106 = CARTESIAN_POINT('',(9.916842167886,-15.44262061535,
    0.207019461255));
#2107 = CARTESIAN_POINT('',(19.583157832115,-6.553688703239E-13,
    0.373686127919));
#2108 = CARTESIAN_POINT('',(9.916842167886,15.44262061536,0.540352794582
    ));
#2109 = CARTESIAN_POINT('',(8.756900033235E-02,19.402498651707,
    0.623686127915));
#2110 = CARTESIAN_POINT('',(-10.05052867149,15.44262061536,0.70701946126
    ));
#2111 = CARTESIAN_POINT('',(-14.69791434924,7.72131030768,0.790352794585
    ));
#2112 = CARTESIAN_POINT('',(-14.75,-1.296837018395E-14,0.873686127919));
#2113 = CARTESIAN_POINT('',(-14.55,-1.770852586041E-15,-0.126313872081)
  );
#2114 = CARTESIAN_POINT('',(-14.4986205953,-7.61661457468,
    -4.298053874794E-02));
#2115 = CARTESIAN_POINT('',(-9.914250316742,-15.23322914935,
    4.035279457661E-02));
#2116 = CARTESIAN_POINT('',(8.638162413974E-02,-19.13941392427,
    0.123686127922));
#2117 = CARTESIAN_POINT('',(9.782376511365,-15.23322914935,
    0.207019461255));
#2118 = CARTESIAN_POINT('',(19.317623488636,-7.554631119558E-14,
    0.373686127919));
#2119 = CARTESIAN_POINT('',(9.782376511365,15.233229149359,
    0.540352794582));
#2120 = CARTESIAN_POINT('',(8.638162413962E-02,19.139413924278,
    0.623686127915));
#2121 = CARTESIAN_POINT('',(-9.914250316742,15.233229149359,
    0.70701946126));
#2122 = CARTESIAN_POINT('',(-14.4986205953,7.61661457468,0.790352794585)
  );
#2123 = CARTESIAN_POINT('',(-14.55,-5.526794735474E-15,0.873686127919));
#2124 = DEFINITIONAL_REPRESENTATION('',(#2125),#2136);
#2125 = B_SPLINE_CURVE_WITH_KNOTS('',5,(#2126,#2127,#2128,#2129,#2130,
    #2131,#2132,#2133,#2134,#2135),.UNSPECIFIED.,.F.,.F.,(6,4,6),(0.,
    0.511914150339,1.),.UNSPECIFIED.);
#2126 = CARTESIAN_POINT('',(1.999614969299,0.32631157208));
#2127 = CARTESIAN_POINT('',(1.99942187754,0.33385798312));
#2128 = CARTESIAN_POINT('',(1.999197809831,0.341403998425));
#2129 = CARTESIAN_POINT('',(1.998991374554,0.348949269147));
#2130 = CARTESIAN_POINT('',(1.99886988865,0.356494044717));
#2131 = CARTESIAN_POINT('',(1.998860014837,0.371231250832));
#2132 = CARTESIAN_POINT('',(1.998960846112,0.378423858469));
#2133 = CARTESIAN_POINT('',(1.99919604896,0.385615976898));
#2134 = CARTESIAN_POINT('',(1.999560118062,0.392808016505));
#2135 = CARTESIAN_POINT('',(2.,0.400000016879));
#2136 = ( GEOMETRIC_REPRESENTATION_CONTEXT(2) 
PARAMETRIC_REPRESENTATION_CONTEXT() REPRESENTATION_CONTEXT('2D SPACE',''
  ) );
#2137 = ORIENTED_EDGE('',*,*,#2138,.T.);
#2138 = EDGE_CURVE('',#2072,#1350,#2139,.T.);
#2139 = SURFACE_CURVE('',#2140,(#2153,#2169),.PCURVE_S1.);
#2140 = B_SPLINE_CURVE_WITH_KNOTS('',6,(#2141,#2142,#2143,#2144,#2145,
    #2146,#2147,#2148,#2149,#2150,#2151,#2152),.UNSPECIFIED.,.F.,.F.,(7,
    5,7),(0.,0.517781083997,1.),.UNSPECIFIED.);
#2141 = CARTESIAN_POINT('',(11.771198175397,-8.552274172144,
    0.273686144799));
#2142 = CARTESIAN_POINT('',(12.234916015698,-7.914021178172,
    0.282285261974));
#2143 = CARTESIAN_POINT('',(12.657118171746,-7.245578299141,
    0.290879008532));
#2144 = CARTESIAN_POINT('',(13.035318344187,-6.550358763044,
    0.299471302503));
#2145 = CARTESIAN_POINT('',(13.367456838203,-5.83199298043,
    0.308069886654));
#2146 = CARTESIAN_POINT('',(13.651849850285,-5.094300306698,
    0.316684461286));
#2147 = CARTESIAN_POINT('',(14.106467899834,-3.640041778836,
    0.333355661086));
#2148 = CARTESIAN_POINT('',(14.28320286974,-2.925472113881,
    0.341410347936));
#2149 = CARTESIAN_POINT('',(14.416427931467,-2.200853661396,
    0.349481749174));
#2150 = CARTESIAN_POINT('',(14.505477017005,-1.469491573421,
    0.357566187968));
#2151 = CARTESIAN_POINT('',(14.550000000066,-0.734738792781,
    0.365647355277));
#2152 = CARTESIAN_POINT('',(14.55,2.628027573337E-09,0.373686127947));
#2153 = PCURVE('',#975,#2154);
#2154 = DEFINITIONAL_REPRESENTATION('',(#2155),#2168);
#2155 = B_SPLINE_CURVE_WITH_KNOTS('',6,(#2156,#2157,#2158,#2159,#2160,
    #2161,#2162,#2163,#2164,#2165,#2166,#2167),.UNSPECIFIED.,.F.,.F.,(7,
    5,7),(0.,0.517781083997,1.),.UNSPECIFIED.);
#2156 = CARTESIAN_POINT('',(5.654866882544,7.368614479946E-02));
#2157 = CARTESIAN_POINT('',(5.709088465127,8.228526197355E-02));
#2158 = CARTESIAN_POINT('',(5.763311538444,9.087900853207E-02));
#2159 = CARTESIAN_POINT('',(5.81753288209,9.94713025027E-02));
#2160 = CARTESIAN_POINT('',(5.871754217322,0.108069886654));
#2161 = CARTESIAN_POINT('',(5.925977261586,0.116684461286));
#2162 = CARTESIAN_POINT('',(6.030696289161,0.133355661086));
#2163 = CARTESIAN_POINT('',(6.081194808648,0.141410347936));
#2164 = CARTESIAN_POINT('',(6.131692080414,0.149481749174));
#2165 = CARTESIAN_POINT('',(6.182189329247,0.157566187968));
#2166 = CARTESIAN_POINT('',(6.232687795468,0.165647355277));
#2167 = CARTESIAN_POINT('',(6.28318530718,0.173686127947));
#2168 = ( GEOMETRIC_REPRESENTATION_CONTEXT(2) 
PARAMETRIC_REPRESENTATION_CONTEXT() REPRESENTATION_CONTEXT('2D SPACE',''
  ) );
#2169 = PCURVE('',#2170,#2193);
#2170 = ( BOUNDED_SURFACE() B_SPLINE_SURFACE(1,6,(
    (#2171,#2172,#2173,#2174,#2175,#2176,#2177,#2178,#2179,#2180,#2181)
    ,(#2182,#2183,#2184,#2185,#2186,#2187,#2188,#2189,#2190,#2191,#2192
)),.UNSPECIFIED.,.F.,.F.,.F.) B_SPLINE_SURFACE_WITH_KNOTS((2,2),(7,4,7),
(2.,3.),(0.,0.5,1.),.UNSPECIFIED.) GEOMETRIC_REPRESENTATION_ITEM() 
RATIONAL_B_SPLINE_SURFACE((
    (1.,1.,1.,1.,1.,1.,1.,1.,1.,1.,1.)
,(1.,1.,1.,1.,1.,1.,1.,1.,1.,1.,1.
  ))) REPRESENTATION_ITEM('') SURFACE() );
#2171 = CARTESIAN_POINT('',(-14.55,-1.770852586041E-15,-0.126313872081)
  );
#2172 = CARTESIAN_POINT('',(-14.4986205953,-7.61661457468,
    -4.298053874794E-02));
#2173 = CARTESIAN_POINT('',(-9.914250316742,-15.23322914935,
    4.035279457661E-02));
#2174 = CARTESIAN_POINT('',(8.638162413974E-02,-19.13941392427,
    0.123686127922));
#2175 = CARTESIAN_POINT('',(9.782376511365,-15.23322914935,
    0.207019461255));
#2176 = CARTESIAN_POINT('',(19.317623488636,-7.554631119558E-14,
    0.373686127919));
#2177 = CARTESIAN_POINT('',(9.782376511365,15.233229149359,
    0.540352794582));
#2178 = CARTESIAN_POINT('',(8.638162413962E-02,19.139413924278,
    0.623686127915));
#2179 = CARTESIAN_POINT('',(-9.914250316742,15.233229149359,
    0.70701946126));
#2180 = CARTESIAN_POINT('',(-14.4986205953,7.61661457468,0.790352794585)
  );
#2181 = CARTESIAN_POINT('',(-14.55,-5.526794735474E-15,0.873686127919));
#2182 = CARTESIAN_POINT('',(-14.,1.355086741218E-14,-0.273685927919));
#2183 = CARTESIAN_POINT('',(-13.95056277198,-7.32870130893,
    -0.190352594585));
#2184 = CARTESIAN_POINT('',(-9.539484841185,-14.65740261785,
    -0.107019261261));
#2185 = CARTESIAN_POINT('',(8.311633961065E-02,-18.41593092384,
    -2.368592791526E-02));
#2186 = CARTESIAN_POINT('',(9.412595955931,-14.65740261785,
    5.964740541836E-02));
#2187 = CARTESIAN_POINT('',(18.587404044069,-1.910217990011E-13,
    0.226314072081));
#2188 = CARTESIAN_POINT('',(9.412595955931,14.657402617859,
    0.392980738745));
#2189 = CARTESIAN_POINT('',(8.311633961054E-02,18.415930923844,
    0.476314072078));
#2190 = CARTESIAN_POINT('',(-9.539484841185,14.657402617859,
    0.559647405423));
#2191 = CARTESIAN_POINT('',(-13.95056277198,7.32870130893,0.642980738748
    ));
#2192 = CARTESIAN_POINT('',(-14.,1.493753774783E-14,0.726314072081));
#2193 = DEFINITIONAL_REPRESENTATION('',(#2194),#2207);
#2194 = B_SPLINE_CURVE_WITH_KNOTS('',6,(#2195,#2196,#2197,#2198,#2199,
    #2200,#2201,#2202,#2203,#2204,#2205,#2206),.UNSPECIFIED.,.F.,.F.,(7,
    5,7),(0.,0.517781083997,1.),.UNSPECIFIED.);
#2195 = CARTESIAN_POINT('',(2.,0.400000016879));
#2196 = CARTESIAN_POINT('',(2.000191881642,0.408627412045));
#2197 = CARTESIAN_POINT('',(2.000421985908,0.417255069543));
#2198 = CARTESIAN_POINT('',(2.000662268668,0.425882774478));
#2199 = CARTESIAN_POINT('',(2.000864135013,0.434511108088));
#2200 = CARTESIAN_POINT('',(2.000964557102,0.443140482129));
#2201 = CARTESIAN_POINT('',(2.000935863764,0.459807453334));
#2202 = CARTESIAN_POINT('',(2.000822005799,0.467845360702));
#2203 = CARTESIAN_POINT('',(2.000597241224,0.475883637922));
#2204 = CARTESIAN_POINT('',(2.000286637052,0.483922302341));
#2205 = CARTESIAN_POINT('',(2.00000000012,0.491961227376));
#2206 = CARTESIAN_POINT('',(2.,0.500000000029));
#2207 = ( GEOMETRIC_REPRESENTATION_CONTEXT(2) 
PARAMETRIC_REPRESENTATION_CONTEXT() REPRESENTATION_CONTEXT('2D SPACE',''
  ) );
#2208 = ADVANCED_FACE('',(#2209),#1002,.F.);
#2209 = FACE_BOUND('',#2210,.F.);
#2210 = EDGE_LOOP('',(#2211,#2242,#2310,#2337,#2338,#2367));
#2211 = ORIENTED_EDGE('',*,*,#2212,.F.);
#2212 = EDGE_CURVE('',#2213,#2215,#2217,.T.);
#2213 = VERTEX_POINT('',#2214);
#2214 = CARTESIAN_POINT('',(11.608514665667,-8.299973343752,0.2000001));
#2215 = VERTEX_POINT('',#2216);
#2216 = CARTESIAN_POINT('',(11.608514665667,8.299973343752,0.2000001));
#2217 = SURFACE_CURVE('',#2218,(#2223,#2230),.PCURVE_S1.);
#2218 = CIRCLE('',#2219,14.2705);
#2219 = AXIS2_PLACEMENT_3D('',#2220,#2221,#2222);
#2220 = CARTESIAN_POINT('',(0.,0.,0.2000001));
#2221 = DIRECTION('',(0.,0.,1.));
#2222 = DIRECTION('',(-1.,1.224646799147E-16,0.));
#2223 = PCURVE('',#1002,#2224);
#2224 = DEFINITIONAL_REPRESENTATION('',(#2225),#2229);
#2225 = CIRCLE('',#2226,14.2705);
#2226 = AXIS2_PLACEMENT_2D('',#2227,#2228);
#2227 = CARTESIAN_POINT('',(0.,-1.819232749987E-15));
#2228 = DIRECTION('',(1.,0.));
#2229 = ( GEOMETRIC_REPRESENTATION_CONTEXT(2) 
PARAMETRIC_REPRESENTATION_CONTEXT() REPRESENTATION_CONTEXT('2D SPACE',''
  ) );
#2230 = PCURVE('',#2231,#2236);
#2231 = CONICAL_SURFACE('',#2232,13.99,0.785398163397);
#2232 = AXIS2_PLACEMENT_3D('',#2233,#2234,#2235);
#2233 = CARTESIAN_POINT('',(0.,0.,0.4805001));
#2234 = DIRECTION('',(0.,0.,-1.));
#2235 = DIRECTION('',(-1.,1.224646799147E-16,0.));
#2236 = DEFINITIONAL_REPRESENTATION('',(#2237),#2241);
#2237 = LINE('',#2238,#2239);
#2238 = CARTESIAN_POINT('',(-0.,0.2805));
#2239 = VECTOR('',#2240,1.);
#2240 = DIRECTION('',(-1.,0.));
#2241 = ( GEOMETRIC_REPRESENTATION_CONTEXT(2) 
PARAMETRIC_REPRESENTATION_CONTEXT() REPRESENTATION_CONTEXT('2D SPACE',''
  ) );
#2242 = ORIENTED_EDGE('',*,*,#2243,.T.);
#2243 = EDGE_CURVE('',#2213,#2244,#2246,.T.);
#2244 = VERTEX_POINT('',#2245);
#2245 = CARTESIAN_POINT('',(6.711813688826,-12.90936930249,0.2000001));
#2246 = SURFACE_CURVE('',#2247,(#2266,#2288),.PCURVE_S1.);
#2247 = B_SPLINE_CURVE_WITH_KNOTS('',5,(#2248,#2249,#2250,#2251,#2252,
    #2253,#2254,#2255,#2256,#2257,#2258,#2259,#2260,#2261,#2262,#2263,
    #2264,#2265),.UNSPECIFIED.,.F.,.F.,(6,4,4,4,6),(0.,0.233517631717,
    0.467236529069,0.732317998536,1.),.UNSPECIFIED.);
#2248 = CARTESIAN_POINT('',(13.809484117172,-2.303735205991,0.2000001));
#2249 = CARTESIAN_POINT('',(13.733846677531,-2.916938361349,0.2000001));
#2250 = CARTESIAN_POINT('',(13.62432587653,-3.525976086465,0.2000001));
#2251 = CARTESIAN_POINT('',(13.481308054861,-4.128346005915,0.2000001));
#2252 = CARTESIAN_POINT('',(13.305479929754,-4.721648648712,0.2000001));
#2253 = CARTESIAN_POINT('',(12.889909978387,-5.886013651781,0.2000001));
#2254 = CARTESIAN_POINT('',(12.650110007261,-6.457065497826,0.2000001));
#2255 = CARTESIAN_POINT('',(12.37933014272,-7.014431538687,0.2000001));
#2256 = CARTESIAN_POINT('',(12.07875135601,-7.555961366117,0.2000001));
#2257 = CARTESIAN_POINT('',(11.376628330951,-8.673608780246,0.2000001));
#2258 = CARTESIAN_POINT('',(10.966941750486,-9.244626259987,0.2000001));
#2259 = CARTESIAN_POINT('',(10.522733876691,-9.789773987243,0.2000001));
#2260 = CARTESIAN_POINT('',(10.046334214884,-10.30643452656,0.2000001));
#2261 = CARTESIAN_POINT('',(9.029402462815,-11.28291029251,0.2000001));
#2262 = CARTESIAN_POINT('',(8.488276986795,-11.74212785076,0.2000001));
#2263 = CARTESIAN_POINT('',(7.919661065773,-12.16755582096,0.2000001));
#2264 = CARTESIAN_POINT('',(7.326465357084,-12.55718345034,0.2000001));
#2265 = CARTESIAN_POINT('',(6.711813688826,-12.90936930249,0.2000001));
#2266 = PCURVE('',#1002,#2267);
#2267 = DEFINITIONAL_REPRESENTATION('',(#2268),#2287);
#2268 = B_SPLINE_CURVE_WITH_KNOTS('',5,(#2269,#2270,#2271,#2272,#2273,
    #2274,#2275,#2276,#2277,#2278,#2279,#2280,#2281,#2282,#2283,#2284,
    #2285,#2286),.UNSPECIFIED.,.F.,.F.,(6,4,4,4,6),(0.,0.233517631717,
    0.467236529069,0.732317998536,1.),.UNSPECIFIED.);
#2269 = CARTESIAN_POINT('',(-13.80948411717,2.303735205991));
#2270 = CARTESIAN_POINT('',(-13.73384667753,2.916938361349));
#2271 = CARTESIAN_POINT('',(-13.62432587653,3.525976086465));
#2272 = CARTESIAN_POINT('',(-13.48130805486,4.128346005915));
#2273 = CARTESIAN_POINT('',(-13.30547992975,4.721648648712));
#2274 = CARTESIAN_POINT('',(-12.88990997838,5.886013651781));
#2275 = CARTESIAN_POINT('',(-12.65011000726,6.457065497826));
#2276 = CARTESIAN_POINT('',(-12.37933014272,7.014431538687));
#2277 = CARTESIAN_POINT('',(-12.07875135601,7.555961366117));
#2278 = CARTESIAN_POINT('',(-11.37662833095,8.673608780246));
#2279 = CARTESIAN_POINT('',(-10.96694175048,9.244626259987));
#2280 = CARTESIAN_POINT('',(-10.52273387669,9.789773987243));
#2281 = CARTESIAN_POINT('',(-10.04633421488,10.30643452656));
#2282 = CARTESIAN_POINT('',(-9.029402462815,11.282910292511));
#2283 = CARTESIAN_POINT('',(-8.488276986795,11.742127850768));
#2284 = CARTESIAN_POINT('',(-7.919661065773,12.16755582096));
#2285 = CARTESIAN_POINT('',(-7.326465357084,12.557183450342));
#2286 = CARTESIAN_POINT('',(-6.711813688826,12.909369302494));
#2287 = ( GEOMETRIC_REPRESENTATION_CONTEXT(2) 
PARAMETRIC_REPRESENTATION_CONTEXT() REPRESENTATION_CONTEXT('2D SPACE',''
  ) );
#2288 = PCURVE('',#2170,#2289);
#2289 = DEFINITIONAL_REPRESENTATION('',(#2290),#2309);
#2290 = B_SPLINE_CURVE_WITH_KNOTS('',5,(#2291,#2292,#2293,#2294,#2295,
    #2296,#2297,#2298,#2299,#2300,#2301,#2302,#2303,#2304,#2305,#2306,
    #2307,#2308),.UNSPECIFIED.,.F.,.F.,(6,4,4,4,6),(0.,0.233517631717,
    0.467236529069,0.732317998536,1.),.UNSPECIFIED.);
#2291 = CARTESIAN_POINT('',(3.,0.473686027918));
#2292 = CARTESIAN_POINT('',(2.952375381958,0.466667490049));
#2293 = CARTESIAN_POINT('',(2.90486327456,0.459665533104));
#2294 = CARTESIAN_POINT('',(2.85746459381,0.452680292078));
#2295 = CARTESIAN_POINT('',(2.810176901218,0.445711407605));
#2296 = CARTESIAN_POINT('',(2.71578243766,0.43180030145));
#2297 = CARTESIAN_POINT('',(2.66867511704,0.424857998765));
#2298 = CARTESIAN_POINT('',(2.621677387985,0.417931846815));
#2299 = CARTESIAN_POINT('',(2.574786052032,0.411021374234));
#2300 = CARTESIAN_POINT('',(2.47493576102,0.396306231572));
#2301 = CARTESIAN_POINT('',(2.422006072012,0.388505874488));
#2302 = CARTESIAN_POINT('',(2.369209316753,0.380725108124));
#2303 = CARTESIAN_POINT('',(2.316540782398,0.372963237938));
#2304 = CARTESIAN_POINT('',(2.21094377612,0.357401190032));
#2305 = CARTESIAN_POINT('',(2.158016766663,0.349601227839));
#2306 = CARTESIAN_POINT('',(2.105218473741,0.341820234867));
#2307 = CARTESIAN_POINT('',(2.052545778457,0.334057751477));
#2308 = CARTESIAN_POINT('',(2.,0.32631397208));
#2309 = ( GEOMETRIC_REPRESENTATION_CONTEXT(2) 
PARAMETRIC_REPRESENTATION_CONTEXT() REPRESENTATION_CONTEXT('2D SPACE',''
  ) );
#2310 = ORIENTED_EDGE('',*,*,#2311,.T.);
#2311 = EDGE_CURVE('',#2244,#959,#2312,.T.);
#2312 = SURFACE_CURVE('',#2313,(#2319,#2328),.PCURVE_S1.);
#2313 = B_SPLINE_CURVE_WITH_KNOTS('',4,(#2314,#2315,#2316,#2317,#2318),
  .UNSPECIFIED.,.F.,.F.,(5,5),(0.,1.),.PIECEWISE_BEZIER_KNOTS.);
#2314 = CARTESIAN_POINT('',(6.711813688826,-12.90936930249,0.2000001));
#2315 = CARTESIAN_POINT('',(6.734878340676,-12.95373139631,0.2000001));
#2316 = CARTESIAN_POINT('',(6.757942992526,-12.99809349014,0.2000001));
#2317 = CARTESIAN_POINT('',(6.781007644376,-13.04245558396,0.2000001));
#2318 = CARTESIAN_POINT('',(6.804072296226,-13.08681767779,0.2000001));
#2319 = PCURVE('',#1002,#2320);
#2320 = DEFINITIONAL_REPRESENTATION('',(#2321),#2327);
#2321 = B_SPLINE_CURVE_WITH_KNOTS('',4,(#2322,#2323,#2324,#2325,#2326),
  .UNSPECIFIED.,.F.,.F.,(5,5),(0.,1.),.PIECEWISE_BEZIER_KNOTS.);
#2322 = CARTESIAN_POINT('',(-6.711813688826,12.909369302494));
#2323 = CARTESIAN_POINT('',(-6.734878340676,12.953731396319));
#2324 = CARTESIAN_POINT('',(-6.757942992526,12.998093490143));
#2325 = CARTESIAN_POINT('',(-6.781007644376,13.042455583967));
#2326 = CARTESIAN_POINT('',(-6.804072296226,13.086817677791));
#2327 = ( GEOMETRIC_REPRESENTATION_CONTEXT(2) 
PARAMETRIC_REPRESENTATION_CONTEXT() REPRESENTATION_CONTEXT('2D SPACE',''
  ) );
#2328 = PCURVE('',#2101,#2329);
#2329 = DEFINITIONAL_REPRESENTATION('',(#2330),#2336);
#2330 = B_SPLINE_CURVE_WITH_KNOTS('',4,(#2331,#2332,#2333,#2334,#2335),
  .UNSPECIFIED.,.F.,.F.,(5,5),(0.,1.),.PIECEWISE_BEZIER_KNOTS.);
#2331 = CARTESIAN_POINT('',(2.,0.32631397208));
#2332 = CARTESIAN_POINT('',(1.75,0.32631397208));
#2333 = CARTESIAN_POINT('',(1.5,0.32631397208));
#2334 = CARTESIAN_POINT('',(1.25,0.32631397208));
#2335 = CARTESIAN_POINT('',(1.,0.32631397208));
#2336 = ( GEOMETRIC_REPRESENTATION_CONTEXT(2) 
PARAMETRIC_REPRESENTATION_CONTEXT() REPRESENTATION_CONTEXT('2D SPACE',''
  ) );
#2337 = ORIENTED_EDGE('',*,*,#987,.T.);
#2338 = ORIENTED_EDGE('',*,*,#2339,.T.);
#2339 = EDGE_CURVE('',#957,#2340,#2342,.T.);
#2340 = VERTEX_POINT('',#2341);
#2341 = CARTESIAN_POINT('',(6.711813688827,12.909369302494,0.2000001));
#2342 = SURFACE_CURVE('',#2343,(#2349,#2358),.PCURVE_S1.);
#2343 = B_SPLINE_CURVE_WITH_KNOTS('',4,(#2344,#2345,#2346,#2347,#2348),
  .UNSPECIFIED.,.F.,.F.,(5,5),(0.,1.),.PIECEWISE_BEZIER_KNOTS.);
#2344 = CARTESIAN_POINT('',(6.804072296226,13.086817677791,0.2000001));
#2345 = CARTESIAN_POINT('',(6.781007644376,13.042455583967,0.2000001));
#2346 = CARTESIAN_POINT('',(6.757942992527,12.998093490143,0.2000001));
#2347 = CARTESIAN_POINT('',(6.734878340677,12.953731396318,0.2000001));
#2348 = CARTESIAN_POINT('',(6.711813688827,12.909369302494,0.2000001));
#2349 = PCURVE('',#1002,#2350);
#2350 = DEFINITIONAL_REPRESENTATION('',(#2351),#2357);
#2351 = B_SPLINE_CURVE_WITH_KNOTS('',4,(#2352,#2353,#2354,#2355,#2356),
  .UNSPECIFIED.,.F.,.F.,(5,5),(0.,1.),.PIECEWISE_BEZIER_KNOTS.);
#2352 = CARTESIAN_POINT('',(-6.804072296226,-13.08681767779));
#2353 = CARTESIAN_POINT('',(-6.781007644376,-13.04245558396));
#2354 = CARTESIAN_POINT('',(-6.757942992527,-12.99809349014));
#2355 = CARTESIAN_POINT('',(-6.734878340677,-12.95373139631));
#2356 = CARTESIAN_POINT('',(-6.711813688827,-12.90936930249));
#2357 = ( GEOMETRIC_REPRESENTATION_CONTEXT(2) 
PARAMETRIC_REPRESENTATION_CONTEXT() REPRESENTATION_CONTEXT('2D SPACE',''
  ) );
#2358 = PCURVE('',#2038,#2359);
#2359 = DEFINITIONAL_REPRESENTATION('',(#2360),#2366);
#2360 = B_SPLINE_CURVE_WITH_KNOTS('',4,(#2361,#2362,#2363,#2364,#2365),
  .UNSPECIFIED.,.F.,.F.,(5,5),(0.,1.),.PIECEWISE_BEZIER_KNOTS.);
#2361 = CARTESIAN_POINT('',(6.,0.67368602792));
#2362 = CARTESIAN_POINT('',(5.75,0.67368602792));
#2363 = CARTESIAN_POINT('',(5.5,0.67368602792));
#2364 = CARTESIAN_POINT('',(5.25,0.67368602792));
#2365 = CARTESIAN_POINT('',(5.,0.67368602792));
#2366 = ( GEOMETRIC_REPRESENTATION_CONTEXT(2) 
PARAMETRIC_REPRESENTATION_CONTEXT() REPRESENTATION_CONTEXT('2D SPACE',''
  ) );
#2367 = ORIENTED_EDGE('',*,*,#2368,.T.);
#2368 = EDGE_CURVE('',#2340,#2215,#2369,.T.);
#2369 = SURFACE_CURVE('',#2370,(#2389,#2411),.PCURVE_S1.);
#2370 = B_SPLINE_CURVE_WITH_KNOTS('',5,(#2371,#2372,#2373,#2374,#2375,
    #2376,#2377,#2378,#2379,#2380,#2381,#2382,#2383,#2384,#2385,#2386,
    #2387,#2388),.UNSPECIFIED.,.F.,.F.,(6,4,4,4,6),(0.,0.2676820013,
    0.532763470605,0.767472305921,1.),.UNSPECIFIED.);
#2371 = CARTESIAN_POINT('',(6.711813688827,12.909369302494,0.2000001));
#2372 = CARTESIAN_POINT('',(7.326465357085,12.557183450342,0.2000001));
#2373 = CARTESIAN_POINT('',(7.919661065773,12.16755582096,0.2000001));
#2374 = CARTESIAN_POINT('',(8.488276986795,11.742127850768,0.2000001));
#2375 = CARTESIAN_POINT('',(9.029402462815,11.282910292511,0.2000001));
#2376 = CARTESIAN_POINT('',(10.046334214884,10.30643452656,0.2000001));
#2377 = CARTESIAN_POINT('',(10.522733876691,9.789773987243,0.2000001));
#2378 = CARTESIAN_POINT('',(10.966941750487,9.244626259987,0.2000001));
#2379 = CARTESIAN_POINT('',(11.376628330952,8.673608780245,0.2000001));
#2380 = CARTESIAN_POINT('',(12.08014481597,7.55374324071,0.2000001));
#2381 = CARTESIAN_POINT('',(12.381875918676,7.009843766963,0.2000001));
#2382 = CARTESIAN_POINT('',(12.653549177172,6.449982256539,0.2000001));
#2383 = CARTESIAN_POINT('',(12.893969436718,5.876337168794,0.2000001));
#2384 = CARTESIAN_POINT('',(13.308457910965,4.711587039298,0.2000001));
#2385 = CARTESIAN_POINT('',(13.483125119841,4.120684814562,0.2000001));
#2386 = CARTESIAN_POINT('',(13.625253851104,3.520812237233,0.2000001));
#2387 = CARTESIAN_POINT('',(13.734167323158,2.914338843023,0.2000001));
#2388 = CARTESIAN_POINT('',(13.809484117172,2.303735205992,0.2000001));
#2389 = PCURVE('',#1002,#2390);
#2390 = DEFINITIONAL_REPRESENTATION('',(#2391),#2410);
#2391 = B_SPLINE_CURVE_WITH_KNOTS('',5,(#2392,#2393,#2394,#2395,#2396,
    #2397,#2398,#2399,#2400,#2401,#2402,#2403,#2404,#2405,#2406,#2407,
    #2408,#2409),.UNSPECIFIED.,.F.,.F.,(6,4,4,4,6),(0.,0.2676820013,
    0.532763470605,0.767472305921,1.),.UNSPECIFIED.);
#2392 = CARTESIAN_POINT('',(-6.711813688827,-12.90936930249));
#2393 = CARTESIAN_POINT('',(-7.326465357085,-12.55718345034));
#2394 = CARTESIAN_POINT('',(-7.919661065773,-12.16755582096));
#2395 = CARTESIAN_POINT('',(-8.488276986795,-11.74212785076));
#2396 = CARTESIAN_POINT('',(-9.029402462815,-11.28291029251));
#2397 = CARTESIAN_POINT('',(-10.04633421488,-10.30643452656));
#2398 = CARTESIAN_POINT('',(-10.52273387669,-9.789773987243));
#2399 = CARTESIAN_POINT('',(-10.96694175048,-9.244626259987));
#2400 = CARTESIAN_POINT('',(-11.37662833095,-8.673608780245));
#2401 = CARTESIAN_POINT('',(-12.08014481597,-7.55374324071));
#2402 = CARTESIAN_POINT('',(-12.38187591867,-7.009843766963));
#2403 = CARTESIAN_POINT('',(-12.65354917717,-6.449982256539));
#2404 = CARTESIAN_POINT('',(-12.89396943671,-5.876337168794));
#2405 = CARTESIAN_POINT('',(-13.30845791096,-4.711587039298));
#2406 = CARTESIAN_POINT('',(-13.48312511984,-4.120684814562));
#2407 = CARTESIAN_POINT('',(-13.6252538511,-3.520812237233));
#2408 = CARTESIAN_POINT('',(-13.73416732315,-2.914338843023));
#2409 = CARTESIAN_POINT('',(-13.80948411717,-2.303735205992));
#2410 = ( GEOMETRIC_REPRESENTATION_CONTEXT(2) 
PARAMETRIC_REPRESENTATION_CONTEXT() REPRESENTATION_CONTEXT('2D SPACE',''
  ) );
#2411 = PCURVE('',#1874,#2412);
#2412 = DEFINITIONAL_REPRESENTATION('',(#2413),#2432);
#2413 = B_SPLINE_CURVE_WITH_KNOTS('',5,(#2414,#2415,#2416,#2417,#2418,
    #2419,#2420,#2421,#2422,#2423,#2424,#2425,#2426,#2427,#2428,#2429,
    #2430,#2431),.UNSPECIFIED.,.F.,.F.,(6,4,4,4,6),(0.,0.2676820013,
    0.532763470605,0.767472305921,1.),.UNSPECIFIED.);
#2414 = CARTESIAN_POINT('',(5.,0.67368602792));
#2415 = CARTESIAN_POINT('',(4.947454221543,0.665942248523));
#2416 = CARTESIAN_POINT('',(4.894781526259,0.658179765133));
#2417 = CARTESIAN_POINT('',(4.841983233337,0.650398772161));
#2418 = CARTESIAN_POINT('',(4.78905622388,0.642598809968));
#2419 = CARTESIAN_POINT('',(4.683459217602,0.627036762062));
#2420 = CARTESIAN_POINT('',(4.630790683247,0.619274891876));
#2421 = CARTESIAN_POINT('',(4.577993927988,0.611494125512));
#2422 = CARTESIAN_POINT('',(4.52506423898,0.603693768428));
#2423 = CARTESIAN_POINT('',(4.425015781297,0.588949421536));
#2424 = CARTESIAN_POINT('',(4.377925380374,0.582009612342));
#2425 = CARTESIAN_POINT('',(4.330727682296,0.575053990545));
#2426 = CARTESIAN_POINT('',(4.283419437684,0.568082077278));
#2427 = CARTESIAN_POINT('',(4.18902122954,0.554170419277));
#2428 = CARTESIAN_POINT('',(4.14193259206,0.547230869965));
#2429 = CARTESIAN_POINT('',(4.094733888326,0.540275099962));
#2430 = CARTESIAN_POINT('',(4.047422725624,0.533302756651));
#2431 = CARTESIAN_POINT('',(4.,0.526313972082));
#2432 = ( GEOMETRIC_REPRESENTATION_CONTEXT(2) 
PARAMETRIC_REPRESENTATION_CONTEXT() REPRESENTATION_CONTEXT('2D SPACE',''
  ) );
#2433 = ADVANCED_FACE('',(#2434),#1367,.F.);
#2434 = FACE_BOUND('',#2435,.F.);
#2435 = EDGE_LOOP('',(#2436,#2466,#2539,#2612,#2646,#2719,#2769,#2848,
    #2927,#2977,#3050,#3084,#3157,#3222,#3254,#3255,#3305,#3378,#3412,
    #3485,#3535,#3614,#3693,#3766,#3839,#3873,#3946));
#2436 = ORIENTED_EDGE('',*,*,#2437,.T.);
#2437 = EDGE_CURVE('',#2438,#2440,#2442,.T.);
#2438 = VERTEX_POINT('',#2439);
#2439 = CARTESIAN_POINT('',(14.549999999956,2.220947838816E-06,
    1.373686153199));
#2440 = VERTEX_POINT('',#2441);
#2441 = CARTESIAN_POINT('',(14.54999999993,1.794857208226E-06,
    2.02631409368));
#2442 = SURFACE_CURVE('',#2443,(#2447,#2454),.PCURVE_S1.);
#2443 = LINE('',#2444,#2445);
#2444 = CARTESIAN_POINT('',(14.55,-3.563722185519E-15,0.2));
#2445 = VECTOR('',#2446,1.);
#2446 = DIRECTION('',(0.,0.,1.));
#2447 = PCURVE('',#1367,#2448);
#2448 = DEFINITIONAL_REPRESENTATION('',(#2449),#2453);
#2449 = LINE('',#2450,#2451);
#2450 = CARTESIAN_POINT('',(6.28318530718,-0.));
#2451 = VECTOR('',#2452,1.);
#2452 = DIRECTION('',(0.,1.));
#2453 = ( GEOMETRIC_REPRESENTATION_CONTEXT(2) 
PARAMETRIC_REPRESENTATION_CONTEXT() REPRESENTATION_CONTEXT('2D SPACE',''
  ) );
#2454 = PCURVE('',#2455,#2460);
#2455 = CYLINDRICAL_SURFACE('',#2456,14.55);
#2456 = AXIS2_PLACEMENT_3D('',#2457,#2458,#2459);
#2457 = CARTESIAN_POINT('',(0.,0.,0.2));
#2458 = DIRECTION('',(0.,0.,1.));
#2459 = DIRECTION('',(1.,0.,-0.));
#2460 = DEFINITIONAL_REPRESENTATION('',(#2461),#2465);
#2461 = LINE('',#2462,#2463);
#2462 = CARTESIAN_POINT('',(0.,-0.));
#2463 = VECTOR('',#2464,1.);
#2464 = DIRECTION('',(0.,1.));
#2465 = ( GEOMETRIC_REPRESENTATION_CONTEXT(2) 
PARAMETRIC_REPRESENTATION_CONTEXT() REPRESENTATION_CONTEXT('2D SPACE',''
  ) );
#2466 = ORIENTED_EDGE('',*,*,#2467,.F.);
#2467 = EDGE_CURVE('',#2468,#2440,#2470,.T.);
#2468 = VERTEX_POINT('',#2469);
#2469 = CARTESIAN_POINT('',(11.771198229715,-8.552274097325,
    1.926314091748));
#2470 = SURFACE_CURVE('',#2471,(#2484,#2500),.PCURVE_S1.);
#2471 = B_SPLINE_CURVE_WITH_KNOTS('',6,(#2472,#2473,#2474,#2475,#2476,
    #2477,#2478,#2479,#2480,#2481,#2482,#2483),.UNSPECIFIED.,.F.,.F.,(7,
    5,7),(0.,0.500080726581,1.),.UNSPECIFIED.);
#2472 = CARTESIAN_POINT('',(11.771198377859,-8.552273893479,
    1.926314094504));
#2473 = CARTESIAN_POINT('',(12.219063229049,-7.935840641283,
    1.934673858945));
#2474 = CARTESIAN_POINT('',(12.628201135525,-7.291248207558,
    1.943039098005));
#2475 = CARTESIAN_POINT('',(12.996374388032,-6.621569403446,
    1.951405928566));
#2476 = CARTESIAN_POINT('',(13.3217141913,-5.930067118624,1.959768498824
    ));
#2477 = CARTESIAN_POINT('',(13.602679402907,-5.220171141921,
    1.968118944973));
#2478 = CARTESIAN_POINT('',(14.073443549386,-3.771058940225,
    1.984787007743));
#2479 = CARTESIAN_POINT('',(14.263283291022,-3.031817164188,
    1.993105029809));
#2480 = CARTESIAN_POINT('',(14.406441034842,-2.281383603999,
    2.001405493499));
#2481 = CARTESIAN_POINT('',(14.502148449644,-1.523435826786,
    2.009691574749));
#2482 = CARTESIAN_POINT('',(14.549999999652,-0.76170855449,
    2.017980225308));
#2483 = CARTESIAN_POINT('',(14.55,-5.329070518201E-15,2.026314074028));
#2484 = PCURVE('',#1367,#2485);
#2485 = DEFINITIONAL_REPRESENTATION('',(#2486),#2499);
#2486 = B_SPLINE_CURVE_WITH_KNOTS('',6,(#2487,#2488,#2489,#2490,#2491,
    #2492,#2493,#2494,#2495,#2496,#2497,#2498),.UNSPECIFIED.,.F.,.F.,(7,
    5,7),(0.,0.500080726581,1.),.UNSPECIFIED.);
#2487 = CARTESIAN_POINT('',(5.654866906217,1.726314094504));
#2488 = CARTESIAN_POINT('',(5.707234832779,1.734673858945));
#2489 = CARTESIAN_POINT('',(5.759603998287,1.743039098005));
#2490 = CARTESIAN_POINT('',(5.811971705021,1.751405928566));
#2491 = CARTESIAN_POINT('',(5.864339418485,1.759768498824));
#2492 = CARTESIAN_POINT('',(5.916708606966,1.768118944973));
#2493 = CARTESIAN_POINT('',(6.021427625922,1.784787007743));
#2494 = CARTESIAN_POINT('',(6.073779978111,1.793105029809));
#2495 = CARTESIAN_POINT('',(6.126130898135,1.801405493499));
#2496 = CARTESIAN_POINT('',(6.178481821443,1.809691574749));
#2497 = CARTESIAN_POINT('',(6.230834203778,1.817980225308));
#2498 = CARTESIAN_POINT('',(6.28318530718,1.826314074028));
#2499 = ( GEOMETRIC_REPRESENTATION_CONTEXT(2) 
PARAMETRIC_REPRESENTATION_CONTEXT() REPRESENTATION_CONTEXT('2D SPACE',''
  ) );
#2500 = PCURVE('',#2501,#2524);
#2501 = ( BOUNDED_SURFACE() B_SPLINE_SURFACE(1,6,(
    (#2502,#2503,#2504,#2505,#2506,#2507,#2508,#2509,#2510,#2511,#2512)
    ,(#2513,#2514,#2515,#2516,#2517,#2518,#2519,#2520,#2521,#2522,#2523
)),.UNSPECIFIED.,.F.,.F.,.F.) B_SPLINE_SURFACE_WITH_KNOTS((2,2),(7,4,7),
(4.,5.),(0.,0.5,1.),.UNSPECIFIED.) GEOMETRIC_REPRESENTATION_ITEM() 
RATIONAL_B_SPLINE_SURFACE((
    (1.,1.,1.,1.,1.,1.,1.,1.,1.,1.,1.)
,(1.,1.,1.,1.,1.,1.,1.,1.,1.,1.,1.
  ))) REPRESENTATION_ITEM('') SURFACE() );
#2502 = CARTESIAN_POINT('',(-14.00000000003,4.267595438477E-13,
    1.673686127956));
#2503 = CARTESIAN_POINT('',(-13.95056277201,-7.32870130893,
    1.757019461293));
#2504 = CARTESIAN_POINT('',(-9.539484841217,-14.65740261785,
    1.840352794915));
#2505 = CARTESIAN_POINT('',(8.311633957578E-02,-18.41593092383,
    1.923686128908));
#2506 = CARTESIAN_POINT('',(9.412595955888,-14.65740261784,
    2.007019462871));
#2507 = CARTESIAN_POINT('',(18.587404044003,2.486675883502E-11,
    2.173686130152));
#2508 = CARTESIAN_POINT('',(9.412595955844,14.657402617878,
    2.340352796197));
#2509 = CARTESIAN_POINT('',(8.311633951412E-02,18.415930923855,
    2.423686128902));
#2510 = CARTESIAN_POINT('',(-9.539484841284,14.657402617863,
    2.507019461598));
#2511 = CARTESIAN_POINT('',(-13.95056277207,7.32870130893,2.590352794625
    ));
#2512 = CARTESIAN_POINT('',(-14.00000000009,4.38414521086E-13,
    2.673686127956));
#2513 = CARTESIAN_POINT('',(-14.55000000002,-5.932152530007E-15,
    1.526314072081));
#2514 = CARTESIAN_POINT('',(-14.49862059533,-7.61661457468,
    1.609647405418));
#2515 = CARTESIAN_POINT('',(-9.914250316764,-15.23322914935,
    1.692980739052));
#2516 = CARTESIAN_POINT('',(8.638162411536E-02,-19.13941392426,
    1.776314073072));
#2517 = CARTESIAN_POINT('',(9.782376511332,-15.23322914934,
    1.859647407059));
#2518 = CARTESIAN_POINT('',(19.31762348858,2.553284226016E-11,
    2.026314074365));
#2519 = CARTESIAN_POINT('',(9.782376511286,15.233229149378,
    2.192980740385));
#2520 = CARTESIAN_POINT('',(8.638162405259E-02,19.139413924289,
    2.276314073065));
#2521 = CARTESIAN_POINT('',(-9.914250316832,15.233229149362,
    2.359647405736));
#2522 = CARTESIAN_POINT('',(-14.49862059539,7.61661457468,2.442980738751
    ));
#2523 = CARTESIAN_POINT('',(-14.55000000008,5.802122233017E-16,
    2.526314072081));
#2524 = DEFINITIONAL_REPRESENTATION('',(#2525),#2538);
#2525 = B_SPLINE_CURVE_WITH_KNOTS('',6,(#2526,#2527,#2528,#2529,#2530,
    #2531,#2532,#2533,#2534,#2535,#2536,#2537),.UNSPECIFIED.,.F.,.F.,(7,
    5,7),(0.,0.500080726581,1.),.UNSPECIFIED.);
#2526 = CARTESIAN_POINT('',(5.,0.400000020646));
#2527 = CARTESIAN_POINT('',(4.999814678144,0.408332473794));
#2528 = CARTESIAN_POINT('',(4.999593704318,0.41666514746));
#2529 = CARTESIAN_POINT('',(4.999362335965,0.424997880766));
#2530 = CARTESIAN_POINT('',(4.999163734671,0.433331182722));
#2531 = CARTESIAN_POINT('',(4.999053768522,0.441665422914));
#2532 = CARTESIAN_POINT('',(4.999044755415,0.458332157373));
#2533 = CARTESIAN_POINT('',(4.999145713702,0.4666650535));
#2534 = CARTESIAN_POINT('',(4.999368412721,0.474998352187));
#2535 = CARTESIAN_POINT('',(4.999691999179,0.483332099374));
#2536 = CARTESIAN_POINT('',(4.99999998153,0.491666151227));
#2537 = CARTESIAN_POINT('',(4.999999980902,0.499999999854));
#2538 = ( GEOMETRIC_REPRESENTATION_CONTEXT(2) 
PARAMETRIC_REPRESENTATION_CONTEXT() REPRESENTATION_CONTEXT('2D SPACE',''
  ) );
#2539 = ORIENTED_EDGE('',*,*,#2540,.T.);
#2540 = EDGE_CURVE('',#2468,#2541,#2543,.T.);
#2541 = VERTEX_POINT('',#2542);
#2542 = CARTESIAN_POINT('',(4.529717920941,-13.82693587013,1.82669986863
    ));
#2543 = SURFACE_CURVE('',#2544,(#2557,#2573),.PCURVE_S1.);
#2544 = B_SPLINE_CURVE_WITH_KNOTS('',6,(#2545,#2546,#2547,#2548,#2549,
    #2550,#2551,#2552,#2553,#2554,#2555,#2556),.UNSPECIFIED.,.F.,.F.,(7,
    5,7),(0.,0.363320115249,1.),.UNSPECIFIED.);
#2545 = CARTESIAN_POINT('',(11.771198377867,-8.552273893468,
    1.926314094504));
#2546 = CARTESIAN_POINT('',(11.447070484636,-8.998397787364,
    1.920283747432));
#2547 = CARTESIAN_POINT('',(11.102650829734,-9.429783251244,
    1.914253373645));
#2548 = CARTESIAN_POINT('',(10.738782221014,-9.84527087551,
    1.908222953556));
#2549 = CARTESIAN_POINT('',(10.356387549614,-10.24377395092,
    1.902192340452));
#2550 = CARTESIAN_POINT('',(9.956469479662,-10.62427884407,
    1.896161407345));
#2551 = CARTESIAN_POINT('',(8.810484646455,-11.61945228355,
    1.879561133171));
#2552 = CARTESIAN_POINT('',(8.030316488362,-12.19494882638,
    1.868990437515));
#2553 = CARTESIAN_POINT('',(7.205487258022,-12.70720434023,
    1.858419257886));
#2554 = CARTESIAN_POINT('',(6.342432097034,-13.15204595609,
    1.847846909618));
#2555 = CARTESIAN_POINT('',(5.448035191733,-13.52609421985,
    1.837273131546));
#2556 = CARTESIAN_POINT('',(4.52971792768,-13.82693586792,1.826699868707
    ));
#2557 = PCURVE('',#1367,#2558);
#2558 = DEFINITIONAL_REPRESENTATION('',(#2559),#2572);
#2559 = B_SPLINE_CURVE_WITH_KNOTS('',6,(#2560,#2561,#2562,#2563,#2564,
    #2565,#2566,#2567,#2568,#2569,#2570,#2571),.UNSPECIFIED.,.F.,.F.,(7,
    5,7),(0.,0.363320115249,1.),.UNSPECIFIED.);
#2560 = CARTESIAN_POINT('',(5.654866906218,1.726314094504));
#2561 = CARTESIAN_POINT('',(5.616967290599,1.720283747432));
#2562 = CARTESIAN_POINT('',(5.579067429847,1.714253373645));
#2563 = CARTESIAN_POINT('',(5.541167850959,1.708222953556));
#2564 = CARTESIAN_POINT('',(5.503268268603,1.702192340452));
#2565 = CARTESIAN_POINT('',(5.465368400464,1.696161407345));
#2566 = CARTESIAN_POINT('',(5.361053730603,1.679561133171));
#2567 = CARTESIAN_POINT('',(5.294634586313,1.668990437515));
#2568 = CARTESIAN_POINT('',(5.228220182717,1.658419257886));
#2569 = CARTESIAN_POINT('',(5.161805801827,1.647846909618));
#2570 = CARTESIAN_POINT('',(5.0953866829,1.637273131546));
#2571 = CARTESIAN_POINT('',(5.02897158755,1.626699868707));
#2572 = ( GEOMETRIC_REPRESENTATION_CONTEXT(2) 
PARAMETRIC_REPRESENTATION_CONTEXT() REPRESENTATION_CONTEXT('2D SPACE',''
  ) );
#2573 = PCURVE('',#2574,#2597);
#2574 = ( BOUNDED_SURFACE() B_SPLINE_SURFACE(1,6,(
    (#2575,#2576,#2577,#2578,#2579,#2580,#2581,#2582,#2583,#2584,#2585)
    ,(#2586,#2587,#2588,#2589,#2590,#2591,#2592,#2593,#2594,#2595,#2596
)),.UNSPECIFIED.,.F.,.F.,.F.) B_SPLINE_SURFACE_WITH_KNOTS((2,2),(7,4,7),
(5.,6.),(0.,0.5,1.),.UNSPECIFIED.) GEOMETRIC_REPRESENTATION_ITEM() 
RATIONAL_B_SPLINE_SURFACE((
    (1.,1.,1.,1.,1.,1.,1.,1.,1.,1.,1.)
,(1.,1.,1.,1.,1.,1.,1.,1.,1.,1.,1.
  ))) REPRESENTATION_ITEM('') SURFACE() );
#2575 = CARTESIAN_POINT('',(-14.55000000002,-5.932152530007E-15,
    1.526314072081));
#2576 = CARTESIAN_POINT('',(-14.49862059533,-7.61661457468,
    1.609647405418));
#2577 = CARTESIAN_POINT('',(-9.914250316764,-15.23322914935,
    1.692980739052));
#2578 = CARTESIAN_POINT('',(8.638162411536E-02,-19.13941392426,
    1.776314073072));
#2579 = CARTESIAN_POINT('',(9.782376511332,-15.23322914934,
    1.859647407059));
#2580 = CARTESIAN_POINT('',(19.31762348858,2.553284226016E-11,
    2.026314074365));
#2581 = CARTESIAN_POINT('',(9.782376511286,15.233229149378,
    2.192980740385));
#2582 = CARTESIAN_POINT('',(8.638162405259E-02,19.139413924289,
    2.276314073065));
#2583 = CARTESIAN_POINT('',(-9.914250316832,15.233229149362,
    2.359647405736));
#2584 = CARTESIAN_POINT('',(-14.49862059539,7.61661457468,2.442980738751
    ));
#2585 = CARTESIAN_POINT('',(-14.55000000008,5.802122233017E-16,
    2.526314072081));
#2586 = CARTESIAN_POINT('',(-14.75000000002,-1.62724310668E-13,
    1.526314072068));
#2587 = CARTESIAN_POINT('',(-14.69791434926,-7.721310307681,
    1.609647405405));
#2588 = CARTESIAN_POINT('',(-10.05052867151,-15.44262061535,
    1.692980739043));
#2589 = CARTESIAN_POINT('',(8.75690003083E-02,-19.40249865169,
    1.776314073072));
#2590 = CARTESIAN_POINT('',(9.916842167853,-15.44262061534,
    1.859647407068));
#2591 = CARTESIAN_POINT('',(19.583157832059,2.515379104607E-11,
    2.026314074382));
#2592 = CARTESIAN_POINT('',(9.916842167807,15.442620615379,
    2.192980740394));
#2593 = CARTESIAN_POINT('',(8.756900024512E-02,19.402498651718,
    2.276314073065));
#2594 = CARTESIAN_POINT('',(-10.05052867158,15.442620615363,
    2.359647405726));
#2595 = CARTESIAN_POINT('',(-14.69791434933,7.72131030768,2.442980738738
    ));
#2596 = CARTESIAN_POINT('',(-14.75000000008,-1.580819868183E-13,
    2.526314072068));
#2597 = DEFINITIONAL_REPRESENTATION('',(#2598),#2611);
#2598 = B_SPLINE_CURVE_WITH_KNOTS('',6,(#2599,#2600,#2601,#2602,#2603,
    #2604,#2605,#2606,#2607,#2608,#2609,#2610),.UNSPECIFIED.,.F.,.F.,(7,
    5,7),(0.,0.363320115249,1.),.UNSPECIFIED.);
#2599 = CARTESIAN_POINT('',(5.,0.400000020646));
#2600 = CARTESIAN_POINT('',(5.000368832142,0.393969673596));
#2601 = CARTESIAN_POINT('',(5.00068649971,0.387939299832));
#2602 = CARTESIAN_POINT('',(5.00092596883,0.381908879768));
#2603 = CARTESIAN_POINT('',(5.001076475191,0.37587826669));
#2604 = CARTESIAN_POINT('',(5.001141205174,0.369847333609));
#2605 = CARTESIAN_POINT('',(5.001124062701,0.353247059513));
#2606 = CARTESIAN_POINT('',(5.00089517414,0.34267636391));
#2607 = CARTESIAN_POINT('',(5.000521781251,0.332105184337));
#2608 = CARTESIAN_POINT('',(5.00018142965,0.321532836126));
#2609 = CARTESIAN_POINT('',(5.000002676898,0.310959058115));
#2610 = CARTESIAN_POINT('',(5.,0.300385795338));
#2611 = ( GEOMETRIC_REPRESENTATION_CONTEXT(2) 
PARAMETRIC_REPRESENTATION_CONTEXT() REPRESENTATION_CONTEXT('2D SPACE',''
  ) );
#2612 = ORIENTED_EDGE('',*,*,#2613,.F.);
#2613 = EDGE_CURVE('',#2614,#2541,#2616,.T.);
#2614 = VERTEX_POINT('',#2615);
#2615 = CARTESIAN_POINT('',(4.496286252076,-13.83784339915,
    1.826315097096));
#2616 = SURFACE_CURVE('',#2617,(#2629,#2639),.PCURVE_S1.);
#2617 = ( BOUNDED_CURVE() B_SPLINE_CURVE(6,(#2618,#2619,#2620,#2621,
    #2622,#2623,#2624,#2625,#2626,#2627,#2628),.UNSPECIFIED.,.F.,.F.) 
B_SPLINE_CURVE_WITH_KNOTS((7,4,7),(0.,0.5,1.),.UNSPECIFIED.) CURVE() 
GEOMETRIC_REPRESENTATION_ITEM() RATIONAL_B_SPLINE_CURVE((1.,1.,1.,1.,1.,
1.,1.,1.,1.,1.,1.)) REPRESENTATION_ITEM('') );
#2618 = CARTESIAN_POINT('',(-14.55000000002,-5.932152530007E-15,
    1.526314072081));
#2619 = CARTESIAN_POINT('',(-14.49862059533,-7.61661457468,
    1.609647405418));
#2620 = CARTESIAN_POINT('',(-9.914250316764,-15.23322914935,
    1.692980739052));
#2621 = CARTESIAN_POINT('',(8.638162411536E-02,-19.13941392426,
    1.776314073072));
#2622 = CARTESIAN_POINT('',(9.782376511332,-15.23322914934,
    1.859647407059));
#2623 = CARTESIAN_POINT('',(19.31762348858,2.553284226016E-11,
    2.026314074365));
#2624 = CARTESIAN_POINT('',(9.782376511286,15.233229149378,
    2.192980740385));
#2625 = CARTESIAN_POINT('',(8.638162405259E-02,19.139413924289,
    2.276314073065));
#2626 = CARTESIAN_POINT('',(-9.914250316832,15.233229149362,
    2.359647405736));
#2627 = CARTESIAN_POINT('',(-14.49862059539,7.61661457468,2.442980738751
    ));
#2628 = CARTESIAN_POINT('',(-14.55000000008,5.802122233017E-16,
    2.526314072081));
#2629 = PCURVE('',#1367,#2630);
#2630 = DEFINITIONAL_REPRESENTATION('',(#2631),#2638);
#2631 = B_SPLINE_CURVE_WITH_KNOTS('',5,(#2632,#2633,#2634,#2635,#2636,
    #2637),.UNSPECIFIED.,.F.,.F.,(6,6),(0.30000102373,0.300385795261),
  .PIECEWISE_BEZIER_KNOTS.);
#2632 = CARTESIAN_POINT('',(5.026554676213,1.626315097096));
#2633 = CARTESIAN_POINT('',(5.027038058303,1.626392051403));
#2634 = CARTESIAN_POINT('',(5.027521440431,1.62646900571));
#2635 = CARTESIAN_POINT('',(5.028004822599,1.626545960016));
#2636 = CARTESIAN_POINT('',(5.02848820481,1.626622914323));
#2637 = CARTESIAN_POINT('',(5.028971587063,1.62669986863));
#2638 = ( GEOMETRIC_REPRESENTATION_CONTEXT(2) 
PARAMETRIC_REPRESENTATION_CONTEXT() REPRESENTATION_CONTEXT('2D SPACE',''
  ) );
#2639 = PCURVE('',#2501,#2640);
#2640 = DEFINITIONAL_REPRESENTATION('',(#2641),#2645);
#2641 = LINE('',#2642,#2643);
#2642 = CARTESIAN_POINT('',(5.,0.));
#2643 = VECTOR('',#2644,1.);
#2644 = DIRECTION('',(0.,1.));
#2645 = ( GEOMETRIC_REPRESENTATION_CONTEXT(2) 
PARAMETRIC_REPRESENTATION_CONTEXT() REPRESENTATION_CONTEXT('2D SPACE',''
  ) );
#2646 = ORIENTED_EDGE('',*,*,#2647,.F.);
#2647 = EDGE_CURVE('',#2648,#2614,#2650,.T.);
#2648 = VERTEX_POINT('',#2649);
#2649 = CARTESIAN_POINT('',(-4.496197440103,-13.83787225623,
    1.726314070781));
#2650 = SURFACE_CURVE('',#2651,(#2664,#2680),.PCURVE_S1.);
#2651 = B_SPLINE_CURVE_WITH_KNOTS('',6,(#2652,#2653,#2654,#2655,#2656,
    #2657,#2658,#2659,#2660,#2661,#2662,#2663),.UNSPECIFIED.,.F.,.F.,(7,
    5,7),(0.,0.334851470566,1.),.UNSPECIFIED.);
#2652 = CARTESIAN_POINT('',(-4.496197395948,-13.83787227057,
    1.726314071289));
#2653 = CARTESIAN_POINT('',(-4.010966637824,-13.99553330605,
    1.731892897487));
#2654 = CARTESIAN_POINT('',(-3.519099348392,-14.13277720209,
    1.737471843425));
#2655 = CARTESIAN_POINT('',(-3.0216744542,-14.24925362631,1.74305095409)
  );
#2656 = CARTESIAN_POINT('',(-2.519787676171,-14.34468968367,
    1.748630342644));
#2657 = CARTESIAN_POINT('',(-2.014551252255,-14.41889001457,
    1.754210094752));
#2658 = CARTESIAN_POINT('',(-0.499080553187,-14.57671186412,
    1.770874432964));
#2659 = CARTESIAN_POINT('',(0.517782462175,-14.59744015316,
    1.781960913555));
#2660 = CARTESIAN_POINT('',(1.534527586105,-14.53296470289,
    1.793048020505));
#2661 = CARTESIAN_POINT('',(2.542316345054,-14.38367068265,
    1.804136378514));
#2662 = CARTESIAN_POINT('',(3.532425494669,-14.15102759609,1.81522620232
    ));
#2663 = CARTESIAN_POINT('',(4.496286252076,-13.83784339915,
    1.826315097096));
#2664 = PCURVE('',#1367,#2665);
#2665 = DEFINITIONAL_REPRESENTATION('',(#2666),#2679);
#2666 = B_SPLINE_CURVE_WITH_KNOTS('',6,(#2667,#2668,#2669,#2670,#2671,
    #2672,#2673,#2674,#2675,#2676,#2677,#2678),.UNSPECIFIED.,.F.,.F.,(7,
    5,7),(0.,0.334851470566,1.),.UNSPECIFIED.);
#2667 = CARTESIAN_POINT('',(4.398229705791,1.526314071289));
#2668 = CARTESIAN_POINT('',(4.433295122542,1.531892897487));
#2669 = CARTESIAN_POINT('',(4.468360709764,1.537471843425));
#2670 = CARTESIAN_POINT('',(4.503426110367,1.54305095409));
#2671 = CARTESIAN_POINT('',(4.538491517459,1.548630342644));
#2672 = CARTESIAN_POINT('',(4.573557119135,1.554210094752));
#2673 = CARTESIAN_POINT('',(4.678276456576,1.570874432964));
#2674 = CARTESIAN_POINT('',(4.747935539525,1.581960913555));
#2675 = CARTESIAN_POINT('',(4.817588612495,1.593048020505));
#2676 = CARTESIAN_POINT('',(4.88724166,1.604136378514));
#2677 = CARTESIAN_POINT('',(4.956900704159,1.61522620232));
#2678 = CARTESIAN_POINT('',(5.026554676213,1.626315097096));
#2679 = ( GEOMETRIC_REPRESENTATION_CONTEXT(2) 
PARAMETRIC_REPRESENTATION_CONTEXT() REPRESENTATION_CONTEXT('2D SPACE',''
  ) );
#2680 = PCURVE('',#2681,#2704);
#2681 = ( BOUNDED_SURFACE() B_SPLINE_SURFACE(1,6,(
    (#2682,#2683,#2684,#2685,#2686,#2687,#2688,#2689,#2690,#2691,#2692)
    ,(#2693,#2694,#2695,#2696,#2697,#2698,#2699,#2700,#2701,#2702,#2703
)),.UNSPECIFIED.,.F.,.F.,.F.) B_SPLINE_SURFACE_WITH_KNOTS((2,2),(7,4,7),
(5.,6.),(0.,0.5,1.),.UNSPECIFIED.) GEOMETRIC_REPRESENTATION_ITEM() 
RATIONAL_B_SPLINE_SURFACE((
    (1.,1.,1.,1.,1.,1.,1.,1.,1.,1.,1.)
,(1.,1.,1.,1.,1.,1.,1.,1.,1.,1.,1.
  ))) REPRESENTATION_ITEM('') SURFACE() );
#2682 = CARTESIAN_POINT('',(-14.55000000002,-5.932152530007E-15,
    1.526314072081));
#2683 = CARTESIAN_POINT('',(-14.49862059533,-7.61661457468,
    1.609647405418));
#2684 = CARTESIAN_POINT('',(-9.914250316764,-15.23322914935,
    1.692980739052));
#2685 = CARTESIAN_POINT('',(8.638162411536E-02,-19.13941392426,
    1.776314073072));
#2686 = CARTESIAN_POINT('',(9.782376511332,-15.23322914934,
    1.859647407059));
#2687 = CARTESIAN_POINT('',(19.31762348858,2.553284226016E-11,
    2.026314074365));
#2688 = CARTESIAN_POINT('',(9.782376511286,15.233229149378,
    2.192980740385));
#2689 = CARTESIAN_POINT('',(8.638162405259E-02,19.139413924289,
    2.276314073065));
#2690 = CARTESIAN_POINT('',(-9.914250316832,15.233229149362,
    2.359647405736));
#2691 = CARTESIAN_POINT('',(-14.49862059539,7.61661457468,2.442980738751
    ));
#2692 = CARTESIAN_POINT('',(-14.55000000008,5.802122233017E-16,
    2.526314072081));
#2693 = CARTESIAN_POINT('',(-14.75000000002,-1.62724310668E-13,
    1.526314072068));
#2694 = CARTESIAN_POINT('',(-14.69791434926,-7.721310307681,
    1.609647405405));
#2695 = CARTESIAN_POINT('',(-10.05052867151,-15.44262061535,
    1.692980739043));
#2696 = CARTESIAN_POINT('',(8.75690003083E-02,-19.40249865169,
    1.776314073072));
#2697 = CARTESIAN_POINT('',(9.916842167853,-15.44262061534,
    1.859647407068));
#2698 = CARTESIAN_POINT('',(19.583157832059,2.515379104607E-11,
    2.026314074382));
#2699 = CARTESIAN_POINT('',(9.916842167807,15.442620615379,
    2.192980740394));
#2700 = CARTESIAN_POINT('',(8.756900024512E-02,19.402498651718,
    2.276314073065));
#2701 = CARTESIAN_POINT('',(-10.05052867158,15.442620615363,
    2.359647405726));
#2702 = CARTESIAN_POINT('',(-14.69791434933,7.72131030768,2.442980738738
    ));
#2703 = CARTESIAN_POINT('',(-14.75000000008,-1.580819868183E-13,
    2.526314072068));
#2704 = DEFINITIONAL_REPRESENTATION('',(#2705),#2718);
#2705 = B_SPLINE_CURVE_WITH_KNOTS('',6,(#2706,#2707,#2708,#2709,#2710,
    #2711,#2712,#2713,#2714,#2715,#2716,#2717),.UNSPECIFIED.,.F.,.F.,(7,
    5,7),(0.,0.334851470566,1.),.UNSPECIFIED.);
#2706 = CARTESIAN_POINT('',(5.,0.199999998531));
#2707 = CARTESIAN_POINT('',(5.000532874808,0.205578824696));
#2708 = CARTESIAN_POINT('',(5.000953711687,0.211157770601));
#2709 = CARTESIAN_POINT('',(5.001250104123,0.216736881232));
#2710 = CARTESIAN_POINT('',(5.0014264627,0.222316269752));
#2711 = CARTESIAN_POINT('',(5.00149851341,0.227896021826));
#2712 = CARTESIAN_POINT('',(5.001466506829,0.244560359935));
#2713 = CARTESIAN_POINT('',(5.001118800314,0.255646840458));
#2714 = CARTESIAN_POINT('',(5.000609862314,0.266733947339));
#2715 = CARTESIAN_POINT('',(5.000199839768,0.27782230528));
#2716 = CARTESIAN_POINT('',(5.000002809479,0.288912129019));
#2717 = CARTESIAN_POINT('',(5.,0.30000102373));
#2718 = ( GEOMETRIC_REPRESENTATION_CONTEXT(2) 
PARAMETRIC_REPRESENTATION_CONTEXT() REPRESENTATION_CONTEXT('2D SPACE',''
  ) );
#2719 = ORIENTED_EDGE('',*,*,#2720,.F.);
#2720 = EDGE_CURVE('',#2721,#2648,#2723,.T.);
#2721 = VERTEX_POINT('',#2722);
#2722 = CARTESIAN_POINT('',(-11.77119715179,-8.55227558101,
    1.626314074434));
#2723 = SURFACE_CURVE('',#2724,(#2737,#2753),.PCURVE_S1.);
#2724 = B_SPLINE_CURVE_WITH_KNOTS('',6,(#2725,#2726,#2727,#2728,#2729,
    #2730,#2731,#2732,#2733,#2734,#2735,#2736),.UNSPECIFIED.,.F.,.F.,(7,
    5,7),(0.,0.379010141686,1.),.UNSPECIFIED.);
#2725 = CARTESIAN_POINT('',(-11.77119715179,-8.552275581007,
    1.626314074434));
#2726 = CARTESIAN_POINT('',(-11.4317645853,-9.019464415383,
    1.632782395906));
#2727 = CARTESIAN_POINT('',(-11.07007766656,-9.470491548057,
    1.639214129493));
#2728 = CARTESIAN_POINT('',(-10.68710476394,-9.904024561702,
    1.645608229612));
#2729 = CARTESIAN_POINT('',(-10.28391024822,-10.3188189214,
    1.651968540328));
#2730 = CARTESIAN_POINT('',(-9.861654026519,-10.71371852801,
    1.658301310707));
#2731 = CARTESIAN_POINT('',(-8.700569131852,-11.70033524974,
    1.674953634097));
#2732 = CARTESIAN_POINT('',(-7.93169492053,-12.25678466737,1.68523793913
    ));
#2733 = CARTESIAN_POINT('',(-7.120537525733,-12.75225182586,
    1.695492486031));
#2734 = CARTESIAN_POINT('',(-6.273167244111,-13.18286492691,
    1.705748375518));
#2735 = CARTESIAN_POINT('',(-5.396064738655,-13.54548763774,
    1.716021017514));
#2736 = CARTESIAN_POINT('',(-4.496197395948,-13.83787227057,
    1.726314071289));
#2737 = PCURVE('',#1367,#2738);
#2738 = DEFINITIONAL_REPRESENTATION('',(#2739),#2752);
#2739 = B_SPLINE_CURVE_WITH_KNOTS('',6,(#2740,#2741,#2742,#2743,#2744,
    #2745,#2746,#2747,#2748,#2749,#2750,#2751),.UNSPECIFIED.,.F.,.F.,(7,
    5,7),(0.,0.379010141686,1.),.UNSPECIFIED.);
#2740 = CARTESIAN_POINT('',(3.769911197913,1.426314074434));
#2741 = CARTESIAN_POINT('',(3.809600350032,1.432782395906));
#2742 = CARTESIAN_POINT('',(3.849289894286,1.439214129493));
#2743 = CARTESIAN_POINT('',(3.888979156983,1.445608229612));
#2744 = CARTESIAN_POINT('',(3.928668482125,1.451968540328));
#2745 = CARTESIAN_POINT('',(3.968358210324,1.458301310707));
#2746 = CARTESIAN_POINT('',(4.073076905262,1.474953634097));
#2747 = CARTESIAN_POINT('',(4.138109886508,1.48523793913));
#2748 = CARTESIAN_POINT('',(4.203138638787,1.495492486031));
#2749 = CARTESIAN_POINT('',(4.268167392045,1.505748375518));
#2750 = CARTESIAN_POINT('',(4.333200391666,1.516021017514));
#2751 = CARTESIAN_POINT('',(4.398229705791,1.526314071289));
#2752 = ( GEOMETRIC_REPRESENTATION_CONTEXT(2) 
PARAMETRIC_REPRESENTATION_CONTEXT() REPRESENTATION_CONTEXT('2D SPACE',''
  ) );
#2753 = PCURVE('',#2501,#2754);
#2754 = DEFINITIONAL_REPRESENTATION('',(#2755),#2768);
#2755 = B_SPLINE_CURVE_WITH_KNOTS('',6,(#2756,#2757,#2758,#2759,#2760,
    #2761,#2762,#2763,#2764,#2765,#2766,#2767),.UNSPECIFIED.,.F.,.F.,(7,
    5,7),(0.,0.379010141686,1.),.UNSPECIFIED.);
#2756 = CARTESIAN_POINT('',(5.,0.100000002167));
#2757 = CARTESIAN_POINT('',(4.998994210565,0.106320098359));
#2758 = CARTESIAN_POINT('',(4.998235901549,0.112640078364));
#2759 = CARTESIAN_POINT('',(4.997729623245,0.118959567182));
#2760 = CARTESIAN_POINT('',(4.99744845508,0.125278441541));
#2761 = CARTESIAN_POINT('',(4.997349787095,0.131596670987));
#2762 = CARTESIAN_POINT('',(4.997458792965,0.148265058718));
#2763 = CARTESIAN_POINT('',(4.997902005122,0.158614680785));
#2764 = CARTESIAN_POINT('',(4.998530041399,0.168961782629));
#2765 = CARTESIAN_POINT('',(4.999140967193,0.179307705449));
#2766 = CARTESIAN_POINT('',(4.999640645851,0.189653986056));
#2767 = CARTESIAN_POINT('',(5.,0.199999998531));
#2768 = ( GEOMETRIC_REPRESENTATION_CONTEXT(2) 
PARAMETRIC_REPRESENTATION_CONTEXT() REPRESENTATION_CONTEXT('2D SPACE',''
  ) );
#2769 = ORIENTED_EDGE('',*,*,#2770,.F.);
#2770 = EDGE_CURVE('',#2771,#2721,#2773,.T.);
#2771 = VERTEX_POINT('',#2772);
#2772 = CARTESIAN_POINT('',(-14.55000000002,-5.486277820894E-15,
    1.526314072081));
#2773 = SURFACE_CURVE('',#2774,(#2789,#2807),.PCURVE_S1.);
#2774 = B_SPLINE_CURVE_WITH_KNOTS('',7,(#2775,#2776,#2777,#2778,#2779,
    #2780,#2781,#2782,#2783,#2784,#2785,#2786,#2787,#2788),
  .UNSPECIFIED.,.F.,.F.,(8,6,8),(0.,0.658433659327,1.),.UNSPECIFIED.);
#2775 = CARTESIAN_POINT('',(-14.55000000002,-1.7763568394E-15,
    1.526314072081));
#2776 = CARTESIAN_POINT('',(-14.55000000002,-0.859504817273,
    1.535717909014));
#2777 = CARTESIAN_POINT('',(-14.49076467229,-1.719454324858,
    1.54511786731));
#2778 = CARTESIAN_POINT('',(-14.37218408577,-2.574589399587,
    1.554517797321));
#2779 = CARTESIAN_POINT('',(-14.19480165902,-3.419868325872,
    1.563919649806));
#2780 = CARTESIAN_POINT('',(-13.95966227585,-4.250445094421,
    1.57332398982));
#2781 = CARTESIAN_POINT('',(-13.66826838981,-5.061663883465,
    1.582730889501));
#2782 = CARTESIAN_POINT('',(-13.1432422122,-6.257530649407,1.59702095785
    ));
#2783 = CARTESIAN_POINT('',(-12.94929924039,-6.659585619121,
    1.601902514551));
#2784 = CARTESIAN_POINT('',(-12.74102076729,-7.054598915937,
    1.606784488676));
#2785 = CARTESIAN_POINT('',(-12.51871498396,-7.441959202874,
    1.611666758336));
#2786 = CARTESIAN_POINT('',(-12.28272214876,-7.821072846243,
    1.616549202546));
#2787 = CARTESIAN_POINT('',(-12.03341466387,-8.191364148486,1.6214316911
    ));
#2788 = CARTESIAN_POINT('',(-11.77119715179,-8.552275581009,
    1.626314074434));
#2789 = PCURVE('',#1367,#2790);
#2790 = DEFINITIONAL_REPRESENTATION('',(#2791),#2806);
#2791 = B_SPLINE_CURVE_WITH_KNOTS('',7,(#2792,#2793,#2794,#2795,#2796,
    #2797,#2798,#2799,#2800,#2801,#2802,#2803,#2804,#2805),
  .UNSPECIFIED.,.F.,.F.,(8,6,8),(0.,0.658433659327,1.),.UNSPECIFIED.);
#2792 = CARTESIAN_POINT('',(3.14159265359,1.326314072081));
#2793 = CARTESIAN_POINT('',(3.200665149622,1.335717909014));
#2794 = CARTESIAN_POINT('',(3.259768206907,1.34511786731));
#2795 = CARTESIAN_POINT('',(3.318877077798,1.354517797321));
#2796 = CARTESIAN_POINT('',(3.37798345309,1.363919649806));
#2797 = CARTESIAN_POINT('',(3.437085963612,1.37332398982));
#2798 = CARTESIAN_POINT('',(3.496187314275,1.382730889501));
#2799 = CARTESIAN_POINT('',(3.58594975901,1.39702095785));
#2800 = CARTESIAN_POINT('',(3.616609725922,1.401902514551));
#2801 = CARTESIAN_POINT('',(3.647269699989,1.406784488676));
#2802 = CARTESIAN_POINT('',(3.677929770854,1.411666758336));
#2803 = CARTESIAN_POINT('',(3.708590078398,1.416549202546));
#2804 = CARTESIAN_POINT('',(3.739250643352,1.4214316911));
#2805 = CARTESIAN_POINT('',(3.769911197913,1.426314074434));
#2806 = ( GEOMETRIC_REPRESENTATION_CONTEXT(2) 
PARAMETRIC_REPRESENTATION_CONTEXT() REPRESENTATION_CONTEXT('2D SPACE',''
  ) );
#2807 = PCURVE('',#2808,#2831);
#2808 = ( BOUNDED_SURFACE() B_SPLINE_SURFACE(1,6,(
    (#2809,#2810,#2811,#2812,#2813,#2814,#2815,#2816,#2817,#2818,#2819)
    ,(#2820,#2821,#2822,#2823,#2824,#2825,#2826,#2827,#2828,#2829,#2830
)),.UNSPECIFIED.,.F.,.F.,.F.) B_SPLINE_SURFACE_WITH_KNOTS((2,2),(7,4,7),
(5.,6.),(0.,0.5,1.),.UNSPECIFIED.) GEOMETRIC_REPRESENTATION_ITEM() 
RATIONAL_B_SPLINE_SURFACE((
    (1.,1.,1.,1.,1.,1.,1.,1.,1.,1.,1.)
,(1.,1.,1.,1.,1.,1.,1.,1.,1.,1.,1.
  ))) REPRESENTATION_ITEM('') SURFACE() );
#2809 = CARTESIAN_POINT('',(-14.55000000002,-5.932152530007E-15,
    1.526314072081));
#2810 = CARTESIAN_POINT('',(-14.49862059533,-7.61661457468,
    1.609647405418));
#2811 = CARTESIAN_POINT('',(-9.914250316764,-15.23322914935,
    1.692980739052));
#2812 = CARTESIAN_POINT('',(8.638162411536E-02,-19.13941392426,
    1.776314073072));
#2813 = CARTESIAN_POINT('',(9.782376511332,-15.23322914934,
    1.859647407059));
#2814 = CARTESIAN_POINT('',(19.31762348858,2.553284226016E-11,
    2.026314074365));
#2815 = CARTESIAN_POINT('',(9.782376511286,15.233229149378,
    2.192980740385));
#2816 = CARTESIAN_POINT('',(8.638162405259E-02,19.139413924289,
    2.276314073065));
#2817 = CARTESIAN_POINT('',(-9.914250316832,15.233229149362,
    2.359647405736));
#2818 = CARTESIAN_POINT('',(-14.49862059539,7.61661457468,2.442980738751
    ));
#2819 = CARTESIAN_POINT('',(-14.55000000008,5.802122233017E-16,
    2.526314072081));
#2820 = CARTESIAN_POINT('',(-14.75000000002,-1.62724310668E-13,
    1.526314072068));
#2821 = CARTESIAN_POINT('',(-14.69791434926,-7.721310307681,
    1.609647405405));
#2822 = CARTESIAN_POINT('',(-10.05052867151,-15.44262061535,
    1.692980739043));
#2823 = CARTESIAN_POINT('',(8.75690003083E-02,-19.40249865169,
    1.776314073072));
#2824 = CARTESIAN_POINT('',(9.916842167853,-15.44262061534,
    1.859647407068));
#2825 = CARTESIAN_POINT('',(19.583157832059,2.515379104607E-11,
    2.026314074382));
#2826 = CARTESIAN_POINT('',(9.916842167807,15.442620615379,
    2.192980740394));
#2827 = CARTESIAN_POINT('',(8.756900024512E-02,19.402498651718,
    2.276314073065));
#2828 = CARTESIAN_POINT('',(-10.05052867158,15.442620615363,
    2.359647405726));
#2829 = CARTESIAN_POINT('',(-14.69791434933,7.72131030768,2.442980738738
    ));
#2830 = CARTESIAN_POINT('',(-14.75000000008,-1.580819868183E-13,
    2.526314072068));
#2831 = DEFINITIONAL_REPRESENTATION('',(#2832),#2847);
#2832 = B_SPLINE_CURVE_WITH_KNOTS('',7,(#2833,#2834,#2835,#2836,#2837,
    #2838,#2839,#2840,#2841,#2842,#2843,#2844,#2845,#2846),
  .UNSPECIFIED.,.F.,.F.,(8,6,8),(0.,0.658433659327,1.),.UNSPECIFIED.);
#2833 = CARTESIAN_POINT('',(5.,0.));
#2834 = CARTESIAN_POINT('',(5.028989812605,9.40383693269E-03));
#2835 = CARTESIAN_POINT('',(5.042421727232,1.880379522504E-02));
#2836 = CARTESIAN_POINT('',(5.045541591754,2.820372522797E-02));
#2837 = CARTESIAN_POINT('',(5.042555971665,3.760557770145E-02));
#2838 = CARTESIAN_POINT('',(5.036444447321,4.700991769984E-02));
#2839 = CARTESIAN_POINT('',(5.029169530151,5.641681736099E-02));
#2840 = CARTESIAN_POINT('',(5.018176967492,7.070688567438E-02));
#2841 = CARTESIAN_POINT('',(5.014432280549,7.558844236278E-02));
#2842 = CARTESIAN_POINT('',(5.010865230148,8.047041647387E-02));
#2843 = CARTESIAN_POINT('',(5.007588179786,8.535268611865E-02));
#2844 = CARTESIAN_POINT('',(5.004668145942,9.023513031338E-02));
#2845 = CARTESIAN_POINT('',(5.002136721637,9.511761885003E-02));
#2846 = CARTESIAN_POINT('',(5.,0.100000002167));
#2847 = ( GEOMETRIC_REPRESENTATION_CONTEXT(2) 
PARAMETRIC_REPRESENTATION_CONTEXT() REPRESENTATION_CONTEXT('2D SPACE',''
  ) );
#2848 = ORIENTED_EDGE('',*,*,#2849,.T.);
#2849 = EDGE_CURVE('',#2771,#2850,#2852,.T.);
#2850 = VERTEX_POINT('',#2851);
#2851 = CARTESIAN_POINT('',(-11.77119715455,8.55227557722,1.426314070061
    ));
#2852 = SURFACE_CURVE('',#2853,(#2868,#2886),.PCURVE_S1.);
#2853 = B_SPLINE_CURVE_WITH_KNOTS('',7,(#2854,#2855,#2856,#2857,#2858,
    #2859,#2860,#2861,#2862,#2863,#2864,#2865,#2866,#2867),
  .UNSPECIFIED.,.F.,.F.,(8,6,8),(0.,0.658433660562,1.),.UNSPECIFIED.);
#2854 = CARTESIAN_POINT('',(-14.55000000002,-1.000588500943E-14,
    1.526314072081));
#2855 = CARTESIAN_POINT('',(-14.55000000002,0.859504818259,
    1.516910235138));
#2856 = CARTESIAN_POINT('',(-14.49076467212,1.719454326893,
    1.507510276836));
#2857 = CARTESIAN_POINT('',(-14.37218408542,2.57458940252,1.498110346827
    ));
#2858 = CARTESIAN_POINT('',(-14.19480165814,3.419868329846,
    1.488708494348));
#2859 = CARTESIAN_POINT('',(-13.95966227451,4.250445099221,
    1.479304154348));
#2860 = CARTESIAN_POINT('',(-13.66826838778,5.061663889126,
    1.469897254685));
#2861 = CARTESIAN_POINT('',(-13.14324220997,6.257530653955,1.4556071864)
  );
#2862 = CARTESIAN_POINT('',(-12.94929923887,6.659585621861,1.45072562974
    ));
#2863 = CARTESIAN_POINT('',(-12.74102076661,7.054598916926,
    1.445843655657));
#2864 = CARTESIAN_POINT('',(-12.51871498424,7.441959202177,
    1.440961386041));
#2865 = CARTESIAN_POINT('',(-12.28272215011,7.821072843932,
    1.436078941875));
#2866 = CARTESIAN_POINT('',(-12.03341466641,8.191364144641,
    1.431196453368));
#2867 = CARTESIAN_POINT('',(-11.77119715564,8.552275575718,
    1.426314070082));
#2868 = PCURVE('',#1367,#2869);
#2869 = DEFINITIONAL_REPRESENTATION('',(#2870),#2885);
#2870 = B_SPLINE_CURVE_WITH_KNOTS('',7,(#2871,#2872,#2873,#2874,#2875,
    #2876,#2877,#2878,#2879,#2880,#2881,#2882,#2883,#2884),
  .UNSPECIFIED.,.F.,.F.,(8,6,8),(0.,0.658433660562,1.),.UNSPECIFIED.);
#2871 = CARTESIAN_POINT('',(3.14159265359,1.326314072081));
#2872 = CARTESIAN_POINT('',(3.08252015749,1.316910235138));
#2873 = CARTESIAN_POINT('',(3.023417100133,1.307510276836));
#2874 = CARTESIAN_POINT('',(2.964308229179,1.298110346827));
#2875 = CARTESIAN_POINT('',(2.905201853812,1.288708494348));
#2876 = CARTESIAN_POINT('',(2.846099343226,1.279304154348));
#2877 = CARTESIAN_POINT('',(2.786997992492,1.269897254685));
#2878 = CARTESIAN_POINT('',(2.697235547822,1.2556071864));
#2879 = CARTESIAN_POINT('',(2.666575581042,1.25072562974));
#2880 = CARTESIAN_POINT('',(2.635915607108,1.245843655657));
#2881 = CARTESIAN_POINT('',(2.605255536377,1.240961386041));
#2882 = CARTESIAN_POINT('',(2.574595228966,1.236078941875));
#2883 = CARTESIAN_POINT('',(2.543934664144,1.231196453368));
#2884 = CARTESIAN_POINT('',(2.513274109716,1.226314070082));
#2885 = ( GEOMETRIC_REPRESENTATION_CONTEXT(2) 
PARAMETRIC_REPRESENTATION_CONTEXT() REPRESENTATION_CONTEXT('2D SPACE',''
  ) );
#2886 = PCURVE('',#2887,#2910);
#2887 = ( BOUNDED_SURFACE() B_SPLINE_SURFACE(1,6,(
    (#2888,#2889,#2890,#2891,#2892,#2893,#2894,#2895,#2896,#2897,#2898)
    ,(#2899,#2900,#2901,#2902,#2903,#2904,#2905,#2906,#2907,#2908,#2909
)),.UNSPECIFIED.,.F.,.F.,.F.) B_SPLINE_SURFACE_WITH_KNOTS((2,2),(7,4,7),
(5.,6.),(0.,0.5,1.),.UNSPECIFIED.) GEOMETRIC_REPRESENTATION_ITEM() 
RATIONAL_B_SPLINE_SURFACE((
    (1.,1.,1.,1.,1.,1.,1.,1.,1.,1.,1.)
,(1.,1.,1.,1.,1.,1.,1.,1.,1.,1.,1.
  ))) REPRESENTATION_ITEM('') SURFACE() );
#2888 = CARTESIAN_POINT('',(-14.54999999999,-6.418506756636E-15,
    0.526314072081));
#2889 = CARTESIAN_POINT('',(-14.4986205953,-7.61661457468,0.609647405417
    ));
#2890 = CARTESIAN_POINT('',(-9.914250316736,-15.23322914935,
    0.692980738896));
#2891 = CARTESIAN_POINT('',(8.638162414441E-02,-19.13941392427,
    0.776314072578));
#2892 = CARTESIAN_POINT('',(9.782376511365,-15.23322914935,
    0.859647406239));
#2893 = CARTESIAN_POINT('',(19.317623488625,1.272608091645E-11,
    1.026314073223));
#2894 = CARTESIAN_POINT('',(9.782376511342,15.233229149369,
    1.192980739565));
#2895 = CARTESIAN_POINT('',(8.638162411295E-02,19.139413924283,
    1.276314072571));
#2896 = CARTESIAN_POINT('',(-9.91425031677,15.23322914936,1.359647405579
    ));
#2897 = CARTESIAN_POINT('',(-14.49862059533,7.61661457468,1.44298073875)
  );
#2898 = CARTESIAN_POINT('',(-14.55000000002,-5.040403111782E-15,
    1.526314072081));
#2899 = CARTESIAN_POINT('',(-14.74999999999,-8.760035309801E-14,
    0.526314072075));
#2900 = CARTESIAN_POINT('',(-14.69791434924,-7.721310307681,
    0.60964740541));
#2901 = CARTESIAN_POINT('',(-10.05052867148,-15.44262061535,
    0.692980738891));
#2902 = CARTESIAN_POINT('',(8.756900033725E-02,-19.4024986517,
    0.776314072578));
#2903 = CARTESIAN_POINT('',(9.916842167886,-15.44262061535,
    0.859647406243));
#2904 = CARTESIAN_POINT('',(19.583157832104,1.224664402984E-11,
    1.026314073232));
#2905 = CARTESIAN_POINT('',(9.916842167863,15.442620615369,
    1.192980739569));
#2906 = CARTESIAN_POINT('',(8.756900030559E-02,19.402498651712,
    1.276314072571));
#2907 = CARTESIAN_POINT('',(-10.05052867151,15.442620615361,
    1.359647405575));
#2908 = CARTESIAN_POINT('',(-14.69791434927,7.72131030768,1.442980738743
    ));
#2909 = CARTESIAN_POINT('',(-14.75000000002,-8.809229035682E-14,
    1.526314072075));
#2910 = DEFINITIONAL_REPRESENTATION('',(#2911),#2926);
#2911 = B_SPLINE_CURVE_WITH_KNOTS('',7,(#2912,#2913,#2914,#2915,#2916,
    #2917,#2918,#2919,#2920,#2921,#2922,#2923,#2924,#2925),
  .UNSPECIFIED.,.F.,.F.,(8,6,8),(0.,0.658433660562,1.),.UNSPECIFIED.);
#2912 = CARTESIAN_POINT('',(5.,1.));
#2913 = CARTESIAN_POINT('',(5.028989812639,0.990596163057));
#2914 = CARTESIAN_POINT('',(5.04242172704,0.981196204753));
#2915 = CARTESIAN_POINT('',(5.045541592045,0.97179627474));
#2916 = CARTESIAN_POINT('',(5.042555971389,0.962394422254));
#2917 = CARTESIAN_POINT('',(5.036444447331,0.952990082246));
#2918 = CARTESIAN_POINT('',(5.029169530071,0.943583182573));
#2919 = CARTESIAN_POINT('',(5.01817696742,0.92929311427));
#2920 = CARTESIAN_POINT('',(5.014432280495,0.924411557603));
#2921 = CARTESIAN_POINT('',(5.010865230111,0.919529583513));
#2922 = CARTESIAN_POINT('',(5.007588179764,0.914647313889));
#2923 = CARTESIAN_POINT('',(5.004668145931,0.909764869716));
#2924 = CARTESIAN_POINT('',(5.002136721633,0.9048823812));
#2925 = CARTESIAN_POINT('',(5.,0.899999997905));
#2926 = ( GEOMETRIC_REPRESENTATION_CONTEXT(2) 
PARAMETRIC_REPRESENTATION_CONTEXT() REPRESENTATION_CONTEXT('2D SPACE',''
  ) );
#2927 = ORIENTED_EDGE('',*,*,#2928,.F.);
#2928 = EDGE_CURVE('',#2929,#2850,#2931,.T.);
#2929 = VERTEX_POINT('',#2930);
#2930 = CARTESIAN_POINT('',(-4.496197344754,13.837872287206,
    1.326314073302));
#2931 = SURFACE_CURVE('',#2932,(#2945,#2961),.PCURVE_S1.);
#2932 = B_SPLINE_CURVE_WITH_KNOTS('',6,(#2933,#2934,#2935,#2936,#2937,
    #2938,#2939,#2940,#2941,#2942,#2943,#2944),.UNSPECIFIED.,.F.,.F.,(7,
    5,7),(0.,0.640133021008,1.),.UNSPECIFIED.);
#2933 = CARTESIAN_POINT('',(-4.496197344748,13.837872287208,
    1.326314073302));
#2934 = CARTESIAN_POINT('',(-5.423801175873,13.536475526498,
    1.337033570563));
#2935 = CARTESIAN_POINT('',(-6.327219257418,13.160442749543,
    1.34777537627));
#2936 = CARTESIAN_POINT('',(-7.198812116717,12.712237191408,
    1.358534014555));
#2937 = CARTESIAN_POINT('',(-8.031498075367,12.195326795871,
    1.369295748599));
#2938 = CARTESIAN_POINT('',(-8.818660892947,11.614000645575,
    1.380028365272));
#2939 = CARTESIAN_POINT('',(-9.967793928152,10.613492885019,
    1.396699094789));
#2940 = CARTESIAN_POINT('',(-10.36504991146,10.234739556319,
    1.402679264641));
#2941 = CARTESIAN_POINT('',(-10.74496413543,9.838208180064,
    1.408634945562));
#2942 = CARTESIAN_POINT('',(-11.10655164996,9.424896064154,
    1.414560921239));
#2943 = CARTESIAN_POINT('',(-11.44890553228,8.995871926949,
    1.420453871336));
#2944 = CARTESIAN_POINT('',(-11.77119715563,8.552275575723,
    1.426314070082));
#2945 = PCURVE('',#1367,#2946);
#2946 = DEFINITIONAL_REPRESENTATION('',(#2947),#2960);
#2947 = B_SPLINE_CURVE_WITH_KNOTS('',6,(#2948,#2949,#2950,#2951,#2952,
    #2953,#2954,#2955,#2956,#2957,#2958,#2959),.UNSPECIFIED.,.F.,.F.,(7,
    5,7),(0.,0.640133021008,1.),.UNSPECIFIED.);
#2948 = CARTESIAN_POINT('',(1.884955597689,1.126314073302));
#2949 = CARTESIAN_POINT('',(1.951989301417,1.137033570563));
#2950 = CARTESIAN_POINT('',(2.019027209829,1.14777537627));
#2951 = CARTESIAN_POINT('',(2.086060133864,1.158534014555));
#2952 = CARTESIAN_POINT('',(2.153093056084,1.169295748599));
#2953 = CARTESIAN_POINT('',(2.220130981711,1.180028365272));
#2954 = CARTESIAN_POINT('',(2.324849492233,1.196699094789));
#2955 = CARTESIAN_POINT('',(2.362534512365,1.202679264641));
#2956 = CARTESIAN_POINT('',(2.400219291073,1.208634945562));
#2957 = CARTESIAN_POINT('',(2.437904099889,1.214560921239));
#2958 = CARTESIAN_POINT('',(2.475589212813,1.220453871336));
#2959 = CARTESIAN_POINT('',(2.513274109715,1.226314070082));
#2960 = ( GEOMETRIC_REPRESENTATION_CONTEXT(2) 
PARAMETRIC_REPRESENTATION_CONTEXT() REPRESENTATION_CONTEXT('2D SPACE',''
  ) );
#2961 = PCURVE('',#1413,#2962);
#2962 = DEFINITIONAL_REPRESENTATION('',(#2963),#2976);
#2963 = B_SPLINE_CURVE_WITH_KNOTS('',6,(#2964,#2965,#2966,#2967,#2968,
    #2969,#2970,#2971,#2972,#2973,#2974,#2975),.UNSPECIFIED.,.F.,.F.,(7,
    5,7),(0.,0.640133021008,1.),.UNSPECIFIED.);
#2964 = CARTESIAN_POINT('',(5.,0.800000000881));
#2965 = CARTESIAN_POINT('',(4.999629569536,0.810664907074));
#2966 = CARTESIAN_POINT('',(4.999110010208,0.821330144284));
#2967 = CARTESIAN_POINT('',(4.99847327812,0.831994946082));
#2968 = CARTESIAN_POINT('',(4.997824436817,0.842661059078));
#2969 = CARTESIAN_POINT('',(4.997392322753,0.853329994238));
#2970 = CARTESIAN_POINT('',(4.997379389118,0.869998817738));
#2971 = CARTESIAN_POINT('',(4.997508744383,0.875998050955));
#2972 = CARTESIAN_POINT('',(4.997808268096,0.881997873314));
#2973 = CARTESIAN_POINT('',(4.998313099854,0.887998247097));
#2974 = CARTESIAN_POINT('',(4.999045001739,0.893999059091));
#2975 = CARTESIAN_POINT('',(5.,0.899999997905));
#2976 = ( GEOMETRIC_REPRESENTATION_CONTEXT(2) 
PARAMETRIC_REPRESENTATION_CONTEXT() REPRESENTATION_CONTEXT('2D SPACE',''
  ) );
#2977 = ORIENTED_EDGE('',*,*,#2978,.T.);
#2978 = EDGE_CURVE('',#2929,#2979,#2981,.T.);
#2979 = VERTEX_POINT('',#2980);
#2980 = CARTESIAN_POINT('',(4.496254996692,13.837853554828,
    1.226313408575));
#2981 = SURFACE_CURVE('',#2982,(#2995,#3011),.PCURVE_S1.);
#2982 = B_SPLINE_CURVE_WITH_KNOTS('',6,(#2983,#2984,#2985,#2986,#2987,
    #2988,#2989,#2990,#2991,#2992,#2993,#2994),.UNSPECIFIED.,.F.,.F.,(7,
    5,7),(0.,0.334852963561,1.),.UNSPECIFIED.);
#2983 = CARTESIAN_POINT('',(-4.496197344739,13.837872287211,
    1.326314073302));
#2984 = CARTESIAN_POINT('',(-4.010966648735,13.995533300528,
    1.320735247874));
#2985 = CARTESIAN_POINT('',(-3.519099423216,14.132777179642,
    1.315156302707));
#2986 = CARTESIAN_POINT('',(-3.021674594309,14.249253592338,
    1.309577192813));
#2987 = CARTESIAN_POINT('',(-2.519787882513,14.344689643669,
    1.30399780503));
#2988 = CARTESIAN_POINT('',(-2.014551525343,14.418889974089,
    1.298418053695));
#2989 = CARTESIAN_POINT('',(-0.499087782785,14.576711135161,
    1.281753792091));
#2990 = CARTESIAN_POINT('',(0.517768222063,14.597439881879,
    1.270667387387));
#2991 = CARTESIAN_POINT('',(1.534506401265,14.53296606078,1.259580356312
    ));
#2992 = CARTESIAN_POINT('',(2.542288462079,14.383674823113,
    1.248492074186));
#2993 = CARTESIAN_POINT('',(3.532391335886,14.151035626904,
    1.237402326286));
#2994 = CARTESIAN_POINT('',(4.496246408655,13.837856345282,
    1.226313507378));
#2995 = PCURVE('',#1367,#2996);
#2996 = DEFINITIONAL_REPRESENTATION('',(#2997),#3010);
#2997 = B_SPLINE_CURVE_WITH_KNOTS('',6,(#2998,#2999,#3000,#3001,#3002,
    #3003,#3004,#3005,#3006,#3007,#3008,#3009),.UNSPECIFIED.,.F.,.F.,(7,
    5,7),(0.,0.334852963561,1.),.UNSPECIFIED.);
#2998 = CARTESIAN_POINT('',(1.884955597688,1.126314073302));
#2999 = CARTESIAN_POINT('',(1.849890185468,1.120735247874));
#3000 = CARTESIAN_POINT('',(1.814824602778,1.115156302707));
#3001 = CARTESIAN_POINT('',(1.779759206706,1.109577192813));
#3002 = CARTESIAN_POINT('',(1.744693804146,1.10399780503));
#3003 = CARTESIAN_POINT('',(1.709628207001,1.098418053695));
#3004 = CARTESIAN_POINT('',(1.604909349999,1.081753792091));
#3005 = CARTESIAN_POINT('',(1.535250743158,1.070667387387));
#3006 = CARTESIAN_POINT('',(1.465598146078,1.059580356312));
#3007 = CARTESIAN_POINT('',(1.395945574443,1.048492074186));
#3008 = CARTESIAN_POINT('',(1.326287006359,1.037402326286));
#3009 = CARTESIAN_POINT('',(1.256633510274,1.026313507378));
#3010 = ( GEOMETRIC_REPRESENTATION_CONTEXT(2) 
PARAMETRIC_REPRESENTATION_CONTEXT() REPRESENTATION_CONTEXT('2D SPACE',''
  ) );
#3011 = PCURVE('',#3012,#3035);
#3012 = ( BOUNDED_SURFACE() B_SPLINE_SURFACE(1,6,(
    (#3013,#3014,#3015,#3016,#3017,#3018,#3019,#3020,#3021,#3022,#3023)
    ,(#3024,#3025,#3026,#3027,#3028,#3029,#3030,#3031,#3032,#3033,#3034
)),.UNSPECIFIED.,.F.,.F.,.F.) B_SPLINE_SURFACE_WITH_KNOTS((2,2),(7,4,7),
(5.,6.),(0.,0.5,1.),.UNSPECIFIED.) GEOMETRIC_REPRESENTATION_ITEM() 
RATIONAL_B_SPLINE_SURFACE((
    (1.,1.,1.,1.,1.,1.,1.,1.,1.,1.,1.)
,(1.,1.,1.,1.,1.,1.,1.,1.,1.,1.,1.
  ))) REPRESENTATION_ITEM('') SURFACE() );
#3013 = CARTESIAN_POINT('',(-14.54999999999,-6.418506756636E-15,
    0.526314072081));
#3014 = CARTESIAN_POINT('',(-14.4986205953,-7.61661457468,0.609647405417
    ));
#3015 = CARTESIAN_POINT('',(-9.914250316736,-15.23322914935,
    0.692980738896));
#3016 = CARTESIAN_POINT('',(8.638162414441E-02,-19.13941392427,
    0.776314072578));
#3017 = CARTESIAN_POINT('',(9.782376511365,-15.23322914935,
    0.859647406239));
#3018 = CARTESIAN_POINT('',(19.317623488625,1.272608091645E-11,
    1.026314073223));
#3019 = CARTESIAN_POINT('',(9.782376511342,15.233229149369,
    1.192980739565));
#3020 = CARTESIAN_POINT('',(8.638162411295E-02,19.139413924283,
    1.276314072571));
#3021 = CARTESIAN_POINT('',(-9.91425031677,15.23322914936,1.359647405579
    ));
#3022 = CARTESIAN_POINT('',(-14.49862059533,7.61661457468,1.44298073875)
  );
#3023 = CARTESIAN_POINT('',(-14.55000000002,-5.040403111782E-15,
    1.526314072081));
#3024 = CARTESIAN_POINT('',(-14.74999999999,-8.760035309801E-14,
    0.526314072075));
#3025 = CARTESIAN_POINT('',(-14.69791434924,-7.721310307681,
    0.60964740541));
#3026 = CARTESIAN_POINT('',(-10.05052867148,-15.44262061535,
    0.692980738891));
#3027 = CARTESIAN_POINT('',(8.756900033725E-02,-19.4024986517,
    0.776314072578));
#3028 = CARTESIAN_POINT('',(9.916842167886,-15.44262061535,
    0.859647406243));
#3029 = CARTESIAN_POINT('',(19.583157832104,1.224664402984E-11,
    1.026314073232));
#3030 = CARTESIAN_POINT('',(9.916842167863,15.442620615369,
    1.192980739569));
#3031 = CARTESIAN_POINT('',(8.756900030559E-02,19.402498651712,
    1.276314072571));
#3032 = CARTESIAN_POINT('',(-10.05052867151,15.442620615361,
    1.359647405575));
#3033 = CARTESIAN_POINT('',(-14.69791434927,7.72131030768,1.442980738743
    ));
#3034 = CARTESIAN_POINT('',(-14.75000000002,-8.809229035682E-14,
    1.526314072075));
#3035 = DEFINITIONAL_REPRESENTATION('',(#3036),#3049);
#3036 = B_SPLINE_CURVE_WITH_KNOTS('',6,(#3037,#3038,#3039,#3040,#3041,
    #3042,#3043,#3044,#3045,#3046,#3047,#3048),.UNSPECIFIED.,.F.,.F.,(7,
    5,7),(0.,0.334852963561,1.),.UNSPECIFIED.);
#3037 = CARTESIAN_POINT('',(5.,0.80000000088));
#3038 = CARTESIAN_POINT('',(5.000532874727,0.794421175436));
#3039 = CARTESIAN_POINT('',(5.000953711552,0.788842230253));
#3040 = CARTESIAN_POINT('',(5.001250103969,0.783263120342));
#3041 = CARTESIAN_POINT('',(5.001426462557,0.777683732543));
#3042 = CARTESIAN_POINT('',(5.0014985133,0.77210398119));
#3043 = CARTESIAN_POINT('',(5.001466506995,0.755439719536));
#3044 = CARTESIAN_POINT('',(5.001118805124,0.744353314797));
#3045 = CARTESIAN_POINT('',(5.000609872831,0.733266283689));
#3046 = CARTESIAN_POINT('',(5.000199850967,0.722178001529));
#3047 = CARTESIAN_POINT('',(5.000002816167,0.711088253596));
#3048 = CARTESIAN_POINT('',(5.,0.699999434655));
#3049 = ( GEOMETRIC_REPRESENTATION_CONTEXT(2) 
PARAMETRIC_REPRESENTATION_CONTEXT() REPRESENTATION_CONTEXT('2D SPACE',''
  ) );
#3050 = ORIENTED_EDGE('',*,*,#3051,.F.);
#3051 = EDGE_CURVE('',#3052,#2979,#3054,.T.);
#3052 = VERTEX_POINT('',#3053);
#3053 = CARTESIAN_POINT('',(4.529757860172,13.826922785935,
    1.225927817612));
#3054 = SURFACE_CURVE('',#3055,(#3067,#3077),.PCURVE_S1.);
#3055 = ( BOUNDED_CURVE() B_SPLINE_CURVE(6,(#3056,#3057,#3058,#3059,
    #3060,#3061,#3062,#3063,#3064,#3065,#3066),.UNSPECIFIED.,.F.,.F.) 
B_SPLINE_CURVE_WITH_KNOTS((7,4,7),(0.,0.5,1.),.UNSPECIFIED.) CURVE() 
GEOMETRIC_REPRESENTATION_ITEM() RATIONAL_B_SPLINE_CURVE((1.,1.,1.,1.,1.,
1.,1.,1.,1.,1.,1.)) REPRESENTATION_ITEM('') );
#3056 = CARTESIAN_POINT('',(-14.54999999999,-6.418506756636E-15,
    0.526314072081));
#3057 = CARTESIAN_POINT('',(-14.4986205953,-7.61661457468,0.609647405417
    ));
#3058 = CARTESIAN_POINT('',(-9.914250316736,-15.23322914935,
    0.692980738896));
#3059 = CARTESIAN_POINT('',(8.638162414441E-02,-19.13941392427,
    0.776314072578));
#3060 = CARTESIAN_POINT('',(9.782376511365,-15.23322914935,
    0.859647406239));
#3061 = CARTESIAN_POINT('',(19.317623488625,1.272608091645E-11,
    1.026314073223));
#3062 = CARTESIAN_POINT('',(9.782376511342,15.233229149369,
    1.192980739565));
#3063 = CARTESIAN_POINT('',(8.638162411295E-02,19.139413924283,
    1.276314072571));
#3064 = CARTESIAN_POINT('',(-9.91425031677,15.23322914936,1.359647405579
    ));
#3065 = CARTESIAN_POINT('',(-14.49862059533,7.61661457468,1.44298073875)
  );
#3066 = CARTESIAN_POINT('',(-14.55000000002,-5.040403111782E-15,
    1.526314072081));
#3067 = PCURVE('',#1367,#3068);
#3068 = DEFINITIONAL_REPRESENTATION('',(#3069),#3076);
#3069 = B_SPLINE_CURVE_WITH_KNOTS('',5,(#3070,#3071,#3072,#3073,#3074,
    #3075),.UNSPECIFIED.,.F.,.F.,(6,6),(0.699613744889,0.699999335853),
  .PIECEWISE_BEZIER_KNOTS.);
#3070 = CARTESIAN_POINT('',(1.254210831606,1.025927817612));
#3071 = CARTESIAN_POINT('',(1.2546952433,1.026004935805));
#3072 = CARTESIAN_POINT('',(1.25517965495,1.026082053998));
#3073 = CARTESIAN_POINT('',(1.255664066558,1.02615917219));
#3074 = CARTESIAN_POINT('',(1.256148478126,1.026236290383));
#3075 = CARTESIAN_POINT('',(1.256632889655,1.026313408575));
#3076 = ( GEOMETRIC_REPRESENTATION_CONTEXT(2) 
PARAMETRIC_REPRESENTATION_CONTEXT() REPRESENTATION_CONTEXT('2D SPACE',''
  ) );
#3077 = PCURVE('',#1413,#3078);
#3078 = DEFINITIONAL_REPRESENTATION('',(#3079),#3083);
#3079 = LINE('',#3080,#3081);
#3080 = CARTESIAN_POINT('',(5.,0.));
#3081 = VECTOR('',#3082,1.);
#3082 = DIRECTION('',(0.,1.));
#3083 = ( GEOMETRIC_REPRESENTATION_CONTEXT(2) 
PARAMETRIC_REPRESENTATION_CONTEXT() REPRESENTATION_CONTEXT('2D SPACE',''
  ) );
#3084 = ORIENTED_EDGE('',*,*,#3085,.F.);
#3085 = EDGE_CURVE('',#3086,#3052,#3088,.T.);
#3086 = VERTEX_POINT('',#3087);
#3087 = CARTESIAN_POINT('',(11.771198292683,8.552274010745,
    1.126314053906));
#3088 = SURFACE_CURVE('',#3089,(#3102,#3118),.PCURVE_S1.);
#3089 = B_SPLINE_CURVE_WITH_KNOTS('',6,(#3090,#3091,#3092,#3093,#3094,
    #3095,#3096,#3097,#3098,#3099,#3100,#3101),.UNSPECIFIED.,.F.,.F.,(7,
    5,7),(0.,0.36332170199,1.),.UNSPECIFIED.);
#3090 = CARTESIAN_POINT('',(11.771198212173,8.552274121527,
    1.126314055403));
#3091 = CARTESIAN_POINT('',(11.447070400236,8.998397885355,
    1.132344400769));
#3092 = CARTESIAN_POINT('',(11.102650838176,9.429783226952,
    1.138374772848));
#3093 = CARTESIAN_POINT('',(10.738782333164,9.845270737702,
    1.144405191227));
#3094 = CARTESIAN_POINT('',(10.35638777557,10.243773709273,
    1.150435802619));
#3095 = CARTESIAN_POINT('',(9.956469828663,10.624278509069,
    1.156466734012));
#3096 = CARTESIAN_POINT('',(8.810490361822,11.619447376289,
    1.173066930964));
#3097 = CARTESIAN_POINT('',(8.030328158758,12.194940259703,1.18363755107
    ));
#3098 = CARTESIAN_POINT('',(7.205505475908,12.707193056193,
    1.194208655153));
#3099 = CARTESIAN_POINT('',(6.342457312273,13.152032978733,
    1.204780927858));
#3100 = CARTESIAN_POINT('',(5.448067700928,13.526080633011,
    1.215354630337));
#3101 = CARTESIAN_POINT('',(4.529757860172,13.826922785935,
    1.225927817612));
#3102 = PCURVE('',#1367,#3103);
#3103 = DEFINITIONAL_REPRESENTATION('',(#3104),#3117);
#3104 = B_SPLINE_CURVE_WITH_KNOTS('',6,(#3105,#3106,#3107,#3108,#3109,
    #3110,#3111,#3112,#3113,#3114,#3115,#3116),.UNSPECIFIED.,.F.,.F.,(7,
    5,7),(0.,0.36332170199,1.),.UNSPECIFIED.);
#3105 = CARTESIAN_POINT('',(0.628318420336,0.926314055403));
#3106 = CARTESIAN_POINT('',(0.666218025439,0.932344400769));
#3107 = CARTESIAN_POINT('',(0.704117875675,0.938374772848));
#3108 = CARTESIAN_POINT('',(0.742017444046,0.944405191227));
#3109 = CARTESIAN_POINT('',(0.779917015886,0.950435802619));
#3110 = CARTESIAN_POINT('',(0.817816873508,0.956466734012));
#3111 = CARTESIAN_POINT('',(0.92213105885,0.973066930964));
#3112 = CARTESIAN_POINT('',(0.98854972898,0.98363755107));
#3113 = CARTESIAN_POINT('',(1.054963658592,0.994208655153));
#3114 = CARTESIAN_POINT('',(1.121377565508,1.004780927858));
#3115 = CARTESIAN_POINT('',(1.187796210293,1.015354630337));
#3116 = CARTESIAN_POINT('',(1.254210831606,1.025927817612));
#3117 = ( GEOMETRIC_REPRESENTATION_CONTEXT(2) 
PARAMETRIC_REPRESENTATION_CONTEXT() REPRESENTATION_CONTEXT('2D SPACE',''
  ) );
#3118 = PCURVE('',#3119,#3142);
#3119 = ( BOUNDED_SURFACE() B_SPLINE_SURFACE(1,6,(
    (#3120,#3121,#3122,#3123,#3124,#3125,#3126,#3127,#3128,#3129,#3130)
    ,(#3131,#3132,#3133,#3134,#3135,#3136,#3137,#3138,#3139,#3140,#3141
)),.UNSPECIFIED.,.F.,.F.,.F.) B_SPLINE_SURFACE_WITH_KNOTS((2,2),(7,4,7),
(5.,6.),(0.,0.5,1.),.UNSPECIFIED.) GEOMETRIC_REPRESENTATION_ITEM() 
RATIONAL_B_SPLINE_SURFACE((
    (1.,1.,1.,1.,1.,1.,1.,1.,1.,1.,1.)
,(1.,1.,1.,1.,1.,1.,1.,1.,1.,1.,1.
  ))) REPRESENTATION_ITEM('') SURFACE() );
#3120 = CARTESIAN_POINT('',(-14.54999999999,-6.418506756636E-15,
    0.526314072081));
#3121 = CARTESIAN_POINT('',(-14.4986205953,-7.61661457468,0.609647405417
    ));
#3122 = CARTESIAN_POINT('',(-9.914250316736,-15.23322914935,
    0.692980738896));
#3123 = CARTESIAN_POINT('',(8.638162414441E-02,-19.13941392427,
    0.776314072578));
#3124 = CARTESIAN_POINT('',(9.782376511365,-15.23322914935,
    0.859647406239));
#3125 = CARTESIAN_POINT('',(19.317623488625,1.272608091645E-11,
    1.026314073223));
#3126 = CARTESIAN_POINT('',(9.782376511342,15.233229149369,
    1.192980739565));
#3127 = CARTESIAN_POINT('',(8.638162411295E-02,19.139413924283,
    1.276314072571));
#3128 = CARTESIAN_POINT('',(-9.91425031677,15.23322914936,1.359647405579
    ));
#3129 = CARTESIAN_POINT('',(-14.49862059533,7.61661457468,1.44298073875)
  );
#3130 = CARTESIAN_POINT('',(-14.55000000002,-5.040403111782E-15,
    1.526314072081));
#3131 = CARTESIAN_POINT('',(-14.74999999999,-8.760035309801E-14,
    0.526314072075));
#3132 = CARTESIAN_POINT('',(-14.69791434924,-7.721310307681,
    0.60964740541));
#3133 = CARTESIAN_POINT('',(-10.05052867148,-15.44262061535,
    0.692980738891));
#3134 = CARTESIAN_POINT('',(8.756900033725E-02,-19.4024986517,
    0.776314072578));
#3135 = CARTESIAN_POINT('',(9.916842167886,-15.44262061535,
    0.859647406243));
#3136 = CARTESIAN_POINT('',(19.583157832104,1.224664402984E-11,
    1.026314073232));
#3137 = CARTESIAN_POINT('',(9.916842167863,15.442620615369,
    1.192980739569));
#3138 = CARTESIAN_POINT('',(8.756900030559E-02,19.402498651712,
    1.276314072571));
#3139 = CARTESIAN_POINT('',(-10.05052867151,15.442620615361,
    1.359647405575));
#3140 = CARTESIAN_POINT('',(-14.69791434927,7.72131030768,1.442980738743
    ));
#3141 = CARTESIAN_POINT('',(-14.75000000002,-8.809229035682E-14,
    1.526314072075));
#3142 = DEFINITIONAL_REPRESENTATION('',(#3143),#3156);
#3143 = B_SPLINE_CURVE_WITH_KNOTS('',6,(#3144,#3145,#3146,#3147,#3148,
    #3149,#3150,#3151,#3152,#3153,#3154,#3155),.UNSPECIFIED.,.F.,.F.,(7,
    5,7),(0.,0.36332170199,1.),.UNSPECIFIED.);
#3144 = CARTESIAN_POINT('',(5.,0.599999982436));
#3145 = CARTESIAN_POINT('',(5.000368832021,0.606030327813));
#3146 = CARTESIAN_POINT('',(5.000686499489,0.612060699904));
#3147 = CARTESIAN_POINT('',(5.000925968553,0.618091118295));
#3148 = CARTESIAN_POINT('',(5.001076474914,0.6241217297));
#3149 = CARTESIAN_POINT('',(5.001141204943,0.630152661106));
#3150 = CARTESIAN_POINT('',(5.00112406275,0.646752858097));
#3151 = CARTESIAN_POINT('',(5.00089517746,0.65732347823));
#3152 = CARTESIAN_POINT('',(5.000521789373,0.66789458234));
#3153 = CARTESIAN_POINT('',(5.000181439392,0.678466855074));
#3154 = CARTESIAN_POINT('',(5.000002683264,0.689040557583));
#3155 = CARTESIAN_POINT('',(5.,0.699613744889));
#3156 = ( GEOMETRIC_REPRESENTATION_CONTEXT(2) 
PARAMETRIC_REPRESENTATION_CONTEXT() REPRESENTATION_CONTEXT('2D SPACE',''
  ) );
#3157 = ORIENTED_EDGE('',*,*,#3158,.F.);
#3158 = EDGE_CURVE('',#3159,#3086,#3161,.T.);
#3159 = VERTEX_POINT('',#3160);
#3160 = CARTESIAN_POINT('',(14.549999996895,3.005886709791E-04,
    1.026317361801));
#3161 = SURFACE_CURVE('',#3162,(#3180,#3201),.PCURVE_S1.);
#3162 = B_SPLINE_CURVE_WITH_KNOTS('',6,(#3163,#3164,#3165,#3166,#3167,
    #3168,#3169,#3170,#3171,#3172,#3173,#3174,#3175,#3176,#3177,#3178,
    #3179),.UNSPECIFIED.,.F.,.F.,(7,5,5,7),(0.,0.186671682198,
    0.496647534863,1.),.UNSPECIFIED.);
#3163 = CARTESIAN_POINT('',(14.549999996895,3.005886709791E-04,
    1.026317361801));
#3164 = CARTESIAN_POINT('',(14.549994121143,0.284716493254,
    1.029429160042));
#3165 = CARTESIAN_POINT('',(14.543316700315,0.569132362218,
    1.032547270144));
#3166 = CARTESIAN_POINT('',(14.529967755733,0.853352241437,
    1.035669491487));
#3167 = CARTESIAN_POINT('',(14.509954940534,1.137180665897,
    1.038794042001));
#3168 = CARTESIAN_POINT('',(14.483293539678,1.420422659699,
    1.041919558165));
#3169 = CARTESIAN_POINT('',(14.394731948919,2.171921738801,
    1.050235174932));
#3170 = CARTESIAN_POINT('',(14.321187545518,2.638808359731,
    1.055425284064));
#3171 = CARTESIAN_POINT('',(14.229478635432,3.102650649245,
    1.060610860217));
#3172 = CARTESIAN_POINT('',(14.119767470204,3.562567816405,
    1.065789944761));
#3173 = CARTESIAN_POINT('',(13.992273156661,4.017691421729,
    1.070962264218));
#3174 = CARTESIAN_POINT('',(13.611811770411,5.197041521922,
    1.084517167909));
#3175 = CARTESIAN_POINT('',(13.330180736172,5.912042778593,
    1.092889749574));
#3176 = CARTESIAN_POINT('',(13.003564499102,6.608478490417,
    1.101247983593));
#3177 = CARTESIAN_POINT('',(12.633529993642,7.282848969512,
    1.109600664446));
#3178 = CARTESIAN_POINT('',(12.221980450063,7.931825455202,
    1.117954814152));
#3179 = CARTESIAN_POINT('',(11.771198212179,8.552274121518,
    1.126314055403));
#3180 = PCURVE('',#1367,#3181);
#3181 = DEFINITIONAL_REPRESENTATION('',(#3182),#3200);
#3182 = B_SPLINE_CURVE_WITH_KNOTS('',6,(#3183,#3184,#3185,#3186,#3187,
    #3188,#3189,#3190,#3191,#3192,#3193,#3194,#3195,#3196,#3197,#3198,
    #3199),.UNSPECIFIED.,.F.,.F.,(7,5,5,7),(0.,0.186671682198,
    0.496647534863,1.),.UNSPECIFIED.);
#3183 = CARTESIAN_POINT('',(2.065901518903E-05,0.826317361801));
#3184 = CARTESIAN_POINT('',(1.956814387045E-02,0.829429160042));
#3185 = CARTESIAN_POINT('',(3.911562959817E-02,0.832547270144));
#3186 = CARTESIAN_POINT('',(5.866311154578E-02,0.835669491487));
#3187 = CARTESIAN_POINT('',(7.821058784954E-02,0.838794042001));
#3188 = CARTESIAN_POINT('',(9.775805943455E-02,0.841919558165));
#3189 = CARTESIAN_POINT('',(0.149764892834,0.850235174932));
#3190 = CARTESIAN_POINT('',(0.182224369329,0.855425284064));
#3191 = CARTESIAN_POINT('',(0.214683720838,0.860610860217));
#3192 = CARTESIAN_POINT('',(0.247143082971,0.865789944761));
#3193 = CARTESIAN_POINT('',(0.279602588431,0.870962264218));
#3194 = CARTESIAN_POINT('',(0.36477099786,0.884517167909));
#3195 = CARTESIAN_POINT('',(0.41748132214,0.892889749574));
#3196 = CARTESIAN_POINT('',(0.470190165051,0.901247983593));
#3197 = CARTESIAN_POINT('',(0.522899017143,0.909600664446));
#3198 = CARTESIAN_POINT('',(0.575609371084,0.917954814152));
#3199 = CARTESIAN_POINT('',(0.628318420335,0.926314055403));
#3200 = ( GEOMETRIC_REPRESENTATION_CONTEXT(2) 
PARAMETRIC_REPRESENTATION_CONTEXT() REPRESENTATION_CONTEXT('2D SPACE',''
  ) );
#3201 = PCURVE('',#1413,#3202);
#3202 = DEFINITIONAL_REPRESENTATION('',(#3203),#3221);
#3203 = B_SPLINE_CURVE_WITH_KNOTS('',6,(#3204,#3205,#3206,#3207,#3208,
    #3209,#3210,#3211,#3212,#3213,#3214,#3215,#3216,#3217,#3218,#3219,
    #3220),.UNSPECIFIED.,.F.,.F.,(7,5,5,7),(0.,0.186671682198,
    0.496647534863,1.),.UNSPECIFIED.);
#3204 = CARTESIAN_POINT('',(5.,0.500003288739));
#3205 = CARTESIAN_POINT('',(4.999999962183,0.503115081406));
#3206 = CARTESIAN_POINT('',(4.999957099988,0.506226874819));
#3207 = CARTESIAN_POINT('',(4.999886302572,0.509338662602));
#3208 = CARTESIAN_POINT('',(4.999799603727,0.512450436129));
#3209 = CARTESIAN_POINT('',(4.999706181875,0.515562184525));
#3210 = CARTESIAN_POINT('',(4.999456565183,0.523841014769));
#3211 = CARTESIAN_POINT('',(4.999299995095,0.529008049848));
#3212 = CARTESIAN_POINT('',(4.999172960121,0.534174904599));
#3213 = CARTESIAN_POINT('',(4.999088540311,0.539341548026));
#3214 = CARTESIAN_POINT('',(4.999048491644,0.544507965433));
#3215 = CARTESIAN_POINT('',(4.999050224866,0.558063124565));
#3216 = CARTESIAN_POINT('',(4.999158567427,0.566451672907));
#3217 = CARTESIAN_POINT('',(4.999357813425,0.574839270228));
#3218 = CARTESIAN_POINT('',(4.999590823565,0.583226290277));
#3219 = CARTESIAN_POINT('',(4.999813470974,0.591613252004));
#3220 = CARTESIAN_POINT('',(5.,0.599999982436));
#3221 = ( GEOMETRIC_REPRESENTATION_CONTEXT(2) 
PARAMETRIC_REPRESENTATION_CONTEXT() REPRESENTATION_CONTEXT('2D SPACE',''
  ) );
#3222 = ORIENTED_EDGE('',*,*,#3223,.F.);
#3223 = EDGE_CURVE('',#1352,#3159,#3224,.T.);
#3224 = SURFACE_CURVE('',#3225,(#3237,#3247),.PCURVE_S1.);
#3225 = ( BOUNDED_CURVE() B_SPLINE_CURVE(6,(#3226,#3227,#3228,#3229,
    #3230,#3231,#3232,#3233,#3234,#3235,#3236),.UNSPECIFIED.,.F.,.F.) 
B_SPLINE_CURVE_WITH_KNOTS((7,4,7),(0.,0.5,1.),.UNSPECIFIED.) CURVE() 
GEOMETRIC_REPRESENTATION_ITEM() RATIONAL_B_SPLINE_CURVE((1.,1.,1.,1.,1.,
1.,1.,1.,1.,1.,1.)) REPRESENTATION_ITEM('') );
#3226 = CARTESIAN_POINT('',(-14.54999999999,-6.418506756636E-15,
    0.526314072081));
#3227 = CARTESIAN_POINT('',(-14.4986205953,-7.61661457468,0.609647405417
    ));
#3228 = CARTESIAN_POINT('',(-9.914250316736,-15.23322914935,
    0.692980738896));
#3229 = CARTESIAN_POINT('',(8.638162414441E-02,-19.13941392427,
    0.776314072578));
#3230 = CARTESIAN_POINT('',(9.782376511365,-15.23322914935,
    0.859647406239));
#3231 = CARTESIAN_POINT('',(19.317623488625,1.272608091645E-11,
    1.026314073223));
#3232 = CARTESIAN_POINT('',(9.782376511342,15.233229149369,
    1.192980739565));
#3233 = CARTESIAN_POINT('',(8.638162411295E-02,19.139413924283,
    1.276314072571));
#3234 = CARTESIAN_POINT('',(-9.91425031677,15.23322914936,1.359647405579
    ));
#3235 = CARTESIAN_POINT('',(-14.49862059533,7.61661457468,1.44298073875)
  );
#3236 = CARTESIAN_POINT('',(-14.55000000002,-5.040403111782E-15,
    1.526314072081));
#3237 = PCURVE('',#1367,#3238);
#3238 = DEFINITIONAL_REPRESENTATION('',(#3239),#3246);
#3239 = B_SPLINE_CURVE_WITH_KNOTS('',5,(#3240,#3241,#3242,#3243,#3244,
    #3245),.UNSPECIFIED.,.F.,.F.,(6,6),(0.5,0.500003288739),
  .PIECEWISE_BEZIER_KNOTS.);
#3240 = CARTESIAN_POINT('',(7.573570119974E-13,0.826314073062));
#3241 = CARTESIAN_POINT('',(4.131803643677E-06,0.82631473081));
#3242 = CARTESIAN_POINT('',(8.263606529136E-06,0.826315388558));
#3243 = CARTESIAN_POINT('',(1.239540941721E-05,0.826316046306));
#3244 = CARTESIAN_POINT('',(1.652721230262E-05,0.826316704053));
#3245 = CARTESIAN_POINT('',(2.065901518895E-05,0.826317361801));
#3246 = ( GEOMETRIC_REPRESENTATION_CONTEXT(2) 
PARAMETRIC_REPRESENTATION_CONTEXT() REPRESENTATION_CONTEXT('2D SPACE',''
  ) );
#3247 = PCURVE('',#1413,#3248);
#3248 = DEFINITIONAL_REPRESENTATION('',(#3249),#3253);
#3249 = LINE('',#3250,#3251);
#3250 = CARTESIAN_POINT('',(5.,0.));
#3251 = VECTOR('',#3252,1.);
#3252 = DIRECTION('',(0.,1.));
#3253 = ( GEOMETRIC_REPRESENTATION_CONTEXT(2) 
PARAMETRIC_REPRESENTATION_CONTEXT() REPRESENTATION_CONTEXT('2D SPACE',''
  ) );
#3254 = ORIENTED_EDGE('',*,*,#1349,.F.);
#3255 = ORIENTED_EDGE('',*,*,#3256,.F.);
#3256 = EDGE_CURVE('',#3257,#1350,#3259,.T.);
#3257 = VERTEX_POINT('',#3258);
#3258 = CARTESIAN_POINT('',(11.771198269562,8.552274042574,
    0.473686109286));
#3259 = SURFACE_CURVE('',#3260,(#3273,#3289),.PCURVE_S1.);
#3260 = B_SPLINE_CURVE_WITH_KNOTS('',6,(#3261,#3262,#3263,#3264,#3265,
    #3266,#3267,#3268,#3269,#3270,#3271,#3272),.UNSPECIFIED.,.F.,.F.,(7,
    5,7),(0.,0.505346384533,1.),.UNSPECIFIED.);
#3261 = CARTESIAN_POINT('',(11.771198175305,8.552274172271,
    0.473686111039));
#3262 = CARTESIAN_POINT('',(12.22377897288,7.929350005988,0.465238319902
    ));
#3263 = CARTESIAN_POINT('',(12.636813304942,7.277670034595,
    0.456784931739));
#3264 = CARTESIAN_POINT('',(13.007991400651,6.600405793742,
    0.448329963327));
#3265 = CARTESIAN_POINT('',(13.335388897087,5.90092664985,0.439879475915
    ));
#3266 = CARTESIAN_POINT('',(13.617422887235,5.182775188973,
    0.431441624269));
#3267 = CARTESIAN_POINT('',(14.083389981522,3.732113023718,
    0.414775129246));
#3268 = CARTESIAN_POINT('',(14.269283534329,3.000193516634,
    0.406545451959));
#3269 = CARTESIAN_POINT('',(14.409449565986,2.257430598037,
    0.398332859575));
#3270 = CARTESIAN_POINT('',(14.503151220689,1.507388264901,
    0.390134002992));
#3271 = CARTESIAN_POINT('',(14.549999999932,0.753685175004,
    0.381932192812));
#3272 = CARTESIAN_POINT('',(14.55,2.628027224645E-09,0.373686127947));
#3273 = PCURVE('',#1367,#3274);
#3274 = DEFINITIONAL_REPRESENTATION('',(#3275),#3288);
#3275 = B_SPLINE_CURVE_WITH_KNOTS('',6,(#3276,#3277,#3278,#3279,#3280,
    #3281,#3282,#3283,#3284,#3285,#3286,#3287),.UNSPECIFIED.,.F.,.F.,(7,
    5,7),(0.,0.505346384533,1.),.UNSPECIFIED.);
#3276 = CARTESIAN_POINT('',(0.628318424647,0.273686111039));
#3277 = CARTESIAN_POINT('',(0.575399073787,0.265238319902));
#3278 = CARTESIAN_POINT('',(0.522478417512,0.256784931739));
#3279 = CARTESIAN_POINT('',(0.469559297777,0.248329963327));
#3280 = CARTESIAN_POINT('',(0.416640170964,0.239879475915));
#3281 = CARTESIAN_POINT('',(0.363719490548,0.231441624269));
#3282 = CARTESIAN_POINT('',(0.259000449129,0.214775129246));
#3283 = CARTESIAN_POINT('',(0.207199582963,0.206545451959));
#3284 = CARTESIAN_POINT('',(0.155400076168,0.198332859575));
#3285 = CARTESIAN_POINT('',(0.103600561794,0.190134002992));
#3286 = CARTESIAN_POINT('',(5.179966820454E-02,0.181932192812));
#3287 = CARTESIAN_POINT('',(0.,0.173686127947));
#3288 = ( GEOMETRIC_REPRESENTATION_CONTEXT(2) 
PARAMETRIC_REPRESENTATION_CONTEXT() REPRESENTATION_CONTEXT('2D SPACE',''
  ) );
#3289 = PCURVE('',#2170,#3290);
#3290 = DEFINITIONAL_REPRESENTATION('',(#3291),#3304);
#3291 = B_SPLINE_CURVE_WITH_KNOTS('',6,(#3292,#3293,#3294,#3295,#3296,
    #3297,#3298,#3299,#3300,#3301,#3302,#3303),.UNSPECIFIED.,.F.,.F.,(7,
    5,7),(0.,0.505346384533,1.),.UNSPECIFIED.);
#3292 = CARTESIAN_POINT('',(2.,0.599999983123));
#3293 = CARTESIAN_POINT('',(2.000187273249,0.591579790829));
#3294 = CARTESIAN_POINT('',(2.000410953806,0.583159366929));
#3295 = CARTESIAN_POINT('',(2.000644975533,0.57473888678));
#3296 = CARTESIAN_POINT('',(2.000844609407,0.566317819823));
#3297 = CARTESIAN_POINT('',(2.000951921985,0.557895783051));
#3298 = CARTESIAN_POINT('',(2.000949796448,0.541228974783));
#3299 = CARTESIAN_POINT('',(2.000844856701,0.53298383231));
#3300 = CARTESIAN_POINT('',(2.000621300697,0.524738294018));
#3301 = CARTESIAN_POINT('',(2.000301617045,0.516492324998));
#3302 = CARTESIAN_POINT('',(1.999999999877,0.508246064876));
#3303 = CARTESIAN_POINT('',(2.,0.500000000029));
#3304 = ( GEOMETRIC_REPRESENTATION_CONTEXT(2) 
PARAMETRIC_REPRESENTATION_CONTEXT() REPRESENTATION_CONTEXT('2D SPACE',''
  ) );
#3305 = ORIENTED_EDGE('',*,*,#3306,.T.);
#3306 = EDGE_CURVE('',#3257,#3307,#3309,.T.);
#3307 = VERTEX_POINT('',#3308);
#3308 = CARTESIAN_POINT('',(4.529758365418,13.826922620414,
    0.573299866989));
#3309 = SURFACE_CURVE('',#3310,(#3323,#3339),.PCURVE_S1.);
#3310 = B_SPLINE_CURVE_WITH_KNOTS('',6,(#3311,#3312,#3313,#3314,#3315,
    #3316,#3317,#3318,#3319,#3320,#3321,#3322),.UNSPECIFIED.,.F.,.F.,(7,
    5,7),(0.,0.371311105876,1.),.UNSPECIFIED.);
#3311 = CARTESIAN_POINT('',(11.771198175301,8.552274172277,
    0.473686111039));
#3312 = CARTESIAN_POINT('',(11.439942584159,9.00820848068,0.479849067556
    ));
#3313 = CARTESIAN_POINT('',(11.087492801313,9.448749229275,
    0.486012054879));
#3314 = CARTESIAN_POINT('',(10.714748712024,9.872658526094,
    0.492175089735));
#3315 = CARTESIAN_POINT('',(10.322697381983,10.278778017428,
    0.498338330616));
#3316 = CARTESIAN_POINT('',(9.912412684755,10.666029308634,
    0.504501914429));
#3317 = CARTESIAN_POINT('',(8.761470122618,11.655455885155,
    0.521102222419));
#3318 = CARTESIAN_POINT('',(7.988889801105,12.220589493251,
    0.531540228683));
#3319 = CARTESIAN_POINT('',(7.172999089274,12.723906804297,
    0.541978731469));
#3320 = CARTESIAN_POINT('',(6.320005823856,13.161409270986,
    0.552418364627));
#3321 = CARTESIAN_POINT('',(5.436544724879,13.529855571572,
    0.562859358008));
#3322 = CARTESIAN_POINT('',(4.529758365418,13.826922620414,
    0.573299866989));
#3323 = PCURVE('',#1367,#3324);
#3324 = DEFINITIONAL_REPRESENTATION('',(#3325),#3338);
#3325 = B_SPLINE_CURVE_WITH_KNOTS('',6,(#3326,#3327,#3328,#3329,#3330,
    #3331,#3332,#3333,#3334,#3335,#3336,#3337),.UNSPECIFIED.,.F.,.F.,(7,
    5,7),(0.,0.371311105876,1.),.UNSPECIFIED.);
#3326 = CARTESIAN_POINT('',(0.628318424647,0.273686111039));
#3327 = CARTESIAN_POINT('',(0.66705146623,0.279849067556));
#3328 = CARTESIAN_POINT('',(0.705784782237,0.286012054879));
#3329 = CARTESIAN_POINT('',(0.744517783367,0.292175089735));
#3330 = CARTESIAN_POINT('',(0.783250786845,0.298338330616));
#3331 = CARTESIAN_POINT('',(0.821984108589,0.304501914429));
#3332 = CARTESIAN_POINT('',(0.926298378132,0.321102222419));
#3333 = CARTESIAN_POINT('',(0.991883407073,0.331540228683));
#3334 = CARTESIAN_POINT('',(1.057463983698,0.341978731469));
#3335 = CARTESIAN_POINT('',(1.123044558564,0.352418364627));
#3336 = CARTESIAN_POINT('',(1.188629581924,0.362859358008));
#3337 = CARTESIAN_POINT('',(1.254210795065,0.373299866989));
#3338 = ( GEOMETRIC_REPRESENTATION_CONTEXT(2) 
PARAMETRIC_REPRESENTATION_CONTEXT() REPRESENTATION_CONTEXT('2D SPACE',''
  ) );
#3339 = PCURVE('',#3340,#3363);
#3340 = ( BOUNDED_SURFACE() B_SPLINE_SURFACE(1,6,(
    (#3341,#3342,#3343,#3344,#3345,#3346,#3347,#3348,#3349,#3350,#3351)
    ,(#3352,#3353,#3354,#3355,#3356,#3357,#3358,#3359,#3360,#3361,#3362
)),.UNSPECIFIED.,.F.,.F.,.F.) B_SPLINE_SURFACE_WITH_KNOTS((2,2),(7,4,7),
(1.,2.),(0.,0.5,1.),.UNSPECIFIED.) GEOMETRIC_REPRESENTATION_ITEM() 
RATIONAL_B_SPLINE_SURFACE((
    (1.,1.,1.,1.,1.,1.,1.,1.,1.,1.,1.)
,(1.,1.,1.,1.,1.,1.,1.,1.,1.,1.,1.
  ))) REPRESENTATION_ITEM('') SURFACE() );
#3341 = CARTESIAN_POINT('',(-14.75,-7.34238713085E-15,-0.126313872081));
#3342 = CARTESIAN_POINT('',(-14.69791434924,-7.721310307681,
    -4.298053874794E-02));
#3343 = CARTESIAN_POINT('',(-10.05052867149,-15.44262061535,
    4.035279457661E-02));
#3344 = CARTESIAN_POINT('',(8.756900033249E-02,-19.40249865171,
    0.123686127922));
#3345 = CARTESIAN_POINT('',(9.916842167886,-15.44262061535,
    0.207019461255));
#3346 = CARTESIAN_POINT('',(19.583157832115,-6.553688703239E-13,
    0.373686127919));
#3347 = CARTESIAN_POINT('',(9.916842167886,15.44262061536,0.540352794582
    ));
#3348 = CARTESIAN_POINT('',(8.756900033235E-02,19.402498651707,
    0.623686127915));
#3349 = CARTESIAN_POINT('',(-10.05052867149,15.44262061536,0.70701946126
    ));
#3350 = CARTESIAN_POINT('',(-14.69791434924,7.72131030768,0.790352794585
    ));
#3351 = CARTESIAN_POINT('',(-14.75,-1.296837018395E-14,0.873686127919));
#3352 = CARTESIAN_POINT('',(-14.55,-1.770852586041E-15,-0.126313872081)
  );
#3353 = CARTESIAN_POINT('',(-14.4986205953,-7.61661457468,
    -4.298053874794E-02));
#3354 = CARTESIAN_POINT('',(-9.914250316742,-15.23322914935,
    4.035279457661E-02));
#3355 = CARTESIAN_POINT('',(8.638162413974E-02,-19.13941392427,
    0.123686127922));
#3356 = CARTESIAN_POINT('',(9.782376511365,-15.23322914935,
    0.207019461255));
#3357 = CARTESIAN_POINT('',(19.317623488636,-7.554631119558E-14,
    0.373686127919));
#3358 = CARTESIAN_POINT('',(9.782376511365,15.233229149359,
    0.540352794582));
#3359 = CARTESIAN_POINT('',(8.638162413962E-02,19.139413924278,
    0.623686127915));
#3360 = CARTESIAN_POINT('',(-9.914250316742,15.233229149359,
    0.70701946126));
#3361 = CARTESIAN_POINT('',(-14.4986205953,7.61661457468,0.790352794585)
  );
#3362 = CARTESIAN_POINT('',(-14.55,-5.526794735474E-15,0.873686127919));
#3363 = DEFINITIONAL_REPRESENTATION('',(#3364),#3377);
#3364 = B_SPLINE_CURVE_WITH_KNOTS('',6,(#3365,#3366,#3367,#3368,#3369,
    #3370,#3371,#3372,#3373,#3374,#3375,#3376),.UNSPECIFIED.,.F.,.F.,(7,
    5,7),(0.,0.371311105876,1.),.UNSPECIFIED.);
#3365 = CARTESIAN_POINT('',(2.,0.599999983123));
#3366 = CARTESIAN_POINT('',(1.999623057131,0.606162939639));
#3367 = CARTESIAN_POINT('',(1.999299539949,0.612325926962));
#3368 = CARTESIAN_POINT('',(1.999058355502,0.618488961819));
#3369 = CARTESIAN_POINT('',(1.998910562545,0.6246522027));
#3370 = CARTESIAN_POINT('',(1.998852073716,0.630815786512));
#3371 = CARTESIAN_POINT('',(1.998890542813,0.647416094502));
#3372 = CARTESIAN_POINT('',(1.999123478655,0.657854100766));
#3373 = CARTESIAN_POINT('',(1.999491002847,0.668292603552));
#3374 = CARTESIAN_POINT('',(1.999822996993,0.67873223671));
#3375 = CARTESIAN_POINT('',(1.999997350333,0.689173230091));
#3376 = CARTESIAN_POINT('',(2.,0.699613739072));
#3377 = ( GEOMETRIC_REPRESENTATION_CONTEXT(2) 
PARAMETRIC_REPRESENTATION_CONTEXT() REPRESENTATION_CONTEXT('2D SPACE',''
  ) );
#3378 = ORIENTED_EDGE('',*,*,#3379,.T.);
#3379 = EDGE_CURVE('',#3307,#3380,#3382,.T.);
#3380 = VERTEX_POINT('',#3381);
#3381 = CARTESIAN_POINT('',(4.496256214179,13.837853159238,
    0.573685449764));
#3382 = SURFACE_CURVE('',#3383,(#3395,#3405),.PCURVE_S1.);
#3383 = ( BOUNDED_CURVE() B_SPLINE_CURVE(6,(#3384,#3385,#3386,#3387,
    #3388,#3389,#3390,#3391,#3392,#3393,#3394),.UNSPECIFIED.,.F.,.F.) 
B_SPLINE_CURVE_WITH_KNOTS((7,4,7),(0.,0.5,1.),.UNSPECIFIED.) CURVE() 
GEOMETRIC_REPRESENTATION_ITEM() RATIONAL_B_SPLINE_CURVE((1.,1.,1.,1.,1.,
1.,1.,1.,1.,1.,1.)) REPRESENTATION_ITEM('') );
#3384 = CARTESIAN_POINT('',(-14.55,-1.770852586041E-15,-0.126313872081)
  );
#3385 = CARTESIAN_POINT('',(-14.4986205953,-7.61661457468,
    -4.298053874794E-02));
#3386 = CARTESIAN_POINT('',(-9.914250316742,-15.23322914935,
    4.035279457661E-02));
#3387 = CARTESIAN_POINT('',(8.638162413974E-02,-19.13941392427,
    0.123686127922));
#3388 = CARTESIAN_POINT('',(9.782376511365,-15.23322914935,
    0.207019461255));
#3389 = CARTESIAN_POINT('',(19.317623488636,-7.554631119558E-14,
    0.373686127919));
#3390 = CARTESIAN_POINT('',(9.782376511365,15.233229149359,
    0.540352794582));
#3391 = CARTESIAN_POINT('',(8.638162413962E-02,19.139413924278,
    0.623686127915));
#3392 = CARTESIAN_POINT('',(-9.914250316742,15.233229149359,
    0.70701946126));
#3393 = CARTESIAN_POINT('',(-14.4986205953,7.61661457468,0.790352794585)
  );
#3394 = CARTESIAN_POINT('',(-14.55,-5.526794735474E-15,0.873686127919));
#3395 = PCURVE('',#1367,#3396);
#3396 = DEFINITIONAL_REPRESENTATION('',(#3397),#3404);
#3397 = B_SPLINE_CURVE_WITH_KNOTS('',5,(#3398,#3399,#3400,#3401,#3402,
    #3403),.UNSPECIFIED.,.F.,.F.,(6,6),(0.699613739072,0.699999321846),
  .PIECEWISE_BEZIER_KNOTS.);
#3398 = CARTESIAN_POINT('',(1.254210795065,0.373299866989));
#3399 = CARTESIAN_POINT('',(1.25469519647,0.373376983544));
#3400 = CARTESIAN_POINT('',(1.255179597832,0.373454100099));
#3401 = CARTESIAN_POINT('',(1.255663999152,0.373531216654));
#3402 = CARTESIAN_POINT('',(1.256148400432,0.373608333209));
#3403 = CARTESIAN_POINT('',(1.256632801672,0.373685449764));
#3404 = ( GEOMETRIC_REPRESENTATION_CONTEXT(2) 
PARAMETRIC_REPRESENTATION_CONTEXT() REPRESENTATION_CONTEXT('2D SPACE',''
  ) );
#3405 = PCURVE('',#2170,#3406);
#3406 = DEFINITIONAL_REPRESENTATION('',(#3407),#3411);
#3407 = LINE('',#3408,#3409);
#3408 = CARTESIAN_POINT('',(2.,0.));
#3409 = VECTOR('',#3410,1.);
#3410 = DIRECTION('',(0.,1.));
#3411 = ( GEOMETRIC_REPRESENTATION_CONTEXT(2) 
PARAMETRIC_REPRESENTATION_CONTEXT() REPRESENTATION_CONTEXT('2D SPACE',''
  ) );
#3412 = ORIENTED_EDGE('',*,*,#3413,.F.);
#3413 = EDGE_CURVE('',#3414,#3380,#3416,.T.);
#3414 = VERTEX_POINT('',#3415);
#3415 = CARTESIAN_POINT('',(-4.496197398226,13.837872269832,
    0.673686129415));
#3416 = SURFACE_CURVE('',#3417,(#3430,#3446),.PCURVE_S1.);
#3417 = B_SPLINE_CURVE_WITH_KNOTS('',6,(#3418,#3419,#3420,#3421,#3422,
    #3423,#3424,#3425,#3426,#3427,#3428,#3429),.UNSPECIFIED.,.F.,.F.,(7,
    5,7),(0.,0.331619383182,1.),.UNSPECIFIED.);
#3418 = CARTESIAN_POINT('',(-4.496197398231,13.837872269831,
    0.673686129415));
#3419 = CARTESIAN_POINT('',(-4.015652609024,13.99401074176,
    0.668161179072));
#3420 = CARTESIAN_POINT('',(-3.528598867019,14.130124514204,
    0.662636111467));
#3421 = CARTESIAN_POINT('',(-3.036084119118,14.245873299262,
    0.657110882701));
#3422 = CARTESIAN_POINT('',(-2.539172483406,14.340991320851,
    0.651585383381));
#3423 = CARTESIAN_POINT('',(-2.038943982748,14.415287377163,
    0.646059529849));
#3424 = CARTESIAN_POINT('',(-0.523804247729,14.576187278253,
    0.629395321687));
#3425 = CARTESIAN_POINT('',(0.497995359885,14.598681450862,
    0.618255041728));
#3426 = CARTESIAN_POINT('',(1.519806349637,14.535137540135,
    0.607114137515));
#3427 = CARTESIAN_POINT('',(2.532660618578,14.385935091175,
    0.595971960342));
#3428 = CARTESIAN_POINT('',(3.527705885151,14.152558007358,
    0.584828285891));
#3429 = CARTESIAN_POINT('',(4.496245979991,13.837856484565,
    0.573685567505));
#3430 = PCURVE('',#1367,#3431);
#3431 = DEFINITIONAL_REPRESENTATION('',(#3432),#3445);
#3432 = B_SPLINE_CURVE_WITH_KNOTS('',6,(#3433,#3434,#3435,#3436,#3437,
    #3438,#3439,#3440,#3441,#3442,#3443,#3444),.UNSPECIFIED.,.F.,.F.,(7,
    5,7),(0.,0.331619383182,1.),.UNSPECIFIED.);
#3433 = CARTESIAN_POINT('',(1.884955601554,0.473686129415));
#3434 = CARTESIAN_POINT('',(1.85022881843,0.468161179072));
#3435 = CARTESIAN_POINT('',(1.815501869271,0.462636111467));
#3436 = CARTESIAN_POINT('',(1.78077509947,0.457110882701));
#3437 = CARTESIAN_POINT('',(1.746048326047,0.451585383381));
#3438 = CARTESIAN_POINT('',(1.71132136673,0.446059529849));
#3439 = CARTESIAN_POINT('',(1.606602525044,0.429395321687));
#3440 = CARTESIAN_POINT('',(1.536605212875,0.418255041728));
#3441 = CARTESIAN_POINT('',(1.466614049494,0.407114137515));
#3442 = CARTESIAN_POINT('',(1.396622897966,0.395971960342));
#3443 = CARTESIAN_POINT('',(1.326625602227,0.384828285891));
#3444 = CARTESIAN_POINT('',(1.256633541251,0.373685567505));
#3445 = ( GEOMETRIC_REPRESENTATION_CONTEXT(2) 
PARAMETRIC_REPRESENTATION_CONTEXT() REPRESENTATION_CONTEXT('2D SPACE',''
  ) );
#3446 = PCURVE('',#3447,#3470);
#3447 = ( BOUNDED_SURFACE() B_SPLINE_SURFACE(1,6,(
    (#3448,#3449,#3450,#3451,#3452,#3453,#3454,#3455,#3456,#3457,#3458)
    ,(#3459,#3460,#3461,#3462,#3463,#3464,#3465,#3466,#3467,#3468,#3469
)),.UNSPECIFIED.,.F.,.F.,.F.) B_SPLINE_SURFACE_WITH_KNOTS((2,2),(7,4,7),
(1.,2.),(0.,0.5,1.),.UNSPECIFIED.) GEOMETRIC_REPRESENTATION_ITEM() 
RATIONAL_B_SPLINE_SURFACE((
    (1.,1.,1.,1.,1.,1.,1.,1.,1.,1.,1.)
,(1.,1.,1.,1.,1.,1.,1.,1.,1.,1.,1.
  ))) REPRESENTATION_ITEM('') SURFACE() );
#3448 = CARTESIAN_POINT('',(-14.75,-7.34238713085E-15,-0.126313872081));
#3449 = CARTESIAN_POINT('',(-14.69791434924,-7.721310307681,
    -4.298053874794E-02));
#3450 = CARTESIAN_POINT('',(-10.05052867149,-15.44262061535,
    4.035279457661E-02));
#3451 = CARTESIAN_POINT('',(8.756900033249E-02,-19.40249865171,
    0.123686127922));
#3452 = CARTESIAN_POINT('',(9.916842167886,-15.44262061535,
    0.207019461255));
#3453 = CARTESIAN_POINT('',(19.583157832115,-6.553688703239E-13,
    0.373686127919));
#3454 = CARTESIAN_POINT('',(9.916842167886,15.44262061536,0.540352794582
    ));
#3455 = CARTESIAN_POINT('',(8.756900033235E-02,19.402498651707,
    0.623686127915));
#3456 = CARTESIAN_POINT('',(-10.05052867149,15.44262061536,0.70701946126
    ));
#3457 = CARTESIAN_POINT('',(-14.69791434924,7.72131030768,0.790352794585
    ));
#3458 = CARTESIAN_POINT('',(-14.75,-1.296837018395E-14,0.873686127919));
#3459 = CARTESIAN_POINT('',(-14.55,-1.770852586041E-15,-0.126313872081)
  );
#3460 = CARTESIAN_POINT('',(-14.4986205953,-7.61661457468,
    -4.298053874794E-02));
#3461 = CARTESIAN_POINT('',(-9.914250316742,-15.23322914935,
    4.035279457661E-02));
#3462 = CARTESIAN_POINT('',(8.638162413974E-02,-19.13941392427,
    0.123686127922));
#3463 = CARTESIAN_POINT('',(9.782376511365,-15.23322914935,
    0.207019461255));
#3464 = CARTESIAN_POINT('',(19.317623488636,-7.554631119558E-14,
    0.373686127919));
#3465 = CARTESIAN_POINT('',(9.782376511365,15.233229149359,
    0.540352794582));
#3466 = CARTESIAN_POINT('',(8.638162413962E-02,19.139413924278,
    0.623686127915));
#3467 = CARTESIAN_POINT('',(-9.914250316742,15.233229149359,
    0.70701946126));
#3468 = CARTESIAN_POINT('',(-14.4986205953,7.61661457468,0.790352794585)
  );
#3469 = CARTESIAN_POINT('',(-14.55,-5.526794735474E-15,0.873686127919));
#3470 = DEFINITIONAL_REPRESENTATION('',(#3471),#3484);
#3471 = B_SPLINE_CURVE_WITH_KNOTS('',6,(#3472,#3473,#3474,#3475,#3476,
    #3477,#3478,#3479,#3480,#3481,#3482,#3483),.UNSPECIFIED.,.F.,.F.,(7,
    5,7),(0.,0.331619383182,1.),.UNSPECIFIED.);
#3472 = CARTESIAN_POINT('',(2.,0.800000001496));
#3473 = CARTESIAN_POINT('',(1.999472271275,0.794475051153));
#3474 = CARTESIAN_POINT('',(1.999054428411,0.788949983548));
#3475 = CARTESIAN_POINT('',(1.998758516871,0.783424754782));
#3476 = CARTESIAN_POINT('',(1.9985804152,0.777899255462));
#3477 = CARTESIAN_POINT('',(1.998505064732,0.77237340193));
#3478 = CARTESIAN_POINT('',(1.998525071288,0.755709193768));
#3479 = CARTESIAN_POINT('',(1.998871304494,0.744568913809));
#3480 = CARTESIAN_POINT('',(1.999384111772,0.733428009596));
#3481 = CARTESIAN_POINT('',(1.999798236554,0.722285832424));
#3482 = CARTESIAN_POINT('',(1.999997170066,0.711142157973));
#3483 = CARTESIAN_POINT('',(2.,0.699999439587));
#3484 = ( GEOMETRIC_REPRESENTATION_CONTEXT(2) 
PARAMETRIC_REPRESENTATION_CONTEXT() REPRESENTATION_CONTEXT('2D SPACE',''
  ) );
#3485 = ORIENTED_EDGE('',*,*,#3486,.F.);
#3486 = EDGE_CURVE('',#3487,#3414,#3489,.T.);
#3487 = VERTEX_POINT('',#3488);
#3488 = CARTESIAN_POINT('',(-11.77119714149,8.552275595184,
    0.773686125562));
#3489 = SURFACE_CURVE('',#3490,(#3503,#3519),.PCURVE_S1.);
#3490 = B_SPLINE_CURVE_WITH_KNOTS('',6,(#3491,#3492,#3493,#3494,#3495,
    #3496,#3497,#3498,#3499,#3500,#3501,#3502),.UNSPECIFIED.,.F.,.F.,(7,
    5,7),(0.,0.368444673641,1.),.UNSPECIFIED.);
#3491 = CARTESIAN_POINT('',(-11.77119714149,8.552275595192,
    0.773686125562));
#3492 = CARTESIAN_POINT('',(-11.44122701406,9.006440498734,
    0.767398122996));
#3493 = CARTESIAN_POINT('',(-11.09022623324,9.445331977321,
    0.761144698508));
#3494 = CARTESIAN_POINT('',(-10.71908411763,9.867726321804,
    0.754926814468));
#3495 = CARTESIAN_POINT('',(-10.32877594743,10.272478055531,
    0.748741056644));
#3496 = CARTESIAN_POINT('',(-9.920362577089,10.658520395408,
    0.742581807168));
#3497 = CARTESIAN_POINT('',(-8.765854018389,11.652822508516,
    0.725921531903));
#3498 = CARTESIAN_POINT('',(-7.986836410283,12.222951965644,
    0.715460145707));
#3499 = CARTESIAN_POINT('',(-7.163764851933,12.730212408027,
    0.705031206514));
#3500 = CARTESIAN_POINT('',(-6.303007973226,13.170504976177,
    0.694601388953));
#3501 = CARTESIAN_POINT('',(-5.41137435734,13.540513240766,
    0.684154300837));
#3502 = CARTESIAN_POINT('',(-4.496197398234,13.837872269829,
    0.673686129416));
#3503 = PCURVE('',#1367,#3504);
#3504 = DEFINITIONAL_REPRESENTATION('',(#3505),#3518);
#3505 = B_SPLINE_CURVE_WITH_KNOTS('',6,(#3506,#3507,#3508,#3509,#3510,
    #3511,#3512,#3513,#3514,#3515,#3516,#3517),.UNSPECIFIED.,.F.,.F.,(7,
    5,7),(0.,0.368444673641,1.),.UNSPECIFIED.);
#3506 = CARTESIAN_POINT('',(2.513274108061,0.573686125562));
#3507 = CARTESIAN_POINT('',(2.474691379552,0.567398122996));
#3508 = CARTESIAN_POINT('',(2.436108303174,0.561144698508));
#3509 = CARTESIAN_POINT('',(2.397525465742,0.554926814468));
#3510 = CARTESIAN_POINT('',(2.358942568825,0.548741056644));
#3511 = CARTESIAN_POINT('',(2.320359316724,0.542581807168));
#3512 = CARTESIAN_POINT('',(2.21564071164,0.525921531903));
#3513 = CARTESIAN_POINT('',(2.149501057985,0.515460145707));
#3514 = CARTESIAN_POINT('',(2.083366002211,0.505031206514));
#3515 = CARTESIAN_POINT('',(2.017230945647,0.494601388953));
#3516 = CARTESIAN_POINT('',(1.951091271927,0.484154300837));
#3517 = CARTESIAN_POINT('',(1.884955601554,0.473686129416));
#3518 = ( GEOMETRIC_REPRESENTATION_CONTEXT(2) 
PARAMETRIC_REPRESENTATION_CONTEXT() REPRESENTATION_CONTEXT('2D SPACE',''
  ) );
#3519 = PCURVE('',#2170,#3520);
#3520 = DEFINITIONAL_REPRESENTATION('',(#3521),#3534);
#3521 = B_SPLINE_CURVE_WITH_KNOTS('',6,(#3522,#3523,#3524,#3525,#3526,
    #3527,#3528,#3529,#3530,#3531,#3532,#3533),.UNSPECIFIED.,.F.,.F.,(7,
    5,7),(0.,0.368444673641,1.),.UNSPECIFIED.);
#3522 = CARTESIAN_POINT('',(2.,0.899999997642));
#3523 = CARTESIAN_POINT('',(2.000977750807,0.893856088222));
#3524 = CARTESIAN_POINT('',(2.001721640735,0.887712292322));
#3525 = CARTESIAN_POINT('',(2.002227440061,0.881568948968));
#3526 = CARTESIAN_POINT('',(2.002519121591,0.875426176852));
#3527 = CARTESIAN_POINT('',(2.00263504816,0.869284011712));
#3528 = CARTESIAN_POINT('',(2.002578355707,0.852615381564));
#3529 = CARTESIAN_POINT('',(2.002140789834,0.842089510385));
#3530 = CARTESIAN_POINT('',(2.001501214341,0.831566315638));
#3531 = CARTESIAN_POINT('',(2.000876086746,0.821044371738));
#3532 = CARTESIAN_POINT('',(2.000365467907,0.810522032673));
#3533 = CARTESIAN_POINT('',(2.,0.800000001496));
#3534 = ( GEOMETRIC_REPRESENTATION_CONTEXT(2) 
PARAMETRIC_REPRESENTATION_CONTEXT() REPRESENTATION_CONTEXT('2D SPACE',''
  ) );
#3535 = ORIENTED_EDGE('',*,*,#3536,.F.);
#3536 = EDGE_CURVE('',#3537,#3487,#3539,.T.);
#3537 = VERTEX_POINT('',#3538);
#3538 = CARTESIAN_POINT('',(-14.55,-5.080938724893E-15,0.873686127919));
#3539 = SURFACE_CURVE('',#3540,(#3555,#3573),.PCURVE_S1.);
#3540 = B_SPLINE_CURVE_WITH_KNOTS('',7,(#3541,#3542,#3543,#3544,#3545,
    #3546,#3547,#3548,#3549,#3550,#3551,#3552,#3553,#3554),
  .UNSPECIFIED.,.F.,.F.,(8,6,8),(0.,0.657239929324,1.),.UNSPECIFIED.);
#3541 = CARTESIAN_POINT('',(-14.55,-1.053324094613E-14,0.873686127919));
#3542 = CARTESIAN_POINT('',(-14.55,0.857949774032,0.864299304704));
#3543 = CARTESIAN_POINT('',(-14.4909788159,1.716339068674,0.854916385097
    ));
#3544 = CARTESIAN_POINT('',(-14.37282801131,2.569939725901,
    0.845533512364));
#3545 = CARTESIAN_POINT('',(-14.19608671063,3.413738864674,
    0.836148724395));
#3546 = CARTESIAN_POINT('',(-13.96179169071,4.242916762101,
    0.826761446074));
#3547 = CARTESIAN_POINT('',(-13.6714344379,5.052841023356,0.817371609094
    ));
#3548 = CARTESIAN_POINT('',(-13.147305584,6.249100310934,0.803081583581)
  );
#3549 = CARTESIAN_POINT('',(-12.95293631194,6.652683502168,
    0.798182977336));
#3550 = CARTESIAN_POINT('',(-12.74412685061,7.049184322076,
    0.793283949111));
#3551 = CARTESIAN_POINT('',(-12.5211882859,7.437984829507,0.788384621911
    ));
#3552 = CARTESIAN_POINT('',(-12.28446422689,7.818485023813,
    0.783485117905));
#3553 = CARTESIAN_POINT('',(-12.03433088308,8.190103081884,
    0.778585568691));
#3554 = CARTESIAN_POINT('',(-11.77119714149,8.552275595194,
    0.773686125562));
#3555 = PCURVE('',#1367,#3556);
#3556 = DEFINITIONAL_REPRESENTATION('',(#3557),#3572);
#3557 = B_SPLINE_CURVE_WITH_KNOTS('',7,(#3558,#3559,#3560,#3561,#3562,
    #3563,#3564,#3565,#3566,#3567,#3568,#3569,#3570,#3571),
  .UNSPECIFIED.,.F.,.F.,(8,6,8),(0.,0.657239929324,1.),.UNSPECIFIED.);
#3558 = CARTESIAN_POINT('',(3.14159265359,0.673686127919));
#3559 = CARTESIAN_POINT('',(3.082627033381,0.664299304704));
#3560 = CARTESIAN_POINT('',(3.023631207304,0.654916385097));
#3561 = CARTESIAN_POINT('',(2.96462961866,0.645533512364));
#3562 = CARTESIAN_POINT('',(2.90563044308,0.636148724395));
#3563 = CARTESIAN_POINT('',(2.846635017393,0.626761446074));
#3564 = CARTESIAN_POINT('',(2.787640711545,0.617371609094));
#3565 = CARTESIAN_POINT('',(2.697878331812,0.603081583581));
#3566 = CARTESIAN_POINT('',(2.66711123435,0.598182977336));
#3567 = CARTESIAN_POINT('',(2.636344131564,0.593283949111));
#3568 = CARTESIAN_POINT('',(2.605576932305,0.588384621911));
#3569 = CARTESIAN_POINT('',(2.574809494087,0.583485117905));
#3570 = CARTESIAN_POINT('',(2.544041795405,0.578585568691));
#3571 = CARTESIAN_POINT('',(2.513274108061,0.573686125562));
#3572 = ( GEOMETRIC_REPRESENTATION_CONTEXT(2) 
PARAMETRIC_REPRESENTATION_CONTEXT() REPRESENTATION_CONTEXT('2D SPACE',''
  ) );
#3573 = PCURVE('',#3574,#3597);
#3574 = ( BOUNDED_SURFACE() B_SPLINE_SURFACE(1,6,(
    (#3575,#3576,#3577,#3578,#3579,#3580,#3581,#3582,#3583,#3584,#3585)
    ,(#3586,#3587,#3588,#3589,#3590,#3591,#3592,#3593,#3594,#3595,#3596
)),.UNSPECIFIED.,.F.,.F.,.F.) B_SPLINE_SURFACE_WITH_KNOTS((2,2),(7,4,7),
(1.,2.),(0.,0.5,1.),.UNSPECIFIED.) GEOMETRIC_REPRESENTATION_ITEM() 
RATIONAL_B_SPLINE_SURFACE((
    (1.,1.,1.,1.,1.,1.,1.,1.,1.,1.,1.)
,(1.,1.,1.,1.,1.,1.,1.,1.,1.,1.,1.
  ))) REPRESENTATION_ITEM('') SURFACE() );
#3575 = CARTESIAN_POINT('',(-14.75,-7.34238713085E-15,-0.126313872081));
#3576 = CARTESIAN_POINT('',(-14.69791434924,-7.721310307681,
    -4.298053874794E-02));
#3577 = CARTESIAN_POINT('',(-10.05052867149,-15.44262061535,
    4.035279457661E-02));
#3578 = CARTESIAN_POINT('',(8.756900033249E-02,-19.40249865171,
    0.123686127922));
#3579 = CARTESIAN_POINT('',(9.916842167886,-15.44262061535,
    0.207019461255));
#3580 = CARTESIAN_POINT('',(19.583157832115,-6.553688703239E-13,
    0.373686127919));
#3581 = CARTESIAN_POINT('',(9.916842167886,15.44262061536,0.540352794582
    ));
#3582 = CARTESIAN_POINT('',(8.756900033235E-02,19.402498651707,
    0.623686127915));
#3583 = CARTESIAN_POINT('',(-10.05052867149,15.44262061536,0.70701946126
    ));
#3584 = CARTESIAN_POINT('',(-14.69791434924,7.72131030768,0.790352794585
    ));
#3585 = CARTESIAN_POINT('',(-14.75,-1.296837018395E-14,0.873686127919));
#3586 = CARTESIAN_POINT('',(-14.55,-1.770852586041E-15,-0.126313872081)
  );
#3587 = CARTESIAN_POINT('',(-14.4986205953,-7.61661457468,
    -4.298053874794E-02));
#3588 = CARTESIAN_POINT('',(-9.914250316742,-15.23322914935,
    4.035279457661E-02));
#3589 = CARTESIAN_POINT('',(8.638162413974E-02,-19.13941392427,
    0.123686127922));
#3590 = CARTESIAN_POINT('',(9.782376511365,-15.23322914935,
    0.207019461255));
#3591 = CARTESIAN_POINT('',(19.317623488636,-7.554631119558E-14,
    0.373686127919));
#3592 = CARTESIAN_POINT('',(9.782376511365,15.233229149359,
    0.540352794582));
#3593 = CARTESIAN_POINT('',(8.638162413962E-02,19.139413924278,
    0.623686127915));
#3594 = CARTESIAN_POINT('',(-9.914250316742,15.233229149359,
    0.70701946126));
#3595 = CARTESIAN_POINT('',(-14.4986205953,7.61661457468,0.790352794585)
  );
#3596 = CARTESIAN_POINT('',(-14.55,-5.526794735474E-15,0.873686127919));
#3597 = DEFINITIONAL_REPRESENTATION('',(#3598),#3613);
#3598 = B_SPLINE_CURVE_WITH_KNOTS('',7,(#3599,#3600,#3601,#3602,#3603,
    #3604,#3605,#3606,#3607,#3608,#3609,#3610,#3611,#3612),
  .UNSPECIFIED.,.F.,.F.,(8,6,8),(0.,0.657239929324,1.),.UNSPECIFIED.);
#3599 = CARTESIAN_POINT('',(2.,1.));
#3600 = CARTESIAN_POINT('',(1.971062636679,0.990613176786));
#3601 = CARTESIAN_POINT('',(1.957627045881,0.981230257178));
#3602 = CARTESIAN_POINT('',(1.95447548897,0.971847384445));
#3603 = CARTESIAN_POINT('',(1.957422492002,0.962462596476));
#3604 = CARTESIAN_POINT('',(1.963500264017,0.953075318155));
#3605 = CARTESIAN_POINT('',(1.970751413589,0.943685481175));
#3606 = CARTESIAN_POINT('',(1.981744492759,0.929395455661));
#3607 = CARTESIAN_POINT('',(1.985505365005,0.924496849417));
#3608 = CARTESIAN_POINT('',(1.989088941662,0.919597821191));
#3609 = CARTESIAN_POINT('',(1.992381196681,0.914698493991));
#3610 = CARTESIAN_POINT('',(1.995314158663,0.909798989985));
#3611 = CARTESIAN_POINT('',(1.997855812334,0.904899440771));
#3612 = CARTESIAN_POINT('',(2.,0.899999997642));
#3613 = ( GEOMETRIC_REPRESENTATION_CONTEXT(2) 
PARAMETRIC_REPRESENTATION_CONTEXT() REPRESENTATION_CONTEXT('2D SPACE',''
  ) );
#3614 = ORIENTED_EDGE('',*,*,#3615,.T.);
#3615 = EDGE_CURVE('',#3537,#3616,#3618,.T.);
#3616 = VERTEX_POINT('',#3617);
#3617 = CARTESIAN_POINT('',(-11.77119714408,-8.552275591619,
    0.973686130321));
#3618 = SURFACE_CURVE('',#3619,(#3634,#3652),.PCURVE_S1.);
#3619 = B_SPLINE_CURVE_WITH_KNOTS('',7,(#3620,#3621,#3622,#3623,#3624,
    #3625,#3626,#3627,#3628,#3629,#3630,#3631,#3632,#3633),
  .UNSPECIFIED.,.F.,.F.,(8,6,8),(0.,0.658433656332,1.),.UNSPECIFIED.);
#3620 = CARTESIAN_POINT('',(-14.55,-3.552713678801E-15,0.873686127919));
#3621 = CARTESIAN_POINT('',(-14.55,-0.859504814627,0.883089964822));
#3622 = CARTESIAN_POINT('',(-14.49076467277,-1.719454319389,
    0.892489923086));
#3623 = CARTESIAN_POINT('',(-14.37218408669,-2.574589391716,
    0.901889853066));
#3624 = CARTESIAN_POINT('',(-14.19480166139,-3.419868315191,
    0.911291705513));
#3625 = CARTESIAN_POINT('',(-13.95966227946,-4.250445081536,
    0.920696045492));
#3626 = CARTESIAN_POINT('',(-13.66826839527,-5.061663868261,
    0.930102945132));
#3627 = CARTESIAN_POINT('',(-13.14324221844,-6.257530636613,
    0.944393013483));
#3628 = CARTESIAN_POINT('',(-12.94929924503,-6.659585610619,
    0.949274570228));
#3629 = CARTESIAN_POINT('',(-12.74102077002,-7.054598911595,
    0.954156544396));
#3630 = CARTESIAN_POINT('',(-12.51871498448,-7.441959202541,
    0.959038814098));
#3631 = CARTESIAN_POINT('',(-12.2827221468,-7.82107284975,0.963921258351
    ));
#3632 = CARTESIAN_POINT('',(-12.03341465916,-8.191364155646,
    0.968803746945));
#3633 = CARTESIAN_POINT('',(-11.77119714408,-8.55227559162,
    0.973686130321));
#3634 = PCURVE('',#1367,#3635);
#3635 = DEFINITIONAL_REPRESENTATION('',(#3636),#3651);
#3636 = B_SPLINE_CURVE_WITH_KNOTS('',7,(#3637,#3638,#3639,#3640,#3641,
    #3642,#3643,#3644,#3645,#3646,#3647,#3648,#3649,#3650),
  .UNSPECIFIED.,.F.,.F.,(8,6,8),(0.,0.658433656332,1.),.UNSPECIFIED.);
#3637 = CARTESIAN_POINT('',(3.14159265359,0.673686127919));
#3638 = CARTESIAN_POINT('',(3.20066514944,0.683089964822));
#3639 = CARTESIAN_POINT('',(3.259768206531,0.692489923086));
#3640 = CARTESIAN_POINT('',(3.318877077254,0.701889853066));
#3641 = CARTESIAN_POINT('',(3.377983452343,0.711291705513));
#3642 = CARTESIAN_POINT('',(3.437085962695,0.720696045492));
#3643 = CARTESIAN_POINT('',(3.496187313168,0.730102945132));
#3644 = CARTESIAN_POINT('',(3.585949758032,0.744393013483));
#3645 = CARTESIAN_POINT('',(3.616609725258,0.749274570228));
#3646 = CARTESIAN_POINT('',(3.647269699638,0.754156544396));
#3647 = CARTESIAN_POINT('',(3.677929770816,0.759038814098));
#3648 = CARTESIAN_POINT('',(3.708590078673,0.763921258351));
#3649 = CARTESIAN_POINT('',(3.73925064394,0.768803746945));
#3650 = CARTESIAN_POINT('',(3.769911198815,0.773686130321));
#3651 = ( GEOMETRIC_REPRESENTATION_CONTEXT(2) 
PARAMETRIC_REPRESENTATION_CONTEXT() REPRESENTATION_CONTEXT('2D SPACE',''
  ) );
#3652 = PCURVE('',#3653,#3676);
#3653 = ( BOUNDED_SURFACE() B_SPLINE_SURFACE(1,6,(
    (#3654,#3655,#3656,#3657,#3658,#3659,#3660,#3661,#3662,#3663,#3664)
    ,(#3665,#3666,#3667,#3668,#3669,#3670,#3671,#3672,#3673,#3674,#3675
)),.UNSPECIFIED.,.F.,.F.,.F.) B_SPLINE_SURFACE_WITH_KNOTS((2,2),(7,4,7),
(1.,2.),(0.,0.5,1.),.UNSPECIFIED.) GEOMETRIC_REPRESENTATION_ITEM() 
RATIONAL_B_SPLINE_SURFACE((
    (1.,1.,1.,1.,1.,1.,1.,1.,1.,1.,1.)
,(1.,1.,1.,1.,1.,1.,1.,1.,1.,1.,1.
  ))) REPRESENTATION_ITEM('') SURFACE() );
#3654 = CARTESIAN_POINT('',(-14.75,-8.581692905569E-14,0.873686127912));
#3655 = CARTESIAN_POINT('',(-14.69791434925,-7.721310307681,
    0.957019461247));
#3656 = CARTESIAN_POINT('',(-10.05052867149,-15.44262061535,
    1.040352794728));
#3657 = CARTESIAN_POINT('',(8.756900032554E-02,-19.4024986517,
    1.123686128415));
#3658 = CARTESIAN_POINT('',(9.916842167874,-15.44262061535,1.20701946208
    ));
#3659 = CARTESIAN_POINT('',(19.583157832092,1.224842745388E-11,
    1.373686129069));
#3660 = CARTESIAN_POINT('',(9.916842167851,15.442620615369,
    1.540352795406));
#3661 = CARTESIAN_POINT('',(8.756900029388E-02,19.402498651712,
    1.623686128409));
#3662 = CARTESIAN_POINT('',(-10.05052867153,15.442620615361,
    1.707019461412));
#3663 = CARTESIAN_POINT('',(-14.69791434928,7.72131030768,1.79035279458)
  );
#3664 = CARTESIAN_POINT('',(-14.75000000004,-8.63088663145E-14,
    1.873686127912));
#3665 = CARTESIAN_POINT('',(-14.55,-4.635082714312E-15,0.873686127919));
#3666 = CARTESIAN_POINT('',(-14.49862059531,-7.61661457468,
    0.957019461254));
#3667 = CARTESIAN_POINT('',(-9.914250316748,-15.23322914935,
    1.040352794733));
#3668 = CARTESIAN_POINT('',(8.63816241327E-02,-19.13941392427,
    1.123686128415));
#3669 = CARTESIAN_POINT('',(9.782376511353,-15.23322914935,
    1.207019462076));
#3670 = CARTESIAN_POINT('',(19.317623488613,1.27278643405E-11,
    1.37368612906));
#3671 = CARTESIAN_POINT('',(9.782376511331,15.233229149369,
    1.540352795402));
#3672 = CARTESIAN_POINT('',(8.638162410125E-02,19.139413924283,
    1.623686128409));
#3673 = CARTESIAN_POINT('',(-9.914250316782,15.23322914936,
    1.707019461417));
#3674 = CARTESIAN_POINT('',(-14.49862059534,7.61661457468,1.790352794587
    ));
#3675 = CARTESIAN_POINT('',(-14.55000000004,-3.256979069459E-15,
    1.873686127919));
#3676 = DEFINITIONAL_REPRESENTATION('',(#3677),#3692);
#3677 = B_SPLINE_CURVE_WITH_KNOTS('',7,(#3678,#3679,#3680,#3681,#3682,
    #3683,#3684,#3685,#3686,#3687,#3688,#3689,#3690,#3691),
  .UNSPECIFIED.,.F.,.F.,(8,6,8),(0.,0.658433656332,1.),.UNSPECIFIED.);
#3678 = CARTESIAN_POINT('',(2.,0.));
#3679 = CARTESIAN_POINT('',(1.971010187484,9.403836903739E-03));
#3680 = CARTESIAN_POINT('',(1.957578272238,1.88037951652E-02));
#3681 = CARTESIAN_POINT('',(1.954458409048,2.820372514149E-02));
#3682 = CARTESIAN_POINT('',(1.957444027577,3.760557758253E-02));
#3683 = CARTESIAN_POINT('',(1.963555552713,4.700991755392E-02));
#3684 = CARTESIAN_POINT('',(1.970830469637,5.641681718462E-02));
#3685 = CARTESIAN_POINT('',(1.981823032317,7.070688551863E-02));
#3686 = CARTESIAN_POINT('',(1.985567719305,7.558844225687E-02));
#3687 = CARTESIAN_POINT('',(1.989134769749,8.047041641783E-02));
#3688 = CARTESIAN_POINT('',(1.992411820149,8.535268611247E-02));
#3689 = CARTESIAN_POINT('',(1.995331854023,9.023513035708E-02));
#3690 = CARTESIAN_POINT('',(1.997863278349,9.51176189436E-02));
#3691 = CARTESIAN_POINT('',(2.,0.10000000231));
#3692 = ( GEOMETRIC_REPRESENTATION_CONTEXT(2) 
PARAMETRIC_REPRESENTATION_CONTEXT() REPRESENTATION_CONTEXT('2D SPACE',''
  ) );
#3693 = ORIENTED_EDGE('',*,*,#3694,.F.);
#3694 = EDGE_CURVE('',#3695,#3616,#3697,.T.);
#3695 = VERTEX_POINT('',#3696);
#3696 = CARTESIAN_POINT('',(-4.496197475721,-13.83787224466,
    1.07368612587));
#3697 = SURFACE_CURVE('',#3698,(#3711,#3727),.PCURVE_S1.);
#3698 = B_SPLINE_CURVE_WITH_KNOTS('',6,(#3699,#3700,#3701,#3702,#3703,
    #3704,#3705,#3706,#3707,#3708,#3709,#3710),.UNSPECIFIED.,.F.,.F.,(7,
    5,7),(0.,0.640133026766,1.),.UNSPECIFIED.);
#3699 = CARTESIAN_POINT('',(-4.496197404313,-13.83787226785,
    1.073686126691));
#3700 = CARTESIAN_POINT('',(-5.423801234137,-13.53647550315,
    1.062966629366));
#3701 = CARTESIAN_POINT('',(-6.327219314058,-13.16044272231,
    1.052224823598));
#3702 = CARTESIAN_POINT('',(-7.198812171424,-12.71223716042,
    1.041466185253));
#3703 = CARTESIAN_POINT('',(-8.031498127846,-12.1953267613,
    1.030704451154));
#3704 = CARTESIAN_POINT('',(-8.818660942921,-11.61400060762,
    1.019971834431));
#3705 = CARTESIAN_POINT('',(-9.96779396348,-10.61349285113,
    1.003301104991));
#3706 = CARTESIAN_POINT('',(-10.36504993563,-10.23473953065,
    0.997320935264));
#3707 = CARTESIAN_POINT('',(-10.74496414927,-9.838208163572,
    0.991365254467));
#3708 = CARTESIAN_POINT('',(-11.10655165435,-9.424896057698,
    0.985439278916));
#3709 = CARTESIAN_POINT('',(-11.44890552819,-8.995871931317,
    0.979546328943));
#3710 = CARTESIAN_POINT('',(-11.77119714409,-8.552275591615,
    0.973686130321));
#3711 = PCURVE('',#1367,#3712);
#3712 = DEFINITIONAL_REPRESENTATION('',(#3713),#3726);
#3713 = B_SPLINE_CURVE_WITH_KNOTS('',6,(#3714,#3715,#3716,#3717,#3718,
    #3719,#3720,#3721,#3722,#3723,#3724,#3725),.UNSPECIFIED.,.F.,.F.,(7,
    5,7),(0.,0.640133026766,1.),.UNSPECIFIED.);
#3714 = CARTESIAN_POINT('',(4.398229705186,0.873686126691));
#3715 = CARTESIAN_POINT('',(4.331196001459,0.862966629366));
#3716 = CARTESIAN_POINT('',(4.264158093046,0.852224823598));
#3717 = CARTESIAN_POINT('',(4.197125169012,0.841466185253));
#3718 = CARTESIAN_POINT('',(4.130092246792,0.830704451154));
#3719 = CARTESIAN_POINT('',(4.063054321166,0.819971834431));
#3720 = CARTESIAN_POINT('',(3.958335811586,0.803301104991));
#3721 = CARTESIAN_POINT('',(3.920650792396,0.797320935264));
#3722 = CARTESIAN_POINT('',(3.882966014631,0.791365254467));
#3723 = CARTESIAN_POINT('',(3.845281206756,0.785439278916));
#3724 = CARTESIAN_POINT('',(3.807596094774,0.779546328943));
#3725 = CARTESIAN_POINT('',(3.769911198814,0.773686130321));
#3726 = ( GEOMETRIC_REPRESENTATION_CONTEXT(2) 
PARAMETRIC_REPRESENTATION_CONTEXT() REPRESENTATION_CONTEXT('2D SPACE',''
  ) );
#3727 = PCURVE('',#3728,#3751);
#3728 = ( BOUNDED_SURFACE() B_SPLINE_SURFACE(1,6,(
    (#3729,#3730,#3731,#3732,#3733,#3734,#3735,#3736,#3737,#3738,#3739)
    ,(#3740,#3741,#3742,#3743,#3744,#3745,#3746,#3747,#3748,#3749,#3750
)),.UNSPECIFIED.,.F.,.F.,.F.) B_SPLINE_SURFACE_WITH_KNOTS((2,2),(7,4,7),
(2.,3.),(0.,0.5,1.),.UNSPECIFIED.) GEOMETRIC_REPRESENTATION_ITEM() 
RATIONAL_B_SPLINE_SURFACE((
    (1.,1.,1.,1.,1.,1.,1.,1.,1.,1.,1.)
,(1.,1.,1.,1.,1.,1.,1.,1.,1.,1.,1.
  ))) REPRESENTATION_ITEM('') SURFACE() );
#3729 = CARTESIAN_POINT('',(-14.55,-4.635082714312E-15,0.873686127919));
#3730 = CARTESIAN_POINT('',(-14.49862059531,-7.61661457468,
    0.957019461254));
#3731 = CARTESIAN_POINT('',(-9.914250316748,-15.23322914935,
    1.040352794733));
#3732 = CARTESIAN_POINT('',(8.63816241327E-02,-19.13941392427,
    1.123686128415));
#3733 = CARTESIAN_POINT('',(9.782376511353,-15.23322914935,
    1.207019462076));
#3734 = CARTESIAN_POINT('',(19.317623488613,1.27278643405E-11,
    1.37368612906));
#3735 = CARTESIAN_POINT('',(9.782376511331,15.233229149369,
    1.540352795402));
#3736 = CARTESIAN_POINT('',(8.638162410125E-02,19.139413924283,
    1.623686128409));
#3737 = CARTESIAN_POINT('',(-9.914250316782,15.23322914936,
    1.707019461417));
#3738 = CARTESIAN_POINT('',(-14.49862059534,7.61661457468,1.790352794587
    ));
#3739 = CARTESIAN_POINT('',(-14.55000000004,-3.256979069459E-15,
    1.873686127919));
#3740 = CARTESIAN_POINT('',(-14.,2.17858379841E-13,0.7263140721));
#3741 = CARTESIAN_POINT('',(-13.95056277198,-7.32870130893,
    0.809647405435));
#3742 = CARTESIAN_POINT('',(-9.539484841186,-14.65740261785,
    0.892980738908));
#3743 = CARTESIAN_POINT('',(8.311633960829E-02,-18.41593092383,
    0.976314072578));
#3744 = CARTESIAN_POINT('',(9.412595955925,-14.65740261785,
    1.059647406226));
#3745 = CARTESIAN_POINT('',(18.587404044051,1.233557163839E-11,
    1.226314073198));
#3746 = CARTESIAN_POINT('',(9.412595955903,14.657402617869,
    1.392980739552));
#3747 = CARTESIAN_POINT('',(8.311633957741E-02,18.415930923849,
    1.476314072571));
#3748 = CARTESIAN_POINT('',(-9.53948484122,14.657402617861,
    1.559647405592));
#3749 = CARTESIAN_POINT('',(-13.95056277201,7.32870130893,1.642980738768
    ));
#3750 = CARTESIAN_POINT('',(-14.00000000003,2.243790959709E-13,
    1.7263140721));
#3751 = DEFINITIONAL_REPRESENTATION('',(#3752),#3765);
#3752 = B_SPLINE_CURVE_WITH_KNOTS('',6,(#3753,#3754,#3755,#3756,#3757,
    #3758,#3759,#3760,#3761,#3762,#3763,#3764),.UNSPECIFIED.,.F.,.F.,(7,
    5,7),(0.,0.640133026766,1.),.UNSPECIFIED.);
#3753 = CARTESIAN_POINT('',(2.,0.199999998434));
#3754 = CARTESIAN_POINT('',(2.000370430471,0.189335092241));
#3755 = CARTESIAN_POINT('',(2.000889989805,0.178669855031));
#3756 = CARTESIAN_POINT('',(2.001526721895,0.168005053233));
#3757 = CARTESIAN_POINT('',(2.002175563192,0.157338940237));
#3758 = CARTESIAN_POINT('',(2.002607677241,0.146670005077));
#3759 = CARTESIAN_POINT('',(2.002620610838,0.130001181727));
#3760 = CARTESIAN_POINT('',(2.002491255564,0.12400194866));
#3761 = CARTESIAN_POINT('',(2.002191731848,0.118002126451));
#3762 = CARTESIAN_POINT('',(2.001686900097,0.112001752818));
#3763 = CARTESIAN_POINT('',(2.000954998231,0.106000940974));
#3764 = CARTESIAN_POINT('',(2.,0.10000000231));
#3765 = ( GEOMETRIC_REPRESENTATION_CONTEXT(2) 
PARAMETRIC_REPRESENTATION_CONTEXT() REPRESENTATION_CONTEXT('2D SPACE',''
  ) );
#3766 = ORIENTED_EDGE('',*,*,#3767,.T.);
#3767 = EDGE_CURVE('',#3695,#3768,#3770,.T.);
#3768 = VERTEX_POINT('',#3769);
#3769 = CARTESIAN_POINT('',(4.496263381435,-13.83785083041,
    1.173686889172));
#3770 = SURFACE_CURVE('',#3771,(#3784,#3800),.PCURVE_S1.);
#3771 = B_SPLINE_CURVE_WITH_KNOTS('',6,(#3772,#3773,#3774,#3775,#3776,
    #3777,#3778,#3779,#3780,#3781,#3782,#3783),.UNSPECIFIED.,.F.,.F.,(7,
    5,7),(0.,0.334852338885,1.),.UNSPECIFIED.);
#3772 = CARTESIAN_POINT('',(-4.496197404313,-13.83787226785,
    1.073686126691));
#3773 = CARTESIAN_POINT('',(-4.010966663761,-13.99553329795,
    1.079264952671));
#3774 = CARTESIAN_POINT('',(-3.519099392368,-14.13277719007,
    1.084843898392));
#3775 = CARTESIAN_POINT('',(-3.021674516563,-14.24925361189,
    1.090423008839));
#3776 = CARTESIAN_POINT('',(-2.519787757152,-14.3446896684,
    1.096002397176));
#3777 = CARTESIAN_POINT('',(-2.014551351962,-14.41888999999,
    1.101582149065));
#3778 = CARTESIAN_POINT('',(-0.499084638601,-14.576711447,1.118246443413
    ));
#3779 = CARTESIAN_POINT('',(0.517774339735,-14.59743999417,
    1.129332880328));
#3780 = CARTESIAN_POINT('',(1.534515464067,-14.53296547666,
    1.140419943609));
#3781 = CARTESIAN_POINT('',(2.542300364977,-14.38367305343,
    1.151508257944));
#3782 = CARTESIAN_POINT('',(3.532405899309,-14.15103220192,
    1.162598038062));
#3783 = CARTESIAN_POINT('',(4.496263381435,-13.83785083041,
    1.173686889172));
#3784 = PCURVE('',#1367,#3785);
#3785 = DEFINITIONAL_REPRESENTATION('',(#3786),#3799);
#3786 = B_SPLINE_CURVE_WITH_KNOTS('',6,(#3787,#3788,#3789,#3790,#3791,
    #3792,#3793,#3794,#3795,#3796,#3797,#3798),.UNSPECIFIED.,.F.,.F.,(7,
    5,7),(0.,0.334852338885,1.),.UNSPECIFIED.);
#3787 = CARTESIAN_POINT('',(4.398229705186,0.873686126691));
#3788 = CARTESIAN_POINT('',(4.433295120675,0.879264952671));
#3789 = CARTESIAN_POINT('',(4.468360706633,0.884843898392));
#3790 = CARTESIAN_POINT('',(4.503426105973,0.890423008839));
#3791 = CARTESIAN_POINT('',(4.538491511802,0.896002397176));
#3792 = CARTESIAN_POINT('',(4.573557112215,0.901582149065));
#3793 = CARTESIAN_POINT('',(4.678276174333,0.918246443413));
#3794 = CARTESIAN_POINT('',(4.747934983106,0.929332880328));
#3795 = CARTESIAN_POINT('',(4.817587782026,0.940419943609));
#3796 = CARTESIAN_POINT('',(4.887240555493,0.951508257944));
#3797 = CARTESIAN_POINT('',(4.956899325495,0.962598038062));
#3798 = CARTESIAN_POINT('',(5.026553023453,0.973686889172));
#3799 = ( GEOMETRIC_REPRESENTATION_CONTEXT(2) 
PARAMETRIC_REPRESENTATION_CONTEXT() REPRESENTATION_CONTEXT('2D SPACE',''
  ) );
#3800 = PCURVE('',#3801,#3824);
#3801 = ( BOUNDED_SURFACE() B_SPLINE_SURFACE(1,6,(
    (#3802,#3803,#3804,#3805,#3806,#3807,#3808,#3809,#3810,#3811,#3812)
    ,(#3813,#3814,#3815,#3816,#3817,#3818,#3819,#3820,#3821,#3822,#3823
)),.UNSPECIFIED.,.F.,.F.,.F.) B_SPLINE_SURFACE_WITH_KNOTS((2,2),(7,4,7),
(1.,2.),(0.,0.5,1.),.UNSPECIFIED.) GEOMETRIC_REPRESENTATION_ITEM() 
RATIONAL_B_SPLINE_SURFACE((
    (1.,1.,1.,1.,1.,1.,1.,1.,1.,1.,1.)
,(1.,1.,1.,1.,1.,1.,1.,1.,1.,1.,1.
  ))) REPRESENTATION_ITEM('') SURFACE() );
#3802 = CARTESIAN_POINT('',(-14.75,-8.581692905569E-14,0.873686127912));
#3803 = CARTESIAN_POINT('',(-14.69791434925,-7.721310307681,
    0.957019461247));
#3804 = CARTESIAN_POINT('',(-10.05052867149,-15.44262061535,
    1.040352794728));
#3805 = CARTESIAN_POINT('',(8.756900032554E-02,-19.4024986517,
    1.123686128415));
#3806 = CARTESIAN_POINT('',(9.916842167874,-15.44262061535,1.20701946208
    ));
#3807 = CARTESIAN_POINT('',(19.583157832092,1.224842745388E-11,
    1.373686129069));
#3808 = CARTESIAN_POINT('',(9.916842167851,15.442620615369,
    1.540352795406));
#3809 = CARTESIAN_POINT('',(8.756900029388E-02,19.402498651712,
    1.623686128409));
#3810 = CARTESIAN_POINT('',(-10.05052867153,15.442620615361,
    1.707019461412));
#3811 = CARTESIAN_POINT('',(-14.69791434928,7.72131030768,1.79035279458)
  );
#3812 = CARTESIAN_POINT('',(-14.75000000004,-8.63088663145E-14,
    1.873686127912));
#3813 = CARTESIAN_POINT('',(-14.55,-4.635082714312E-15,0.873686127919));
#3814 = CARTESIAN_POINT('',(-14.49862059531,-7.61661457468,
    0.957019461254));
#3815 = CARTESIAN_POINT('',(-9.914250316748,-15.23322914935,
    1.040352794733));
#3816 = CARTESIAN_POINT('',(8.63816241327E-02,-19.13941392427,
    1.123686128415));
#3817 = CARTESIAN_POINT('',(9.782376511353,-15.23322914935,
    1.207019462076));
#3818 = CARTESIAN_POINT('',(19.317623488613,1.27278643405E-11,
    1.37368612906));
#3819 = CARTESIAN_POINT('',(9.782376511331,15.233229149369,
    1.540352795402));
#3820 = CARTESIAN_POINT('',(8.638162410125E-02,19.139413924283,
    1.623686128409));
#3821 = CARTESIAN_POINT('',(-9.914250316782,15.23322914936,
    1.707019461417));
#3822 = CARTESIAN_POINT('',(-14.49862059534,7.61661457468,1.790352794587
    ));
#3823 = CARTESIAN_POINT('',(-14.55000000004,-3.256979069459E-15,
    1.873686127919));
#3824 = DEFINITIONAL_REPRESENTATION('',(#3825),#3838);
#3825 = B_SPLINE_CURVE_WITH_KNOTS('',6,(#3826,#3827,#3828,#3829,#3830,
    #3831,#3832,#3833,#3834,#3835,#3836,#3837),.UNSPECIFIED.,.F.,.F.,(7,
    5,7),(0.,0.334852338885,1.),.UNSPECIFIED.);
#3826 = CARTESIAN_POINT('',(2.,0.199999998434));
#3827 = CARTESIAN_POINT('',(1.999467125214,0.205578824398));
#3828 = CARTESIAN_POINT('',(1.999046288348,0.211157770102));
#3829 = CARTESIAN_POINT('',(1.998749895916,0.216736880533));
#3830 = CARTESIAN_POINT('',(1.998573537335,0.222316268852));
#3831 = CARTESIAN_POINT('',(1.998501486615,0.227896020725));
#3832 = CARTESIAN_POINT('',(1.998533493076,0.244560315021));
#3833 = CARTESIAN_POINT('',(1.998881196933,0.255646751901));
#3834 = CARTESIAN_POINT('',(1.999390131652,0.266733815148));
#3835 = CARTESIAN_POINT('',(1.9998001538,0.277822129448));
#3836 = CARTESIAN_POINT('',(1.999997186678,0.288911909533));
#3837 = CARTESIAN_POINT('',(2.,0.30000076061));
#3838 = ( GEOMETRIC_REPRESENTATION_CONTEXT(2) 
PARAMETRIC_REPRESENTATION_CONTEXT() REPRESENTATION_CONTEXT('2D SPACE',''
  ) );
#3839 = ORIENTED_EDGE('',*,*,#3840,.T.);
#3840 = EDGE_CURVE('',#3768,#3841,#3843,.T.);
#3841 = VERTEX_POINT('',#3842);
#3842 = CARTESIAN_POINT('',(4.529740889141,-13.8269283457,1.174072188274
    ));
#3843 = SURFACE_CURVE('',#3844,(#3856,#3866),.PCURVE_S1.);
#3844 = ( BOUNDED_CURVE() B_SPLINE_CURVE(6,(#3845,#3846,#3847,#3848,
    #3849,#3850,#3851,#3852,#3853,#3854,#3855),.UNSPECIFIED.,.F.,.F.) 
B_SPLINE_CURVE_WITH_KNOTS((7,4,7),(0.,0.5,1.),.UNSPECIFIED.) CURVE() 
GEOMETRIC_REPRESENTATION_ITEM() RATIONAL_B_SPLINE_CURVE((1.,1.,1.,1.,1.,
1.,1.,1.,1.,1.,1.)) REPRESENTATION_ITEM('') );
#3845 = CARTESIAN_POINT('',(-14.55,-4.635082714312E-15,0.873686127919));
#3846 = CARTESIAN_POINT('',(-14.49862059531,-7.61661457468,
    0.957019461254));
#3847 = CARTESIAN_POINT('',(-9.914250316748,-15.23322914935,
    1.040352794733));
#3848 = CARTESIAN_POINT('',(8.63816241327E-02,-19.13941392427,
    1.123686128415));
#3849 = CARTESIAN_POINT('',(9.782376511353,-15.23322914935,
    1.207019462076));
#3850 = CARTESIAN_POINT('',(19.317623488613,1.27278643405E-11,
    1.37368612906));
#3851 = CARTESIAN_POINT('',(9.782376511331,15.233229149369,
    1.540352795402));
#3852 = CARTESIAN_POINT('',(8.638162410125E-02,19.139413924283,
    1.623686128409));
#3853 = CARTESIAN_POINT('',(-9.914250316782,15.23322914936,
    1.707019461417));
#3854 = CARTESIAN_POINT('',(-14.49862059534,7.61661457468,1.790352794587
    ));
#3855 = CARTESIAN_POINT('',(-14.55000000004,-3.256979069459E-15,
    1.873686127919));
#3856 = PCURVE('',#1367,#3857);
#3857 = DEFINITIONAL_REPRESENTATION('',(#3858),#3865);
#3858 = B_SPLINE_CURVE_WITH_KNOTS('',5,(#3859,#3860,#3861,#3862,#3863,
    #3864),.UNSPECIFIED.,.F.,.F.,(6,6),(0.30000076061,0.300386059711),
  .PIECEWISE_BEZIER_KNOTS.);
#3859 = CARTESIAN_POINT('',(5.026553023453,0.973686889172));
#3860 = CARTESIAN_POINT('',(5.027037068318,0.973763948992));
#3861 = CARTESIAN_POINT('',(5.027521113223,0.973841008813));
#3862 = CARTESIAN_POINT('',(5.028005158167,0.973918068633));
#3863 = CARTESIAN_POINT('',(5.028489203154,0.973995128453));
#3864 = CARTESIAN_POINT('',(5.028973248184,0.974072188274));
#3865 = ( GEOMETRIC_REPRESENTATION_CONTEXT(2) 
PARAMETRIC_REPRESENTATION_CONTEXT() REPRESENTATION_CONTEXT('2D SPACE',''
  ) );
#3866 = PCURVE('',#3728,#3867);
#3867 = DEFINITIONAL_REPRESENTATION('',(#3868),#3872);
#3868 = LINE('',#3869,#3870);
#3869 = CARTESIAN_POINT('',(2.,0.));
#3870 = VECTOR('',#3871,1.);
#3871 = DIRECTION('',(0.,1.));
#3872 = ( GEOMETRIC_REPRESENTATION_CONTEXT(2) 
PARAMETRIC_REPRESENTATION_CONTEXT() REPRESENTATION_CONTEXT('2D SPACE',''
  ) );
#3873 = ORIENTED_EDGE('',*,*,#3874,.F.);
#3874 = EDGE_CURVE('',#3875,#3841,#3877,.T.);
#3875 = VERTEX_POINT('',#3876);
#3876 = CARTESIAN_POINT('',(11.771198424885,-8.552273828818,
    1.273686150328));
#3877 = SURFACE_CURVE('',#3878,(#3891,#3907),.PCURVE_S1.);
#3878 = B_SPLINE_CURVE_WITH_KNOTS('',6,(#3879,#3880,#3881,#3882,#3883,
    #3884,#3885,#3886,#3887,#3888,#3889,#3890),.UNSPECIFIED.,.F.,.F.,(7,
    5,7),(0.,0.363321018397,1.),.UNSPECIFIED.);
#3879 = CARTESIAN_POINT('',(11.771198258362,-8.552274057953,
    1.27368614723));
#3880 = CARTESIAN_POINT('',(11.447070420776,-8.998397862151,
    1.26765580132));
#3881 = CARTESIAN_POINT('',(11.102650829473,-9.429783241676,
    1.261625428696));
#3882 = CARTESIAN_POINT('',(10.738782291839,-9.845270787607,
    1.255595009771));
#3883 = CARTESIAN_POINT('',(10.356387698483,-10.24377379133,
    1.249564397831));
#3884 = CARTESIAN_POINT('',(9.956469712944,-10.62427861999,
    1.243533465889));
#3885 = CARTESIAN_POINT('',(8.810487976509,-11.61944942941,
    1.226933236189));
#3886 = CARTESIAN_POINT('',(8.030323237941,-12.19494387585,
    1.216362583865));
#3887 = CARTESIAN_POINT('',(7.20549776681,-12.70719783405,1.205791447564
    ));
#3888 = CARTESIAN_POINT('',(6.342446622878,-13.15203848203,
    1.195219142634));
#3889 = CARTESIAN_POINT('',(5.448053904517,-13.52608639996,
    1.184645407916));
#3890 = CARTESIAN_POINT('',(4.529740901279,-13.82692834172,
    1.174072188413));
#3891 = PCURVE('',#1367,#3892);
#3892 = DEFINITIONAL_REPRESENTATION('',(#3893),#3906);
#3893 = B_SPLINE_CURVE_WITH_KNOTS('',6,(#3894,#3895,#3896,#3897,#3898,
    #3899,#3900,#3901,#3902,#3903,#3904,#3905),.UNSPECIFIED.,.F.,.F.,(7,
    5,7),(0.,0.363321018397,1.),.UNSPECIFIED.);
#3894 = CARTESIAN_POINT('',(5.654866892244,1.07368614723));
#3895 = CARTESIAN_POINT('',(5.616967283861,1.06765580132));
#3896 = CARTESIAN_POINT('',(5.579067430344,1.061625428696));
#3897 = CARTESIAN_POINT('',(5.541167858691,1.055595009771));
#3898 = CARTESIAN_POINT('',(5.503268283571,1.049564397831));
#3899 = CARTESIAN_POINT('',(5.465368422668,1.043533465889));
#3900 = CARTESIAN_POINT('',(5.361054032028,1.026933236189));
#3901 = CARTESIAN_POINT('',(5.294635159813,1.016362583865));
#3902 = CARTESIAN_POINT('',(5.228221028191,1.005791447564));
#3903 = CARTESIAN_POINT('',(5.16180691927,0.995219142634));
#3904 = CARTESIAN_POINT('',(5.095388072408,0.984645407916));
#3905 = CARTESIAN_POINT('',(5.028973249061,0.974072188413));
#3906 = ( GEOMETRIC_REPRESENTATION_CONTEXT(2) 
PARAMETRIC_REPRESENTATION_CONTEXT() REPRESENTATION_CONTEXT('2D SPACE',''
  ) );
#3907 = PCURVE('',#3908,#3931);
#3908 = ( BOUNDED_SURFACE() B_SPLINE_SURFACE(1,6,(
    (#3909,#3910,#3911,#3912,#3913,#3914,#3915,#3916,#3917,#3918,#3919)
    ,(#3920,#3921,#3922,#3923,#3924,#3925,#3926,#3927,#3928,#3929,#3930
)),.UNSPECIFIED.,.F.,.F.,.F.) B_SPLINE_SURFACE_WITH_KNOTS((2,2),(7,4,7),
(1.,2.),(0.,0.5,1.),.UNSPECIFIED.) GEOMETRIC_REPRESENTATION_ITEM() 
RATIONAL_B_SPLINE_SURFACE((
    (1.,1.,1.,1.,1.,1.,1.,1.,1.,1.,1.)
,(1.,1.,1.,1.,1.,1.,1.,1.,1.,1.,1.
  ))) REPRESENTATION_ITEM('') SURFACE() );
#3909 = CARTESIAN_POINT('',(-14.75,-8.581692905569E-14,0.873686127912));
#3910 = CARTESIAN_POINT('',(-14.69791434925,-7.721310307681,
    0.957019461247));
#3911 = CARTESIAN_POINT('',(-10.05052867149,-15.44262061535,
    1.040352794728));
#3912 = CARTESIAN_POINT('',(8.756900032554E-02,-19.4024986517,
    1.123686128415));
#3913 = CARTESIAN_POINT('',(9.916842167874,-15.44262061535,1.20701946208
    ));
#3914 = CARTESIAN_POINT('',(19.583157832092,1.224842745388E-11,
    1.373686129069));
#3915 = CARTESIAN_POINT('',(9.916842167851,15.442620615369,
    1.540352795406));
#3916 = CARTESIAN_POINT('',(8.756900029388E-02,19.402498651712,
    1.623686128409));
#3917 = CARTESIAN_POINT('',(-10.05052867153,15.442620615361,
    1.707019461412));
#3918 = CARTESIAN_POINT('',(-14.69791434928,7.72131030768,1.79035279458)
  );
#3919 = CARTESIAN_POINT('',(-14.75000000004,-8.63088663145E-14,
    1.873686127912));
#3920 = CARTESIAN_POINT('',(-14.55,-4.635082714312E-15,0.873686127919));
#3921 = CARTESIAN_POINT('',(-14.49862059531,-7.61661457468,
    0.957019461254));
#3922 = CARTESIAN_POINT('',(-9.914250316748,-15.23322914935,
    1.040352794733));
#3923 = CARTESIAN_POINT('',(8.63816241327E-02,-19.13941392427,
    1.123686128415));
#3924 = CARTESIAN_POINT('',(9.782376511353,-15.23322914935,
    1.207019462076));
#3925 = CARTESIAN_POINT('',(19.317623488613,1.27278643405E-11,
    1.37368612906));
#3926 = CARTESIAN_POINT('',(9.782376511331,15.233229149369,
    1.540352795402));
#3927 = CARTESIAN_POINT('',(8.638162410125E-02,19.139413924283,
    1.623686128409));
#3928 = CARTESIAN_POINT('',(-9.914250316782,15.23322914936,
    1.707019461417));
#3929 = CARTESIAN_POINT('',(-14.49862059534,7.61661457468,1.790352794587
    ));
#3930 = CARTESIAN_POINT('',(-14.55000000004,-3.256979069459E-15,
    1.873686127919));
#3931 = DEFINITIONAL_REPRESENTATION('',(#3932),#3945);
#3932 = B_SPLINE_CURVE_WITH_KNOTS('',6,(#3933,#3934,#3935,#3936,#3937,
    #3938,#3939,#3940,#3941,#3942,#3943,#3944),.UNSPECIFIED.,.F.,.F.,(7,
    5,7),(0.,0.363321018397,1.),.UNSPECIFIED.);
#3933 = CARTESIAN_POINT('',(2.,0.400000018423));
#3934 = CARTESIAN_POINT('',(1.999631167941,0.393969672524));
#3935 = CARTESIAN_POINT('',(1.999313500442,0.387939299911));
#3936 = CARTESIAN_POINT('',(1.999074031361,0.381908880998));
#3937 = CARTESIAN_POINT('',(1.998923525001,0.375878269071));
#3938 = CARTESIAN_POINT('',(1.998858794986,0.369847337143));
#3939 = CARTESIAN_POINT('',(1.998875937276,0.353247107481));
#3940 = CARTESIAN_POINT('',(1.999104823948,0.342676455183));
#3941 = CARTESIAN_POINT('',(1.999478214076,0.332105318911));
#3942 = CARTESIAN_POINT('',(1.999818564749,0.321533014009));
#3943 = CARTESIAN_POINT('',(1.999997319444,0.310959279322));
#3944 = CARTESIAN_POINT('',(2.,0.30038605985));
#3945 = ( GEOMETRIC_REPRESENTATION_CONTEXT(2) 
PARAMETRIC_REPRESENTATION_CONTEXT() REPRESENTATION_CONTEXT('2D SPACE',''
  ) );
#3946 = ORIENTED_EDGE('',*,*,#3947,.T.);
#3947 = EDGE_CURVE('',#3875,#2438,#3948,.T.);
#3948 = SURFACE_CURVE('',#3949,(#3962,#3978),.PCURVE_S1.);
#3949 = B_SPLINE_CURVE_WITH_KNOTS('',6,(#3950,#3951,#3952,#3953,#3954,
    #3955,#3956,#3957,#3958,#3959,#3960,#3961),.UNSPECIFIED.,.F.,.F.,(7,
    5,7),(0.,0.512012264585,1.),.UNSPECIFIED.);
#3950 = CARTESIAN_POINT('',(11.771198258316,-8.552274058016,
    1.273686147229));
#3951 = CARTESIAN_POINT('',(12.229749514815,-7.921132245297,
    1.282189456142));
#3952 = CARTESIAN_POINT('',(12.647704617874,-7.260470110804,
    1.290687505755));
#3953 = CARTESIAN_POINT('',(13.022660206602,-6.573587304824,
    1.299184095439));
#3954 = CARTESIAN_POINT('',(13.352619975177,-5.863991594695,
    1.307686674035));
#3955 = CARTESIAN_POINT('',(13.635947292228,-5.135372383129,
    1.316204572325));
#3956 = CARTESIAN_POINT('',(14.09583367151,-3.682771668971,
    1.332873868932));
#3957 = CARTESIAN_POINT('',(14.276789448409,-2.960142788341,
    1.34102410371));
#3958 = CARTESIAN_POINT('',(14.413212697376,-2.227101790886,
    1.349191588247));
#3959 = CARTESIAN_POINT('',(14.504405315616,-1.487072539445,
    1.357372818362));
#3960 = CARTESIAN_POINT('',(14.54999999966,-0.743529064565,
    1.365551182058));
#3961 = CARTESIAN_POINT('',(14.55,-3.552713678801E-15,1.373686128905));
#3962 = PCURVE('',#1367,#3963);
#3963 = DEFINITIONAL_REPRESENTATION('',(#3964),#3977);
#3964 = B_SPLINE_CURVE_WITH_KNOTS('',6,(#3965,#3966,#3967,#3968,#3969,
    #3970,#3971,#3972,#3973,#3974,#3975,#3976),.UNSPECIFIED.,.F.,.F.,(7,
    5,7),(0.,0.512012264585,1.),.UNSPECIFIED.);
#3965 = CARTESIAN_POINT('',(5.654866892239,1.073686147229));
#3966 = CARTESIAN_POINT('',(5.708484357417,1.082189456142));
#3967 = CARTESIAN_POINT('',(5.762103231495,1.090687505755));
#3968 = CARTESIAN_POINT('',(5.815720470432,1.099184095439));
#3969 = CARTESIAN_POINT('',(5.869337702303,1.107686674035));
#3970 = CARTESIAN_POINT('',(5.922956550375,1.116204572325));
#3971 = CARTESIAN_POINT('',(6.027675552685,1.132873868932));
#3972 = CARTESIAN_POINT('',(6.078778270615,1.14102410371));
#3973 = CARTESIAN_POINT('',(6.129879665088,1.149191588247));
#3974 = CARTESIAN_POINT('',(6.180981015217,1.157372818362));
#3975 = CARTESIAN_POINT('',(6.232083653258,1.165551182058));
#3976 = CARTESIAN_POINT('',(6.28318530718,1.173686128905));
#3977 = ( GEOMETRIC_REPRESENTATION_CONTEXT(2) 
PARAMETRIC_REPRESENTATION_CONTEXT() REPRESENTATION_CONTEXT('2D SPACE',''
  ) );
#3978 = PCURVE('',#3728,#3979);
#3979 = DEFINITIONAL_REPRESENTATION('',(#3980),#3993);
#3980 = B_SPLINE_CURVE_WITH_KNOTS('',6,(#3981,#3982,#3983,#3984,#3985,
    #3986,#3987,#3988,#3989,#3990,#3991,#3992),.UNSPECIFIED.,.F.,.F.,(7,
    5,7),(0.,0.512012264585,1.),.UNSPECIFIED.);
#3981 = CARTESIAN_POINT('',(2.,0.400000018422));
#3982 = CARTESIAN_POINT('',(2.00018974377,0.408531290249));
#3983 = CARTESIAN_POINT('',(2.000416862534,0.417062810807));
#3984 = CARTESIAN_POINT('',(2.00065424182,0.425594383551));
#3985 = CARTESIAN_POINT('',(2.00085510897,0.434126564342));
#3986 = CARTESIAN_POINT('',(2.000958837859,0.442659749361));
#3987 = CARTESIAN_POINT('',(2.00094251264,0.459326640072));
#3988 = CARTESIAN_POINT('',(2.000832674475,0.467460690947));
#3989 = CARTESIAN_POINT('',(2.000608441636,0.475595118604));
#3990 = CARTESIAN_POINT('',(2.00029349217,0.483729949738));
#3991 = CARTESIAN_POINT('',(2.000000011602,0.491865052917));
#3992 = CARTESIAN_POINT('',(2.000000012215,0.499999999854));
#3993 = ( GEOMETRIC_REPRESENTATION_CONTEXT(2) 
PARAMETRIC_REPRESENTATION_CONTEXT() REPRESENTATION_CONTEXT('2D SPACE',''
  ) );
#3994 = ADVANCED_FACE('',(#3995),#2170,.F.);
#3995 = FACE_BOUND('',#3996,.F.);
#3996 = EDGE_LOOP('',(#3997,#4026,#4027,#4119,#4173,#4192,#4221,#4222,
    #4251,#4252,#4281,#4282));
#3997 = ORIENTED_EDGE('',*,*,#3998,.F.);
#3998 = EDGE_CURVE('',#2244,#2072,#3999,.T.);
#3999 = SURFACE_CURVE('',#4000,(#4012,#4019),.PCURVE_S1.);
#4000 = ( BOUNDED_CURVE() B_SPLINE_CURVE(6,(#4001,#4002,#4003,#4004,
    #4005,#4006,#4007,#4008,#4009,#4010,#4011),.UNSPECIFIED.,.F.,.F.) 
B_SPLINE_CURVE_WITH_KNOTS((7,4,7),(0.,0.5,1.),.UNSPECIFIED.) CURVE() 
GEOMETRIC_REPRESENTATION_ITEM() RATIONAL_B_SPLINE_CURVE((1.,1.,1.,1.,1.,
1.,1.,1.,1.,1.,1.)) REPRESENTATION_ITEM('') );
#4001 = CARTESIAN_POINT('',(-14.55,-1.770852586041E-15,-0.126313872081)
  );
#4002 = CARTESIAN_POINT('',(-14.4986205953,-7.61661457468,
    -4.298053874794E-02));
#4003 = CARTESIAN_POINT('',(-9.914250316742,-15.23322914935,
    4.035279457661E-02));
#4004 = CARTESIAN_POINT('',(8.638162413974E-02,-19.13941392427,
    0.123686127922));
#4005 = CARTESIAN_POINT('',(9.782376511365,-15.23322914935,
    0.207019461255));
#4006 = CARTESIAN_POINT('',(19.317623488636,-7.554631119558E-14,
    0.373686127919));
#4007 = CARTESIAN_POINT('',(9.782376511365,15.233229149359,
    0.540352794582));
#4008 = CARTESIAN_POINT('',(8.638162413962E-02,19.139413924278,
    0.623686127915));
#4009 = CARTESIAN_POINT('',(-9.914250316742,15.233229149359,
    0.70701946126));
#4010 = CARTESIAN_POINT('',(-14.4986205953,7.61661457468,0.790352794585)
  );
#4011 = CARTESIAN_POINT('',(-14.55,-5.526794735474E-15,0.873686127919));
#4012 = PCURVE('',#2170,#4013);
#4013 = DEFINITIONAL_REPRESENTATION('',(#4014),#4018);
#4014 = LINE('',#4015,#4016);
#4015 = CARTESIAN_POINT('',(2.,0.));
#4016 = VECTOR('',#4017,1.);
#4017 = DIRECTION('',(0.,1.));
#4018 = ( GEOMETRIC_REPRESENTATION_CONTEXT(2) 
PARAMETRIC_REPRESENTATION_CONTEXT() REPRESENTATION_CONTEXT('2D SPACE',''
  ) );
#4019 = PCURVE('',#2101,#4020);
#4020 = DEFINITIONAL_REPRESENTATION('',(#4021),#4025);
#4021 = LINE('',#4022,#4023);
#4022 = CARTESIAN_POINT('',(2.,0.));
#4023 = VECTOR('',#4024,1.);
#4024 = DIRECTION('',(0.,1.));
#4025 = ( GEOMETRIC_REPRESENTATION_CONTEXT(2) 
PARAMETRIC_REPRESENTATION_CONTEXT() REPRESENTATION_CONTEXT('2D SPACE',''
  ) );
#4026 = ORIENTED_EDGE('',*,*,#2243,.F.);
#4027 = ORIENTED_EDGE('',*,*,#4028,.F.);
#4028 = EDGE_CURVE('',#4029,#2213,#4031,.T.);
#4029 = VERTEX_POINT('',#4030);
#4030 = CARTESIAN_POINT('',(0.494610315511,13.991060543965,
    0.470699583239));
#4031 = SURFACE_CURVE('',#4032,(#4059,#4089),.PCURVE_S1.);
#4032 = B_SPLINE_CURVE_WITH_KNOTS('',7,(#4033,#4034,#4035,#4036,#4037,
    #4038,#4039,#4040,#4041,#4042,#4043,#4044,#4045,#4046,#4047,#4048,
    #4049,#4050,#4051,#4052,#4053,#4054,#4055,#4056,#4057,#4058),
  .UNSPECIFIED.,.F.,.F.,(8,6,6,6,8),(0.,0.248260208334,0.503262865561,
    0.70987057105,1.),.UNSPECIFIED.);
#4033 = CARTESIAN_POINT('',(0.494610315511,13.991060543965,
    0.470699583239));
#4034 = CARTESIAN_POINT('',(1.575083960673,13.962577228048,
    0.460992186846));
#4035 = CARTESIAN_POINT('',(2.653180126126,13.83676900868,0.451286011391
    ));
#4036 = CARTESIAN_POINT('',(3.718047057796,13.613949416352,
    0.441593714384));
#4037 = CARTESIAN_POINT('',(4.759319713117,13.296006108308,
    0.431923149863));
#4038 = CARTESIAN_POINT('',(5.767043124292,12.886080676811,
    0.422272550233));
#4039 = CARTESIAN_POINT('',(6.731686703619,12.388551096131,
    0.412633486986));
#4040 = CARTESIAN_POINT('',(8.581596386687,11.214351213324,
    0.393108143456));
#4041 = CARTESIAN_POINT('',(9.464331331608,10.53296920366,0.383218705359
    ));
#4042 = CARTESIAN_POINT('',(10.282639818714,9.771453779855,
    0.373328505867));
#4043 = CARTESIAN_POINT('',(11.028052690764,8.937296536637,
    0.363428674959));
#4044 = CARTESIAN_POINT('',(11.693186405544,8.038911583451,
    0.353517807114));
#4045 = CARTESIAN_POINT('',(12.271734036498,7.085627260043,
    0.343610834056));
#4046 = CARTESIAN_POINT('',(13.15335744784,5.279511604037,0.325715515051
    ));
#4047 = CARTESIAN_POINT('',(13.487968878477,4.4417593086,0.317718012525)
  );
#4048 = CARTESIAN_POINT('',(13.759946142726,3.580118002325,
    0.309741134129));
#4049 = CARTESIAN_POINT('',(13.967365799148,2.700227625657,
    0.301791949405));
#4050 = CARTESIAN_POINT('',(14.108924943478,1.807855548404,
    0.293869976349));
#4051 = CARTESIAN_POINT('',(14.183946982064,0.908890876932,
    0.285956527136));
#4052 = CARTESIAN_POINT('',(14.204504646981,-1.253798842888,
    0.266825790118));
#4053 = CARTESIAN_POINT('',(14.085440509007,-2.518600534947,
    0.255559920253));
#4054 = CARTESIAN_POINT('',(13.835001654551,-3.767989292742,
    0.244357419029));
#4055 = CARTESIAN_POINT('',(13.455977608734,-4.98582791859,
    0.233232292834));
#4056 = CARTESIAN_POINT('',(12.953332701306,-6.156718372649,
    0.222146111605));
#4057 = CARTESIAN_POINT('',(12.334197315874,-7.265982989773,
    0.211071510308));
#4058 = CARTESIAN_POINT('',(11.608514665667,-8.299973343752,0.2000001));
#4059 = PCURVE('',#2170,#4060);
#4060 = DEFINITIONAL_REPRESENTATION('',(#4061),#4088);
#4061 = B_SPLINE_CURVE_WITH_KNOTS('',7,(#4062,#4063,#4064,#4065,#4066,
    #4067,#4068,#4069,#4070,#4071,#4072,#4073,#4074,#4075,#4076,#4077,
    #4078,#4079,#4080,#4081,#4082,#4083,#4084,#4085,#4086,#4087),
  .UNSPECIFIED.,.F.,.F.,(8,6,6,6,8),(0.,0.248260208334,0.503262865561,
    0.70987057105,1.),.UNSPECIFIED.);
#4062 = CARTESIAN_POINT('',(3.,0.744385511158));
#4063 = CARTESIAN_POINT('',(2.982489634052,0.732097576137));
#4064 = CARTESIAN_POINT('',(2.965013465917,0.719815901855));
#4065 = CARTESIAN_POINT('',(2.947512116103,0.707544394947));
#4066 = CARTESIAN_POINT('',(2.929933946881,0.695283299491));
#4067 = CARTESIAN_POINT('',(2.912284045863,0.683031597663));
#4068 = CARTESIAN_POINT('',(2.894620529724,0.670789425729));
#4069 = CARTESIAN_POINT('',(2.858897204251,0.645999462283));
#4070 = CARTESIAN_POINT('',(2.840833482833,0.633447936424));
#4071 = CARTESIAN_POINT('',(2.8228679144,0.620910114178));
#4072 = CARTESIAN_POINT('',(2.805050036497,0.608384425973));
#4073 = CARTESIAN_POINT('',(2.787372723781,0.595868416211));
#4074 = CARTESIAN_POINT('',(2.769720710361,0.583360029645));
#4075 = CARTESIAN_POINT('',(2.737643874463,0.560737481389));
#4076 = CARTESIAN_POINT('',(2.723238735037,0.550617063851));
#4077 = CARTESIAN_POINT('',(2.708735818986,0.540502860901));
#4078 = CARTESIAN_POINT('',(2.694085237637,0.530394589884));
#4079 = CARTESIAN_POINT('',(2.679287061445,0.52029177918));
#4080 = CARTESIAN_POINT('',(2.664470056092,0.510194717426));
#4081 = CARTESIAN_POINT('',(2.629677749446,0.485936566649));
#4082 = CARTESIAN_POINT('',(2.610040520702,0.471776718014));
#4083 = CARTESIAN_POINT('',(2.590090096107,0.457634081702));
#4084 = CARTESIAN_POINT('',(2.569727051097,0.4435080117));
#4085 = CARTESIAN_POINT('',(2.549192821352,0.429395658818));
#4086 = CARTESIAN_POINT('',(2.528652450269,0.415293980807));
#4087 = CARTESIAN_POINT('',(2.508208521077,0.401209706625));
#4088 = ( GEOMETRIC_REPRESENTATION_CONTEXT(2) 
PARAMETRIC_REPRESENTATION_CONTEXT() REPRESENTATION_CONTEXT('2D SPACE',''
  ) );
#4089 = PCURVE('',#2231,#4090);
#4090 = DEFINITIONAL_REPRESENTATION('',(#4091),#4118);
#4091 = B_SPLINE_CURVE_WITH_KNOTS('',7,(#4092,#4093,#4094,#4095,#4096,
    #4097,#4098,#4099,#4100,#4101,#4102,#4103,#4104,#4105,#4106,#4107,
    #4108,#4109,#4110,#4111,#4112,#4113,#4114,#4115,#4116,#4117),
  .UNSPECIFIED.,.F.,.F.,(8,6,6,6,8),(0.,0.248260208334,0.503262865561,
    0.70987057105,1.),.UNSPECIFIED.);
#4092 = CARTESIAN_POINT('',(-4.677051814843,9.800516760887E-03));
#4093 = CARTESIAN_POINT('',(-4.599850327415,1.950791315419E-02));
#4094 = CARTESIAN_POINT('',(-4.522698073259,2.921408860942E-02));
#4095 = CARTESIAN_POINT('',(-4.445617571875,3.890638561635E-02));
#4096 = CARTESIAN_POINT('',(-4.368604741764,4.857695013652E-02));
#4097 = CARTESIAN_POINT('',(-4.291647053239,5.822754976666E-02));
#4098 = CARTESIAN_POINT('',(-4.214741083112,6.786661301373E-02));
#4099 = CARTESIAN_POINT('',(-4.058991205133,8.739195654376E-02));
#4100 = CARTESIAN_POINT('',(-3.980123312558,9.72813946412E-02));
#4101 = CARTESIAN_POINT('',(-3.901331149486,0.107171594133));
#4102 = CARTESIAN_POINT('',(-3.822607160142,0.117071425041));
#4103 = CARTESIAN_POINT('',(-3.743942512709,0.126982292886));
#4104 = CARTESIAN_POINT('',(-3.665330566498,0.136889265944));
#4105 = CARTESIAN_POINT('',(-3.523167682914,0.154784584949));
#4106 = CARTESIAN_POINT('',(-3.459574808567,0.162782087475));
#4107 = CARTESIAN_POINT('',(-3.396027528776,0.170758965871));
#4108 = CARTESIAN_POINT('',(-3.332524497269,0.178708150595));
#4109 = CARTESIAN_POINT('',(-3.269060402393,0.186630123651));
#4110 = CARTESIAN_POINT('',(-3.205633258422,0.194543572864));
#4111 = CARTESIAN_POINT('',(-3.05324976578,0.213674309882));
#4112 = CARTESIAN_POINT('',(-2.964301210948,0.22494017675));
#4113 = CARTESIAN_POINT('',(-2.875458935174,0.236142691024));
#4114 = CARTESIAN_POINT('',(-2.786703614573,0.247267792118));
#4115 = CARTESIAN_POINT('',(-2.698019531612,0.258354000315));
#4116 = CARTESIAN_POINT('',(-2.609393900487,0.269428585229));
#4117 = CARTESIAN_POINT('',(-2.520876889331,0.2805));
#4118 = ( GEOMETRIC_REPRESENTATION_CONTEXT(2) 
PARAMETRIC_REPRESENTATION_CONTEXT() REPRESENTATION_CONTEXT('2D SPACE',''
  ) );
#4119 = ORIENTED_EDGE('',*,*,#4120,.T.);
#4120 = EDGE_CURVE('',#4029,#4121,#4123,.T.);
#4121 = VERTEX_POINT('',#4122);
#4122 = CARTESIAN_POINT('',(-14.,1.163979587944E-13,0.726314072091));
#4123 = SURFACE_CURVE('',#4124,(#4136,#4143),.PCURVE_S1.);
#4124 = ( BOUNDED_CURVE() B_SPLINE_CURVE(6,(#4125,#4126,#4127,#4128,
    #4129,#4130,#4131,#4132,#4133,#4134,#4135),.UNSPECIFIED.,.F.,.F.) 
B_SPLINE_CURVE_WITH_KNOTS((7,4,7),(0.,0.5,1.),.UNSPECIFIED.) CURVE() 
GEOMETRIC_REPRESENTATION_ITEM() RATIONAL_B_SPLINE_CURVE((1.,1.,1.,1.,1.,
1.,1.,1.,1.,1.,1.)) REPRESENTATION_ITEM('') );
#4125 = CARTESIAN_POINT('',(-14.,1.355086741218E-14,-0.273685927919));
#4126 = CARTESIAN_POINT('',(-13.95056277198,-7.32870130893,
    -0.190352594585));
#4127 = CARTESIAN_POINT('',(-9.539484841185,-14.65740261785,
    -0.107019261261));
#4128 = CARTESIAN_POINT('',(8.311633961065E-02,-18.41593092384,
    -2.368592791526E-02));
#4129 = CARTESIAN_POINT('',(9.412595955931,-14.65740261785,
    5.964740541836E-02));
#4130 = CARTESIAN_POINT('',(18.587404044069,-1.910217990011E-13,
    0.226314072081));
#4131 = CARTESIAN_POINT('',(9.412595955931,14.657402617859,
    0.392980738745));
#4132 = CARTESIAN_POINT('',(8.311633961054E-02,18.415930923844,
    0.476314072078));
#4133 = CARTESIAN_POINT('',(-9.539484841185,14.657402617859,
    0.559647405423));
#4134 = CARTESIAN_POINT('',(-13.95056277198,7.32870130893,0.642980738748
    ));
#4135 = CARTESIAN_POINT('',(-14.,1.493753774783E-14,0.726314072081));
#4136 = PCURVE('',#2170,#4137);
#4137 = DEFINITIONAL_REPRESENTATION('',(#4138),#4142);
#4138 = LINE('',#4139,#4140);
#4139 = CARTESIAN_POINT('',(3.,0.));
#4140 = VECTOR('',#4141,1.);
#4141 = DIRECTION('',(0.,1.));
#4142 = ( GEOMETRIC_REPRESENTATION_CONTEXT(2) 
PARAMETRIC_REPRESENTATION_CONTEXT() REPRESENTATION_CONTEXT('2D SPACE',''
  ) );
#4143 = PCURVE('',#4144,#4167);
#4144 = ( BOUNDED_SURFACE() B_SPLINE_SURFACE(1,6,(
    (#4145,#4146,#4147,#4148,#4149,#4150,#4151,#4152,#4153,#4154,#4155)
    ,(#4156,#4157,#4158,#4159,#4160,#4161,#4162,#4163,#4164,#4165,#4166
)),.UNSPECIFIED.,.F.,.F.,.F.) B_SPLINE_SURFACE_WITH_KNOTS((2,2),(7,4,7),
(3.,4.),(0.,0.5,1.),.UNSPECIFIED.) GEOMETRIC_REPRESENTATION_ITEM() 
RATIONAL_B_SPLINE_SURFACE((
    (1.,1.,1.,1.,1.,1.,1.,1.,1.,1.,1.)
,(1.,1.,1.,1.,1.,1.,1.,1.,1.,1.,1.
  ))) REPRESENTATION_ITEM('') SURFACE() );
#4145 = CARTESIAN_POINT('',(-14.,1.355086741218E-14,-0.273685927919));
#4146 = CARTESIAN_POINT('',(-13.95056277198,-7.32870130893,
    -0.190352594585));
#4147 = CARTESIAN_POINT('',(-9.539484841185,-14.65740261785,
    -0.107019261261));
#4148 = CARTESIAN_POINT('',(8.311633961065E-02,-18.41593092384,
    -2.368592791526E-02));
#4149 = CARTESIAN_POINT('',(9.412595955931,-14.65740261785,
    5.964740541836E-02));
#4150 = CARTESIAN_POINT('',(18.587404044069,-1.910217990011E-13,
    0.226314072081));
#4151 = CARTESIAN_POINT('',(9.412595955931,14.657402617859,
    0.392980738745));
#4152 = CARTESIAN_POINT('',(8.311633961054E-02,18.415930923844,
    0.476314072078));
#4153 = CARTESIAN_POINT('',(-9.539484841185,14.657402617859,
    0.559647405423));
#4154 = CARTESIAN_POINT('',(-13.95056277198,7.32870130893,0.642980738748
    ));
#4155 = CARTESIAN_POINT('',(-14.,1.493753774783E-14,0.726314072081));
#4156 = CARTESIAN_POINT('',(-14.,1.355086741218E-14,-0.326313872081));
#4157 = CARTESIAN_POINT('',(-13.95056277198,-7.32870130893,
    -0.242980538748));
#4158 = CARTESIAN_POINT('',(-9.539484841185,-14.65740261785,
    -0.159647205423));
#4159 = CARTESIAN_POINT('',(8.311633961065E-02,-18.41593092384,
    -7.631387207818E-02));
#4160 = CARTESIAN_POINT('',(9.412595955931,-14.65740261785,
    7.019461255494E-03));
#4161 = CARTESIAN_POINT('',(18.587404044069,-1.910217990011E-13,
    0.173686127919));
#4162 = CARTESIAN_POINT('',(9.412595955931,14.657402617859,
    0.340352794582));
#4163 = CARTESIAN_POINT('',(8.311633961054E-02,18.415930923844,
    0.423686127915));
#4164 = CARTESIAN_POINT('',(-9.539484841185,14.657402617859,
    0.50701946126));
#4165 = CARTESIAN_POINT('',(-13.95056277198,7.32870130893,0.590352794585
    ));
#4166 = CARTESIAN_POINT('',(-14.,1.493753774783E-14,0.673686127919));
#4167 = DEFINITIONAL_REPRESENTATION('',(#4168),#4172);
#4168 = LINE('',#4169,#4170);
#4169 = CARTESIAN_POINT('',(3.,0.));
#4170 = VECTOR('',#4171,1.);
#4171 = DIRECTION('',(0.,1.));
#4172 = ( GEOMETRIC_REPRESENTATION_CONTEXT(2) 
PARAMETRIC_REPRESENTATION_CONTEXT() REPRESENTATION_CONTEXT('2D SPACE',''
  ) );
#4173 = ORIENTED_EDGE('',*,*,#4174,.F.);
#4174 = EDGE_CURVE('',#3537,#4121,#4175,.T.);
#4175 = SURFACE_CURVE('',#4176,(#4179,#4186),.PCURVE_S1.);
#4176 = B_SPLINE_CURVE_WITH_KNOTS('',1,(#4177,#4178),.UNSPECIFIED.,.F.,
  .F.,(2,2),(2.,3.),.PIECEWISE_BEZIER_KNOTS.);
#4177 = CARTESIAN_POINT('',(-14.55,-5.526794735474E-15,0.873686127919));
#4178 = CARTESIAN_POINT('',(-14.,1.493753774783E-14,0.726314072081));
#4179 = PCURVE('',#2170,#4180);
#4180 = DEFINITIONAL_REPRESENTATION('',(#4181),#4185);
#4181 = LINE('',#4182,#4183);
#4182 = CARTESIAN_POINT('',(0.,1.));
#4183 = VECTOR('',#4184,1.);
#4184 = DIRECTION('',(1.,0.));
#4185 = ( GEOMETRIC_REPRESENTATION_CONTEXT(2) 
PARAMETRIC_REPRESENTATION_CONTEXT() REPRESENTATION_CONTEXT('2D SPACE',''
  ) );
#4186 = PCURVE('',#3728,#4187);
#4187 = DEFINITIONAL_REPRESENTATION('',(#4188),#4191);
#4188 = B_SPLINE_CURVE_WITH_KNOTS('',1,(#4189,#4190),.UNSPECIFIED.,.F.,
  .F.,(2,2),(2.,3.),.PIECEWISE_BEZIER_KNOTS.);
#4189 = CARTESIAN_POINT('',(2.,0.));
#4190 = CARTESIAN_POINT('',(3.,0.));
#4191 = ( GEOMETRIC_REPRESENTATION_CONTEXT(2) 
PARAMETRIC_REPRESENTATION_CONTEXT() REPRESENTATION_CONTEXT('2D SPACE',''
  ) );
#4192 = ORIENTED_EDGE('',*,*,#4193,.F.);
#4193 = EDGE_CURVE('',#3487,#3537,#4194,.T.);
#4194 = SURFACE_CURVE('',#4195,(#4207,#4214),.PCURVE_S1.);
#4195 = ( BOUNDED_CURVE() B_SPLINE_CURVE(6,(#4196,#4197,#4198,#4199,
    #4200,#4201,#4202,#4203,#4204,#4205,#4206),.UNSPECIFIED.,.F.,.F.) 
B_SPLINE_CURVE_WITH_KNOTS((7,4,7),(0.,0.5,1.),.UNSPECIFIED.) CURVE() 
GEOMETRIC_REPRESENTATION_ITEM() RATIONAL_B_SPLINE_CURVE((1.,1.,1.,1.,1.,
1.,1.,1.,1.,1.,1.)) REPRESENTATION_ITEM('') );
#4196 = CARTESIAN_POINT('',(-14.55,-1.770852586041E-15,-0.126313872081)
  );
#4197 = CARTESIAN_POINT('',(-14.4986205953,-7.61661457468,
    -4.298053874794E-02));
#4198 = CARTESIAN_POINT('',(-9.914250316742,-15.23322914935,
    4.035279457661E-02));
#4199 = CARTESIAN_POINT('',(8.638162413974E-02,-19.13941392427,
    0.123686127922));
#4200 = CARTESIAN_POINT('',(9.782376511365,-15.23322914935,
    0.207019461255));
#4201 = CARTESIAN_POINT('',(19.317623488636,-7.554631119558E-14,
    0.373686127919));
#4202 = CARTESIAN_POINT('',(9.782376511365,15.233229149359,
    0.540352794582));
#4203 = CARTESIAN_POINT('',(8.638162413962E-02,19.139413924278,
    0.623686127915));
#4204 = CARTESIAN_POINT('',(-9.914250316742,15.233229149359,
    0.70701946126));
#4205 = CARTESIAN_POINT('',(-14.4986205953,7.61661457468,0.790352794585)
  );
#4206 = CARTESIAN_POINT('',(-14.55,-5.526794735474E-15,0.873686127919));
#4207 = PCURVE('',#2170,#4208);
#4208 = DEFINITIONAL_REPRESENTATION('',(#4209),#4213);
#4209 = LINE('',#4210,#4211);
#4210 = CARTESIAN_POINT('',(2.,0.));
#4211 = VECTOR('',#4212,1.);
#4212 = DIRECTION('',(0.,1.));
#4213 = ( GEOMETRIC_REPRESENTATION_CONTEXT(2) 
PARAMETRIC_REPRESENTATION_CONTEXT() REPRESENTATION_CONTEXT('2D SPACE',''
  ) );
#4214 = PCURVE('',#3574,#4215);
#4215 = DEFINITIONAL_REPRESENTATION('',(#4216),#4220);
#4216 = LINE('',#4217,#4218);
#4217 = CARTESIAN_POINT('',(2.,0.));
#4218 = VECTOR('',#4219,1.);
#4219 = DIRECTION('',(0.,1.));
#4220 = ( GEOMETRIC_REPRESENTATION_CONTEXT(2) 
PARAMETRIC_REPRESENTATION_CONTEXT() REPRESENTATION_CONTEXT('2D SPACE',''
  ) );
#4221 = ORIENTED_EDGE('',*,*,#3486,.T.);
#4222 = ORIENTED_EDGE('',*,*,#4223,.F.);
#4223 = EDGE_CURVE('',#3380,#3414,#4224,.T.);
#4224 = SURFACE_CURVE('',#4225,(#4237,#4244),.PCURVE_S1.);
#4225 = ( BOUNDED_CURVE() B_SPLINE_CURVE(6,(#4226,#4227,#4228,#4229,
    #4230,#4231,#4232,#4233,#4234,#4235,#4236),.UNSPECIFIED.,.F.,.F.) 
B_SPLINE_CURVE_WITH_KNOTS((7,4,7),(0.,0.5,1.),.UNSPECIFIED.) CURVE() 
GEOMETRIC_REPRESENTATION_ITEM() RATIONAL_B_SPLINE_CURVE((1.,1.,1.,1.,1.,
1.,1.,1.,1.,1.,1.)) REPRESENTATION_ITEM('') );
#4226 = CARTESIAN_POINT('',(-14.55,-1.770852586041E-15,-0.126313872081)
  );
#4227 = CARTESIAN_POINT('',(-14.4986205953,-7.61661457468,
    -4.298053874794E-02));
#4228 = CARTESIAN_POINT('',(-9.914250316742,-15.23322914935,
    4.035279457661E-02));
#4229 = CARTESIAN_POINT('',(8.638162413974E-02,-19.13941392427,
    0.123686127922));
#4230 = CARTESIAN_POINT('',(9.782376511365,-15.23322914935,
    0.207019461255));
#4231 = CARTESIAN_POINT('',(19.317623488636,-7.554631119558E-14,
    0.373686127919));
#4232 = CARTESIAN_POINT('',(9.782376511365,15.233229149359,
    0.540352794582));
#4233 = CARTESIAN_POINT('',(8.638162413962E-02,19.139413924278,
    0.623686127915));
#4234 = CARTESIAN_POINT('',(-9.914250316742,15.233229149359,
    0.70701946126));
#4235 = CARTESIAN_POINT('',(-14.4986205953,7.61661457468,0.790352794585)
  );
#4236 = CARTESIAN_POINT('',(-14.55,-5.526794735474E-15,0.873686127919));
#4237 = PCURVE('',#2170,#4238);
#4238 = DEFINITIONAL_REPRESENTATION('',(#4239),#4243);
#4239 = LINE('',#4240,#4241);
#4240 = CARTESIAN_POINT('',(2.,0.));
#4241 = VECTOR('',#4242,1.);
#4242 = DIRECTION('',(0.,1.));
#4243 = ( GEOMETRIC_REPRESENTATION_CONTEXT(2) 
PARAMETRIC_REPRESENTATION_CONTEXT() REPRESENTATION_CONTEXT('2D SPACE',''
  ) );
#4244 = PCURVE('',#3447,#4245);
#4245 = DEFINITIONAL_REPRESENTATION('',(#4246),#4250);
#4246 = LINE('',#4247,#4248);
#4247 = CARTESIAN_POINT('',(2.,0.));
#4248 = VECTOR('',#4249,1.);
#4249 = DIRECTION('',(0.,1.));
#4250 = ( GEOMETRIC_REPRESENTATION_CONTEXT(2) 
PARAMETRIC_REPRESENTATION_CONTEXT() REPRESENTATION_CONTEXT('2D SPACE',''
  ) );
#4251 = ORIENTED_EDGE('',*,*,#3379,.F.);
#4252 = ORIENTED_EDGE('',*,*,#4253,.F.);
#4253 = EDGE_CURVE('',#3257,#3307,#4254,.T.);
#4254 = SURFACE_CURVE('',#4255,(#4267,#4274),.PCURVE_S1.);
#4255 = ( BOUNDED_CURVE() B_SPLINE_CURVE(6,(#4256,#4257,#4258,#4259,
    #4260,#4261,#4262,#4263,#4264,#4265,#4266),.UNSPECIFIED.,.F.,.F.) 
B_SPLINE_CURVE_WITH_KNOTS((7,4,7),(0.,0.5,1.),.UNSPECIFIED.) CURVE() 
GEOMETRIC_REPRESENTATION_ITEM() RATIONAL_B_SPLINE_CURVE((1.,1.,1.,1.,1.,
1.,1.,1.,1.,1.,1.)) REPRESENTATION_ITEM('') );
#4256 = CARTESIAN_POINT('',(-14.55,-1.770852586041E-15,-0.126313872081)
  );
#4257 = CARTESIAN_POINT('',(-14.4986205953,-7.61661457468,
    -4.298053874794E-02));
#4258 = CARTESIAN_POINT('',(-9.914250316742,-15.23322914935,
    4.035279457661E-02));
#4259 = CARTESIAN_POINT('',(8.638162413974E-02,-19.13941392427,
    0.123686127922));
#4260 = CARTESIAN_POINT('',(9.782376511365,-15.23322914935,
    0.207019461255));
#4261 = CARTESIAN_POINT('',(19.317623488636,-7.554631119558E-14,
    0.373686127919));
#4262 = CARTESIAN_POINT('',(9.782376511365,15.233229149359,
    0.540352794582));
#4263 = CARTESIAN_POINT('',(8.638162413962E-02,19.139413924278,
    0.623686127915));
#4264 = CARTESIAN_POINT('',(-9.914250316742,15.233229149359,
    0.70701946126));
#4265 = CARTESIAN_POINT('',(-14.4986205953,7.61661457468,0.790352794585)
  );
#4266 = CARTESIAN_POINT('',(-14.55,-5.526794735474E-15,0.873686127919));
#4267 = PCURVE('',#2170,#4268);
#4268 = DEFINITIONAL_REPRESENTATION('',(#4269),#4273);
#4269 = LINE('',#4270,#4271);
#4270 = CARTESIAN_POINT('',(2.,0.));
#4271 = VECTOR('',#4272,1.);
#4272 = DIRECTION('',(0.,1.));
#4273 = ( GEOMETRIC_REPRESENTATION_CONTEXT(2) 
PARAMETRIC_REPRESENTATION_CONTEXT() REPRESENTATION_CONTEXT('2D SPACE',''
  ) );
#4274 = PCURVE('',#3340,#4275);
#4275 = DEFINITIONAL_REPRESENTATION('',(#4276),#4280);
#4276 = LINE('',#4277,#4278);
#4277 = CARTESIAN_POINT('',(2.,0.));
#4278 = VECTOR('',#4279,1.);
#4279 = DIRECTION('',(0.,1.));
#4280 = ( GEOMETRIC_REPRESENTATION_CONTEXT(2) 
PARAMETRIC_REPRESENTATION_CONTEXT() REPRESENTATION_CONTEXT('2D SPACE',''
  ) );
#4281 = ORIENTED_EDGE('',*,*,#3256,.T.);
#4282 = ORIENTED_EDGE('',*,*,#2138,.F.);
#4283 = ADVANCED_FACE('',(#4284),#2101,.F.);
#4284 = FACE_BOUND('',#4285,.F.);
#4285 = EDGE_LOOP('',(#4286,#4287,#4288));
#4286 = ORIENTED_EDGE('',*,*,#2071,.F.);
#4287 = ORIENTED_EDGE('',*,*,#2311,.F.);
#4288 = ORIENTED_EDGE('',*,*,#3998,.T.);
#4289 = ADVANCED_FACE('',(#4290),#2038,.F.);
#4290 = FACE_BOUND('',#4291,.F.);
#4291 = EDGE_LOOP('',(#4292,#4293,#4322));
#4292 = ORIENTED_EDGE('',*,*,#2020,.T.);
#4293 = ORIENTED_EDGE('',*,*,#4294,.F.);
#4294 = EDGE_CURVE('',#2340,#1987,#4295,.T.);
#4295 = SURFACE_CURVE('',#4296,(#4308,#4315),.PCURVE_S1.);
#4296 = ( BOUNDED_CURVE() B_SPLINE_CURVE(6,(#4297,#4298,#4299,#4300,
    #4301,#4302,#4303,#4304,#4305,#4306,#4307),.UNSPECIFIED.,.F.,.F.) 
B_SPLINE_CURVE_WITH_KNOTS((7,4,7),(0.,0.5,1.),.UNSPECIFIED.) CURVE() 
GEOMETRIC_REPRESENTATION_ITEM() RATIONAL_B_SPLINE_CURVE((1.,1.,1.,1.,1.,
1.,1.,1.,1.,1.,1.)) REPRESENTATION_ITEM('') );
#4297 = CARTESIAN_POINT('',(-14.55,-1.770852586041E-15,-0.473685927919)
  );
#4298 = CARTESIAN_POINT('',(-14.4986205953,-7.61661457468,
    -0.390352594585));
#4299 = CARTESIAN_POINT('',(-9.914250316742,-15.23322914935,
    -0.30701926126));
#4300 = CARTESIAN_POINT('',(8.638162413974E-02,-19.13941392427,
    -0.223685927915));
#4301 = CARTESIAN_POINT('',(9.782376511365,-15.23322914935,
    -0.140352594582));
#4302 = CARTESIAN_POINT('',(19.317623488636,-7.554631119558E-14,
    2.631407208142E-02));
#4303 = CARTESIAN_POINT('',(9.782376511365,15.233229149359,
    0.192980738745));
#4304 = CARTESIAN_POINT('',(8.638162413962E-02,19.139413924278,
    0.276314072078));
#4305 = CARTESIAN_POINT('',(-9.914250316742,15.233229149359,
    0.359647405423));
#4306 = CARTESIAN_POINT('',(-14.4986205953,7.61661457468,0.442980738748)
  );
#4307 = CARTESIAN_POINT('',(-14.55,-5.526794735474E-15,0.526314072081));
#4308 = PCURVE('',#2038,#4309);
#4309 = DEFINITIONAL_REPRESENTATION('',(#4310),#4314);
#4310 = LINE('',#4311,#4312);
#4311 = CARTESIAN_POINT('',(5.,0.));
#4312 = VECTOR('',#4313,1.);
#4313 = DIRECTION('',(0.,1.));
#4314 = ( GEOMETRIC_REPRESENTATION_CONTEXT(2) 
PARAMETRIC_REPRESENTATION_CONTEXT() REPRESENTATION_CONTEXT('2D SPACE',''
  ) );
#4315 = PCURVE('',#1874,#4316);
#4316 = DEFINITIONAL_REPRESENTATION('',(#4317),#4321);
#4317 = LINE('',#4318,#4319);
#4318 = CARTESIAN_POINT('',(5.,0.));
#4319 = VECTOR('',#4320,1.);
#4320 = DIRECTION('',(0.,1.));
#4321 = ( GEOMETRIC_REPRESENTATION_CONTEXT(2) 
PARAMETRIC_REPRESENTATION_CONTEXT() REPRESENTATION_CONTEXT('2D SPACE',''
  ) );
#4322 = ORIENTED_EDGE('',*,*,#2339,.F.);
#4323 = ADVANCED_FACE('',(#4324),#1874,.F.);
#4324 = FACE_BOUND('',#4325,.F.);
#4325 = EDGE_LOOP('',(#4326,#4359,#4431,#4432,#4433,#4434,#4463,#4464,
    #4493));
#4326 = ORIENTED_EDGE('',*,*,#4327,.F.);
#4327 = EDGE_CURVE('',#4328,#4330,#4332,.T.);
#4328 = VERTEX_POINT('',#4329);
#4329 = CARTESIAN_POINT('',(-4.063342500019,13.397302578104,
    0.470554791473));
#4330 = VERTEX_POINT('',#4331);
#4331 = CARTESIAN_POINT('',(-14.,1.162628616567E-13,0.673686127928));
#4332 = SURFACE_CURVE('',#4333,(#4345,#4352),.PCURVE_S1.);
#4333 = ( BOUNDED_CURVE() B_SPLINE_CURVE(6,(#4334,#4335,#4336,#4337,
    #4338,#4339,#4340,#4341,#4342,#4343,#4344),.UNSPECIFIED.,.F.,.F.) 
B_SPLINE_CURVE_WITH_KNOTS((7,4,7),(0.,0.5,1.),.UNSPECIFIED.) CURVE() 
GEOMETRIC_REPRESENTATION_ITEM() RATIONAL_B_SPLINE_CURVE((1.,1.,1.,1.,1.,
1.,1.,1.,1.,1.,1.)) REPRESENTATION_ITEM('') );
#4334 = CARTESIAN_POINT('',(-14.,1.355086741218E-14,-0.326313872081));
#4335 = CARTESIAN_POINT('',(-13.95056277198,-7.32870130893,
    -0.242980538748));
#4336 = CARTESIAN_POINT('',(-9.539484841185,-14.65740261785,
    -0.159647205423));
#4337 = CARTESIAN_POINT('',(8.311633961065E-02,-18.41593092384,
    -7.631387207818E-02));
#4338 = CARTESIAN_POINT('',(9.412595955931,-14.65740261785,
    7.019461255494E-03));
#4339 = CARTESIAN_POINT('',(18.587404044069,-1.910217990011E-13,
    0.173686127919));
#4340 = CARTESIAN_POINT('',(9.412595955931,14.657402617859,
    0.340352794582));
#4341 = CARTESIAN_POINT('',(8.311633961054E-02,18.415930923844,
    0.423686127915));
#4342 = CARTESIAN_POINT('',(-9.539484841185,14.657402617859,
    0.50701946126));
#4343 = CARTESIAN_POINT('',(-13.95056277198,7.32870130893,0.590352794585
    ));
#4344 = CARTESIAN_POINT('',(-14.,1.493753774783E-14,0.673686127919));
#4345 = PCURVE('',#1874,#4346);
#4346 = DEFINITIONAL_REPRESENTATION('',(#4347),#4351);
#4347 = LINE('',#4348,#4349);
#4348 = CARTESIAN_POINT('',(4.,0.));
#4349 = VECTOR('',#4350,1.);
#4350 = DIRECTION('',(0.,1.));
#4351 = ( GEOMETRIC_REPRESENTATION_CONTEXT(2) 
PARAMETRIC_REPRESENTATION_CONTEXT() REPRESENTATION_CONTEXT('2D SPACE',''
  ) );
#4352 = PCURVE('',#4144,#4353);
#4353 = DEFINITIONAL_REPRESENTATION('',(#4354),#4358);
#4354 = LINE('',#4355,#4356);
#4355 = CARTESIAN_POINT('',(4.,0.));
#4356 = VECTOR('',#4357,1.);
#4357 = DIRECTION('',(0.,1.));
#4358 = ( GEOMETRIC_REPRESENTATION_CONTEXT(2) 
PARAMETRIC_REPRESENTATION_CONTEXT() REPRESENTATION_CONTEXT('2D SPACE',''
  ) );
#4359 = ORIENTED_EDGE('',*,*,#4360,.F.);
#4360 = EDGE_CURVE('',#2215,#4328,#4361,.T.);
#4361 = SURFACE_CURVE('',#4362,(#4383,#4407),.PCURVE_S1.);
#4362 = B_SPLINE_CURVE_WITH_KNOTS('',7,(#4363,#4364,#4365,#4366,#4367,
    #4368,#4369,#4370,#4371,#4372,#4373,#4374,#4375,#4376,#4377,#4378,
    #4379,#4380,#4381,#4382),.UNSPECIFIED.,.F.,.F.,(8,6,6,8),(0.,
    0.260644980903,0.530538550182,1.),.UNSPECIFIED.);
#4363 = CARTESIAN_POINT('',(11.608514665667,8.299973343752,0.2000001));
#4364 = CARTESIAN_POINT('',(11.219428031308,8.8270600222,0.209944568935)
  );
#4365 = CARTESIAN_POINT('',(10.802097024213,9.333310434697,
    0.219902163742));
#4366 = CARTESIAN_POINT('',(10.357845986298,9.816863668252,
    0.229875959026));
#4367 = CARTESIAN_POINT('',(9.888139982583,10.27599057435,0.239867743668
    ));
#4368 = CARTESIAN_POINT('',(9.394574579544,10.70908425136,0.249877407008
    ));
#4369 = CARTESIAN_POINT('',(8.878876204425,11.114661220318,0.25990303234
    ));
#4370 = CARTESIAN_POINT('',(7.787932135349,11.881452419451,
    0.280336569767));
#4371 = CARTESIAN_POINT('',(7.211195668309,12.240600938618,
    0.290745918617));
#4372 = CARTESIAN_POINT('',(6.614775703725,12.56731562316,0.301166475467
    ));
#4373 = CARTESIAN_POINT('',(6.000849413935,12.860290475007,
    0.311594659296));
#4374 = CARTESIAN_POINT('',(5.371690710786,13.118400317527,0.32202753029
    ));
#4375 = CARTESIAN_POINT('',(4.729670161271,13.340702186034,0.33246328884
    ));
#4376 = CARTESIAN_POINT('',(2.942445890981,13.849558025469,
    0.361057563301));
#4377 = CARTESIAN_POINT('',(1.775869690455,14.062170684179,
    0.379225972437));
#4378 = CARTESIAN_POINT('',(0.590873662734,14.160181026792,
    0.397397844667));
#4379 = CARTESIAN_POINT('',(-0.5990857563,14.141755335022,0.415588166016
    ));
#4380 = CARTESIAN_POINT('',(-1.780489240833,14.006861880438,
    0.433833480467));
#4381 = CARTESIAN_POINT('',(-2.939759714034,13.757302464113,
    0.452160025731));
#4382 = CARTESIAN_POINT('',(-4.063342500018,13.397302578105,
    0.470554791473));
#4383 = PCURVE('',#1874,#4384);
#4384 = DEFINITIONAL_REPRESENTATION('',(#4385),#4406);
#4385 = B_SPLINE_CURVE_WITH_KNOTS('',7,(#4386,#4387,#4388,#4389,#4390,
    #4391,#4392,#4393,#4394,#4395,#4396,#4397,#4398,#4399,#4400,#4401,
    #4402,#4403,#4404,#4405),.UNSPECIFIED.,.F.,.F.,(8,6,6,8),(0.,
    0.260644980903,0.530538550182,1.),.UNSPECIFIED.);
#4386 = CARTESIAN_POINT('',(4.491791488699,0.598790294816));
#4387 = CARTESIAN_POINT('',(4.473873553743,0.60609416084));
#4388 = CARTESIAN_POINT('',(4.455907401397,0.61340404684));
#4389 = CARTESIAN_POINT('',(4.437871340365,0.620719830731));
#4390 = CARTESIAN_POINT('',(4.419754855112,0.628041751697));
#4391 = CARTESIAN_POINT('',(4.401560850978,0.635370127243));
#4392 = CARTESIAN_POINT('',(4.383303326323,0.642705103632));
#4393 = CARTESIAN_POINT('',(4.346048168256,0.657648271825));
#4394 = CARTESIAN_POINT('',(4.327046401757,0.665257291281));
#4395 = CARTESIAN_POINT('',(4.308015390669,0.672873208902));
#4396 = CARTESIAN_POINT('',(4.288979561452,0.680496043445));
#4397 = CARTESIAN_POINT('',(4.269959338705,0.68812586511));
#4398 = CARTESIAN_POINT('',(4.250966171802,0.695762561607));
#4399 = CARTESIAN_POINT('',(4.199011824295,0.716700217065));
#4400 = CARTESIAN_POINT('',(4.166097530776,0.730017979099));
#4401 = CARTESIAN_POINT('',(4.133271458508,0.743352205574));
#4402 = CARTESIAN_POINT('',(4.100433822664,0.756703177019));
#4403 = CARTESIAN_POINT('',(4.067345989397,0.770072269458));
#4404 = CARTESIAN_POINT('',(4.033848338499,0.783462197043));
#4405 = CARTESIAN_POINT('',(4.,0.796868663554));
#4406 = ( GEOMETRIC_REPRESENTATION_CONTEXT(2) 
PARAMETRIC_REPRESENTATION_CONTEXT() REPRESENTATION_CONTEXT('2D SPACE',''
  ) );
#4407 = PCURVE('',#2231,#4408);
#4408 = DEFINITIONAL_REPRESENTATION('',(#4409),#4430);
#4409 = B_SPLINE_CURVE_WITH_KNOTS('',7,(#4410,#4411,#4412,#4413,#4414,
    #4415,#4416,#4417,#4418,#4419,#4420,#4421,#4422,#4423,#4424,#4425,
    #4426,#4427,#4428,#4429),.UNSPECIFIED.,.F.,.F.,(8,6,6,8),(0.,
    0.260644980903,0.530538550182,1.),.UNSPECIFIED.);
#4410 = CARTESIAN_POINT('',(-3.762308417849,0.2805));
#4411 = CARTESIAN_POINT('',(-3.808211840513,0.270555531896));
#4412 = CARTESIAN_POINT('',(-3.854153310208,0.260597935083));
#4413 = CARTESIAN_POINT('',(-3.900131078519,0.250624141147));
#4414 = CARTESIAN_POINT('',(-3.946145528961,0.240632357087));
#4415 = CARTESIAN_POINT('',(-3.992197795688,0.23062269251));
#4416 = CARTESIAN_POINT('',(-4.038288356025,0.22059706766));
#4417 = CARTESIAN_POINT('',(-4.132179592162,0.200163530233));
#4418 = CARTESIAN_POINT('',(-4.17998523785,0.189754181383));
#4419 = CARTESIAN_POINT('',(-4.227830630513,0.179333624533));
#4420 = CARTESIAN_POINT('',(-4.275716272781,0.168905440704));
#4421 = CARTESIAN_POINT('',(-4.323643454941,0.15847256971));
#4422 = CARTESIAN_POINT('',(-4.371612640743,0.14803681116));
#4423 = CARTESIAN_POINT('',(-4.503130614132,0.119442536699));
#4424 = CARTESIAN_POINT('',(-4.586785008497,0.101274127563));
#4425 = CARTESIAN_POINT('',(-4.670549257721,8.310225533257E-02));
#4426 = CARTESIAN_POINT('',(-4.75443206927,6.491193398421E-02));
#4427 = CARTESIAN_POINT('',(-4.838445317009,4.66666195332E-02));
#4428 = CARTESIAN_POINT('',(-4.922601633848,2.834007426928E-02));
#4429 = CARTESIAN_POINT('',(-5.00686648299,9.945308526801E-03));
#4430 = ( GEOMETRIC_REPRESENTATION_CONTEXT(2) 
PARAMETRIC_REPRESENTATION_CONTEXT() REPRESENTATION_CONTEXT('2D SPACE',''
  ) );
#4431 = ORIENTED_EDGE('',*,*,#2368,.F.);
#4432 = ORIENTED_EDGE('',*,*,#4294,.T.);
#4433 = ORIENTED_EDGE('',*,*,#1986,.T.);
#4434 = ORIENTED_EDGE('',*,*,#4435,.T.);
#4435 = EDGE_CURVE('',#1914,#1841,#4436,.T.);
#4436 = SURFACE_CURVE('',#4437,(#4449,#4456),.PCURVE_S1.);
#4437 = ( BOUNDED_CURVE() B_SPLINE_CURVE(6,(#4438,#4439,#4440,#4441,
    #4442,#4443,#4444,#4445,#4446,#4447,#4448),.UNSPECIFIED.,.F.,.F.) 
B_SPLINE_CURVE_WITH_KNOTS((7,4,7),(0.,0.5,1.),.UNSPECIFIED.) CURVE() 
GEOMETRIC_REPRESENTATION_ITEM() RATIONAL_B_SPLINE_CURVE((1.,1.,1.,1.,1.,
1.,1.,1.,1.,1.,1.)) REPRESENTATION_ITEM('') );
#4438 = CARTESIAN_POINT('',(-14.55,-1.770852586041E-15,-0.473685927919)
  );
#4439 = CARTESIAN_POINT('',(-14.4986205953,-7.61661457468,
    -0.390352594585));
#4440 = CARTESIAN_POINT('',(-9.914250316742,-15.23322914935,
    -0.30701926126));
#4441 = CARTESIAN_POINT('',(8.638162413974E-02,-19.13941392427,
    -0.223685927915));
#4442 = CARTESIAN_POINT('',(9.782376511365,-15.23322914935,
    -0.140352594582));
#4443 = CARTESIAN_POINT('',(19.317623488636,-7.554631119558E-14,
    2.631407208142E-02));
#4444 = CARTESIAN_POINT('',(9.782376511365,15.233229149359,
    0.192980738745));
#4445 = CARTESIAN_POINT('',(8.638162413962E-02,19.139413924278,
    0.276314072078));
#4446 = CARTESIAN_POINT('',(-9.914250316742,15.233229149359,
    0.359647405423));
#4447 = CARTESIAN_POINT('',(-14.4986205953,7.61661457468,0.442980738748)
  );
#4448 = CARTESIAN_POINT('',(-14.55,-5.526794735474E-15,0.526314072081));
#4449 = PCURVE('',#1874,#4450);
#4450 = DEFINITIONAL_REPRESENTATION('',(#4451),#4455);
#4451 = LINE('',#4452,#4453);
#4452 = CARTESIAN_POINT('',(5.,0.));
#4453 = VECTOR('',#4454,1.);
#4454 = DIRECTION('',(0.,1.));
#4455 = ( GEOMETRIC_REPRESENTATION_CONTEXT(2) 
PARAMETRIC_REPRESENTATION_CONTEXT() REPRESENTATION_CONTEXT('2D SPACE',''
  ) );
#4456 = PCURVE('',#1947,#4457);
#4457 = DEFINITIONAL_REPRESENTATION('',(#4458),#4462);
#4458 = LINE('',#4459,#4460);
#4459 = CARTESIAN_POINT('',(5.,0.));
#4460 = VECTOR('',#4461,1.);
#4461 = DIRECTION('',(0.,1.));
#4462 = ( GEOMETRIC_REPRESENTATION_CONTEXT(2) 
PARAMETRIC_REPRESENTATION_CONTEXT() REPRESENTATION_CONTEXT('2D SPACE',''
  ) );
#4463 = ORIENTED_EDGE('',*,*,#1840,.T.);
#4464 = ORIENTED_EDGE('',*,*,#4465,.T.);
#4465 = EDGE_CURVE('',#1762,#1683,#4466,.T.);
#4466 = SURFACE_CURVE('',#4467,(#4479,#4486),.PCURVE_S1.);
#4467 = ( BOUNDED_CURVE() B_SPLINE_CURVE(6,(#4468,#4469,#4470,#4471,
    #4472,#4473,#4474,#4475,#4476,#4477,#4478),.UNSPECIFIED.,.F.,.F.) 
B_SPLINE_CURVE_WITH_KNOTS((7,4,7),(0.,0.5,1.),.UNSPECIFIED.) CURVE() 
GEOMETRIC_REPRESENTATION_ITEM() RATIONAL_B_SPLINE_CURVE((1.,1.,1.,1.,1.,
1.,1.,1.,1.,1.,1.)) REPRESENTATION_ITEM('') );
#4468 = CARTESIAN_POINT('',(-14.55,-1.770852586041E-15,-0.473685927919)
  );
#4469 = CARTESIAN_POINT('',(-14.4986205953,-7.61661457468,
    -0.390352594585));
#4470 = CARTESIAN_POINT('',(-9.914250316742,-15.23322914935,
    -0.30701926126));
#4471 = CARTESIAN_POINT('',(8.638162413974E-02,-19.13941392427,
    -0.223685927915));
#4472 = CARTESIAN_POINT('',(9.782376511365,-15.23322914935,
    -0.140352594582));
#4473 = CARTESIAN_POINT('',(19.317623488636,-7.554631119558E-14,
    2.631407208142E-02));
#4474 = CARTESIAN_POINT('',(9.782376511365,15.233229149359,
    0.192980738745));
#4475 = CARTESIAN_POINT('',(8.638162413962E-02,19.139413924278,
    0.276314072078));
#4476 = CARTESIAN_POINT('',(-9.914250316742,15.233229149359,
    0.359647405423));
#4477 = CARTESIAN_POINT('',(-14.4986205953,7.61661457468,0.442980738748)
  );
#4478 = CARTESIAN_POINT('',(-14.55,-5.526794735474E-15,0.526314072081));
#4479 = PCURVE('',#1874,#4480);
#4480 = DEFINITIONAL_REPRESENTATION('',(#4481),#4485);
#4481 = LINE('',#4482,#4483);
#4482 = CARTESIAN_POINT('',(5.,0.));
#4483 = VECTOR('',#4484,1.);
#4484 = DIRECTION('',(0.,1.));
#4485 = ( GEOMETRIC_REPRESENTATION_CONTEXT(2) 
PARAMETRIC_REPRESENTATION_CONTEXT() REPRESENTATION_CONTEXT('2D SPACE',''
  ) );
#4486 = PCURVE('',#1799,#4487);
#4487 = DEFINITIONAL_REPRESENTATION('',(#4488),#4492);
#4488 = LINE('',#4489,#4490);
#4489 = CARTESIAN_POINT('',(5.,0.));
#4490 = VECTOR('',#4491,1.);
#4491 = DIRECTION('',(0.,1.));
#4492 = ( GEOMETRIC_REPRESENTATION_CONTEXT(2) 
PARAMETRIC_REPRESENTATION_CONTEXT() REPRESENTATION_CONTEXT('2D SPACE',''
  ) );
#4493 = ORIENTED_EDGE('',*,*,#4494,.F.);
#4494 = EDGE_CURVE('',#4330,#1683,#4495,.T.);
#4495 = SURFACE_CURVE('',#4496,(#4499,#4506),.PCURVE_S1.);
#4496 = B_SPLINE_CURVE_WITH_KNOTS('',1,(#4497,#4498),.UNSPECIFIED.,.F.,
  .F.,(2,2),(4.,5.),.PIECEWISE_BEZIER_KNOTS.);
#4497 = CARTESIAN_POINT('',(-14.,1.493753774783E-14,0.673686127919));
#4498 = CARTESIAN_POINT('',(-14.55,-5.526794735474E-15,0.526314072081));
#4499 = PCURVE('',#1874,#4500);
#4500 = DEFINITIONAL_REPRESENTATION('',(#4501),#4505);
#4501 = LINE('',#4502,#4503);
#4502 = CARTESIAN_POINT('',(0.,1.));
#4503 = VECTOR('',#4504,1.);
#4504 = DIRECTION('',(1.,0.));
#4505 = ( GEOMETRIC_REPRESENTATION_CONTEXT(2) 
PARAMETRIC_REPRESENTATION_CONTEXT() REPRESENTATION_CONTEXT('2D SPACE',''
  ) );
#4506 = PCURVE('',#1413,#4507);
#4507 = DEFINITIONAL_REPRESENTATION('',(#4508),#4511);
#4508 = B_SPLINE_CURVE_WITH_KNOTS('',1,(#4509,#4510),.UNSPECIFIED.,.F.,
  .F.,(2,2),(4.,5.),.PIECEWISE_BEZIER_KNOTS.);
#4509 = CARTESIAN_POINT('',(4.,0.));
#4510 = CARTESIAN_POINT('',(5.,0.));
#4511 = ( GEOMETRIC_REPRESENTATION_CONTEXT(2) 
PARAMETRIC_REPRESENTATION_CONTEXT() REPRESENTATION_CONTEXT('2D SPACE',''
  ) );
#4512 = ADVANCED_FACE('',(#4513),#1947,.F.);
#4513 = FACE_BOUND('',#4514,.F.);
#4514 = EDGE_LOOP('',(#4515,#4516));
#4515 = ORIENTED_EDGE('',*,*,#4435,.F.);
#4516 = ORIENTED_EDGE('',*,*,#1913,.F.);
#4517 = ADVANCED_FACE('',(#4518),#1799,.F.);
#4518 = FACE_BOUND('',#4519,.F.);
#4519 = EDGE_LOOP('',(#4520,#4521));
#4520 = ORIENTED_EDGE('',*,*,#4465,.F.);
#4521 = ORIENTED_EDGE('',*,*,#1761,.F.);
#4522 = ADVANCED_FACE('',(#4523),#1720,.F.);
#4523 = FACE_BOUND('',#4524,.F.);
#4524 = EDGE_LOOP('',(#4525,#4554));
#4525 = ORIENTED_EDGE('',*,*,#4526,.F.);
#4526 = EDGE_CURVE('',#1683,#1633,#4527,.T.);
#4527 = SURFACE_CURVE('',#4528,(#4540,#4547),.PCURVE_S1.);
#4528 = ( BOUNDED_CURVE() B_SPLINE_CURVE(6,(#4529,#4530,#4531,#4532,
    #4533,#4534,#4535,#4536,#4537,#4538,#4539),.UNSPECIFIED.,.F.,.F.) 
B_SPLINE_CURVE_WITH_KNOTS((7,4,7),(0.,0.5,1.),.UNSPECIFIED.) CURVE() 
GEOMETRIC_REPRESENTATION_ITEM() RATIONAL_B_SPLINE_CURVE((1.,1.,1.,1.,1.,
1.,1.,1.,1.,1.,1.)) REPRESENTATION_ITEM('') );
#4529 = CARTESIAN_POINT('',(-14.54999999999,-6.418506756636E-15,
    0.526314072081));
#4530 = CARTESIAN_POINT('',(-14.4986205953,-7.61661457468,0.609647405417
    ));
#4531 = CARTESIAN_POINT('',(-9.914250316736,-15.23322914935,
    0.692980738896));
#4532 = CARTESIAN_POINT('',(8.638162414441E-02,-19.13941392427,
    0.776314072578));
#4533 = CARTESIAN_POINT('',(9.782376511365,-15.23322914935,
    0.859647406239));
#4534 = CARTESIAN_POINT('',(19.317623488625,1.272608091645E-11,
    1.026314073223));
#4535 = CARTESIAN_POINT('',(9.782376511342,15.233229149369,
    1.192980739565));
#4536 = CARTESIAN_POINT('',(8.638162411295E-02,19.139413924283,
    1.276314072571));
#4537 = CARTESIAN_POINT('',(-9.91425031677,15.23322914936,1.359647405579
    ));
#4538 = CARTESIAN_POINT('',(-14.49862059533,7.61661457468,1.44298073875)
  );
#4539 = CARTESIAN_POINT('',(-14.55000000002,-5.040403111782E-15,
    1.526314072081));
#4540 = PCURVE('',#1720,#4541);
#4541 = DEFINITIONAL_REPRESENTATION('',(#4542),#4546);
#4542 = LINE('',#4543,#4544);
#4543 = CARTESIAN_POINT('',(5.,0.));
#4544 = VECTOR('',#4545,1.);
#4545 = DIRECTION('',(0.,1.));
#4546 = ( GEOMETRIC_REPRESENTATION_CONTEXT(2) 
PARAMETRIC_REPRESENTATION_CONTEXT() REPRESENTATION_CONTEXT('2D SPACE',''
  ) );
#4547 = PCURVE('',#1413,#4548);
#4548 = DEFINITIONAL_REPRESENTATION('',(#4549),#4553);
#4549 = LINE('',#4550,#4551);
#4550 = CARTESIAN_POINT('',(5.,0.));
#4551 = VECTOR('',#4552,1.);
#4552 = DIRECTION('',(0.,1.));
#4553 = ( GEOMETRIC_REPRESENTATION_CONTEXT(2) 
PARAMETRIC_REPRESENTATION_CONTEXT() REPRESENTATION_CONTEXT('2D SPACE',''
  ) );
#4554 = ORIENTED_EDGE('',*,*,#1682,.T.);
#4555 = ADVANCED_FACE('',(#4556),#1413,.F.);
#4556 = FACE_BOUND('',#4557,.F.);
#4557 = EDGE_LOOP('',(#4558,#4612,#4613,#4614,#4615,#4644,#4645,#4674,
    #4675,#4676,#4677,#4706,#4707,#4736,#4737,#4766));
#4558 = ORIENTED_EDGE('',*,*,#4559,.F.);
#4559 = EDGE_CURVE('',#4330,#4560,#4562,.T.);
#4560 = VERTEX_POINT('',#4561);
#4561 = CARTESIAN_POINT('',(-14.00000000003,3.254342227716E-13,
    1.673686127946));
#4562 = SURFACE_CURVE('',#4563,(#4575,#4582),.PCURVE_S1.);
#4563 = ( BOUNDED_CURVE() B_SPLINE_CURVE(6,(#4564,#4565,#4566,#4567,
    #4568,#4569,#4570,#4571,#4572,#4573,#4574),.UNSPECIFIED.,.F.,.F.) 
B_SPLINE_CURVE_WITH_KNOTS((7,4,7),(0.,0.5,1.),.UNSPECIFIED.) CURVE() 
GEOMETRIC_REPRESENTATION_ITEM() RATIONAL_B_SPLINE_CURVE((1.,1.,1.,1.,1.,
1.,1.,1.,1.,1.,1.)) REPRESENTATION_ITEM('') );
#4564 = CARTESIAN_POINT('',(-13.99999999999,2.175881855656E-13,
    0.673686127937));
#4565 = CARTESIAN_POINT('',(-13.95056277197,-7.32870130893,
    0.757019461272));
#4566 = CARTESIAN_POINT('',(-9.539484841184,-14.65740261785,
    0.840352794746));
#4567 = CARTESIAN_POINT('',(8.311633961007E-02,-18.41593092383,
    0.923686128415));
#4568 = CARTESIAN_POINT('',(9.412595955927,-14.65740261785,
    1.007019462063));
#4569 = CARTESIAN_POINT('',(18.587404044053,1.233530144411E-11,
    1.173686129035));
#4570 = CARTESIAN_POINT('',(9.412595955904,14.657402617869,
    1.340352795389));
#4571 = CARTESIAN_POINT('',(8.311633957919E-02,18.415930923849,
    1.423686128408));
#4572 = CARTESIAN_POINT('',(-9.539484841218,14.657402617861,
    1.507019461429));
#4573 = CARTESIAN_POINT('',(-13.95056277201,7.32870130893,1.590352794605
    ));
#4574 = CARTESIAN_POINT('',(-14.00000000003,2.241089016955E-13,
    1.673686127937));
#4575 = PCURVE('',#1413,#4576);
#4576 = DEFINITIONAL_REPRESENTATION('',(#4577),#4581);
#4577 = LINE('',#4578,#4579);
#4578 = CARTESIAN_POINT('',(4.,0.));
#4579 = VECTOR('',#4580,1.);
#4580 = DIRECTION('',(0.,1.));
#4581 = ( GEOMETRIC_REPRESENTATION_CONTEXT(2) 
PARAMETRIC_REPRESENTATION_CONTEXT() REPRESENTATION_CONTEXT('2D SPACE',''
  ) );
#4582 = PCURVE('',#4583,#4606);
#4583 = ( BOUNDED_SURFACE() B_SPLINE_SURFACE(1,6,(
    (#4584,#4585,#4586,#4587,#4588,#4589,#4590,#4591,#4592,#4593,#4594)
    ,(#4595,#4596,#4597,#4598,#4599,#4600,#4601,#4602,#4603,#4604,#4605
)),.UNSPECIFIED.,.F.,.F.,.F.) B_SPLINE_SURFACE_WITH_KNOTS((2,2),(7,4,7),
(3.,4.),(0.,0.5,1.),.UNSPECIFIED.) GEOMETRIC_REPRESENTATION_ITEM() 
RATIONAL_B_SPLINE_SURFACE((
    (1.,1.,1.,1.,1.,1.,1.,1.,1.,1.,1.)
,(1.,1.,1.,1.,1.,1.,1.,1.,1.,1.,1.
  ))) REPRESENTATION_ITEM('') SURFACE() );
#4584 = CARTESIAN_POINT('',(-14.,2.17858379841E-13,0.7263140721));
#4585 = CARTESIAN_POINT('',(-13.95056277198,-7.32870130893,
    0.809647405435));
#4586 = CARTESIAN_POINT('',(-9.539484841186,-14.65740261785,
    0.892980738908));
#4587 = CARTESIAN_POINT('',(8.311633960829E-02,-18.41593092383,
    0.976314072578));
#4588 = CARTESIAN_POINT('',(9.412595955925,-14.65740261785,
    1.059647406226));
#4589 = CARTESIAN_POINT('',(18.587404044051,1.233557163839E-11,
    1.226314073198));
#4590 = CARTESIAN_POINT('',(9.412595955903,14.657402617869,
    1.392980739552));
#4591 = CARTESIAN_POINT('',(8.311633957741E-02,18.415930923849,
    1.476314072571));
#4592 = CARTESIAN_POINT('',(-9.53948484122,14.657402617861,
    1.559647405592));
#4593 = CARTESIAN_POINT('',(-13.95056277201,7.32870130893,1.642980738768
    ));
#4594 = CARTESIAN_POINT('',(-14.00000000003,2.243790959709E-13,
    1.7263140721));
#4595 = CARTESIAN_POINT('',(-13.99999999999,2.175881855656E-13,
    0.673686127937));
#4596 = CARTESIAN_POINT('',(-13.95056277197,-7.32870130893,
    0.757019461272));
#4597 = CARTESIAN_POINT('',(-9.539484841184,-14.65740261785,
    0.840352794746));
#4598 = CARTESIAN_POINT('',(8.311633961007E-02,-18.41593092383,
    0.923686128415));
#4599 = CARTESIAN_POINT('',(9.412595955927,-14.65740261785,
    1.007019462063));
#4600 = CARTESIAN_POINT('',(18.587404044053,1.233530144411E-11,
    1.173686129035));
#4601 = CARTESIAN_POINT('',(9.412595955904,14.657402617869,
    1.340352795389));
#4602 = CARTESIAN_POINT('',(8.311633957919E-02,18.415930923849,
    1.423686128408));
#4603 = CARTESIAN_POINT('',(-9.539484841218,14.657402617861,
    1.507019461429));
#4604 = CARTESIAN_POINT('',(-13.95056277201,7.32870130893,1.590352794605
    ));
#4605 = CARTESIAN_POINT('',(-14.00000000003,2.241089016955E-13,
    1.673686127937));
#4606 = DEFINITIONAL_REPRESENTATION('',(#4607),#4611);
#4607 = LINE('',#4608,#4609);
#4608 = CARTESIAN_POINT('',(4.,0.));
#4609 = VECTOR('',#4610,1.);
#4610 = DIRECTION('',(0.,1.));
#4611 = ( GEOMETRIC_REPRESENTATION_CONTEXT(2) 
PARAMETRIC_REPRESENTATION_CONTEXT() REPRESENTATION_CONTEXT('2D SPACE',''
  ) );
#4612 = ORIENTED_EDGE('',*,*,#4494,.T.);
#4613 = ORIENTED_EDGE('',*,*,#4526,.T.);
#4614 = ORIENTED_EDGE('',*,*,#1632,.T.);
#4615 = ORIENTED_EDGE('',*,*,#4616,.T.);
#4616 = EDGE_CURVE('',#1560,#1526,#4617,.T.);
#4617 = SURFACE_CURVE('',#4618,(#4630,#4637),.PCURVE_S1.);
#4618 = ( BOUNDED_CURVE() B_SPLINE_CURVE(6,(#4619,#4620,#4621,#4622,
    #4623,#4624,#4625,#4626,#4627,#4628,#4629),.UNSPECIFIED.,.F.,.F.) 
B_SPLINE_CURVE_WITH_KNOTS((7,4,7),(0.,0.5,1.),.UNSPECIFIED.) CURVE() 
GEOMETRIC_REPRESENTATION_ITEM() RATIONAL_B_SPLINE_CURVE((1.,1.,1.,1.,1.,
1.,1.,1.,1.,1.,1.)) REPRESENTATION_ITEM('') );
#4619 = CARTESIAN_POINT('',(-14.54999999999,-6.418506756636E-15,
    0.526314072081));
#4620 = CARTESIAN_POINT('',(-14.4986205953,-7.61661457468,0.609647405417
    ));
#4621 = CARTESIAN_POINT('',(-9.914250316736,-15.23322914935,
    0.692980738896));
#4622 = CARTESIAN_POINT('',(8.638162414441E-02,-19.13941392427,
    0.776314072578));
#4623 = CARTESIAN_POINT('',(9.782376511365,-15.23322914935,
    0.859647406239));
#4624 = CARTESIAN_POINT('',(19.317623488625,1.272608091645E-11,
    1.026314073223));
#4625 = CARTESIAN_POINT('',(9.782376511342,15.233229149369,
    1.192980739565));
#4626 = CARTESIAN_POINT('',(8.638162411295E-02,19.139413924283,
    1.276314072571));
#4627 = CARTESIAN_POINT('',(-9.91425031677,15.23322914936,1.359647405579
    ));
#4628 = CARTESIAN_POINT('',(-14.49862059533,7.61661457468,1.44298073875)
  );
#4629 = CARTESIAN_POINT('',(-14.55000000002,-5.040403111782E-15,
    1.526314072081));
#4630 = PCURVE('',#1413,#4631);
#4631 = DEFINITIONAL_REPRESENTATION('',(#4632),#4636);
#4632 = LINE('',#4633,#4634);
#4633 = CARTESIAN_POINT('',(5.,0.));
#4634 = VECTOR('',#4635,1.);
#4635 = DIRECTION('',(0.,1.));
#4636 = ( GEOMETRIC_REPRESENTATION_CONTEXT(2) 
PARAMETRIC_REPRESENTATION_CONTEXT() REPRESENTATION_CONTEXT('2D SPACE',''
  ) );
#4637 = PCURVE('',#1593,#4638);
#4638 = DEFINITIONAL_REPRESENTATION('',(#4639),#4643);
#4639 = LINE('',#4640,#4641);
#4640 = CARTESIAN_POINT('',(5.,0.));
#4641 = VECTOR('',#4642,1.);
#4642 = DIRECTION('',(0.,1.));
#4643 = ( GEOMETRIC_REPRESENTATION_CONTEXT(2) 
PARAMETRIC_REPRESENTATION_CONTEXT() REPRESENTATION_CONTEXT('2D SPACE',''
  ) );
#4644 = ORIENTED_EDGE('',*,*,#1525,.T.);
#4645 = ORIENTED_EDGE('',*,*,#4646,.T.);
#4646 = EDGE_CURVE('',#1453,#1380,#4647,.T.);
#4647 = SURFACE_CURVE('',#4648,(#4660,#4667),.PCURVE_S1.);
#4648 = ( BOUNDED_CURVE() B_SPLINE_CURVE(6,(#4649,#4650,#4651,#4652,
    #4653,#4654,#4655,#4656,#4657,#4658,#4659),.UNSPECIFIED.,.F.,.F.) 
B_SPLINE_CURVE_WITH_KNOTS((7,4,7),(0.,0.5,1.),.UNSPECIFIED.) CURVE() 
GEOMETRIC_REPRESENTATION_ITEM() RATIONAL_B_SPLINE_CURVE((1.,1.,1.,1.,1.,
1.,1.,1.,1.,1.,1.)) REPRESENTATION_ITEM('') );
#4649 = CARTESIAN_POINT('',(-14.54999999999,-6.418506756636E-15,
    0.526314072081));
#4650 = CARTESIAN_POINT('',(-14.4986205953,-7.61661457468,0.609647405417
    ));
#4651 = CARTESIAN_POINT('',(-9.914250316736,-15.23322914935,
    0.692980738896));
#4652 = CARTESIAN_POINT('',(8.638162414441E-02,-19.13941392427,
    0.776314072578));
#4653 = CARTESIAN_POINT('',(9.782376511365,-15.23322914935,
    0.859647406239));
#4654 = CARTESIAN_POINT('',(19.317623488625,1.272608091645E-11,
    1.026314073223));
#4655 = CARTESIAN_POINT('',(9.782376511342,15.233229149369,
    1.192980739565));
#4656 = CARTESIAN_POINT('',(8.638162411295E-02,19.139413924283,
    1.276314072571));
#4657 = CARTESIAN_POINT('',(-9.91425031677,15.23322914936,1.359647405579
    ));
#4658 = CARTESIAN_POINT('',(-14.49862059533,7.61661457468,1.44298073875)
  );
#4659 = CARTESIAN_POINT('',(-14.55000000002,-5.040403111782E-15,
    1.526314072081));
#4660 = PCURVE('',#1413,#4661);
#4661 = DEFINITIONAL_REPRESENTATION('',(#4662),#4666);
#4662 = LINE('',#4663,#4664);
#4663 = CARTESIAN_POINT('',(5.,0.));
#4664 = VECTOR('',#4665,1.);
#4665 = DIRECTION('',(0.,1.));
#4666 = ( GEOMETRIC_REPRESENTATION_CONTEXT(2) 
PARAMETRIC_REPRESENTATION_CONTEXT() REPRESENTATION_CONTEXT('2D SPACE',''
  ) );
#4667 = PCURVE('',#1486,#4668);
#4668 = DEFINITIONAL_REPRESENTATION('',(#4669),#4673);
#4669 = LINE('',#4670,#4671);
#4670 = CARTESIAN_POINT('',(5.,0.));
#4671 = VECTOR('',#4672,1.);
#4672 = DIRECTION('',(0.,1.));
#4673 = ( GEOMETRIC_REPRESENTATION_CONTEXT(2) 
PARAMETRIC_REPRESENTATION_CONTEXT() REPRESENTATION_CONTEXT('2D SPACE',''
  ) );
#4674 = ORIENTED_EDGE('',*,*,#1379,.T.);
#4675 = ORIENTED_EDGE('',*,*,#3223,.T.);
#4676 = ORIENTED_EDGE('',*,*,#3158,.T.);
#4677 = ORIENTED_EDGE('',*,*,#4678,.T.);
#4678 = EDGE_CURVE('',#3086,#3052,#4679,.T.);
#4679 = SURFACE_CURVE('',#4680,(#4692,#4699),.PCURVE_S1.);
#4680 = ( BOUNDED_CURVE() B_SPLINE_CURVE(6,(#4681,#4682,#4683,#4684,
    #4685,#4686,#4687,#4688,#4689,#4690,#4691),.UNSPECIFIED.,.F.,.F.) 
B_SPLINE_CURVE_WITH_KNOTS((7,4,7),(0.,0.5,1.),.UNSPECIFIED.) CURVE() 
GEOMETRIC_REPRESENTATION_ITEM() RATIONAL_B_SPLINE_CURVE((1.,1.,1.,1.,1.,
1.,1.,1.,1.,1.,1.)) REPRESENTATION_ITEM('') );
#4681 = CARTESIAN_POINT('',(-14.54999999999,-6.418506756636E-15,
    0.526314072081));
#4682 = CARTESIAN_POINT('',(-14.4986205953,-7.61661457468,0.609647405417
    ));
#4683 = CARTESIAN_POINT('',(-9.914250316736,-15.23322914935,
    0.692980738896));
#4684 = CARTESIAN_POINT('',(8.638162414441E-02,-19.13941392427,
    0.776314072578));
#4685 = CARTESIAN_POINT('',(9.782376511365,-15.23322914935,
    0.859647406239));
#4686 = CARTESIAN_POINT('',(19.317623488625,1.272608091645E-11,
    1.026314073223));
#4687 = CARTESIAN_POINT('',(9.782376511342,15.233229149369,
    1.192980739565));
#4688 = CARTESIAN_POINT('',(8.638162411295E-02,19.139413924283,
    1.276314072571));
#4689 = CARTESIAN_POINT('',(-9.91425031677,15.23322914936,1.359647405579
    ));
#4690 = CARTESIAN_POINT('',(-14.49862059533,7.61661457468,1.44298073875)
  );
#4691 = CARTESIAN_POINT('',(-14.55000000002,-5.040403111782E-15,
    1.526314072081));
#4692 = PCURVE('',#1413,#4693);
#4693 = DEFINITIONAL_REPRESENTATION('',(#4694),#4698);
#4694 = LINE('',#4695,#4696);
#4695 = CARTESIAN_POINT('',(5.,0.));
#4696 = VECTOR('',#4697,1.);
#4697 = DIRECTION('',(0.,1.));
#4698 = ( GEOMETRIC_REPRESENTATION_CONTEXT(2) 
PARAMETRIC_REPRESENTATION_CONTEXT() REPRESENTATION_CONTEXT('2D SPACE',''
  ) );
#4699 = PCURVE('',#3119,#4700);
#4700 = DEFINITIONAL_REPRESENTATION('',(#4701),#4705);
#4701 = LINE('',#4702,#4703);
#4702 = CARTESIAN_POINT('',(5.,0.));
#4703 = VECTOR('',#4704,1.);
#4704 = DIRECTION('',(0.,1.));
#4705 = ( GEOMETRIC_REPRESENTATION_CONTEXT(2) 
PARAMETRIC_REPRESENTATION_CONTEXT() REPRESENTATION_CONTEXT('2D SPACE',''
  ) );
#4706 = ORIENTED_EDGE('',*,*,#3051,.T.);
#4707 = ORIENTED_EDGE('',*,*,#4708,.T.);
#4708 = EDGE_CURVE('',#2979,#2929,#4709,.T.);
#4709 = SURFACE_CURVE('',#4710,(#4722,#4729),.PCURVE_S1.);
#4710 = ( BOUNDED_CURVE() B_SPLINE_CURVE(6,(#4711,#4712,#4713,#4714,
    #4715,#4716,#4717,#4718,#4719,#4720,#4721),.UNSPECIFIED.,.F.,.F.) 
B_SPLINE_CURVE_WITH_KNOTS((7,4,7),(0.,0.5,1.),.UNSPECIFIED.) CURVE() 
GEOMETRIC_REPRESENTATION_ITEM() RATIONAL_B_SPLINE_CURVE((1.,1.,1.,1.,1.,
1.,1.,1.,1.,1.,1.)) REPRESENTATION_ITEM('') );
#4711 = CARTESIAN_POINT('',(-14.54999999999,-6.418506756636E-15,
    0.526314072081));
#4712 = CARTESIAN_POINT('',(-14.4986205953,-7.61661457468,0.609647405417
    ));
#4713 = CARTESIAN_POINT('',(-9.914250316736,-15.23322914935,
    0.692980738896));
#4714 = CARTESIAN_POINT('',(8.638162414441E-02,-19.13941392427,
    0.776314072578));
#4715 = CARTESIAN_POINT('',(9.782376511365,-15.23322914935,
    0.859647406239));
#4716 = CARTESIAN_POINT('',(19.317623488625,1.272608091645E-11,
    1.026314073223));
#4717 = CARTESIAN_POINT('',(9.782376511342,15.233229149369,
    1.192980739565));
#4718 = CARTESIAN_POINT('',(8.638162411295E-02,19.139413924283,
    1.276314072571));
#4719 = CARTESIAN_POINT('',(-9.91425031677,15.23322914936,1.359647405579
    ));
#4720 = CARTESIAN_POINT('',(-14.49862059533,7.61661457468,1.44298073875)
  );
#4721 = CARTESIAN_POINT('',(-14.55000000002,-5.040403111782E-15,
    1.526314072081));
#4722 = PCURVE('',#1413,#4723);
#4723 = DEFINITIONAL_REPRESENTATION('',(#4724),#4728);
#4724 = LINE('',#4725,#4726);
#4725 = CARTESIAN_POINT('',(5.,0.));
#4726 = VECTOR('',#4727,1.);
#4727 = DIRECTION('',(0.,1.));
#4728 = ( GEOMETRIC_REPRESENTATION_CONTEXT(2) 
PARAMETRIC_REPRESENTATION_CONTEXT() REPRESENTATION_CONTEXT('2D SPACE',''
  ) );
#4729 = PCURVE('',#3012,#4730);
#4730 = DEFINITIONAL_REPRESENTATION('',(#4731),#4735);
#4731 = LINE('',#4732,#4733);
#4732 = CARTESIAN_POINT('',(5.,0.));
#4733 = VECTOR('',#4734,1.);
#4734 = DIRECTION('',(0.,1.));
#4735 = ( GEOMETRIC_REPRESENTATION_CONTEXT(2) 
PARAMETRIC_REPRESENTATION_CONTEXT() REPRESENTATION_CONTEXT('2D SPACE',''
  ) );
#4736 = ORIENTED_EDGE('',*,*,#2928,.T.);
#4737 = ORIENTED_EDGE('',*,*,#4738,.T.);
#4738 = EDGE_CURVE('',#2850,#2771,#4739,.T.);
#4739 = SURFACE_CURVE('',#4740,(#4752,#4759),.PCURVE_S1.);
#4740 = ( BOUNDED_CURVE() B_SPLINE_CURVE(6,(#4741,#4742,#4743,#4744,
    #4745,#4746,#4747,#4748,#4749,#4750,#4751),.UNSPECIFIED.,.F.,.F.) 
B_SPLINE_CURVE_WITH_KNOTS((7,4,7),(0.,0.5,1.),.UNSPECIFIED.) CURVE() 
GEOMETRIC_REPRESENTATION_ITEM() RATIONAL_B_SPLINE_CURVE((1.,1.,1.,1.,1.,
1.,1.,1.,1.,1.,1.)) REPRESENTATION_ITEM('') );
#4741 = CARTESIAN_POINT('',(-14.54999999999,-6.418506756636E-15,
    0.526314072081));
#4742 = CARTESIAN_POINT('',(-14.4986205953,-7.61661457468,0.609647405417
    ));
#4743 = CARTESIAN_POINT('',(-9.914250316736,-15.23322914935,
    0.692980738896));
#4744 = CARTESIAN_POINT('',(8.638162414441E-02,-19.13941392427,
    0.776314072578));
#4745 = CARTESIAN_POINT('',(9.782376511365,-15.23322914935,
    0.859647406239));
#4746 = CARTESIAN_POINT('',(19.317623488625,1.272608091645E-11,
    1.026314073223));
#4747 = CARTESIAN_POINT('',(9.782376511342,15.233229149369,
    1.192980739565));
#4748 = CARTESIAN_POINT('',(8.638162411295E-02,19.139413924283,
    1.276314072571));
#4749 = CARTESIAN_POINT('',(-9.91425031677,15.23322914936,1.359647405579
    ));
#4750 = CARTESIAN_POINT('',(-14.49862059533,7.61661457468,1.44298073875)
  );
#4751 = CARTESIAN_POINT('',(-14.55000000002,-5.040403111782E-15,
    1.526314072081));
#4752 = PCURVE('',#1413,#4753);
#4753 = DEFINITIONAL_REPRESENTATION('',(#4754),#4758);
#4754 = LINE('',#4755,#4756);
#4755 = CARTESIAN_POINT('',(5.,0.));
#4756 = VECTOR('',#4757,1.);
#4757 = DIRECTION('',(0.,1.));
#4758 = ( GEOMETRIC_REPRESENTATION_CONTEXT(2) 
PARAMETRIC_REPRESENTATION_CONTEXT() REPRESENTATION_CONTEXT('2D SPACE',''
  ) );
#4759 = PCURVE('',#2887,#4760);
#4760 = DEFINITIONAL_REPRESENTATION('',(#4761),#4765);
#4761 = LINE('',#4762,#4763);
#4762 = CARTESIAN_POINT('',(5.,0.));
#4763 = VECTOR('',#4764,1.);
#4764 = DIRECTION('',(0.,1.));
#4765 = ( GEOMETRIC_REPRESENTATION_CONTEXT(2) 
PARAMETRIC_REPRESENTATION_CONTEXT() REPRESENTATION_CONTEXT('2D SPACE',''
  ) );
#4766 = ORIENTED_EDGE('',*,*,#4767,.F.);
#4767 = EDGE_CURVE('',#4560,#2771,#4768,.T.);
#4768 = SURFACE_CURVE('',#4769,(#4772,#4778),.PCURVE_S1.);
#4769 = B_SPLINE_CURVE_WITH_KNOTS('',1,(#4770,#4771),.UNSPECIFIED.,.F.,
  .F.,(2,2),(4.,5.),.PIECEWISE_BEZIER_KNOTS.);
#4770 = CARTESIAN_POINT('',(-14.00000000003,4.267595438477E-13,
    1.673686127956));
#4771 = CARTESIAN_POINT('',(-14.55000000002,-5.932152530007E-15,
    1.526314072081));
#4772 = PCURVE('',#1413,#4773);
#4773 = DEFINITIONAL_REPRESENTATION('',(#4774),#4777);
#4774 = B_SPLINE_CURVE_WITH_KNOTS('',1,(#4775,#4776),.UNSPECIFIED.,.F.,
  .F.,(2,2),(4.,5.),.PIECEWISE_BEZIER_KNOTS.);
#4775 = CARTESIAN_POINT('',(4.,1.));
#4776 = CARTESIAN_POINT('',(5.,1.));
#4777 = ( GEOMETRIC_REPRESENTATION_CONTEXT(2) 
PARAMETRIC_REPRESENTATION_CONTEXT() REPRESENTATION_CONTEXT('2D SPACE',''
  ) );
#4778 = PCURVE('',#2501,#4779);
#4779 = DEFINITIONAL_REPRESENTATION('',(#4780),#4784);
#4780 = LINE('',#4781,#4782);
#4781 = CARTESIAN_POINT('',(0.,0.));
#4782 = VECTOR('',#4783,1.);
#4783 = DIRECTION('',(1.,0.));
#4784 = ( GEOMETRIC_REPRESENTATION_CONTEXT(2) 
PARAMETRIC_REPRESENTATION_CONTEXT() REPRESENTATION_CONTEXT('2D SPACE',''
  ) );
#4785 = ADVANCED_FACE('',(#4786),#1593,.F.);
#4786 = FACE_BOUND('',#4787,.F.);
#4787 = EDGE_LOOP('',(#4788,#4789));
#4788 = ORIENTED_EDGE('',*,*,#4616,.F.);
#4789 = ORIENTED_EDGE('',*,*,#1559,.T.);
#4790 = ADVANCED_FACE('',(#4791),#1486,.F.);
#4791 = FACE_BOUND('',#4792,.F.);
#4792 = EDGE_LOOP('',(#4793,#4794));
#4793 = ORIENTED_EDGE('',*,*,#4646,.F.);
#4794 = ORIENTED_EDGE('',*,*,#1452,.F.);
#4795 = ADVANCED_FACE('',(#4796),#2231,.F.);
#4796 = FACE_BOUND('',#4797,.T.);
#4797 = EDGE_LOOP('',(#4798,#4799,#4800,#4854));
#4798 = ORIENTED_EDGE('',*,*,#2212,.F.);
#4799 = ORIENTED_EDGE('',*,*,#4028,.F.);
#4800 = ORIENTED_EDGE('',*,*,#4801,.F.);
#4801 = EDGE_CURVE('',#4328,#4029,#4802,.T.);
#4802 = SURFACE_CURVE('',#4803,(#4818,#4836),.PCURVE_S1.);
#4803 = B_SPLINE_CURVE_WITH_KNOTS('',4,(#4804,#4805,#4806,#4807,#4808,
    #4809,#4810,#4811,#4812,#4813,#4814,#4815,#4816,#4817),
  .UNSPECIFIED.,.F.,.F.,(5,3,3,3,5),(0.,0.247717061506,0.497201343394,
    0.748141679617,1.),.UNSPECIFIED.);
#4804 = CARTESIAN_POINT('',(-4.063342500018,13.397302578105,
    0.470554791473));
#4805 = CARTESIAN_POINT('',(-3.789853902634,13.480194324625,
    0.47060850823));
#4806 = CARTESIAN_POINT('',(-3.514080091836,13.555660246905,
    0.47065383584));
#4807 = CARTESIAN_POINT('',(-3.236322025362,13.623605126762,
    0.470690357302));
#4808 = CARTESIAN_POINT('',(-2.675466421992,13.744739440326,
    0.470746938434));
#4809 = CARTESIAN_POINT('',(-2.392344804096,13.797820231132,
    0.470766869477));
#4810 = CARTESIAN_POINT('',(-2.107844158966,13.843125898029,
    0.470778830513));
#4811 = CARTESIAN_POINT('',(-1.535069864817,13.918311172769,
    0.470789089613));
#4812 = CARTESIAN_POINT('',(-1.246783734011,13.9480992657,0.47078729656)
  );
#4813 = CARTESIAN_POINT('',(-0.957763506688,13.96992536343,
    0.470779710966));
#4814 = CARTESIAN_POINT('',(-0.377868158991,13.997664991652,
    0.470755831784));
#4815 = CARTESIAN_POINT('',(-8.698995453487E-02,14.003520047825,
    0.470739495475));
#4816 = CARTESIAN_POINT('',(0.203949664903,14.001315256595,
    0.470720258593));
#4817 = CARTESIAN_POINT('',(0.494610315511,13.991060543965,
    0.470699583239));
#4818 = PCURVE('',#2231,#4819);
#4819 = DEFINITIONAL_REPRESENTATION('',(#4820),#4835);
#4820 = B_SPLINE_CURVE_WITH_KNOTS('',4,(#4821,#4822,#4823,#4824,#4825,
    #4826,#4827,#4828,#4829,#4830,#4831,#4832,#4833,#4834),
  .UNSPECIFIED.,.F.,.F.,(5,3,3,3,5),(0.,0.247717061506,0.497201343394,
    0.748141679617,1.),.UNSPECIFIED.);
#4821 = CARTESIAN_POINT('',(-5.00686648299,9.9453085268E-03));
#4822 = CARTESIAN_POINT('',(-4.986453940611,9.891591769585E-03));
#4823 = CARTESIAN_POINT('',(-4.966038936265,9.846264160444E-03));
#4824 = CARTESIAN_POINT('',(-4.945621395305,9.80974269802E-03));
#4825 = CARTESIAN_POINT('',(-4.904635907513,9.753161565629E-03));
#4826 = CARTESIAN_POINT('',(-4.88406792155,9.733230523396E-03));
#4827 = CARTESIAN_POINT('',(-4.86349771036,9.721269486666E-03));
#4828 = CARTESIAN_POINT('',(-4.822233458021,9.711010387398E-03));
#4829 = CARTESIAN_POINT('',(-4.801539389056,9.712803439571E-03));
#4830 = CARTESIAN_POINT('',(-4.780843759148,9.720389033861E-03));
#4831 = CARTESIAN_POINT('',(-4.739374506313,9.744268215846E-03));
#4832 = CARTESIAN_POINT('',(-4.718600869259,9.760604524713E-03));
#4833 = CARTESIAN_POINT('',(-4.697826503026,9.779841407051E-03));
#4834 = CARTESIAN_POINT('',(-4.677051814843,9.800516760889E-03));
#4835 = ( GEOMETRIC_REPRESENTATION_CONTEXT(2) 
PARAMETRIC_REPRESENTATION_CONTEXT() REPRESENTATION_CONTEXT('2D SPACE',''
  ) );
#4836 = PCURVE('',#4144,#4837);
#4837 = DEFINITIONAL_REPRESENTATION('',(#4838),#4853);
#4838 = B_SPLINE_CURVE_WITH_KNOTS('',4,(#4839,#4840,#4841,#4842,#4843,
    #4844,#4845,#4846,#4847,#4848,#4849,#4850,#4851,#4852),
  .UNSPECIFIED.,.F.,.F.,(5,3,3,3,5),(0.,0.247717061506,0.497201343394,
    0.748141679617,1.),.UNSPECIFIED.);
#4839 = CARTESIAN_POINT('',(4.,0.796868663554));
#4840 = CARTESIAN_POINT('',(3.937270301813,0.793621045257));
#4841 = CARTESIAN_POINT('',(3.874691639105,0.7903729865));
#4842 = CARTESIAN_POINT('',(3.812271171509,0.787124447079));
#4843 = CARTESIAN_POINT('',(3.687284605223,0.78060324218));
#4844 = CARTESIAN_POINT('',(3.624720807131,0.77733056915));
#4845 = CARTESIAN_POINT('',(3.562299450239,0.774057422501));
#4846 = CARTESIAN_POINT('',(3.437336994565,0.767491164461));
#4847 = CARTESIAN_POINT('',(3.37479751446,0.764198047142));
#4848 = CARTESIAN_POINT('',(3.312360680565,0.76090453934));
#4849 = CARTESIAN_POINT('',(3.187411247763,0.754304828385));
#4850 = CARTESIAN_POINT('',(3.124899397638,0.750998621919));
#4851 = CARTESIAN_POINT('',(3.062437761396,0.747692157532));
#4852 = CARTESIAN_POINT('',(3.,0.744385511158));
#4853 = ( GEOMETRIC_REPRESENTATION_CONTEXT(2) 
PARAMETRIC_REPRESENTATION_CONTEXT() REPRESENTATION_CONTEXT('2D SPACE',''
  ) );
#4854 = ORIENTED_EDGE('',*,*,#4360,.F.);
#4855 = ADVANCED_FACE('',(#4856),#2455,.F.);
#4856 = FACE_BOUND('',#4857,.F.);
#4857 = EDGE_LOOP('',(#4858,#4883,#4910,#4911,#4984,#5057,#5091,#5164,
    #5214,#5293,#5360,#5433,#5462,#5529,#5563,#5607,#5656,#5729,#5779,
    #5852,#5931,#5981,#6054,#6088,#6161,#6224,#6225,#6275,#6348,#6382,
    #6455,#6505,#6584,#6663,#6713,#6786,#6820,#6893));
#4858 = ORIENTED_EDGE('',*,*,#4859,.T.);
#4859 = EDGE_CURVE('',#4860,#4862,#4864,.T.);
#4860 = VERTEX_POINT('',#4861);
#4861 = CARTESIAN_POINT('',(14.549999999902,2.106484023187E-06,
    2.373686152927));
#4862 = VERTEX_POINT('',#4863);
#4863 = CARTESIAN_POINT('',(14.55,-3.563722185519E-15,3.3));
#4864 = SEAM_CURVE('',#4865,(#4869,#4876),.PCURVE_S1.);
#4865 = LINE('',#4866,#4867);
#4866 = CARTESIAN_POINT('',(14.55,-3.563722185519E-15,0.2));
#4867 = VECTOR('',#4868,1.);
#4868 = DIRECTION('',(0.,0.,1.));
#4869 = PCURVE('',#2455,#4870);
#4870 = DEFINITIONAL_REPRESENTATION('',(#4871),#4875);
#4871 = LINE('',#4872,#4873);
#4872 = CARTESIAN_POINT('',(6.28318530718,-0.));
#4873 = VECTOR('',#4874,1.);
#4874 = DIRECTION('',(0.,1.));
#4875 = ( GEOMETRIC_REPRESENTATION_CONTEXT(2) 
PARAMETRIC_REPRESENTATION_CONTEXT() REPRESENTATION_CONTEXT('2D SPACE',''
  ) );
#4876 = PCURVE('',#2455,#4877);
#4877 = DEFINITIONAL_REPRESENTATION('',(#4878),#4882);
#4878 = LINE('',#4879,#4880);
#4879 = CARTESIAN_POINT('',(0.,-0.));
#4880 = VECTOR('',#4881,1.);
#4881 = DIRECTION('',(0.,1.));
#4882 = ( GEOMETRIC_REPRESENTATION_CONTEXT(2) 
PARAMETRIC_REPRESENTATION_CONTEXT() REPRESENTATION_CONTEXT('2D SPACE',''
  ) );
#4883 = ORIENTED_EDGE('',*,*,#4884,.F.);
#4884 = EDGE_CURVE('',#4862,#4862,#4885,.T.);
#4885 = SURFACE_CURVE('',#4886,(#4891,#4898),.PCURVE_S1.);
#4886 = CIRCLE('',#4887,14.55);
#4887 = AXIS2_PLACEMENT_3D('',#4888,#4889,#4890);
#4888 = CARTESIAN_POINT('',(0.,0.,3.3));
#4889 = DIRECTION('',(0.,0.,1.));
#4890 = DIRECTION('',(1.,0.,-0.));
#4891 = PCURVE('',#2455,#4892);
#4892 = DEFINITIONAL_REPRESENTATION('',(#4893),#4897);
#4893 = LINE('',#4894,#4895);
#4894 = CARTESIAN_POINT('',(0.,3.1));
#4895 = VECTOR('',#4896,1.);
#4896 = DIRECTION('',(1.,0.));
#4897 = ( GEOMETRIC_REPRESENTATION_CONTEXT(2) 
PARAMETRIC_REPRESENTATION_CONTEXT() REPRESENTATION_CONTEXT('2D SPACE',''
  ) );
#4898 = PCURVE('',#4899,#4904);
#4899 = PLANE('',#4900);
#4900 = AXIS2_PLACEMENT_3D('',#4901,#4902,#4903);
#4901 = CARTESIAN_POINT('',(0.,0.,3.3));
#4902 = DIRECTION('',(0.,0.,1.));
#4903 = DIRECTION('',(1.,0.,-0.));
#4904 = DEFINITIONAL_REPRESENTATION('',(#4905),#4909);
#4905 = CIRCLE('',#4906,14.55);
#4906 = AXIS2_PLACEMENT_2D('',#4907,#4908);
#4907 = CARTESIAN_POINT('',(0.,0.));
#4908 = DIRECTION('',(1.,0.));
#4909 = ( GEOMETRIC_REPRESENTATION_CONTEXT(2) 
PARAMETRIC_REPRESENTATION_CONTEXT() REPRESENTATION_CONTEXT('2D SPACE',''
  ) );
#4910 = ORIENTED_EDGE('',*,*,#4859,.F.);
#4911 = ORIENTED_EDGE('',*,*,#4912,.F.);
#4912 = EDGE_CURVE('',#4913,#4860,#4915,.T.);
#4913 = VERTEX_POINT('',#4914);
#4914 = CARTESIAN_POINT('',(11.771198452063,8.552273791346,
    2.473686107664));
#4915 = SURFACE_CURVE('',#4916,(#4929,#4945),.PCURVE_S1.);
#4916 = B_SPLINE_CURVE_WITH_KNOTS('',6,(#4917,#4918,#4919,#4920,#4921,
    #4922,#4923,#4924,#4925,#4926,#4927,#4928),.UNSPECIFIED.,.F.,.F.,(7,
    5,7),(0.,0.500124850382,1.),.UNSPECIFIED.);
#4917 = CARTESIAN_POINT('',(11.771198452061,8.55227379135,2.473686107664
    ));
#4918 = CARTESIAN_POINT('',(12.2190632979,7.935840535271,2.465326343283)
  );
#4919 = CARTESIAN_POINT('',(12.628201198781,7.291248098001,
    2.456961104278));
#4920 = CARTESIAN_POINT('',(12.996374445477,6.621569290696,
    2.448594273767));
#4921 = CARTESIAN_POINT('',(13.321714242743,5.930067003058,
    2.440231703554));
#4922 = CARTESIAN_POINT('',(13.602679448191,5.22017102392,2.431881257445
    ));
#4923 = CARTESIAN_POINT('',(14.073402048663,3.7711866669,2.415214665293)
  );
#4924 = CARTESIAN_POINT('',(14.26321630502,3.032077977562,2.406898108866
    ));
#4925 = CARTESIAN_POINT('',(14.406365253859,2.281780810246,
    2.398599103717));
#4926 = CARTESIAN_POINT('',(14.502080890586,1.523970768828,
    2.390314477506));
#4927 = CARTESIAN_POINT('',(14.549957765187,0.76238058932,2.382027291213
    ));
#4928 = CARTESIAN_POINT('',(14.549999977649,8.064761158394E-04,
    2.37369495353));
#4929 = PCURVE('',#2455,#4930);
#4930 = DEFINITIONAL_REPRESENTATION('',(#4931),#4944);
#4931 = B_SPLINE_CURVE_WITH_KNOTS('',6,(#4932,#4933,#4934,#4935,#4936,
    #4937,#4938,#4939,#4940,#4941,#4942,#4943),.UNSPECIFIED.,.F.,.F.,(7,
    5,7),(0.,0.500124850382,1.),.UNSPECIFIED.);
#4932 = CARTESIAN_POINT('',(0.628318392286,2.273686107664));
#4933 = CARTESIAN_POINT('',(0.575950465725,2.265326343283));
#4934 = CARTESIAN_POINT('',(0.523581300217,2.256961104278));
#4935 = CARTESIAN_POINT('',(0.471213593483,2.248594273767));
#4936 = CARTESIAN_POINT('',(0.41884588002,2.240231703554));
#4937 = CARTESIAN_POINT('',(0.366476691539,2.231881257445));
#4938 = CARTESIAN_POINT('',(0.261766911479,2.215214665293));
#4939 = CARTESIAN_POINT('',(0.209423799743,2.206898108866));
#4940 = CARTESIAN_POINT('',(0.157082118619,2.198599103717));
#4941 = CARTESIAN_POINT('',(0.104740433908,2.190314477506));
#4942 = CARTESIAN_POINT('',(5.239729144264E-02,2.182027291213));
#4943 = CARTESIAN_POINT('',(5.542791176992E-05,2.17369495353));
#4944 = ( GEOMETRIC_REPRESENTATION_CONTEXT(2) 
PARAMETRIC_REPRESENTATION_CONTEXT() REPRESENTATION_CONTEXT('2D SPACE',''
  ) );
#4945 = PCURVE('',#4946,#4969);
#4946 = ( BOUNDED_SURFACE() B_SPLINE_SURFACE(1,6,(
    (#4947,#4948,#4949,#4950,#4951,#4952,#4953,#4954,#4955,#4956,#4957)
    ,(#4958,#4959,#4960,#4961,#4962,#4963,#4964,#4965,#4966,#4967,#4968
)),.UNSPECIFIED.,.F.,.F.,.F.) B_SPLINE_SURFACE_WITH_KNOTS((2,2),(7,4,7),
(2.,3.),(0.,0.5,1.),.UNSPECIFIED.) GEOMETRIC_REPRESENTATION_ITEM() 
RATIONAL_B_SPLINE_SURFACE((
    (1.,1.,1.,1.,1.,1.,1.,1.,1.,1.,1.)
,(1.,1.,1.,1.,1.,1.,1.,1.,1.,1.,1.
  ))) REPRESENTATION_ITEM('') SURFACE() );
#4947 = CARTESIAN_POINT('',(-14.55000000004,-2.365229651234E-15,
    1.873686127919));
#4948 = CARTESIAN_POINT('',(-14.49862059535,-7.61661457468,
    1.957019461256));
#4949 = CARTESIAN_POINT('',(-9.914250316787,-15.23322914935,
    2.040352794889));
#4950 = CARTESIAN_POINT('',(8.638162409195E-02,-19.13941392426,
    2.123686128909));
#4951 = CARTESIAN_POINT('',(9.782376511308,-15.23322914934,
    2.207019462896));
#4952 = CARTESIAN_POINT('',(19.317623488557,2.553640918304E-11,
    2.373686130202));
#4953 = CARTESIAN_POINT('',(9.782376511263,15.233229149378,
    2.540352796222));
#4954 = CARTESIAN_POINT('',(8.638162402917E-02,19.139413924289,
    2.623686128902));
#4955 = CARTESIAN_POINT('',(-9.914250316855,15.233229149362,
    2.707019461573));
#4956 = CARTESIAN_POINT('',(-14.49862059542,7.61661457468,2.790352794588
    ));
#4957 = CARTESIAN_POINT('',(-14.55000000011,4.147135102075E-15,
    2.873686127919));
#4958 = CARTESIAN_POINT('',(-14.00000000003,4.2729994373E-13,
    1.726314072119));
#4959 = CARTESIAN_POINT('',(-13.95056277201,-7.32870130893,
    1.809647405455));
#4960 = CARTESIAN_POINT('',(-9.539484841221,-14.65740261785,
    1.892980739077));
#4961 = CARTESIAN_POINT('',(8.311633957224E-02,-18.41593092383,
    1.976314073071));
#4962 = CARTESIAN_POINT('',(9.412595955885,-14.65740261784,
    2.059647407034));
#4963 = CARTESIAN_POINT('',(18.587404044,2.48672992349E-11,
    2.226314074315));
#4964 = CARTESIAN_POINT('',(9.41259595584,14.657402617878,2.39298074036)
  );
#4965 = CARTESIAN_POINT('',(8.311633951058E-02,18.415930923855,
    2.476314073064));
#4966 = CARTESIAN_POINT('',(-9.539484841288,14.657402617863,
    2.559647405761));
#4967 = CARTESIAN_POINT('',(-13.95056277208,7.32870130893,2.642980738788
    ));
#4968 = CARTESIAN_POINT('',(-14.0000000001,4.389549209684E-13,
    2.726314072119));
#4969 = DEFINITIONAL_REPRESENTATION('',(#4970),#4983);
#4970 = B_SPLINE_CURVE_WITH_KNOTS('',6,(#4971,#4972,#4973,#4974,#4975,
    #4976,#4977,#4978,#4979,#4980,#4981,#4982),.UNSPECIFIED.,.F.,.F.,(7,
    5,7),(0.,0.500124850382,1.),.UNSPECIFIED.);
#4971 = CARTESIAN_POINT('',(2.,0.599999977973));
#4972 = CARTESIAN_POINT('',(2.000185321858,0.591667524825));
#4973 = CARTESIAN_POINT('',(2.000406295685,0.583334851159));
#4974 = CARTESIAN_POINT('',(2.000637664034,0.575002117853));
#4975 = CARTESIAN_POINT('',(2.000836265319,0.566668815897));
#4976 = CARTESIAN_POINT('',(2.000946231455,0.558334575705));
#4977 = CARTESIAN_POINT('',(2.000955243735,0.541669311678));
#4978 = CARTESIAN_POINT('',(2.000854352614,0.533337886707));
#4979 = CARTESIAN_POINT('',(2.000631627262,0.525006058055));
#4980 = CARTESIAN_POINT('',(2.000308303804,0.516673782995));
#4981 = CARTESIAN_POINT('',(2.000000271627,0.508341201363));
#4982 = CARTESIAN_POINT('',(2.,0.50000882365));
#4983 = ( GEOMETRIC_REPRESENTATION_CONTEXT(2) 
PARAMETRIC_REPRESENTATION_CONTEXT() REPRESENTATION_CONTEXT('2D SPACE',''
  ) );
#4984 = ORIENTED_EDGE('',*,*,#4985,.T.);
#4985 = EDGE_CURVE('',#4913,#4986,#4988,.T.);
#4986 = VERTEX_POINT('',#4987);
#4987 = CARTESIAN_POINT('',(4.529726915546,13.826932923486,2.57330023038
    ));
#4988 = SURFACE_CURVE('',#4989,(#5002,#5018),.PCURVE_S1.);
#4989 = B_SPLINE_CURVE_WITH_KNOTS('',6,(#4990,#4991,#4992,#4993,#4994,
    #4995,#4996,#4997,#4998,#4999,#5000,#5001),.UNSPECIFIED.,.F.,.F.,(7,
    5,7),(0.,0.363320516912,1.),.UNSPECIFIED.);
#4990 = CARTESIAN_POINT('',(11.771198452068,8.55227379134,2.473686107664
    ));
#4991 = CARTESIAN_POINT('',(11.44707053647,8.998397724161,2.47971645518)
  );
#4992 = CARTESIAN_POINT('',(11.102650855787,9.429783224757,
    2.485746829409));
#4993 = CARTESIAN_POINT('',(10.738782218069,9.845270883239,
    2.491777249937));
#4994 = CARTESIAN_POINT('',(10.356387514672,10.243773990107,
    2.497807863477));
#4995 = CARTESIAN_POINT('',(9.956469409975,10.624278911698,
    2.503838797019));
#4996 = CARTESIAN_POINT('',(8.810485741243,11.619451320387,2.52043905403
    ));
#4997 = CARTESIAN_POINT('',(8.030318953041,12.19494699887,2.531009732074
    ));
#4998 = CARTESIAN_POINT('',(7.205491231264,12.707201866017,
    2.541580894088));
#4999 = CARTESIAN_POINT('',(6.342437684494,13.152043071971,
    2.552153224734));
#5000 = CARTESIAN_POINT('',(5.448042463618,13.526091176579,
    2.562726985172));
#5001 = CARTESIAN_POINT('',(4.529726915546,13.826932923486,2.57330023038
    ));
#5002 = PCURVE('',#2455,#5003);
#5003 = DEFINITIONAL_REPRESENTATION('',(#5004),#5017);
#5004 = B_SPLINE_CURVE_WITH_KNOTS('',6,(#5005,#5006,#5007,#5008,#5009,
    #5010,#5011,#5012,#5013,#5014,#5015,#5016),.UNSPECIFIED.,.F.,.F.,(7,
    5,7),(0.,0.363320516912,1.),.UNSPECIFIED.);
#5005 = CARTESIAN_POINT('',(0.628318392285,2.273686107664));
#5006 = CARTESIAN_POINT('',(0.666218010972,2.27971645518));
#5007 = CARTESIAN_POINT('',(0.704117874793,2.285746829409));
#5008 = CARTESIAN_POINT('',(0.742017456749,2.291777249937));
#5009 = CARTESIAN_POINT('',(0.779917042172,2.297807863477));
#5010 = CARTESIAN_POINT('',(0.817816913379,2.303838797019));
#5011 = CARTESIAN_POINT('',(0.922131476361,2.32043905403));
#5012 = CARTESIAN_POINT('',(0.988550510664,2.331009732074));
#5013 = CARTESIAN_POINT('',(1.054964804317,2.341580894088));
#5014 = CARTESIAN_POINT('',(1.121379075267,2.352153224734));
#5015 = CARTESIAN_POINT('',(1.187798084215,2.362726985172));
#5016 = CARTESIAN_POINT('',(1.254213069603,2.37330023038));
#5017 = ( GEOMETRIC_REPRESENTATION_CONTEXT(2) 
PARAMETRIC_REPRESENTATION_CONTEXT() REPRESENTATION_CONTEXT('2D SPACE',''
  ) );
#5018 = PCURVE('',#5019,#5042);
#5019 = ( BOUNDED_SURFACE() B_SPLINE_SURFACE(1,6,(
    (#5020,#5021,#5022,#5023,#5024,#5025,#5026,#5027,#5028,#5029,#5030)
    ,(#5031,#5032,#5033,#5034,#5035,#5036,#5037,#5038,#5039,#5040,#5041
)),.UNSPECIFIED.,.F.,.F.,.F.) B_SPLINE_SURFACE_WITH_KNOTS((2,2),(7,4,7),
(1.,2.),(0.,0.5,1.),.UNSPECIFIED.) GEOMETRIC_REPRESENTATION_ITEM() 
RATIONAL_B_SPLINE_SURFACE((
    (1.,1.,1.,1.,1.,1.,1.,1.,1.,1.,1.)
,(1.,1.,1.,1.,1.,1.,1.,1.,1.,1.,1.
  ))) REPRESENTATION_ITEM('') SURFACE() );
#5020 = CARTESIAN_POINT('',(-14.75000000004,-1.591573877892E-13,
    1.873686127905));
#5021 = CARTESIAN_POINT('',(-14.69791434929,-7.721310307681,
    1.957019461242));
#5022 = CARTESIAN_POINT('',(-10.05052867153,-15.44262061535,
    2.04035279488));
#5023 = CARTESIAN_POINT('',(8.756900028489E-02,-19.40249865169,
    2.123686128909));
#5024 = CARTESIAN_POINT('',(9.916842167829,-15.44262061534,
    2.207019462905));
#5025 = CARTESIAN_POINT('',(19.583157832036,2.515735796894E-11,
    2.37368613022));
#5026 = CARTESIAN_POINT('',(9.916842167784,15.442620615379,
    2.540352796231));
#5027 = CARTESIAN_POINT('',(8.756900022171E-02,19.402498651718,
    2.623686128902));
#5028 = CARTESIAN_POINT('',(-10.0505286716,15.442620615363,
    2.707019461564));
#5029 = CARTESIAN_POINT('',(-14.69791434935,7.72131030768,2.790352794575
    ));
#5030 = CARTESIAN_POINT('',(-14.75000000011,-1.545150639396E-13,
    2.873686127905));
#5031 = CARTESIAN_POINT('',(-14.55000000004,-2.365229651234E-15,
    1.873686127919));
#5032 = CARTESIAN_POINT('',(-14.49862059535,-7.61661457468,
    1.957019461256));
#5033 = CARTESIAN_POINT('',(-9.914250316787,-15.23322914935,
    2.040352794889));
#5034 = CARTESIAN_POINT('',(8.638162409195E-02,-19.13941392426,
    2.123686128909));
#5035 = CARTESIAN_POINT('',(9.782376511308,-15.23322914934,
    2.207019462896));
#5036 = CARTESIAN_POINT('',(19.317623488557,2.553640918304E-11,
    2.373686130202));
#5037 = CARTESIAN_POINT('',(9.782376511263,15.233229149378,
    2.540352796222));
#5038 = CARTESIAN_POINT('',(8.638162402917E-02,19.139413924289,
    2.623686128902));
#5039 = CARTESIAN_POINT('',(-9.914250316855,15.233229149362,
    2.707019461573));
#5040 = CARTESIAN_POINT('',(-14.49862059542,7.61661457468,2.790352794588
    ));
#5041 = CARTESIAN_POINT('',(-14.55000000011,4.147135102075E-15,
    2.873686127919));
#5042 = DEFINITIONAL_REPRESENTATION('',(#5043),#5056);
#5043 = B_SPLINE_CURVE_WITH_KNOTS('',6,(#5044,#5045,#5046,#5047,#5048,
    #5049,#5050,#5051,#5052,#5053,#5054,#5055),.UNSPECIFIED.,.F.,.F.,(7,
    5,7),(0.,0.363320516912,1.),.UNSPECIFIED.);
#5044 = CARTESIAN_POINT('',(2.,0.599999977973));
#5045 = CARTESIAN_POINT('',(1.999631167823,0.606030325511));
#5046 = CARTESIAN_POINT('',(1.999313500223,0.612060699763));
#5047 = CARTESIAN_POINT('',(1.999074031086,0.618091120316));
#5048 = CARTESIAN_POINT('',(1.998923524723,0.624121733882));
#5049 = CARTESIAN_POINT('',(1.998858794752,0.63015266745));
#5050 = CARTESIAN_POINT('',(1.998875937266,0.646752924538));
#5051 = CARTESIAN_POINT('',(1.999104825121,0.657323602636));
#5052 = CARTESIAN_POINT('',(1.999478216921,0.667894764705));
#5053 = CARTESIAN_POINT('',(1.99981856814,0.678467095409));
#5054 = CARTESIAN_POINT('',(1.999997321652,0.689040855907));
#5055 = CARTESIAN_POINT('',(2.,0.699614101177));
#5056 = ( GEOMETRIC_REPRESENTATION_CONTEXT(2) 
PARAMETRIC_REPRESENTATION_CONTEXT() REPRESENTATION_CONTEXT('2D SPACE',''
  ) );
#5057 = ORIENTED_EDGE('',*,*,#5058,.T.);
#5058 = EDGE_CURVE('',#4986,#5059,#5061,.T.);
#5059 = VERTEX_POINT('',#5060);
#5060 = CARTESIAN_POINT('',(4.496274849307,13.837847104209,
    2.573685236656));
#5061 = SURFACE_CURVE('',#5062,(#5074,#5084),.PCURVE_S1.);
#5062 = ( BOUNDED_CURVE() B_SPLINE_CURVE(6,(#5063,#5064,#5065,#5066,
    #5067,#5068,#5069,#5070,#5071,#5072,#5073),.UNSPECIFIED.,.F.,.F.) 
B_SPLINE_CURVE_WITH_KNOTS((7,4,7),(0.,0.5,1.),.UNSPECIFIED.) CURVE() 
GEOMETRIC_REPRESENTATION_ITEM() RATIONAL_B_SPLINE_CURVE((1.,1.,1.,1.,1.,
1.,1.,1.,1.,1.,1.)) REPRESENTATION_ITEM('') );
#5063 = CARTESIAN_POINT('',(-14.55000000004,-2.365229651234E-15,
    1.873686127919));
#5064 = CARTESIAN_POINT('',(-14.49862059535,-7.61661457468,
    1.957019461256));
#5065 = CARTESIAN_POINT('',(-9.914250316787,-15.23322914935,
    2.040352794889));
#5066 = CARTESIAN_POINT('',(8.638162409195E-02,-19.13941392426,
    2.123686128909));
#5067 = CARTESIAN_POINT('',(9.782376511308,-15.23322914934,
    2.207019462896));
#5068 = CARTESIAN_POINT('',(19.317623488557,2.553640918304E-11,
    2.373686130202));
#5069 = CARTESIAN_POINT('',(9.782376511263,15.233229149378,
    2.540352796222));
#5070 = CARTESIAN_POINT('',(8.638162402917E-02,19.139413924289,
    2.623686128902));
#5071 = CARTESIAN_POINT('',(-9.914250316855,15.233229149362,
    2.707019461573));
#5072 = CARTESIAN_POINT('',(-14.49862059542,7.61661457468,2.790352794588
    ));
#5073 = CARTESIAN_POINT('',(-14.55000000011,4.147135102075E-15,
    2.873686127919));
#5074 = PCURVE('',#2455,#5075);
#5075 = DEFINITIONAL_REPRESENTATION('',(#5076),#5083);
#5076 = B_SPLINE_CURVE_WITH_KNOTS('',5,(#5077,#5078,#5079,#5080,#5081,
    #5082),.UNSPECIFIED.,.F.,.F.,(6,6),(0.699614101177,0.699999107455),
  .PIECEWISE_BEZIER_KNOTS.);
#5077 = CARTESIAN_POINT('',(1.254213069603,2.37330023038));
#5078 = CARTESIAN_POINT('',(1.254696746765,2.373377231635));
#5079 = CARTESIAN_POINT('',(1.255180423883,2.37345423289));
#5080 = CARTESIAN_POINT('',(1.25566410096,2.373531234146));
#5081 = CARTESIAN_POINT('',(1.256147777997,2.373608235401));
#5082 = CARTESIAN_POINT('',(1.256631454994,2.373685236656));
#5083 = ( GEOMETRIC_REPRESENTATION_CONTEXT(2) 
PARAMETRIC_REPRESENTATION_CONTEXT() REPRESENTATION_CONTEXT('2D SPACE',''
  ) );
#5084 = PCURVE('',#4946,#5085);
#5085 = DEFINITIONAL_REPRESENTATION('',(#5086),#5090);
#5086 = LINE('',#5087,#5088);
#5087 = CARTESIAN_POINT('',(2.,0.));
#5088 = VECTOR('',#5089,1.);
#5089 = DIRECTION('',(0.,1.));
#5090 = ( GEOMETRIC_REPRESENTATION_CONTEXT(2) 
PARAMETRIC_REPRESENTATION_CONTEXT() REPRESENTATION_CONTEXT('2D SPACE',''
  ) );
#5091 = ORIENTED_EDGE('',*,*,#5092,.F.);
#5092 = EDGE_CURVE('',#5093,#5059,#5095,.T.);
#5093 = VERTEX_POINT('',#5094);
#5094 = CARTESIAN_POINT('',(-4.496197112033,13.837872362799,
    2.673686126802));
#5095 = SURFACE_CURVE('',#5096,(#5109,#5125),.PCURVE_S1.);
#5096 = B_SPLINE_CURVE_WITH_KNOTS('',6,(#5097,#5098,#5099,#5100,#5101,
    #5102,#5103,#5104,#5105,#5106,#5107,#5108),.UNSPECIFIED.,.F.,.F.,(7,
    5,7),(0.,0.334851763342,1.),.UNSPECIFIED.);
#5097 = CARTESIAN_POINT('',(-4.496197210885,13.837872330703,
    2.673686127938));
#5098 = CARTESIAN_POINT('',(-4.01096654975,13.995533327501,
    2.668107302945));
#5099 = CARTESIAN_POINT('',(-3.519099360293,14.132777193094,
    2.662528358213));
#5100 = CARTESIAN_POINT('',(-3.021674568401,14.249253595358,
    2.656949248754));
#5101 = CARTESIAN_POINT('',(-2.519787894329,14.344689639411,
    2.651369861407));
#5102 = CARTESIAN_POINT('',(-2.014551575341,14.418889965749,
    2.645790110507));
#5103 = CARTESIAN_POINT('',(-0.499082515493,14.576711689922,
    2.629125790474));
#5104 = CARTESIAN_POINT('',(0.517778941068,14.597440105485,
    2.618039326865));
#5105 = CARTESIAN_POINT('',(1.534522522882,14.532965042127,
    2.606952236896));
#5106 = CARTESIAN_POINT('',(2.542309796589,14.383671664973,
    2.595863895868));
#5107 = CARTESIAN_POINT('',(3.532417556868,14.15102946731,2.584774089046
    ));
#5108 = CARTESIAN_POINT('',(4.49627705835,13.837846386434,2.573685211241
    ));
#5109 = PCURVE('',#2455,#5110);
#5110 = DEFINITIONAL_REPRESENTATION('',(#5111),#5124);
#5111 = B_SPLINE_CURVE_WITH_KNOTS('',6,(#5112,#5113,#5114,#5115,#5116,
    #5117,#5118,#5119,#5120,#5121,#5122,#5123),.UNSPECIFIED.,.F.,.F.,(7,
    5,7),(0.,0.334851763342,1.),.UNSPECIFIED.);
#5112 = CARTESIAN_POINT('',(1.884955588015,2.473686127938));
#5113 = CARTESIAN_POINT('',(1.849890178425,2.468107302945));
#5114 = CARTESIAN_POINT('',(1.814824598365,2.462528358213));
#5115 = CARTESIAN_POINT('',(1.779759204923,2.456949248754));
#5116 = CARTESIAN_POINT('',(1.744693804993,2.451369861407));
#5117 = CARTESIAN_POINT('',(1.709628210478,2.445790110507));
#5118 = CARTESIAN_POINT('',(1.604908985984,2.429125790474));
#5119 = CARTESIAN_POINT('',(1.535250008865,2.418039326865));
#5120 = CARTESIAN_POINT('',(1.465597041676,2.406952236896));
#5121 = CARTESIAN_POINT('',(1.395944099949,2.395863895868));
#5122 = CARTESIAN_POINT('',(1.326285161613,2.384774089046));
#5123 = CARTESIAN_POINT('',(1.256631295357,2.373685211241));
#5124 = ( GEOMETRIC_REPRESENTATION_CONTEXT(2) 
PARAMETRIC_REPRESENTATION_CONTEXT() REPRESENTATION_CONTEXT('2D SPACE',''
  ) );
#5125 = PCURVE('',#5126,#5149);
#5126 = ( BOUNDED_SURFACE() B_SPLINE_SURFACE(1,6,(
    (#5127,#5128,#5129,#5130,#5131,#5132,#5133,#5134,#5135,#5136,#5137)
    ,(#5138,#5139,#5140,#5141,#5142,#5143,#5144,#5145,#5146,#5147,#5148
)),.UNSPECIFIED.,.F.,.F.,.F.) B_SPLINE_SURFACE_WITH_KNOTS((2,2),(7,4,7),
(1.,2.),(0.,0.5,1.),.UNSPECIFIED.) GEOMETRIC_REPRESENTATION_ITEM() 
RATIONAL_B_SPLINE_SURFACE((
    (1.,1.,1.,1.,1.,1.,1.,1.,1.,1.,1.)
,(1.,1.,1.,1.,1.,1.,1.,1.,1.,1.,1.
  ))) REPRESENTATION_ITEM('') SURFACE() );
#5127 = CARTESIAN_POINT('',(-14.75000000004,-1.591573877892E-13,
    1.873686127905));
#5128 = CARTESIAN_POINT('',(-14.69791434929,-7.721310307681,
    1.957019461242));
#5129 = CARTESIAN_POINT('',(-10.05052867153,-15.44262061535,
    2.04035279488));
#5130 = CARTESIAN_POINT('',(8.756900028489E-02,-19.40249865169,
    2.123686128909));
#5131 = CARTESIAN_POINT('',(9.916842167829,-15.44262061534,
    2.207019462905));
#5132 = CARTESIAN_POINT('',(19.583157832036,2.515735796894E-11,
    2.37368613022));
#5133 = CARTESIAN_POINT('',(9.916842167784,15.442620615379,
    2.540352796231));
#5134 = CARTESIAN_POINT('',(8.756900022171E-02,19.402498651718,
    2.623686128902));
#5135 = CARTESIAN_POINT('',(-10.0505286716,15.442620615363,
    2.707019461564));
#5136 = CARTESIAN_POINT('',(-14.69791434935,7.72131030768,2.790352794575
    ));
#5137 = CARTESIAN_POINT('',(-14.75000000011,-1.545150639396E-13,
    2.873686127905));
#5138 = CARTESIAN_POINT('',(-14.55000000004,-2.365229651234E-15,
    1.873686127919));
#5139 = CARTESIAN_POINT('',(-14.49862059535,-7.61661457468,
    1.957019461256));
#5140 = CARTESIAN_POINT('',(-9.914250316787,-15.23322914935,
    2.040352794889));
#5141 = CARTESIAN_POINT('',(8.638162409195E-02,-19.13941392426,
    2.123686128909));
#5142 = CARTESIAN_POINT('',(9.782376511308,-15.23322914934,
    2.207019462896));
#5143 = CARTESIAN_POINT('',(19.317623488557,2.553640918304E-11,
    2.373686130202));
#5144 = CARTESIAN_POINT('',(9.782376511263,15.233229149378,
    2.540352796222));
#5145 = CARTESIAN_POINT('',(8.638162402917E-02,19.139413924289,
    2.623686128902));
#5146 = CARTESIAN_POINT('',(-9.914250316855,15.233229149362,
    2.707019461573));
#5147 = CARTESIAN_POINT('',(-14.49862059542,7.61661457468,2.790352794588
    ));
#5148 = CARTESIAN_POINT('',(-14.55000000011,4.147135102075E-15,
    2.873686127919));
#5149 = DEFINITIONAL_REPRESENTATION('',(#5150),#5163);
#5150 = B_SPLINE_CURVE_WITH_KNOTS('',6,(#5151,#5152,#5153,#5154,#5155,
    #5156,#5157,#5158,#5159,#5160,#5161,#5162),.UNSPECIFIED.,.F.,.F.,(7,
    5,7),(0.,0.334851763342,1.),.UNSPECIFIED.);
#5151 = CARTESIAN_POINT('',(2.,0.799999999341));
#5152 = CARTESIAN_POINT('',(1.999467125326,0.794421174315));
#5153 = CARTESIAN_POINT('',(1.999046288538,0.78884222955));
#5154 = CARTESIAN_POINT('',(1.99874989614,0.783263120057));
#5155 = CARTESIAN_POINT('',(1.998573537551,0.777683732677));
#5156 = CARTESIAN_POINT('',(1.998501486792,0.772103981743));
#5157 = CARTESIAN_POINT('',(1.998533493133,0.755439661608));
#5158 = CARTESIAN_POINT('',(1.998881198539,0.744353197931));
#5159 = CARTESIAN_POINT('',(1.999390135246,0.733266107893));
#5160 = CARTESIAN_POINT('',(1.999800157663,0.722177766798));
#5161 = CARTESIAN_POINT('',(1.999997188996,0.711087959909));
#5162 = CARTESIAN_POINT('',(2.,0.69999908204));
#5163 = ( GEOMETRIC_REPRESENTATION_CONTEXT(2) 
PARAMETRIC_REPRESENTATION_CONTEXT() REPRESENTATION_CONTEXT('2D SPACE',''
  ) );
#5164 = ORIENTED_EDGE('',*,*,#5165,.F.);
#5165 = EDGE_CURVE('',#5166,#5093,#5168,.T.);
#5166 = VERTEX_POINT('',#5167);
#5167 = CARTESIAN_POINT('',(-11.77119719816,8.552275517189,
    2.773686126804));
#5168 = SURFACE_CURVE('',#5169,(#5182,#5198),.PCURVE_S1.);
#5169 = B_SPLINE_CURVE_WITH_KNOTS('',6,(#5170,#5171,#5172,#5173,#5174,
    #5175,#5176,#5177,#5178,#5179,#5180,#5181),.UNSPECIFIED.,.F.,.F.,(7,
    5,7),(0.,0.379010127192,1.),.UNSPECIFIED.);
#5170 = CARTESIAN_POINT('',(-11.77119719816,8.552275517189,
    2.773686126804));
#5171 = CARTESIAN_POINT('',(-11.43176463703,9.019464349512,
    2.767217805427));
#5172 = CARTESIAN_POINT('',(-11.07007772393,9.470491480524,
    2.760786071938));
#5173 = CARTESIAN_POINT('',(-10.6871048272,9.904024492924,2.754391971921
    ));
#5174 = CARTESIAN_POINT('',(-10.2839103176,10.318818851825,
    2.748031661307));
#5175 = CARTESIAN_POINT('',(-9.861654102195,10.713718458102,
    2.741698891035));
#5176 = CARTESIAN_POINT('',(-8.700569180104,11.700335217933,
    2.725046567296));
#5177 = CARTESIAN_POINT('',(-7.931694929405,12.256784667906,
    2.71476226182));
#5178 = CARTESIAN_POINT('',(-7.120537490573,12.752251852295,
    2.704507714486));
#5179 = CARTESIAN_POINT('',(-6.273167161231,13.182864972189,
    2.694251824568));
#5180 = CARTESIAN_POINT('',(-5.396064605421,13.545487694338,
    2.683979182143));
#5181 = CARTESIAN_POINT('',(-4.496197210885,13.837872330703,
    2.673686127938));
#5182 = PCURVE('',#2455,#5183);
#5183 = DEFINITIONAL_REPRESENTATION('',(#5184),#5197);
#5184 = B_SPLINE_CURVE_WITH_KNOTS('',6,(#5185,#5186,#5187,#5188,#5189,
    #5190,#5191,#5192,#5193,#5194,#5195,#5196),.UNSPECIFIED.,.F.,.F.,(7,
    5,7),(0.,0.379010127192,1.),.UNSPECIFIED.);
#5185 = CARTESIAN_POINT('',(2.513274114688,2.573686126804));
#5186 = CARTESIAN_POINT('',(2.4735849629,2.567217805427));
#5187 = CARTESIAN_POINT('',(2.433895418977,2.560786071938));
#5188 = CARTESIAN_POINT('',(2.39420615661,2.554391971921));
#5189 = CARTESIAN_POINT('',(2.354516831799,2.548031661307));
#5190 = CARTESIAN_POINT('',(2.31482710393,2.541698891035));
#5191 = CARTESIAN_POINT('',(2.21010840586,2.525046567296));
#5192 = CARTESIAN_POINT('',(2.145075421151,2.51476226182));
#5193 = CARTESIAN_POINT('',(2.080046665408,2.504507714486));
#5194 = CARTESIAN_POINT('',(2.015017908688,2.494251824568));
#5195 = CARTESIAN_POINT('',(1.949984905603,2.483979182143));
#5196 = CARTESIAN_POINT('',(1.884955588015,2.473686127938));
#5197 = ( GEOMETRIC_REPRESENTATION_CONTEXT(2) 
PARAMETRIC_REPRESENTATION_CONTEXT() REPRESENTATION_CONTEXT('2D SPACE',''
  ) );
#5198 = PCURVE('',#4946,#5199);
#5199 = DEFINITIONAL_REPRESENTATION('',(#5200),#5213);
#5200 = B_SPLINE_CURVE_WITH_KNOTS('',6,(#5201,#5202,#5203,#5204,#5205,
    #5206,#5207,#5208,#5209,#5210,#5211,#5212),.UNSPECIFIED.,.F.,.F.,(7,
    5,7),(0.,0.379010127192,1.),.UNSPECIFIED.);
#5201 = CARTESIAN_POINT('',(2.,0.899999998696));
#5202 = CARTESIAN_POINT('',(2.001005789451,0.893679902556));
#5203 = CARTESIAN_POINT('',(2.001764098488,0.887359922604));
#5204 = CARTESIAN_POINT('',(2.002270376816,0.881040433839));
#5205 = CARTESIAN_POINT('',(2.002551545004,0.874721559532));
#5206 = CARTESIAN_POINT('',(2.00265021301,0.868403330138));
#5207 = CARTESIAN_POINT('',(2.002541207184,0.851734941909));
#5208 = CARTESIAN_POINT('',(2.002097994998,0.84138531929));
#5209 = CARTESIAN_POINT('',(2.001469958666,0.831038216895));
#5210 = CARTESIAN_POINT('',(2.000859032831,0.820692293524));
#5211 = CARTESIAN_POINT('',(2.000359354151,0.810346012366));
#5212 = CARTESIAN_POINT('',(2.,0.799999999341));
#5213 = ( GEOMETRIC_REPRESENTATION_CONTEXT(2) 
PARAMETRIC_REPRESENTATION_CONTEXT() REPRESENTATION_CONTEXT('2D SPACE',''
  ) );
#5214 = ORIENTED_EDGE('',*,*,#5215,.F.);
#5215 = EDGE_CURVE('',#5216,#5166,#5218,.T.);
#5216 = VERTEX_POINT('',#5217);
#5217 = CARTESIAN_POINT('',(-14.55000000009,4.469229248714E-15,
    2.873686127919));
#5218 = SURFACE_CURVE('',#5219,(#5234,#5252),.PCURVE_S1.);
#5219 = B_SPLINE_CURVE_WITH_KNOTS('',7,(#5220,#5221,#5222,#5223,#5224,
    #5225,#5226,#5227,#5228,#5229,#5230,#5231,#5232,#5233),
  .UNSPECIFIED.,.F.,.F.,(8,6,8),(0.,0.658433676611,1.),.UNSPECIFIED.);
#5220 = CARTESIAN_POINT('',(-14.55000000011,-2.41473507856E-15,
    2.873686127919));
#5221 = CARTESIAN_POINT('',(-14.55000000011,0.859504832248,
    2.864282290822));
#5222 = CARTESIAN_POINT('',(-14.49076466957,1.719454355805,
    2.854882332359));
#5223 = CARTESIAN_POINT('',(-14.37218408053,2.574589444137,
    2.845482402213));
#5224 = CARTESIAN_POINT('',(-14.19480164561,3.419868386311,
    2.836080549569));
#5225 = CARTESIAN_POINT('',(-13.95966225545,4.250445167351,
    2.826676209433));
#5226 = CARTESIAN_POINT('',(-13.6682683589,5.061663969506,2.81726930962)
  );
#5227 = CARTESIAN_POINT('',(-13.14324217712,6.257530721205,
    2.802979241466));
#5228 = CARTESIAN_POINT('',(-12.94929921474,6.65958566604,2.79809768508)
  );
#5229 = CARTESIAN_POINT('',(-12.74102075281,7.054598938744,
    2.793215711273));
#5230 = CARTESIAN_POINT('',(-12.51871498232,7.441959202446,
    2.788333441933));
#5231 = CARTESIAN_POINT('',(-12.28272216159,7.821072823565,
    2.783450998043));
#5232 = CARTESIAN_POINT('',(-12.03341469273,8.191364104643,
    2.778568509813));
#5233 = CARTESIAN_POINT('',(-11.77119719816,8.552275517185,
    2.773686126804));
#5234 = PCURVE('',#2455,#5235);
#5235 = DEFINITIONAL_REPRESENTATION('',(#5236),#5251);
#5236 = B_SPLINE_CURVE_WITH_KNOTS('',7,(#5237,#5238,#5239,#5240,#5241,
    #5242,#5243,#5244,#5245,#5246,#5247,#5248,#5249,#5250),
  .UNSPECIFIED.,.F.,.F.,(8,6,8),(0.,0.658433676611,1.),.UNSPECIFIED.);
#5237 = CARTESIAN_POINT('',(3.14159265359,2.673686127919));
#5238 = CARTESIAN_POINT('',(3.082520156528,2.664282290822));
#5239 = CARTESIAN_POINT('',(3.023417098145,2.654882332359));
#5240 = CARTESIAN_POINT('',(2.964308226303,2.645482402213));
#5241 = CARTESIAN_POINT('',(2.905201849862,2.636080549569));
#5242 = CARTESIAN_POINT('',(2.846099338379,2.626676209433));
#5243 = CARTESIAN_POINT('',(2.786997986636,2.61726930962));
#5244 = CARTESIAN_POINT('',(2.697235542682,2.602979241466));
#5245 = CARTESIAN_POINT('',(2.666575577588,2.59809768508));
#5246 = CARTESIAN_POINT('',(2.635915605339,2.593215711273));
#5247 = CARTESIAN_POINT('',(2.605255536293,2.588333441933));
#5248 = CARTESIAN_POINT('',(2.574595230567,2.583450998043));
#5249 = CARTESIAN_POINT('',(2.543934667431,2.578568509813));
#5250 = CARTESIAN_POINT('',(2.513274114688,2.573686126804));
#5251 = ( GEOMETRIC_REPRESENTATION_CONTEXT(2) 
PARAMETRIC_REPRESENTATION_CONTEXT() REPRESENTATION_CONTEXT('2D SPACE',''
  ) );
#5252 = PCURVE('',#5253,#5276);
#5253 = ( BOUNDED_SURFACE() B_SPLINE_SURFACE(1,6,(
    (#5254,#5255,#5256,#5257,#5258,#5259,#5260,#5261,#5262,#5263,#5264)
    ,(#5265,#5266,#5267,#5268,#5269,#5270,#5271,#5272,#5273,#5274,#5275
)),.UNSPECIFIED.,.F.,.F.,.F.) B_SPLINE_SURFACE_WITH_KNOTS((2,2),(7,4,7),
(1.,2.),(0.,0.5,1.),.UNSPECIFIED.) GEOMETRIC_REPRESENTATION_ITEM() 
RATIONAL_B_SPLINE_SURFACE((
    (1.,1.,1.,1.,1.,1.,1.,1.,1.,1.,1.)
,(1.,1.,1.,1.,1.,1.,1.,1.,1.,1.,1.
  ))) REPRESENTATION_ITEM('') SURFACE() );
#5254 = CARTESIAN_POINT('',(-14.75000000004,-1.591573877892E-13,
    1.873686127905));
#5255 = CARTESIAN_POINT('',(-14.69791434929,-7.721310307681,
    1.957019461242));
#5256 = CARTESIAN_POINT('',(-10.05052867153,-15.44262061535,
    2.04035279488));
#5257 = CARTESIAN_POINT('',(8.756900028489E-02,-19.40249865169,
    2.123686128909));
#5258 = CARTESIAN_POINT('',(9.916842167829,-15.44262061534,
    2.207019462905));
#5259 = CARTESIAN_POINT('',(19.583157832036,2.515735796894E-11,
    2.37368613022));
#5260 = CARTESIAN_POINT('',(9.916842167784,15.442620615379,
    2.540352796231));
#5261 = CARTESIAN_POINT('',(8.756900022171E-02,19.402498651718,
    2.623686128902));
#5262 = CARTESIAN_POINT('',(-10.0505286716,15.442620615363,
    2.707019461564));
#5263 = CARTESIAN_POINT('',(-14.69791434935,7.72131030768,2.790352794575
    ));
#5264 = CARTESIAN_POINT('',(-14.75000000011,-1.545150639396E-13,
    2.873686127905));
#5265 = CARTESIAN_POINT('',(-14.55000000004,-2.365229651234E-15,
    1.873686127919));
#5266 = CARTESIAN_POINT('',(-14.49862059535,-7.61661457468,
    1.957019461256));
#5267 = CARTESIAN_POINT('',(-9.914250316787,-15.23322914935,
    2.040352794889));
#5268 = CARTESIAN_POINT('',(8.638162409195E-02,-19.13941392426,
    2.123686128909));
#5269 = CARTESIAN_POINT('',(9.782376511308,-15.23322914934,
    2.207019462896));
#5270 = CARTESIAN_POINT('',(19.317623488557,2.553640918304E-11,
    2.373686130202));
#5271 = CARTESIAN_POINT('',(9.782376511263,15.233229149378,
    2.540352796222));
#5272 = CARTESIAN_POINT('',(8.638162402917E-02,19.139413924289,
    2.623686128902));
#5273 = CARTESIAN_POINT('',(-9.914250316855,15.233229149362,
    2.707019461573));
#5274 = CARTESIAN_POINT('',(-14.49862059542,7.61661457468,2.790352794588
    ));
#5275 = CARTESIAN_POINT('',(-14.55000000011,4.147135102075E-15,
    2.873686127919));
#5276 = DEFINITIONAL_REPRESENTATION('',(#5277),#5292);
#5277 = B_SPLINE_CURVE_WITH_KNOTS('',7,(#5278,#5279,#5280,#5281,#5282,
    #5283,#5284,#5285,#5286,#5287,#5288,#5289,#5290,#5291),
  .UNSPECIFIED.,.F.,.F.,(8,6,8),(0.,0.658433676611,1.),.UNSPECIFIED.);
#5278 = CARTESIAN_POINT('',(2.,1.));
#5279 = CARTESIAN_POINT('',(1.97101018689,0.990596162903));
#5280 = CARTESIAN_POINT('',(1.957578275747,0.981196204436));
#5281 = CARTESIAN_POINT('',(1.954458403735,0.971796274283));
#5282 = CARTESIAN_POINT('',(1.9574440326,0.962394421626));
#5283 = CARTESIAN_POINT('',(1.963555552497,0.952990081474));
#5284 = CARTESIAN_POINT('',(1.97083047105,0.943583181641));
#5285 = CARTESIAN_POINT('',(1.981823033593,0.929293113451));
#5286 = CARTESIAN_POINT('',(1.985567720279,0.924411557053));
#5287 = CARTESIAN_POINT('',(1.989134770432,0.919529583231));
#5288 = CARTESIAN_POINT('',(1.992411820579,0.914647313876));
#5289 = CARTESIAN_POINT('',(1.995331854253,0.90976486997));
#5290 = CARTESIAN_POINT('',(1.997863278437,0.904882381723));
#5291 = CARTESIAN_POINT('',(2.,0.899999998696));
#5292 = ( GEOMETRIC_REPRESENTATION_CONTEXT(2) 
PARAMETRIC_REPRESENTATION_CONTEXT() REPRESENTATION_CONTEXT('2D SPACE',''
  ) );
#5293 = ORIENTED_EDGE('',*,*,#5294,.T.);
#5294 = EDGE_CURVE('',#5216,#5295,#5297,.T.);
#5295 = VERTEX_POINT('',#5296);
#5296 = CARTESIAN_POINT('',(-12.75026214968,-7.009516039956,
    2.953686128593));
#5297 = SURFACE_CURVE('',#5298,(#5309,#5323),.PCURVE_S1.);
#5298 = B_SPLINE_CURVE_WITH_KNOTS('',5,(#5299,#5300,#5301,#5302,#5303,
    #5304,#5305,#5306,#5307,#5308),.UNSPECIFIED.,.F.,.F.,(6,4,6),(0.,
    0.500525988266,1.),.UNSPECIFIED.);
#5299 = CARTESIAN_POINT('',(-14.55000000006,1.7763568394E-15,
    2.873686127919));
#5300 = CARTESIAN_POINT('',(-14.55000000006,-0.732105148212,
    2.881690354856));
#5301 = CARTESIAN_POINT('',(-14.5039532176,-1.464250459604,
    2.889695879929));
#5302 = CARTESIAN_POINT('',(-14.41185318657,-2.192518075493,
    2.897702905665));
#5303 = CARTESIAN_POINT('',(-14.27419130617,-2.913070611839,
    2.905711283006));
#5304 = CARTESIAN_POINT('',(-13.91005258072,-4.329746443112,
    2.921712761381));
#5305 = CARTESIAN_POINT('',(-13.683759696,-5.025930849987,2.929706005506
    ));
#5306 = CARTESIAN_POINT('',(-13.41401442754,-5.706967698903,
    2.93769945679));
#5307 = CARTESIAN_POINT('',(-13.10222865618,-6.369291351085,
    2.945692991993));
#5308 = CARTESIAN_POINT('',(-12.75026214968,-7.009516039955,
    2.953686128593));
#5309 = PCURVE('',#2455,#5310);
#5310 = DEFINITIONAL_REPRESENTATION('',(#5311),#5322);
#5311 = B_SPLINE_CURVE_WITH_KNOTS('',5,(#5312,#5313,#5314,#5315,#5316,
    #5317,#5318,#5319,#5320,#5321),.UNSPECIFIED.,.F.,.F.,(6,4,6),(0.,
    0.500525988266,1.),.UNSPECIFIED.);
#5312 = CARTESIAN_POINT('',(3.14159265359,2.673686127919));
#5313 = CARTESIAN_POINT('',(3.191909158622,2.681690354856));
#5314 = CARTESIAN_POINT('',(3.2422284214,2.689695879929));
#5315 = CARTESIAN_POINT('',(3.292546590058,2.697702905665));
#5316 = CARTESIAN_POINT('',(3.342865364234,2.705711283006));
#5317 = CARTESIAN_POINT('',(3.443396362471,2.721712761381));
#5318 = CARTESIAN_POINT('',(3.493609517111,2.729706005506));
#5319 = CARTESIAN_POINT('',(3.543821577898,2.73769945679));
#5320 = CARTESIAN_POINT('',(3.5940348159,2.745692991993));
#5321 = CARTESIAN_POINT('',(3.644247484578,2.753686128593));
#5322 = ( GEOMETRIC_REPRESENTATION_CONTEXT(2) 
PARAMETRIC_REPRESENTATION_CONTEXT() REPRESENTATION_CONTEXT('2D SPACE',''
  ) );
#5323 = PCURVE('',#5324,#5347);
#5324 = ( BOUNDED_SURFACE() B_SPLINE_SURFACE(1,6,(
    (#5325,#5326,#5327,#5328,#5329,#5330,#5331,#5332,#5333,#5334,#5335)
    ,(#5336,#5337,#5338,#5339,#5340,#5341,#5342,#5343,#5344,#5345,#5346
)),.UNSPECIFIED.,.F.,.F.,.F.) B_SPLINE_SURFACE_WITH_KNOTS((2,2),(7,4,7),
(1.,2.),(0.,0.5,1.),.UNSPECIFIED.) GEOMETRIC_REPRESENTATION_ITEM() 
RATIONAL_B_SPLINE_SURFACE((
    (1.,1.,1.,1.,1.,1.,1.,1.,1.,1.,1.)
,(1.,1.,1.,1.,1.,1.,1.,1.,1.,1.,1.
  ))) REPRESENTATION_ITEM('') SURFACE() );
#5325 = CARTESIAN_POINT('',(-14.75000000006,4.163778789674E-13,
    2.873686127957));
#5326 = CARTESIAN_POINT('',(-14.73895399136,-6.181470991442,
    2.940352794635));
#5327 = CARTESIAN_POINT('',(-11.67637465913,-12.34655191577,
    3.007019460676));
#5328 = CARTESIAN_POINT('',(-5.376317853929,-16.60979504162,
    3.073686126163));
#5329 = CARTESIAN_POINT('',(2.160912976732,-16.84255921113,
    3.140352791351));
#5330 = CARTESIAN_POINT('',(14.442552584657,-10.49312866578,
    3.273686122316));
#5331 = CARTESIAN_POINT('',(16.685984522035,3.149486657203,
    3.407019455221));
#5332 = CARTESIAN_POINT('',(14.135480224714,10.245891069461,
    3.473686122358));
#5333 = CARTESIAN_POINT('',(8.134070451022,14.920186570061,
    3.540352790222));
#5334 = CARTESIAN_POINT('',(1.32434100419,15.927757823352,3.607019458171
    ));
#5335 = CARTESIAN_POINT('',(-4.558000666911,14.02808361533,
    3.673686125987));
#5336 = CARTESIAN_POINT('',(-14.55000000006,4.791323395353E-15,
    2.873686127919));
#5337 = CARTESIAN_POINT('',(-14.53910376764,-6.097654435613,
    2.940352794596));
#5338 = CARTESIAN_POINT('',(-11.51805093523,-12.17914104215,
    3.007019460645));
#5339 = CARTESIAN_POINT('',(-5.303418628659,-16.38457748195,
    3.073686126149));
#5340 = CARTESIAN_POINT('',(2.131612461861,-16.61418552684,
    3.140352791356));
#5341 = CARTESIAN_POINT('',(14.246721363159,-10.35084895505,
    3.273686122354));
#5342 = CARTESIAN_POINT('',(16.459733884404,3.106781753288,
    3.407019455265));
#5343 = CARTESIAN_POINT('',(13.94381269649,10.106963732868,
    3.473686122395));
#5344 = CARTESIAN_POINT('',(8.023777970062,14.717878955772,
    3.540352790243));
#5345 = CARTESIAN_POINT('',(1.306383838054,15.71178822564,3.607019458175
    ));
#5346 = CARTESIAN_POINT('',(-4.496197268036,13.837872312071,
    3.673686125975));
#5347 = DEFINITIONAL_REPRESENTATION('',(#5348),#5359);
#5348 = B_SPLINE_CURVE_WITH_KNOTS('',5,(#5349,#5350,#5351,#5352,#5353,
    #5354,#5355,#5356,#5357,#5358),.UNSPECIFIED.,.F.,.F.,(6,4,6),(0.,
    0.500525988266,1.),.UNSPECIFIED.);
#5349 = CARTESIAN_POINT('',(2.,0.));
#5350 = CARTESIAN_POINT('',(1.993458806222,1.000528367018E-02));
#5351 = CARTESIAN_POINT('',(1.991146305053,2.001219002155E-02));
#5352 = CARTESIAN_POINT('',(1.99102624578,3.002097221285E-02));
#5353 = CARTESIAN_POINT('',(1.991955954198,4.003144392227E-02));
#5354 = CARTESIAN_POINT('',(1.994648564642,6.003329197872E-02));
#5355 = CARTESIAN_POINT('',(1.996408912887,7.002484719074E-02));
#5356 = CARTESIAN_POINT('',(1.997957837835,8.001666136151E-02));
#5357 = CARTESIAN_POINT('',(1.999155775059,9.000858044028E-02));
#5358 = CARTESIAN_POINT('',(2.,0.100000001276));
#5359 = ( GEOMETRIC_REPRESENTATION_CONTEXT(2) 
PARAMETRIC_REPRESENTATION_CONTEXT() REPRESENTATION_CONTEXT('2D SPACE',''
  ) );
#5360 = ORIENTED_EDGE('',*,*,#5361,.F.);
#5361 = EDGE_CURVE('',#5362,#5295,#5364,.T.);
#5362 = VERTEX_POINT('',#5363);
#5363 = CARTESIAN_POINT('',(-10.19963960909,-10.37640842703,3.0000001));
#5364 = SURFACE_CURVE('',#5365,(#5378,#5394),.PCURVE_S1.);
#5365 = B_SPLINE_CURVE_WITH_KNOTS('',6,(#5366,#5367,#5368,#5369,#5370,
    #5371,#5372,#5373,#5374,#5375,#5376,#5377),.UNSPECIFIED.,.F.,.F.,(7,
    5,7),(0.,0.643864333762,1.),.UNSPECIFIED.);
#5366 = CARTESIAN_POINT('',(-7.796275389299,-12.28497415765,
    3.033686184616));
#5367 = CARTESIAN_POINT('',(-8.45892696955,-11.86444301607,
    3.025091711046));
#5368 = CARTESIAN_POINT('',(-9.094376191106,-11.40100845881,
    3.016493008899));
#5369 = CARTESIAN_POINT('',(-9.699110730992,-10.89689353847,
    3.007891331525));
#5370 = CARTESIAN_POINT('',(-10.26992805819,-10.35467285008,
    2.999289060634));
#5371 = CARTESIAN_POINT('',(-10.80389975567,-9.777228846418,
    2.990692081133));
#5372 = CARTESIAN_POINT('',(-11.57193560614,-8.830699509334,
    2.977358224059));
#5373 = CARTESIAN_POINT('',(-11.83339249104,-8.483812839866,
    2.972613087068));
#5374 = CARTESIAN_POINT('',(-12.08234162947,-8.12767433447,2.96787249332
    ));
#5375 = CARTESIAN_POINT('',(-12.31837774793,-7.762849231594,
    2.963137442145));
#5376 = CARTESIAN_POINT('',(-12.54113002579,-7.389925955309,
    2.958408623696));
#5377 = CARTESIAN_POINT('',(-12.75026214968,-7.009516039946,
    2.953686128593));
#5378 = PCURVE('',#2455,#5379);
#5379 = DEFINITIONAL_REPRESENTATION('',(#5380),#5393);
#5380 = B_SPLINE_CURVE_WITH_KNOTS('',6,(#5381,#5382,#5383,#5384,#5385,
    #5386,#5387,#5388,#5389,#5390,#5391,#5392),.UNSPECIFIED.,.F.,.F.,(7,
    5,7),(0.,0.643864333762,1.),.UNSPECIFIED.);
#5381 = CARTESIAN_POINT('',(4.14690266722,2.833686184616));
#5382 = CARTESIAN_POINT('',(4.092962661181,2.825091711046));
#5383 = CARTESIAN_POINT('',(4.039021216212,2.816493008899));
#5384 = CARTESIAN_POINT('',(3.985081462816,2.807891331525));
#5385 = CARTESIAN_POINT('',(3.931141710216,2.799289060634));
#5386 = CARTESIAN_POINT('',(3.877200263204,2.790692081133));
#5387 = CARTESIAN_POINT('',(3.793424821979,2.777358224059));
#5388 = CARTESIAN_POINT('',(3.7635893193,2.772613087068));
#5389 = CARTESIAN_POINT('',(3.733753897407,2.76787249332));
#5390 = CARTESIAN_POINT('',(3.703918467931,2.763137442145));
#5391 = CARTESIAN_POINT('',(3.674082942931,2.758408623696));
#5392 = CARTESIAN_POINT('',(3.644247484577,2.753686128593));
#5393 = ( GEOMETRIC_REPRESENTATION_CONTEXT(2) 
PARAMETRIC_REPRESENTATION_CONTEXT() REPRESENTATION_CONTEXT('2D SPACE',''
  ) );
#5394 = PCURVE('',#5395,#5418);
#5395 = ( BOUNDED_SURFACE() B_SPLINE_SURFACE(1,6,(
    (#5396,#5397,#5398,#5399,#5400,#5401,#5402,#5403,#5404,#5405,#5406)
    ,(#5407,#5408,#5409,#5410,#5411,#5412,#5413,#5414,#5415,#5416,#5417
)),.UNSPECIFIED.,.F.,.F.,.F.) B_SPLINE_SURFACE_WITH_KNOTS((2,2),(7,4,7),
(2.,3.),(0.,0.5,1.),.UNSPECIFIED.) GEOMETRIC_REPRESENTATION_ITEM() 
RATIONAL_B_SPLINE_SURFACE((
    (1.,1.,1.,1.,1.,1.,1.,1.,1.,1.,1.)
,(1.,1.,1.,1.,1.,1.,1.,1.,1.,1.,1.
  ))) REPRESENTATION_ITEM('') SURFACE() );
#5396 = CARTESIAN_POINT('',(-14.55000000006,4.791323395353E-15,
    2.873686127919));
#5397 = CARTESIAN_POINT('',(-14.53910376764,-6.097654435613,
    2.940352794596));
#5398 = CARTESIAN_POINT('',(-11.51805093523,-12.17914104215,
    3.007019460645));
#5399 = CARTESIAN_POINT('',(-5.303418628659,-16.38457748195,
    3.073686126149));
#5400 = CARTESIAN_POINT('',(2.131612461861,-16.61418552684,
    3.140352791356));
#5401 = CARTESIAN_POINT('',(14.246721363159,-10.35084895505,
    3.273686122354));
#5402 = CARTESIAN_POINT('',(16.459733884404,3.106781753288,
    3.407019455265));
#5403 = CARTESIAN_POINT('',(13.94381269649,10.106963732868,
    3.473686122395));
#5404 = CARTESIAN_POINT('',(8.023777970062,14.717878955772,
    3.540352790243));
#5405 = CARTESIAN_POINT('',(1.306383838054,15.71178822564,3.607019458175
    ));
#5406 = CARTESIAN_POINT('',(-4.496197268036,13.837872312071,
    3.673686125975));
#5407 = CARTESIAN_POINT('',(-14.00000000009,-1.129131557694E-12,
    2.726314071975));
#5408 = CARTESIAN_POINT('',(-13.98951565244,-5.867158907085,
    2.792980738653));
#5409 = CARTESIAN_POINT('',(-11.08266069455,-11.71876113969,
    2.859647404724));
#5410 = CARTESIAN_POINT('',(-5.102945759197,-15.76522919286,
    2.926314070273));
#5411 = CARTESIAN_POINT('',(2.051036045941,-15.98615789505,
    2.992980735535));
#5412 = CARTESIAN_POINT('',(13.708185504008,-9.959579750544,
    3.126314066621));
#5413 = CARTESIAN_POINT('',(15.83754463089,2.989343267525,3.259647399548
    ));
#5414 = CARTESIAN_POINT('',(13.416726993846,9.724913557235,3.32631406666
    ));
#5415 = CARTESIAN_POINT('',(7.720473647395,14.16153301648,3.392980734465
    ));
#5416 = CARTESIAN_POINT('',(1.257001631151,15.117871831931,
    3.459647402347));
#5417 = CARTESIAN_POINT('',(-4.32623792116,13.314791228108,
    3.526314070106));
#5418 = DEFINITIONAL_REPRESENTATION('',(#5419),#5432);
#5419 = B_SPLINE_CURVE_WITH_KNOTS('',6,(#5420,#5421,#5422,#5423,#5424,
    #5425,#5426,#5427,#5428,#5429,#5430,#5431),.UNSPECIFIED.,.F.,.F.,(7,
    5,7),(0.,0.643864333762,1.),.UNSPECIFIED.);
#5420 = CARTESIAN_POINT('',(2.,0.200000072504));
#5421 = CARTESIAN_POINT('',(2.00007153645,0.189270158472));
#5422 = CARTESIAN_POINT('',(2.000170898195,0.178540084567));
#5423 = CARTESIAN_POINT('',(2.000291943653,0.1678102861));
#5424 = CARTESIAN_POINT('',(2.000415228323,0.157080158243));
#5425 = CARTESIAN_POINT('',(2.000497628962,0.146349113177));
#5426 = CARTESIAN_POINT('',(2.000498319572,0.129681918869));
#5427 = CARTESIAN_POINT('',(2.000473478224,0.123745921417));
#5428 = CARTESIAN_POINT('',(2.000416745052,0.117809728066));
#5429 = CARTESIAN_POINT('',(2.000321268136,0.111873325753));
#5430 = CARTESIAN_POINT('',(2.000182408426,0.105936722587));
#5431 = CARTESIAN_POINT('',(2.,0.100000001276));
#5432 = ( GEOMETRIC_REPRESENTATION_CONTEXT(2) 
PARAMETRIC_REPRESENTATION_CONTEXT() REPRESENTATION_CONTEXT('2D SPACE',''
  ) );
#5433 = ORIENTED_EDGE('',*,*,#5434,.T.);
#5434 = EDGE_CURVE('',#5362,#5435,#5437,.T.);
#5435 = VERTEX_POINT('',#5436);
#5436 = CARTESIAN_POINT('',(14.351510679616,-2.395128642239,3.0000001));
#5437 = SURFACE_CURVE('',#5438,(#5443,#5450),.PCURVE_S1.);
#5438 = CIRCLE('',#5439,14.55);
#5439 = AXIS2_PLACEMENT_3D('',#5440,#5441,#5442);
#5440 = CARTESIAN_POINT('',(0.,0.,3.0000001));
#5441 = DIRECTION('',(0.,0.,1.));
#5442 = DIRECTION('',(1.,0.,-0.));
#5443 = PCURVE('',#2455,#5444);
#5444 = DEFINITIONAL_REPRESENTATION('',(#5445),#5449);
#5445 = LINE('',#5446,#5447);
#5446 = CARTESIAN_POINT('',(0.,2.8000001));
#5447 = VECTOR('',#5448,1.);
#5448 = DIRECTION('',(1.,0.));
#5449 = ( GEOMETRIC_REPRESENTATION_CONTEXT(2) 
PARAMETRIC_REPRESENTATION_CONTEXT() REPRESENTATION_CONTEXT('2D SPACE',''
  ) );
#5450 = PCURVE('',#5451,#5456);
#5451 = PLANE('',#5452);
#5452 = AXIS2_PLACEMENT_3D('',#5453,#5454,#5455);
#5453 = CARTESIAN_POINT('',(-2.227917564176E-31,-1.819232749987E-15,
    3.0000001));
#5454 = DIRECTION('',(0.,0.,1.));
#5455 = DIRECTION('',(-1.,1.224646799147E-16,0.));
#5456 = DEFINITIONAL_REPRESENTATION('',(#5457),#5461);
#5457 = CIRCLE('',#5458,14.55);
#5458 = AXIS2_PLACEMENT_2D('',#5459,#5460);
#5459 = CARTESIAN_POINT('',(0.,-1.819232749987E-15));
#5460 = DIRECTION('',(-1.,-1.224646799147E-16));
#5461 = ( GEOMETRIC_REPRESENTATION_CONTEXT(2) 
PARAMETRIC_REPRESENTATION_CONTEXT() REPRESENTATION_CONTEXT('2D SPACE',''
  ) );
#5462 = ORIENTED_EDGE('',*,*,#5463,.T.);
#5463 = EDGE_CURVE('',#5435,#5464,#5466,.T.);
#5464 = VERTEX_POINT('',#5465);
#5465 = CARTESIAN_POINT('',(11.771716590268,-8.551560589648,
    2.926323732721));
#5466 = SURFACE_CURVE('',#5467,(#5478,#5492),.PCURVE_S1.);
#5467 = B_SPLINE_CURVE_WITH_KNOTS('',5,(#5468,#5469,#5470,#5471,#5472,
    #5473,#5474,#5475,#5476,#5477),.UNSPECIFIED.,.F.,.F.,(6,4,6),(0.,
    0.477801613101,1.),.UNSPECIFIED.);
#5468 = CARTESIAN_POINT('',(14.351605562667,-2.394560037589,
    3.000006400529));
#5469 = CARTESIAN_POINT('',(14.245647860397,-3.029609117768,
    2.992969645002));
#5470 = CARTESIAN_POINT('',(14.104563510761,-3.658802042263,
    2.985933429383));
#5471 = CARTESIAN_POINT('',(13.928787550212,-4.279535200946,
    2.978896842333));
#5472 = CARTESIAN_POINT('',(13.71903516434,-4.889283008271,
    2.971857483163));
#5473 = CARTESIAN_POINT('',(13.21101231172,-6.137326707137,
    2.957117760576));
#5474 = CARTESIAN_POINT('',(12.906322842772,-6.773022661762,
    2.94941660393));
#5475 = CARTESIAN_POINT('',(12.563534112487,-7.389493538239,
    2.94171099011));
#5476 = CARTESIAN_POINT('',(12.184311380423,-7.983744850572,
    2.93400205617));
#5477 = CARTESIAN_POINT('',(11.770680948105,-8.55298602933,
    2.926304457947));
#5478 = PCURVE('',#2455,#5479);
#5479 = DEFINITIONAL_REPRESENTATION('',(#5480),#5491);
#5480 = B_SPLINE_CURVE_WITH_KNOTS('',5,(#5481,#5482,#5483,#5484,#5485,
    #5486,#5487,#5488,#5489,#5490),.UNSPECIFIED.,.F.,.F.,(6,4,6),(0.,
    0.477801613101,1.),.UNSPECIFIED.);
#5481 = CARTESIAN_POINT('',(6.117858619412,2.800006400529));
#5482 = CARTESIAN_POINT('',(6.073609278988,2.792969645002));
#5483 = CARTESIAN_POINT('',(6.029359618101,2.785933429383));
#5484 = CARTESIAN_POINT('',(5.985110562734,2.778896842333));
#5485 = CARTESIAN_POINT('',(5.940860905955,2.771857483163));
#5486 = CARTESIAN_POINT('',(5.848250649144,2.757117760576));
#5487 = CARTESIAN_POINT('',(5.799889221868,2.74941660393));
#5488 = CARTESIAN_POINT('',(5.751528747511,2.74171099011));
#5489 = CARTESIAN_POINT('',(5.703167345339,2.73400205617));
#5490 = CARTESIAN_POINT('',(5.654806406727,2.726304457947));
#5491 = ( GEOMETRIC_REPRESENTATION_CONTEXT(2) 
PARAMETRIC_REPRESENTATION_CONTEXT() REPRESENTATION_CONTEXT('2D SPACE',''
  ) );
#5492 = PCURVE('',#5493,#5516);
#5493 = ( BOUNDED_SURFACE() B_SPLINE_SURFACE(1,6,(
    (#5494,#5495,#5496,#5497,#5498,#5499,#5500,#5501,#5502,#5503,#5504)
    ,(#5505,#5506,#5507,#5508,#5509,#5510,#5511,#5512,#5513,#5514,#5515
)),.UNSPECIFIED.,.F.,.F.,.F.) B_SPLINE_SURFACE_WITH_KNOTS((2,2),(7,4,7),
(4.,5.),(0.,0.5,1.),.UNSPECIFIED.) GEOMETRIC_REPRESENTATION_ITEM() 
RATIONAL_B_SPLINE_SURFACE((
    (1.,1.,1.,1.,1.,1.,1.,1.,1.,1.,1.)
,(1.,1.,1.,1.,1.,1.,1.,1.,1.,1.,1.
  ))) REPRESENTATION_ITEM('') SURFACE() );
#5494 = CARTESIAN_POINT('',(-14.0000000001,-1.129867150627E-12,
    2.673686127812));
#5495 = CARTESIAN_POINT('',(-13.98951565245,-5.867158907085,
    2.74035279449));
#5496 = CARTESIAN_POINT('',(-11.08266069456,-11.71876113969,
    2.807019460561));
#5497 = CARTESIAN_POINT('',(-5.102945759208,-15.76522919286,
    2.87368612611));
#5498 = CARTESIAN_POINT('',(2.051036045931,-15.98615789505,
    2.940352791372));
#5499 = CARTESIAN_POINT('',(13.708185503997,-9.959579750544,
    3.073686122458));
#5500 = CARTESIAN_POINT('',(15.83754463088,2.989343267525,3.207019455385
    ));
#5501 = CARTESIAN_POINT('',(13.416726993836,9.724913557235,
    3.273686122497));
#5502 = CARTESIAN_POINT('',(7.720473647384,14.16153301648,3.340352790302
    ));
#5503 = CARTESIAN_POINT('',(1.257001631141,15.117871831931,
    3.407019458184));
#5504 = CARTESIAN_POINT('',(-4.32623792117,13.314791228108,
    3.473686125943));
#5505 = CARTESIAN_POINT('',(-14.55000000013,-6.397606996032E-17,
    2.526314072081));
#5506 = CARTESIAN_POINT('',(-14.53910376771,-6.097654435613,
    2.592980738759));
#5507 = CARTESIAN_POINT('',(-11.5180509353,-12.17914104215,
    2.659647404808));
#5508 = CARTESIAN_POINT('',(-5.303418628726,-16.38457748195,
    2.726314070312));
#5509 = CARTESIAN_POINT('',(2.131612461794,-16.61418552684,
    2.792980735519));
#5510 = CARTESIAN_POINT('',(14.246721363091,-10.35084895505,
    2.926314066517));
#5511 = CARTESIAN_POINT('',(16.459733884337,3.106781753288,
    3.059647399428));
#5512 = CARTESIAN_POINT('',(13.943812696423,10.106963732868,
    3.126314066558));
#5513 = CARTESIAN_POINT('',(8.023777969995,14.717878955772,
    3.192980734406));
#5514 = CARTESIAN_POINT('',(1.306383837987,15.71178822564,3.259647402337
    ));
#5515 = CARTESIAN_POINT('',(-4.496197268103,13.837872312071,
    3.326314070138));
#5516 = DEFINITIONAL_REPRESENTATION('',(#5517),#5528);
#5517 = B_SPLINE_CURVE_WITH_KNOTS('',5,(#5518,#5519,#5520,#5521,#5522,
    #5523,#5524,#5525,#5526,#5527),.UNSPECIFIED.,.F.,.F.,(6,4,6),(0.,
    0.477801613101,1.),.UNSPECIFIED.);
#5518 = CARTESIAN_POINT('',(4.999970275716,0.592109941878));
#5519 = CARTESIAN_POINT('',(4.99993514192,0.583307525268));
#5520 = CARTESIAN_POINT('',(4.999895807994,0.574505009809));
#5521 = CARTESIAN_POINT('',(4.99985885781,0.565702469173));
#5522 = CARTESIAN_POINT('',(4.999838677727,0.556899552685));
#5523 = CARTESIAN_POINT('',(4.999840998281,0.53847532681));
#5524 = CARTESIAN_POINT('',(4.999867706492,0.528853800984));
#5525 = CARTESIAN_POINT('',(4.999923744417,0.519232106657));
#5526 = CARTESIAN_POINT('',(5.000000076381,0.509610000639));
#5527 = CARTESIAN_POINT('',(5.,0.49998798869));
#5528 = ( GEOMETRIC_REPRESENTATION_CONTEXT(2) 
PARAMETRIC_REPRESENTATION_CONTEXT() REPRESENTATION_CONTEXT('2D SPACE',''
  ) );
#5529 = ORIENTED_EDGE('',*,*,#5530,.F.);
#5530 = EDGE_CURVE('',#5531,#5464,#5533,.T.);
#5531 = VERTEX_POINT('',#5532);
#5532 = CARTESIAN_POINT('',(11.770680948105,-8.55298602933,
    2.926304457947));
#5533 = SURFACE_CURVE('',#5534,(#5546,#5556),.PCURVE_S1.);
#5534 = ( BOUNDED_CURVE() B_SPLINE_CURVE(6,(#5535,#5536,#5537,#5538,
    #5539,#5540,#5541,#5542,#5543,#5544,#5545),.UNSPECIFIED.,.F.,.F.) 
B_SPLINE_CURVE_WITH_KNOTS((7,4,7),(0.,0.5,1.),.UNSPECIFIED.) CURVE() 
GEOMETRIC_REPRESENTATION_ITEM() RATIONAL_B_SPLINE_CURVE((1.,1.,1.,1.,1.,
1.,1.,1.,1.,1.,1.)) REPRESENTATION_ITEM('') );
#5535 = CARTESIAN_POINT('',(-14.55000000013,-6.397606996032E-17,
    2.526314072081));
#5536 = CARTESIAN_POINT('',(-14.53910376771,-6.097654435613,
    2.592980738759));
#5537 = CARTESIAN_POINT('',(-11.5180509353,-12.17914104215,
    2.659647404808));
#5538 = CARTESIAN_POINT('',(-5.303418628726,-16.38457748195,
    2.726314070312));
#5539 = CARTESIAN_POINT('',(2.131612461794,-16.61418552684,
    2.792980735519));
#5540 = CARTESIAN_POINT('',(14.246721363091,-10.35084895505,
    2.926314066517));
#5541 = CARTESIAN_POINT('',(16.459733884337,3.106781753288,
    3.059647399428));
#5542 = CARTESIAN_POINT('',(13.943812696423,10.106963732868,
    3.126314066558));
#5543 = CARTESIAN_POINT('',(8.023777969995,14.717878955772,
    3.192980734406));
#5544 = CARTESIAN_POINT('',(1.306383837987,15.71178822564,3.259647402337
    ));
#5545 = CARTESIAN_POINT('',(-4.496197268103,13.837872312071,
    3.326314070138));
#5546 = PCURVE('',#2455,#5547);
#5547 = DEFINITIONAL_REPRESENTATION('',(#5548),#5555);
#5548 = B_SPLINE_CURVE_WITH_KNOTS('',5,(#5549,#5550,#5551,#5552,#5553,
    #5554),.UNSPECIFIED.,.F.,.F.,(6,6),(0.49998798869,0.500012082158),
  .PIECEWISE_BEZIER_KNOTS.);
#5549 = CARTESIAN_POINT('',(5.654806406727,2.726304457947));
#5550 = CARTESIAN_POINT('',(5.654830625835,2.726308312902));
#5551 = CARTESIAN_POINT('',(5.654854844943,2.726312167857));
#5552 = CARTESIAN_POINT('',(5.654879064051,2.726316022811));
#5553 = CARTESIAN_POINT('',(5.654903283159,2.726319877766));
#5554 = CARTESIAN_POINT('',(5.654927502267,2.726323732721));
#5555 = ( GEOMETRIC_REPRESENTATION_CONTEXT(2) 
PARAMETRIC_REPRESENTATION_CONTEXT() REPRESENTATION_CONTEXT('2D SPACE',''
  ) );
#5556 = PCURVE('',#5493,#5557);
#5557 = DEFINITIONAL_REPRESENTATION('',(#5558),#5562);
#5558 = LINE('',#5559,#5560);
#5559 = CARTESIAN_POINT('',(5.,0.));
#5560 = VECTOR('',#5561,1.);
#5561 = DIRECTION('',(0.,1.));
#5562 = ( GEOMETRIC_REPRESENTATION_CONTEXT(2) 
PARAMETRIC_REPRESENTATION_CONTEXT() REPRESENTATION_CONTEXT('2D SPACE',''
  ) );
#5563 = ORIENTED_EDGE('',*,*,#5564,.F.);
#5564 = EDGE_CURVE('',#5565,#5531,#5567,.T.);
#5565 = VERTEX_POINT('',#5566);
#5566 = CARTESIAN_POINT('',(6.195091578094,-13.16523225541,
    2.846314102957));
#5567 = SURFACE_CURVE('',#5568,(#5579,#5593),.PCURVE_S1.);
#5568 = B_SPLINE_CURVE_WITH_KNOTS('',5,(#5569,#5570,#5571,#5572,#5573,
    #5574,#5575,#5576,#5577,#5578),.UNSPECIFIED.,.F.,.F.,(6,4,6),(0.,
    0.52030979065,1.),.UNSPECIFIED.);
#5569 = CARTESIAN_POINT('',(6.195091577859,-13.16523225552,
    2.846314102954));
#5570 = CARTESIAN_POINT('',(6.883643666272,-12.84122405262,
    2.854642720531));
#5571 = CARTESIAN_POINT('',(7.551022637513,-12.47219596109,2.86297296371
    ));
#5572 = CARTESIAN_POINT('',(8.193277749983,-12.06000890457,
    2.871303606825));
#5573 = CARTESIAN_POINT('',(8.80676180054,-11.60700357605,2.879631525431
    ));
#5574 = CARTESIAN_POINT('',(9.92412593533,-10.66332138641,2.895629111805
    ));
#5575 = CARTESIAN_POINT('',(10.432836061274,-10.17833607975,
    2.903299594877));
#5576 = CARTESIAN_POINT('',(10.91165650174,-9.663247191379,
    2.910965927019));
#5577 = CARTESIAN_POINT('',(11.358274972826,-9.120542101497,
    2.918629646679));
#5578 = CARTESIAN_POINT('',(11.770680948105,-8.55298602933,
    2.926304457947));
#5579 = PCURVE('',#2455,#5580);
#5580 = DEFINITIONAL_REPRESENTATION('',(#5581),#5592);
#5581 = B_SPLINE_CURVE_WITH_KNOTS('',5,(#5582,#5583,#5584,#5585,#5586,
    #5587,#5588,#5589,#5590,#5591),.UNSPECIFIED.,.F.,.F.,(6,4,6),(0.,
    0.52030979065,1.),.UNSPECIFIED.);
#5582 = CARTESIAN_POINT('',(5.15221217107,2.646314102954));
#5583 = CARTESIAN_POINT('',(5.204512964178,2.654642720531));
#5584 = CARTESIAN_POINT('',(5.256814484737,2.66297296371));
#5585 = CARTESIAN_POINT('',(5.309114624017,2.671303606825));
#5586 = CARTESIAN_POINT('',(5.361416148329,2.679631525431));
#5587 = CARTESIAN_POINT('',(5.461934724008,2.695629111805));
#5588 = CARTESIAN_POINT('',(5.510152997359,2.703299594877));
#5589 = CARTESIAN_POINT('',(5.558370349626,2.710965927019));
#5590 = CARTESIAN_POINT('',(5.606588629466,2.718629646679));
#5591 = CARTESIAN_POINT('',(5.654806406727,2.726304457947));
#5592 = ( GEOMETRIC_REPRESENTATION_CONTEXT(2) 
PARAMETRIC_REPRESENTATION_CONTEXT() REPRESENTATION_CONTEXT('2D SPACE',''
  ) );
#5593 = PCURVE('',#5493,#5594);
#5594 = DEFINITIONAL_REPRESENTATION('',(#5595),#5606);
#5595 = B_SPLINE_CURVE_WITH_KNOTS('',5,(#5596,#5597,#5598,#5599,#5600,
    #5601,#5602,#5603,#5604,#5605),.UNSPECIFIED.,.F.,.F.,(6,4,6),(0.,
    0.52030979065,1.),.UNSPECIFIED.);
#5596 = CARTESIAN_POINT('',(5.,0.400000043604));
#5597 = CARTESIAN_POINT('',(4.99996360807,0.410404111799));
#5598 = CARTESIAN_POINT('',(4.999916793045,0.420808291901));
#5599 = CARTESIAN_POINT('',(4.999866553209,0.431212341014));
#5600 = CARTESIAN_POINT('',(4.999838222809,0.441617020534));
#5601 = CARTESIAN_POINT('',(4.999841259638,0.461614563201));
#5602 = CARTESIAN_POINT('',(4.999868096562,0.471207610929));
#5603 = CARTESIAN_POINT('',(4.99992403424,0.480800830785));
#5604 = CARTESIAN_POINT('',(4.999999923845,0.490394460477));
#5605 = CARTESIAN_POINT('',(5.,0.49998798869));
#5606 = ( GEOMETRIC_REPRESENTATION_CONTEXT(2) 
PARAMETRIC_REPRESENTATION_CONTEXT() REPRESENTATION_CONTEXT('2D SPACE',''
  ) );
#5607 = ORIENTED_EDGE('',*,*,#5608,.F.);
#5608 = EDGE_CURVE('',#5609,#5565,#5611,.T.);
#5609 = VERTEX_POINT('',#5610);
#5610 = CARTESIAN_POINT('',(-0.913675528743,-14.52128427613,
    2.76631326415));
#5611 = SURFACE_CURVE('',#5612,(#5620,#5649),.PCURVE_S1.);
#5612 = ( BOUNDED_CURVE() B_SPLINE_CURVE(6,(#5613,#5614,#5615,#5616,
#5617,#5618,#5619),.UNSPECIFIED.,.F.,.F.) B_SPLINE_CURVE_WITH_KNOTS((7,7
),(0.299998993379,0.400000043607),.PIECEWISE_BEZIER_KNOTS.) CURVE() 
GEOMETRIC_REPRESENTATION_ITEM() RATIONAL_B_SPLINE_CURVE((1.,1.,1.,1.,1.,
0.999999999997,1.)) REPRESENTATION_ITEM('') );
#5613 = CARTESIAN_POINT('',(-0.913675528743,-14.52128427613,
    2.76631326415));
#5614 = CARTESIAN_POINT('',(0.302773510554,-14.59782708027,
    2.779646737279));
#5615 = CARTESIAN_POINT('',(1.52692252022,-14.55207240553,2.792980210406
    ));
#5616 = CARTESIAN_POINT('',(2.743443043121,-14.38305423745,
    2.806313683534));
#5617 = CARTESIAN_POINT('',(3.936838647746,-14.09237599588,
    2.819647156666));
#5618 = CARTESIAN_POINT('',(5.092048952262,-13.68424957452,
    2.832980629815));
#5619 = CARTESIAN_POINT('',(6.195091578094,-13.16523225541,
    2.846314102957));
#5620 = PCURVE('',#2455,#5621);
#5621 = DEFINITIONAL_REPRESENTATION('',(#5622),#5648);
#5622 = B_SPLINE_CURVE_WITH_KNOTS('',3,(#5623,#5624,#5625,#5626,#5627,
    #5628,#5629,#5630,#5631,#5632,#5633,#5634,#5635,#5636,#5637,#5638,
    #5639,#5640,#5641,#5642,#5643,#5644,#5645,#5646,#5647),
  .UNSPECIFIED.,.F.,.F.,(4,1,1,1,1,1,1,1,1,1,1,1,1,1,1,1,1,1,1,1,1,1,4),
  (0.299998993379,0.304544495662,0.309089997945,0.313635500229,
    0.318181002512,0.322726504795,0.327272007078,0.331817509361,
    0.336363011644,0.340908513927,0.34545401621,0.349999518493,
    0.354545020776,0.35909052306,0.363636025343,0.368181527626,
    0.372727029909,0.377272532192,0.381818034475,0.386363536758,
    0.390909039041,0.395454541324,0.400000043607),
  .QUASI_UNIFORM_KNOTS.);
#5623 = CARTESIAN_POINT('',(4.649552067872,2.56631326415));
#5624 = CARTESIAN_POINT('',(4.657167530547,2.567525398071));
#5625 = CARTESIAN_POINT('',(4.67239846224,2.569949665912));
#5626 = CARTESIAN_POINT('',(4.695244910192,2.573586067675));
#5627 = CARTESIAN_POINT('',(4.718091440533,2.577222469437));
#5628 = CARTESIAN_POINT('',(4.740938083162,2.580858871199));
#5629 = CARTESIAN_POINT('',(4.763784866018,2.584495272961));
#5630 = CARTESIAN_POINT('',(4.786631814491,2.588131674723));
#5631 = CARTESIAN_POINT('',(4.809478951058,2.591768076486));
#5632 = CARTESIAN_POINT('',(4.832326294916,2.595404478248));
#5633 = CARTESIAN_POINT('',(4.855173861672,2.599040880011));
#5634 = CARTESIAN_POINT('',(4.878021663076,2.602677281774));
#5635 = CARTESIAN_POINT('',(4.900869706813,2.606313683538));
#5636 = CARTESIAN_POINT('',(4.92371799635,2.609950085301));
#5637 = CARTESIAN_POINT('',(4.946566530845,2.613586487065));
#5638 = CARTESIAN_POINT('',(4.96941530512,2.61722288883));
#5639 = CARTESIAN_POINT('',(4.992264309693,2.620859290595));
#5640 = CARTESIAN_POINT('',(5.015113530879,2.62449569236));
#5641 = CARTESIAN_POINT('',(5.037962950964,2.628132094126));
#5642 = CARTESIAN_POINT('',(5.060812548423,2.631768495892));
#5643 = CARTESIAN_POINT('',(5.083662298242,2.635404897658));
#5644 = CARTESIAN_POINT('',(5.106512172209,2.639041299425));
#5645 = CARTESIAN_POINT('',(5.129362139567,2.642677701191));
#5646 = CARTESIAN_POINT('',(5.144595490933,2.645101969035));
#5647 = CARTESIAN_POINT('',(5.152212171088,2.646314102957));
#5648 = ( GEOMETRIC_REPRESENTATION_CONTEXT(2) 
PARAMETRIC_REPRESENTATION_CONTEXT() REPRESENTATION_CONTEXT('2D SPACE',''
  ) );
#5649 = PCURVE('',#5493,#5650);
#5650 = DEFINITIONAL_REPRESENTATION('',(#5651),#5655);
#5651 = LINE('',#5652,#5653);
#5652 = CARTESIAN_POINT('',(5.,0.));
#5653 = VECTOR('',#5654,1.);
#5654 = DIRECTION('',(1.776338183798E-14,1.));
#5655 = ( GEOMETRIC_REPRESENTATION_CONTEXT(2) 
PARAMETRIC_REPRESENTATION_CONTEXT() REPRESENTATION_CONTEXT('2D SPACE',''
  ) );
#5656 = ORIENTED_EDGE('',*,*,#5657,.F.);
#5657 = EDGE_CURVE('',#5658,#5609,#5660,.T.);
#5658 = VERTEX_POINT('',#5659);
#5659 = CARTESIAN_POINT('',(-7.796274783507,-12.2849745421,
    2.686314136627));
#5660 = SURFACE_CURVE('',#5661,(#5674,#5690),.PCURVE_S1.);
#5661 = B_SPLINE_CURVE_WITH_KNOTS('',6,(#5662,#5663,#5664,#5665,#5666,
    #5667,#5668,#5669,#5670,#5671,#5672,#5673),.UNSPECIFIED.,.F.,.F.,(7,
    5,7),(0.,0.34676728253,1.),.UNSPECIFIED.);
#5662 = CARTESIAN_POINT('',(-7.796274783376,-12.28497454218,
    2.686314136629));
#5663 = CARTESIAN_POINT('',(-7.43939347652,-12.51145809929,2.69093714598
    ));
#5664 = CARTESIAN_POINT('',(-7.074616047447,-12.72550116178,
    2.695560187941));
#5665 = CARTESIAN_POINT('',(-6.702486435127,-12.92675862702,
    2.700183285364));
#5666 = CARTESIAN_POINT('',(-6.323565768105,-13.11491852781,
    2.704806454148));
#5667 = CARTESIAN_POINT('',(-5.9384323645,-13.28970203239,2.709429703232
    ));
#5668 = CARTESIAN_POINT('',(-4.811594129798,-13.75445583168,
    2.722762366376));
#5669 = CARTESIAN_POINT('',(-4.055548876757,-14.00971872333,
    2.731472249859));
#5670 = CARTESIAN_POINT('',(-3.283558002631,-14.21499146436,
    2.740182173416));
#5671 = CARTESIAN_POINT('',(-2.499747951641,-14.36909723999,
    2.748892352285));
#5672 = CARTESIAN_POINT('',(-1.708343243626,-14.47128386199,
    2.757602929295));
#5673 = CARTESIAN_POINT('',(-0.913677763594,-14.52128413551,
    2.766313239654));
#5674 = PCURVE('',#2455,#5675);
#5675 = DEFINITIONAL_REPRESENTATION('',(#5676),#5689);
#5676 = B_SPLINE_CURVE_WITH_KNOTS('',6,(#5677,#5678,#5679,#5680,#5681,
    #5682,#5683,#5684,#5685,#5686,#5687,#5688),.UNSPECIFIED.,.F.,.F.,(7,
    5,7),(0.,0.34676728253,1.),.UNSPECIFIED.);
#5677 = CARTESIAN_POINT('',(4.146902716542,2.486314136629));
#5678 = CARTESIAN_POINT('',(4.17595294417,2.49093714598));
#5679 = CARTESIAN_POINT('',(4.205003193923,2.495560187941));
#5680 = CARTESIAN_POINT('',(4.234053455195,2.500183285364));
#5681 = CARTESIAN_POINT('',(4.263103716833,2.504806454148));
#5682 = CARTESIAN_POINT('',(4.292153967133,2.509429703232));
#5683 = CARTESIAN_POINT('',(4.375928383501,2.522762366376));
#5684 = CARTESIAN_POINT('',(4.430654126405,2.531472249859));
#5685 = CARTESIAN_POINT('',(4.485378056381,2.540182173416));
#5686 = CARTESIAN_POINT('',(4.540101985453,2.548892352285));
#5687 = CARTESIAN_POINT('',(4.594827726177,2.557602929295));
#5688 = CARTESIAN_POINT('',(4.64955191397,2.566313239654));
#5689 = ( GEOMETRIC_REPRESENTATION_CONTEXT(2) 
PARAMETRIC_REPRESENTATION_CONTEXT() REPRESENTATION_CONTEXT('2D SPACE',''
  ) );
#5690 = PCURVE('',#5691,#5714);
#5691 = ( BOUNDED_SURFACE() B_SPLINE_SURFACE(1,6,(
    (#5692,#5693,#5694,#5695,#5696,#5697,#5698,#5699,#5700,#5701,#5702)
    ,(#5703,#5704,#5705,#5706,#5707,#5708,#5709,#5710,#5711,#5712,#5713
)),.UNSPECIFIED.,.F.,.F.,.F.) B_SPLINE_SURFACE_WITH_KNOTS((2,2),(7,4,7),
(5.,6.),(0.,0.5,1.),.UNSPECIFIED.) GEOMETRIC_REPRESENTATION_ITEM() 
RATIONAL_B_SPLINE_SURFACE((
    (1.,1.,1.,1.,1.,1.,1.,1.,1.,1.,1.)
,(1.,1.,1.,1.,1.,1.,1.,1.,1.,1.,1.
  ))) REPRESENTATION_ITEM('') SURFACE() );
#5692 = CARTESIAN_POINT('',(-14.55000000013,-6.397606996032E-17,
    2.526314072081));
#5693 = CARTESIAN_POINT('',(-14.53910376771,-6.097654435613,
    2.592980738759));
#5694 = CARTESIAN_POINT('',(-11.5180509353,-12.17914104215,
    2.659647404808));
#5695 = CARTESIAN_POINT('',(-5.303418628726,-16.38457748195,
    2.726314070312));
#5696 = CARTESIAN_POINT('',(2.131612461794,-16.61418552684,
    2.792980735519));
#5697 = CARTESIAN_POINT('',(14.246721363091,-10.35084895505,
    2.926314066517));
#5698 = CARTESIAN_POINT('',(16.459733884337,3.106781753288,
    3.059647399428));
#5699 = CARTESIAN_POINT('',(13.943812696423,10.106963732868,
    3.126314066558));
#5700 = CARTESIAN_POINT('',(8.023777969995,14.717878955772,
    3.192980734406));
#5701 = CARTESIAN_POINT('',(1.306383837987,15.71178822564,3.259647402337
    ));
#5702 = CARTESIAN_POINT('',(-4.496197268103,13.837872312071,
    3.326314070138));
#5703 = CARTESIAN_POINT('',(-14.75000000013,4.115225795021E-13,
    2.52631407212));
#5704 = CARTESIAN_POINT('',(-14.73895399143,-6.181470991442,
    2.592980738798));
#5705 = CARTESIAN_POINT('',(-11.6763746592,-12.34655191577,
    2.659647404839));
#5706 = CARTESIAN_POINT('',(-5.376317853996,-16.60979504162,
    2.726314070326));
#5707 = CARTESIAN_POINT('',(2.160912976665,-16.84255921113,
    2.792980735514));
#5708 = CARTESIAN_POINT('',(14.44255258459,-10.49312866578,
    2.926314066479));
#5709 = CARTESIAN_POINT('',(16.685984521968,3.149486657203,
    3.059647399384));
#5710 = CARTESIAN_POINT('',(14.135480224647,10.245891069461,
    3.126314066521));
#5711 = CARTESIAN_POINT('',(8.134070450955,14.920186570061,
    3.192980734385));
#5712 = CARTESIAN_POINT('',(1.324341004123,15.927757823352,
    3.259647402334));
#5713 = CARTESIAN_POINT('',(-4.558000666978,14.02808361533,3.32631407015
    ));
#5714 = DEFINITIONAL_REPRESENTATION('',(#5715),#5728);
#5715 = B_SPLINE_CURVE_WITH_KNOTS('',6,(#5716,#5717,#5718,#5719,#5720,
    #5721,#5722,#5723,#5724,#5725,#5726,#5727),.UNSPECIFIED.,.F.,.F.,(7,
    5,7),(0.,0.34676728253,1.),.UNSPECIFIED.);
#5716 = CARTESIAN_POINT('',(5.,0.200000082316));
#5717 = CARTESIAN_POINT('',(5.000105949408,0.205778844091));
#5718 = CARTESIAN_POINT('',(5.000189506151,0.21155764663));
#5719 = CARTESIAN_POINT('',(5.000248791852,0.217336518499));
#5720 = CARTESIAN_POINT('',(5.000284215529,0.22311547957));
#5721 = CARTESIAN_POINT('',(5.000298473599,0.228894541018));
#5722 = CARTESIAN_POINT('',(5.000292926019,0.24556037022));
#5723 = CARTESIAN_POINT('',(5.000231065608,0.256447724757));
#5724 = CARTESIAN_POINT('',(5.000139080684,0.267335129389));
#5725 = CARTESIAN_POINT('',(5.000059692275,0.278222853165));
#5726 = CARTESIAN_POINT('',(5.000013491719,0.289111074619));
#5727 = CARTESIAN_POINT('',(5.,0.299998962759));
#5728 = ( GEOMETRIC_REPRESENTATION_CONTEXT(2) 
PARAMETRIC_REPRESENTATION_CONTEXT() REPRESENTATION_CONTEXT('2D SPACE',''
  ) );
#5729 = ORIENTED_EDGE('',*,*,#5730,.F.);
#5730 = EDGE_CURVE('',#5731,#5658,#5733,.T.);
#5731 = VERTEX_POINT('',#5732);
#5732 = CARTESIAN_POINT('',(-12.75026227232,-7.009515816866,
    2.606314069971));
#5733 = SURFACE_CURVE('',#5734,(#5747,#5763),.PCURVE_S1.);
#5734 = B_SPLINE_CURVE_WITH_KNOTS('',6,(#5735,#5736,#5737,#5738,#5739,
    #5740,#5741,#5742,#5743,#5744,#5745,#5746),.UNSPECIFIED.,.F.,.F.,(7,
    5,7),(0.,0.365436072789,1.),.UNSPECIFIED.);
#5735 = CARTESIAN_POINT('',(-12.75026227233,-7.009515816857,
    2.606314069971));
#5736 = CARTESIAN_POINT('',(-12.53566919784,-7.399859180514,
    2.61121504883));
#5737 = CARTESIAN_POINT('',(-12.30673518229,-7.78232014222,
    2.616109174571));
#5738 = CARTESIAN_POINT('',(-12.06382361045,-8.156237872531,
    2.62099640208));
#5739 = CARTESIAN_POINT('',(-11.80733608974,-8.520977211371,
    2.625877481198));
#5740 = CARTESIAN_POINT('',(-11.53771238489,-8.87592877675,
    2.630753532613));
#5741 = CARTESIAN_POINT('',(-10.76525981887,-9.818857848065,
    2.644085799211));
#5742 = CARTESIAN_POINT('',(-10.23690612147,-10.38595256763,
    2.652534296224));
#5743 = CARTESIAN_POINT('',(-9.672886594779,-10.91871294803,
    2.660976518003));
#5744 = CARTESIAN_POINT('',(-9.076012927906,-11.41438772257,
    2.66941888781));
#5745 = CARTESIAN_POINT('',(-8.449355255335,-11.8705174509,
    2.677864579303));
#5746 = CARTESIAN_POINT('',(-7.796274783473,-12.28497454212,
    2.686314136628));
#5747 = PCURVE('',#2455,#5748);
#5748 = DEFINITIONAL_REPRESENTATION('',(#5749),#5762);
#5749 = B_SPLINE_CURVE_WITH_KNOTS('',6,(#5750,#5751,#5752,#5753,#5754,
    #5755,#5756,#5757,#5758,#5759,#5760,#5761),.UNSPECIFIED.,.F.,.F.,(7,
    5,7),(0.,0.365436072789,1.),.UNSPECIFIED.);
#5750 = CARTESIAN_POINT('',(3.64424746708,2.406314069971));
#5751 = CARTESIAN_POINT('',(3.674862003105,2.41121504883));
#5752 = CARTESIAN_POINT('',(3.705476635494,2.416109174571));
#5753 = CARTESIAN_POINT('',(3.736091180257,2.42099640208));
#5754 = CARTESIAN_POINT('',(3.766705735207,2.425877481198));
#5755 = CARTESIAN_POINT('',(3.797320397187,2.430753532613));
#5756 = CARTESIAN_POINT('',(3.881095876379,2.444085799211));
#5757 = CARTESIAN_POINT('',(3.934258136736,2.452534296224));
#5758 = CARTESIAN_POINT('',(3.987418836865,2.460976518003));
#5759 = CARTESIAN_POINT('',(4.040579537374,2.46941888781));
#5760 = CARTESIAN_POINT('',(4.0937418028,2.477864579303));
#5761 = CARTESIAN_POINT('',(4.146902716534,2.486314136628));
#5762 = ( GEOMETRIC_REPRESENTATION_CONTEXT(2) 
PARAMETRIC_REPRESENTATION_CONTEXT() REPRESENTATION_CONTEXT('2D SPACE',''
  ) );
#5763 = PCURVE('',#5493,#5764);
#5764 = DEFINITIONAL_REPRESENTATION('',(#5765),#5778);
#5765 = B_SPLINE_CURVE_WITH_KNOTS('',6,(#5766,#5767,#5768,#5769,#5770,
    #5771,#5772,#5773,#5774,#5775,#5776,#5777),.UNSPECIFIED.,.F.,.F.,(7,
    5,7),(0.,0.365436072789,1.),.UNSPECIFIED.);
#5766 = CARTESIAN_POINT('',(5.,9.999999779452E-02));
#5767 = CARTESIAN_POINT('',(4.999812828419,0.106091741595));
#5768 = CARTESIAN_POINT('',(4.999671512059,0.112183366223));
#5769 = CARTESIAN_POINT('',(4.999575862232,0.11827478053));
#5770 = CARTESIAN_POINT('',(4.999520750383,0.124365977055));
#5771 = CARTESIAN_POINT('',(4.9994986567,0.1304569714));
#5772 = CARTESIAN_POINT('',(4.999508404071,0.147124100448));
#5773 = CARTESIAN_POINT('',(4.999591896555,0.157700102416));
#5774 = CARTESIAN_POINT('',(4.999713282617,0.168275240918));
#5775 = CARTESIAN_POINT('',(4.999831968562,0.17885006706));
#5776 = CARTESIAN_POINT('',(4.999929496815,0.189425147751));
#5777 = CARTESIAN_POINT('',(5.,0.200000082314));
#5778 = ( GEOMETRIC_REPRESENTATION_CONTEXT(2) 
PARAMETRIC_REPRESENTATION_CONTEXT() REPRESENTATION_CONTEXT('2D SPACE',''
  ) );
#5779 = ORIENTED_EDGE('',*,*,#5780,.F.);
#5780 = EDGE_CURVE('',#5781,#5731,#5783,.T.);
#5781 = VERTEX_POINT('',#5782);
#5782 = CARTESIAN_POINT('',(-14.55000000011,2.581180766704E-16,
    2.526314072081));
#5783 = SURFACE_CURVE('',#5784,(#5797,#5813),.PCURVE_S1.);
#5784 = B_SPLINE_CURVE_WITH_KNOTS('',6,(#5785,#5786,#5787,#5788,#5789,
    #5790,#5791,#5792,#5793,#5794,#5795,#5796),.UNSPECIFIED.,.F.,.F.,(7,
    5,7),(0.,0.637625222272,1.),.UNSPECIFIED.);
#5785 = CARTESIAN_POINT('',(-14.55000000013,-1.7763568394E-15,
    2.526314072081));
#5786 = CARTESIAN_POINT('',(-14.55000000013,-0.777196426404,
    2.534811289438));
#5787 = CARTESIAN_POINT('',(-14.50018271675,-1.554442727582,
    2.543309976093));
#5788 = CARTESIAN_POINT('',(-14.4005363414,-2.327677929168,
    2.551810252182));
#5789 = CARTESIAN_POINT('',(-14.25150418537,-3.092923964029,
    2.560311942936));
#5790 = CARTESIAN_POINT('',(-14.05392187647,-3.846278394103,
    2.568814790551));
#5791 = CARTESIAN_POINT('',(-13.66990063362,-5.003141596482,
    2.582150517735));
#5792 = CARTESIAN_POINT('',(-13.51546855996,-5.417291179212,
    2.586983224114));
#5793 = CARTESIAN_POINT('',(-13.34599572695,-5.825674606974,
    2.59181599211));
#5794 = CARTESIAN_POINT('',(-13.16175468297,-6.227611785466,
    2.596648758432));
#5795 = CARTESIAN_POINT('',(-12.96305880362,-6.622440353221,
    2.601481474353));
#5796 = CARTESIAN_POINT('',(-12.75026227233,-7.00951581686,
    2.606314069971));
#5797 = PCURVE('',#2455,#5798);
#5798 = DEFINITIONAL_REPRESENTATION('',(#5799),#5812);
#5799 = B_SPLINE_CURVE_WITH_KNOTS('',6,(#5800,#5801,#5802,#5803,#5804,
    #5805,#5806,#5807,#5808,#5809,#5810,#5811),.UNSPECIFIED.,.F.,.F.,(7,
    5,7),(0.,0.637625222272,1.),.UNSPECIFIED.);
#5800 = CARTESIAN_POINT('',(3.14159265359,2.326314072081));
#5801 = CARTESIAN_POINT('',(3.195008215542,2.334811289438));
#5802 = CARTESIAN_POINT('',(3.248427196721,2.343309976093));
#5803 = CARTESIAN_POINT('',(3.301844883456,2.351810252182));
#5804 = CARTESIAN_POINT('',(3.355262167431,2.360311942936));
#5805 = CARTESIAN_POINT('',(3.408680606351,2.368814790551));
#5806 = CARTESIAN_POINT('',(3.492456271151,2.382150517735));
#5807 = CARTESIAN_POINT('',(3.522814539944,2.386983224114));
#5808 = CARTESIAN_POINT('',(3.553172724261,2.39181599211));
#5809 = CARTESIAN_POINT('',(3.58353092351,2.396648758432));
#5810 = CARTESIAN_POINT('',(3.613889231668,2.401481474353));
#5811 = CARTESIAN_POINT('',(3.64424746708,2.406314069971));
#5812 = ( GEOMETRIC_REPRESENTATION_CONTEXT(2) 
PARAMETRIC_REPRESENTATION_CONTEXT() REPRESENTATION_CONTEXT('2D SPACE',''
  ) );
#5813 = PCURVE('',#5814,#5837);
#5814 = ( BOUNDED_SURFACE() B_SPLINE_SURFACE(1,6,(
    (#5815,#5816,#5817,#5818,#5819,#5820,#5821,#5822,#5823,#5824,#5825)
    ,(#5826,#5827,#5828,#5829,#5830,#5831,#5832,#5833,#5834,#5835,#5836
)),.UNSPECIFIED.,.F.,.F.,.F.) B_SPLINE_SURFACE_WITH_KNOTS((2,2),(7,4,7),
(5.,6.),(0.,0.5,1.),.UNSPECIFIED.) GEOMETRIC_REPRESENTATION_ITEM() 
RATIONAL_B_SPLINE_SURFACE((
    (1.,1.,1.,1.,1.,1.,1.,1.,1.,1.,1.)
,(1.,1.,1.,1.,1.,1.,1.,1.,1.,1.,1.
  ))) REPRESENTATION_ITEM('') SURFACE() );
#5815 = CARTESIAN_POINT('',(-14.55000000013,-6.397606996032E-17,
    2.526314072081));
#5816 = CARTESIAN_POINT('',(-14.53910376771,-6.097654435613,
    2.592980738759));
#5817 = CARTESIAN_POINT('',(-11.5180509353,-12.17914104215,
    2.659647404808));
#5818 = CARTESIAN_POINT('',(-5.303418628726,-16.38457748195,
    2.726314070312));
#5819 = CARTESIAN_POINT('',(2.131612461794,-16.61418552684,
    2.792980735519));
#5820 = CARTESIAN_POINT('',(14.246721363091,-10.35084895505,
    2.926314066517));
#5821 = CARTESIAN_POINT('',(16.459733884337,3.106781753288,
    3.059647399428));
#5822 = CARTESIAN_POINT('',(13.943812696423,10.106963732868,
    3.126314066558));
#5823 = CARTESIAN_POINT('',(8.023777969995,14.717878955772,
    3.192980734406));
#5824 = CARTESIAN_POINT('',(1.306383837987,15.71178822564,3.259647402337
    ));
#5825 = CARTESIAN_POINT('',(-4.496197268103,13.837872312071,
    3.326314070138));
#5826 = CARTESIAN_POINT('',(-14.75000000013,4.115225795021E-13,
    2.52631407212));
#5827 = CARTESIAN_POINT('',(-14.73895399143,-6.181470991442,
    2.592980738798));
#5828 = CARTESIAN_POINT('',(-11.6763746592,-12.34655191577,
    2.659647404839));
#5829 = CARTESIAN_POINT('',(-5.376317853996,-16.60979504162,
    2.726314070326));
#5830 = CARTESIAN_POINT('',(2.160912976665,-16.84255921113,
    2.792980735514));
#5831 = CARTESIAN_POINT('',(14.44255258459,-10.49312866578,
    2.926314066479));
#5832 = CARTESIAN_POINT('',(16.685984521968,3.149486657203,
    3.059647399384));
#5833 = CARTESIAN_POINT('',(14.135480224647,10.245891069461,
    3.126314066521));
#5834 = CARTESIAN_POINT('',(8.134070450955,14.920186570061,
    3.192980734385));
#5835 = CARTESIAN_POINT('',(1.324341004123,15.927757823352,
    3.259647402334));
#5836 = CARTESIAN_POINT('',(-4.558000666978,14.02808361533,3.32631407015
    ));
#5837 = DEFINITIONAL_REPRESENTATION('',(#5838),#5851);
#5838 = B_SPLINE_CURVE_WITH_KNOTS('',6,(#5839,#5840,#5841,#5842,#5843,
    #5844,#5845,#5846,#5847,#5848,#5849,#5850),.UNSPECIFIED.,.F.,.F.,(7,
    5,7),(0.,0.637625222272,1.),.UNSPECIFIED.);
#5839 = CARTESIAN_POINT('',(5.,0.));
#5840 = CARTESIAN_POINT('',(5.006944074141,1.062152169345E-02));
#5841 = CARTESIAN_POINT('',(5.009313458834,2.12448800231E-02));
#5842 = CARTESIAN_POINT('',(5.009211138828,3.187022515769E-02));
#5843 = CARTESIAN_POINT('',(5.007962384911,4.249733863646E-02));
#5844 = CARTESIAN_POINT('',(5.006309070802,5.312589820268E-02));
#5845 = CARTESIAN_POINT('',(5.00371314828,6.979555727603E-02));
#5846 = CARTESIAN_POINT('',(5.002771789108,7.583644028736E-02));
#5847 = CARTESIAN_POINT('',(5.001903075512,8.187740032362E-02));
#5848 = CARTESIAN_POINT('',(5.001144812946,8.791835827166E-02));
#5849 = CARTESIAN_POINT('',(5.000510412669,9.395925322098E-02));
#5850 = CARTESIAN_POINT('',(5.,9.999999779456E-02));
#5851 = ( GEOMETRIC_REPRESENTATION_CONTEXT(2) 
PARAMETRIC_REPRESENTATION_CONTEXT() REPRESENTATION_CONTEXT('2D SPACE',''
  ) );
#5852 = ORIENTED_EDGE('',*,*,#5853,.T.);
#5853 = EDGE_CURVE('',#5781,#5854,#5856,.T.);
#5854 = VERTEX_POINT('',#5855);
#5855 = CARTESIAN_POINT('',(-11.77119718652,8.55227553321,2.42631407075)
  );
#5856 = SURFACE_CURVE('',#5857,(#5872,#5890),.PCURVE_S1.);
#5857 = B_SPLINE_CURVE_WITH_KNOTS('',7,(#5858,#5859,#5860,#5861,#5862,
    #5863,#5864,#5865,#5866,#5867,#5868,#5869,#5870,#5871),
  .UNSPECIFIED.,.F.,.F.,(8,6,8),(0.,0.658433672203,1.),.UNSPECIFIED.);
#5858 = CARTESIAN_POINT('',(-14.55000000008,-5.96744875736E-15,
    2.526314072081));
#5859 = CARTESIAN_POINT('',(-14.55000000008,0.859504828399,
    2.516910235027));
#5860 = CARTESIAN_POINT('',(-14.49076467027,1.719454347847,
    2.507510276609));
#5861 = CARTESIAN_POINT('',(-14.37218408187,2.574589432689,
    2.498110346502));
#5862 = CARTESIAN_POINT('',(-14.19480164906,3.419868370769,
    2.488708493904));
#5863 = CARTESIAN_POINT('',(-13.95966226069,4.250445148606,
    2.479304153808));
#5864 = CARTESIAN_POINT('',(-13.66826836684,5.061663947387,
    2.469897254039));
#5865 = CARTESIAN_POINT('',(-13.14324218616,6.257530702685,
    2.455607185854));
#5866 = CARTESIAN_POINT('',(-12.94929922139,6.659585653853,
    2.450725629395));
#5867 = CARTESIAN_POINT('',(-12.74102075663,7.054598932697,
    2.445843655514));
#5868 = CARTESIAN_POINT('',(-12.51871498288,7.441959202316,2.4409613861)
  );
#5869 = CARTESIAN_POINT('',(-12.28272215848,7.8210728291,2.436078942137)
  );
#5870 = CARTESIAN_POINT('',(-12.03341468554,8.191364115568,
    2.431196453833));
#5871 = CARTESIAN_POINT('',(-11.77119718653,8.552275533199,2.42631407075
    ));
#5872 = PCURVE('',#2455,#5873);
#5873 = DEFINITIONAL_REPRESENTATION('',(#5874),#5889);
#5874 = B_SPLINE_CURVE_WITH_KNOTS('',7,(#5875,#5876,#5877,#5878,#5879,
    #5880,#5881,#5882,#5883,#5884,#5885,#5886,#5887,#5888),
  .UNSPECIFIED.,.F.,.F.,(8,6,8),(0.,0.658433672203,1.),.UNSPECIFIED.);
#5875 = CARTESIAN_POINT('',(3.14159265359,2.326314072081));
#5876 = CARTESIAN_POINT('',(3.082520156793,2.316910235027));
#5877 = CARTESIAN_POINT('',(3.023417098692,2.307510276609));
#5878 = CARTESIAN_POINT('',(2.964308227094,2.298110346502));
#5879 = CARTESIAN_POINT('',(2.905201850949,2.288708493904));
#5880 = CARTESIAN_POINT('',(2.846099339712,2.279304153808));
#5881 = CARTESIAN_POINT('',(2.786997988247,2.269897254039));
#5882 = CARTESIAN_POINT('',(2.697235544097,2.255607185854));
#5883 = CARTESIAN_POINT('',(2.666575578541,2.250725629395));
#5884 = CARTESIAN_POINT('',(2.63591560583,2.245843655514));
#5885 = CARTESIAN_POINT('',(2.60525553632,2.2409613861));
#5886 = CARTESIAN_POINT('',(2.574595230132,2.236078942137));
#5887 = CARTESIAN_POINT('',(2.543934666533,2.231196453833));
#5888 = CARTESIAN_POINT('',(2.513274113328,2.22631407075));
#5889 = ( GEOMETRIC_REPRESENTATION_CONTEXT(2) 
PARAMETRIC_REPRESENTATION_CONTEXT() REPRESENTATION_CONTEXT('2D SPACE',''
  ) );
#5890 = PCURVE('',#5891,#5914);
#5891 = ( BOUNDED_SURFACE() B_SPLINE_SURFACE(1,6,(
    (#5892,#5893,#5894,#5895,#5896,#5897,#5898,#5899,#5900,#5901,#5902)
    ,(#5903,#5904,#5905,#5906,#5907,#5908,#5909,#5910,#5911,#5912,#5913
)),.UNSPECIFIED.,.F.,.F.,.F.) B_SPLINE_SURFACE_WITH_KNOTS((2,2),(7,4,7),
(5.,6.),(0.,0.5,1.),.UNSPECIFIED.) GEOMETRIC_REPRESENTATION_ITEM() 
RATIONAL_B_SPLINE_SURFACE((
    (1.,1.,1.,1.,1.,1.,1.,1.,1.,1.,1.)
,(1.,1.,1.,1.,1.,1.,1.,1.,1.,1.,1.
  ))) REPRESENTATION_ITEM('') SURFACE() );
#5892 = CARTESIAN_POINT('',(-14.55000000002,-5.932152530007E-15,
    1.526314072081));
#5893 = CARTESIAN_POINT('',(-14.49862059533,-7.61661457468,
    1.609647405418));
#5894 = CARTESIAN_POINT('',(-9.914250316764,-15.23322914935,
    1.692980739052));
#5895 = CARTESIAN_POINT('',(8.638162411536E-02,-19.13941392426,
    1.776314073072));
#5896 = CARTESIAN_POINT('',(9.782376511332,-15.23322914934,
    1.859647407059));
#5897 = CARTESIAN_POINT('',(19.31762348858,2.553284226016E-11,
    2.026314074365));
#5898 = CARTESIAN_POINT('',(9.782376511286,15.233229149378,
    2.192980740385));
#5899 = CARTESIAN_POINT('',(8.638162405259E-02,19.139413924289,
    2.276314073065));
#5900 = CARTESIAN_POINT('',(-9.914250316832,15.233229149362,
    2.359647405736));
#5901 = CARTESIAN_POINT('',(-14.49862059539,7.61661457468,2.442980738751
    ));
#5902 = CARTESIAN_POINT('',(-14.55000000008,5.802122233017E-16,
    2.526314072081));
#5903 = CARTESIAN_POINT('',(-14.75000000002,-1.62724310668E-13,
    1.526314072068));
#5904 = CARTESIAN_POINT('',(-14.69791434926,-7.721310307681,
    1.609647405405));
#5905 = CARTESIAN_POINT('',(-10.05052867151,-15.44262061535,
    1.692980739043));
#5906 = CARTESIAN_POINT('',(8.75690003083E-02,-19.40249865169,
    1.776314073072));
#5907 = CARTESIAN_POINT('',(9.916842167853,-15.44262061534,
    1.859647407068));
#5908 = CARTESIAN_POINT('',(19.583157832059,2.515379104607E-11,
    2.026314074382));
#5909 = CARTESIAN_POINT('',(9.916842167807,15.442620615379,
    2.192980740394));
#5910 = CARTESIAN_POINT('',(8.756900024512E-02,19.402498651718,
    2.276314073065));
#5911 = CARTESIAN_POINT('',(-10.05052867158,15.442620615363,
    2.359647405726));
#5912 = CARTESIAN_POINT('',(-14.69791434933,7.72131030768,2.442980738738
    ));
#5913 = CARTESIAN_POINT('',(-14.75000000008,-1.580819868183E-13,
    2.526314072068));
#5914 = DEFINITIONAL_REPRESENTATION('',(#5915),#5930);
#5915 = B_SPLINE_CURVE_WITH_KNOTS('',7,(#5916,#5917,#5918,#5919,#5920,
    #5921,#5922,#5923,#5924,#5925,#5926,#5927,#5928,#5929),
  .UNSPECIFIED.,.F.,.F.,(8,6,8),(0.,0.658433672203,1.),.UNSPECIFIED.);
#5916 = CARTESIAN_POINT('',(5.,1.));
#5917 = CARTESIAN_POINT('',(5.02898981298,0.990596162946));
#5918 = CARTESIAN_POINT('',(5.042421725021,0.981196204523));
#5919 = CARTESIAN_POINT('',(5.045541595101,0.971796274408));
#5920 = CARTESIAN_POINT('',(5.042555968499,0.962394421799));
#5921 = CARTESIAN_POINT('',(5.036444447455,0.952990081687));
#5922 = CARTESIAN_POINT('',(5.029169529259,0.943583181898));
#5923 = CARTESIAN_POINT('',(5.018176966686,0.929293113677));
#5924 = CARTESIAN_POINT('',(5.014432279934,0.924411557204));
#5925 = CARTESIAN_POINT('',(5.010865229717,0.919529583309));
#5926 = CARTESIAN_POINT('',(5.007588179515,0.91464731388));
#5927 = CARTESIAN_POINT('',(5.004668145798,0.909764869901));
#5928 = CARTESIAN_POINT('',(5.002136721582,0.904882381581));
#5929 = CARTESIAN_POINT('',(5.,0.89999999848));
#5930 = ( GEOMETRIC_REPRESENTATION_CONTEXT(2) 
PARAMETRIC_REPRESENTATION_CONTEXT() REPRESENTATION_CONTEXT('2D SPACE',''
  ) );
#5931 = ORIENTED_EDGE('',*,*,#5932,.F.);
#5932 = EDGE_CURVE('',#5933,#5854,#5935,.T.);
#5933 = VERTEX_POINT('',#5934);
#5934 = CARTESIAN_POINT('',(-4.496197243848,13.837872319992,
    2.32631407248));
#5935 = SURFACE_CURVE('',#5936,(#5949,#5965),.PCURVE_S1.);
#5936 = B_SPLINE_CURVE_WITH_KNOTS('',6,(#5937,#5938,#5939,#5940,#5941,
    #5942,#5943,#5944,#5945,#5946,#5947,#5948),.UNSPECIFIED.,.F.,.F.,(7,
    5,7),(0.,0.640133009902,1.),.UNSPECIFIED.);
#5937 = CARTESIAN_POINT('',(-4.496197243832,13.837872319998,
    2.32631407248));
#5938 = CARTESIAN_POINT('',(-5.423801077162,13.53647556605,
    2.337033569709));
#5939 = CARTESIAN_POINT('',(-6.327219161455,13.160442795681,
    2.347775375384));
#5940 = CARTESIAN_POINT('',(-7.198812024029,12.712237243897,
    2.358534013641));
#5941 = CARTESIAN_POINT('',(-8.031497986453,12.195326854428,
    2.369295747659));
#5942 = CARTESIAN_POINT('',(-8.818660808278,11.614000709867,
    2.380028364308));
#5943 = CARTESIAN_POINT('',(-9.967793870719,10.613492940324,
    2.396699094087));
#5944 = CARTESIAN_POINT('',(-10.36504987515,10.234739595356,
    2.402679264217));
#5945 = CARTESIAN_POINT('',(-10.74496411867,9.838208201036,
    2.408634945415));
#5946 = CARTESIAN_POINT('',(-11.10655165099,9.424896065406,
    2.414560921366));
#5947 = CARTESIAN_POINT('',(-11.44890554924,8.99587190698,2.420453871735
    ));
#5948 = CARTESIAN_POINT('',(-11.77119718652,8.552275533204,2.42631407075
    ));
#5949 = PCURVE('',#2455,#5950);
#5950 = DEFINITIONAL_REPRESENTATION('',(#5951),#5964);
#5951 = B_SPLINE_CURVE_WITH_KNOTS('',6,(#5952,#5953,#5954,#5955,#5956,
    #5957,#5958,#5959,#5960,#5961,#5962,#5963),.UNSPECIFIED.,.F.,.F.,(7,
    5,7),(0.,0.640133009902,1.),.UNSPECIFIED.);
#5952 = CARTESIAN_POINT('',(1.884955590396,2.12631407248));
#5953 = CARTESIAN_POINT('',(1.951989294125,2.137033569709));
#5954 = CARTESIAN_POINT('',(2.019027202538,2.147775375384));
#5955 = CARTESIAN_POINT('',(2.086060126573,2.158534013641));
#5956 = CARTESIAN_POINT('',(2.153093048793,2.169295747659));
#5957 = CARTESIAN_POINT('',(2.220130974421,2.180028364308));
#5958 = CARTESIAN_POINT('',(2.32484948676,2.196699094087));
#5959 = CARTESIAN_POINT('',(2.362534508709,2.202679264217));
#5960 = CARTESIAN_POINT('',(2.400219289234,2.208634945415));
#5961 = CARTESIAN_POINT('',(2.437904099867,2.214560921366));
#5962 = CARTESIAN_POINT('',(2.475589214608,2.220453871735));
#5963 = CARTESIAN_POINT('',(2.513274113327,2.22631407075));
#5964 = ( GEOMETRIC_REPRESENTATION_CONTEXT(2) 
PARAMETRIC_REPRESENTATION_CONTEXT() REPRESENTATION_CONTEXT('2D SPACE',''
  ) );
#5965 = PCURVE('',#2501,#5966);
#5966 = DEFINITIONAL_REPRESENTATION('',(#5967),#5980);
#5967 = B_SPLINE_CURVE_WITH_KNOTS('',6,(#5968,#5969,#5970,#5971,#5972,
    #5973,#5974,#5975,#5976,#5977,#5978,#5979),.UNSPECIFIED.,.F.,.F.,(7,
    5,7),(0.,0.640133009902,1.),.UNSPECIFIED.);
#5968 = CARTESIAN_POINT('',(5.,0.79999999972));
#5969 = CARTESIAN_POINT('',(4.999629569543,0.810664905913));
#5970 = CARTESIAN_POINT('',(4.99911001022,0.821330143123));
#5971 = CARTESIAN_POINT('',(4.998473278131,0.831994944922));
#5972 = CARTESIAN_POINT('',(4.997824436815,0.842661057917));
#5973 = CARTESIAN_POINT('',(4.997392322722,0.853329993077));
#5974 = CARTESIAN_POINT('',(4.997379389019,0.869998816867));
#5975 = CARTESIAN_POINT('',(4.997508744267,0.875998050372));
#5976 = CARTESIAN_POINT('',(4.997808267977,0.881997873021));
#5977 = CARTESIAN_POINT('',(4.998313099752,0.887998247093));
#5978 = CARTESIAN_POINT('',(4.999045001677,0.893999059376));
#5979 = CARTESIAN_POINT('',(5.,0.89999999848));
#5980 = ( GEOMETRIC_REPRESENTATION_CONTEXT(2) 
PARAMETRIC_REPRESENTATION_CONTEXT() REPRESENTATION_CONTEXT('2D SPACE',''
  ) );
#5981 = ORIENTED_EDGE('',*,*,#5982,.T.);
#5982 = EDGE_CURVE('',#5933,#5983,#5985,.T.);
#5983 = VERTEX_POINT('',#5984);
#5984 = CARTESIAN_POINT('',(4.496264669217,13.837850411981,
    2.226313297937));
#5985 = SURFACE_CURVE('',#5986,(#5999,#6015),.PCURVE_S1.);
#5986 = B_SPLINE_CURVE_WITH_KNOTS('',6,(#5987,#5988,#5989,#5990,#5991,
    #5992,#5993,#5994,#5995,#5996,#5997,#5998),.UNSPECIFIED.,.F.,.F.,(7,
    5,7),(0.,0.334852242145,1.),.UNSPECIFIED.);
#5987 = CARTESIAN_POINT('',(-4.496197243824,13.83787232,2.32631407248));
#5988 = CARTESIAN_POINT('',(-4.010966578648,13.995533319389,
    2.320735247436));
#5989 = CARTESIAN_POINT('',(-3.51909938498,14.132777187216,
    2.315156302653));
#5990 = CARTESIAN_POINT('',(-3.021674588737,14.249253591346,
    2.309577193143));
#5991 = CARTESIAN_POINT('',(-2.519787910202,14.344689636888,
    2.303997805745));
#5992 = CARTESIAN_POINT('',(-2.014551586669,14.418889964331,
    2.298418054795));
#5993 = CARTESIAN_POINT('',(-0.499084680057,14.576711464978,
    2.281753758438));
#5994 = CARTESIAN_POINT('',(0.517774580232,14.597440016921,
    2.270667318573));
#5995 = CARTESIAN_POINT('',(1.534515985802,14.532965456981,
    2.259580252343));
#5996 = CARTESIAN_POINT('',(2.542301159943,14.383672944664,
    2.248491935057));
#5997 = CARTESIAN_POINT('',(3.532406952396,14.151031959031,
    2.237402151985));
#5998 = CARTESIAN_POINT('',(4.4962646707,13.837850411499,2.22631329792)
  );
#5999 = PCURVE('',#2455,#6000);
#6000 = DEFINITIONAL_REPRESENTATION('',(#6001),#6014);
#6001 = B_SPLINE_CURVE_WITH_KNOTS('',6,(#6002,#6003,#6004,#6005,#6006,
    #6007,#6008,#6009,#6010,#6011,#6012,#6013),.UNSPECIFIED.,.F.,.F.,(7,
    5,7),(0.,0.334852242145,1.),.UNSPECIFIED.);
#6002 = CARTESIAN_POINT('',(1.884955590396,2.12631407248));
#6003 = CARTESIAN_POINT('',(1.849890180486,2.120735247436));
#6004 = CARTESIAN_POINT('',(1.814824600107,2.115156302653));
#6005 = CARTESIAN_POINT('',(1.779759206346,2.109577193143));
#6006 = CARTESIAN_POINT('',(1.744693806096,2.103997805745));
#6007 = CARTESIAN_POINT('',(1.709628211263,2.098418054795));
#6008 = CARTESIAN_POINT('',(1.604909135553,2.081753758438));
#6009 = CARTESIAN_POINT('',(1.535250307599,2.070667318573));
#6010 = CARTESIAN_POINT('',(1.465597489508,2.059580252343));
#6011 = CARTESIAN_POINT('',(1.395944696872,2.048491935057));
#6012 = CARTESIAN_POINT('',(1.326285907691,2.037402151985));
#6013 = CARTESIAN_POINT('',(1.256632190557,2.02631329792));
#6014 = ( GEOMETRIC_REPRESENTATION_CONTEXT(2) 
PARAMETRIC_REPRESENTATION_CONTEXT() REPRESENTATION_CONTEXT('2D SPACE',''
  ) );
#6015 = PCURVE('',#6016,#6039);
#6016 = ( BOUNDED_SURFACE() B_SPLINE_SURFACE(1,6,(
    (#6017,#6018,#6019,#6020,#6021,#6022,#6023,#6024,#6025,#6026,#6027)
    ,(#6028,#6029,#6030,#6031,#6032,#6033,#6034,#6035,#6036,#6037,#6038
)),.UNSPECIFIED.,.F.,.F.,.F.) B_SPLINE_SURFACE_WITH_KNOTS((2,2),(7,4,7),
(5.,6.),(0.,0.5,1.),.UNSPECIFIED.) GEOMETRIC_REPRESENTATION_ITEM() 
RATIONAL_B_SPLINE_SURFACE((
    (1.,1.,1.,1.,1.,1.,1.,1.,1.,1.,1.)
,(1.,1.,1.,1.,1.,1.,1.,1.,1.,1.,1.
  ))) REPRESENTATION_ITEM('') SURFACE() );
#6017 = CARTESIAN_POINT('',(-14.55000000002,-5.932152530007E-15,
    1.526314072081));
#6018 = CARTESIAN_POINT('',(-14.49862059533,-7.61661457468,
    1.609647405418));
#6019 = CARTESIAN_POINT('',(-9.914250316764,-15.23322914935,
    1.692980739052));
#6020 = CARTESIAN_POINT('',(8.638162411536E-02,-19.13941392426,
    1.776314073072));
#6021 = CARTESIAN_POINT('',(9.782376511332,-15.23322914934,
    1.859647407059));
#6022 = CARTESIAN_POINT('',(19.31762348858,2.553284226016E-11,
    2.026314074365));
#6023 = CARTESIAN_POINT('',(9.782376511286,15.233229149378,
    2.192980740385));
#6024 = CARTESIAN_POINT('',(8.638162405259E-02,19.139413924289,
    2.276314073065));
#6025 = CARTESIAN_POINT('',(-9.914250316832,15.233229149362,
    2.359647405736));
#6026 = CARTESIAN_POINT('',(-14.49862059539,7.61661457468,2.442980738751
    ));
#6027 = CARTESIAN_POINT('',(-14.55000000008,5.802122233017E-16,
    2.526314072081));
#6028 = CARTESIAN_POINT('',(-14.75000000002,-1.62724310668E-13,
    1.526314072068));
#6029 = CARTESIAN_POINT('',(-14.69791434926,-7.721310307681,
    1.609647405405));
#6030 = CARTESIAN_POINT('',(-10.05052867151,-15.44262061535,
    1.692980739043));
#6031 = CARTESIAN_POINT('',(8.75690003083E-02,-19.40249865169,
    1.776314073072));
#6032 = CARTESIAN_POINT('',(9.916842167853,-15.44262061534,
    1.859647407068));
#6033 = CARTESIAN_POINT('',(19.583157832059,2.515379104607E-11,
    2.026314074382));
#6034 = CARTESIAN_POINT('',(9.916842167807,15.442620615379,
    2.192980740394));
#6035 = CARTESIAN_POINT('',(8.756900024512E-02,19.402498651718,
    2.276314073065));
#6036 = CARTESIAN_POINT('',(-10.05052867158,15.442620615363,
    2.359647405726));
#6037 = CARTESIAN_POINT('',(-14.69791434933,7.72131030768,2.442980738738
    ));
#6038 = CARTESIAN_POINT('',(-14.75000000008,-1.580819868183E-13,
    2.526314072068));
#6039 = DEFINITIONAL_REPRESENTATION('',(#6040),#6053);
#6040 = B_SPLINE_CURVE_WITH_KNOTS('',6,(#6041,#6042,#6043,#6044,#6045,
    #6046,#6047,#6048,#6049,#6050,#6051,#6052),.UNSPECIFIED.,.F.,.F.,(7,
    5,7),(0.,0.334852242145,1.),.UNSPECIFIED.);
#6041 = CARTESIAN_POINT('',(5.,0.79999999972));
#6042 = CARTESIAN_POINT('',(5.000532874681,0.794421174643));
#6043 = CARTESIAN_POINT('',(5.000953711475,0.788842229827));
#6044 = CARTESIAN_POINT('',(5.001250103876,0.783263120284));
#6045 = CARTESIAN_POINT('',(5.001426462466,0.777683732852));
#6046 = CARTESIAN_POINT('',(5.001498513224,0.772103981868));
#6047 = CARTESIAN_POINT('',(5.001466506918,0.755439685409));
#6048 = CARTESIAN_POINT('',(5.001118802946,0.744353245476));
#6049 = CARTESIAN_POINT('',(5.00060986802,0.733266179178));
#6050 = CARTESIAN_POINT('',(5.000199845823,0.722177861824));
#6051 = CARTESIAN_POINT('',(5.000002813088,0.711088078686));
#6052 = CARTESIAN_POINT('',(5.,0.699999224556));
#6053 = ( GEOMETRIC_REPRESENTATION_CONTEXT(2) 
PARAMETRIC_REPRESENTATION_CONTEXT() REPRESENTATION_CONTEXT('2D SPACE',''
  ) );
#6054 = ORIENTED_EDGE('',*,*,#6055,.F.);
#6055 = EDGE_CURVE('',#6056,#5983,#6058,.T.);
#6056 = VERTEX_POINT('',#6057);
#6057 = CARTESIAN_POINT('',(4.529739401971,13.826928832905,
    2.225928030778));
#6058 = SURFACE_CURVE('',#6059,(#6071,#6081),.PCURVE_S1.);
#6059 = ( BOUNDED_CURVE() B_SPLINE_CURVE(6,(#6060,#6061,#6062,#6063,
    #6064,#6065,#6066,#6067,#6068,#6069,#6070),.UNSPECIFIED.,.F.,.F.) 
B_SPLINE_CURVE_WITH_KNOTS((7,4,7),(0.,0.5,1.),.UNSPECIFIED.) CURVE() 
GEOMETRIC_REPRESENTATION_ITEM() RATIONAL_B_SPLINE_CURVE((1.,1.,1.,1.,1.,
1.,1.,1.,1.,1.,1.)) REPRESENTATION_ITEM('') );
#6060 = CARTESIAN_POINT('',(-14.55000000002,-5.932152530007E-15,
    1.526314072081));
#6061 = CARTESIAN_POINT('',(-14.49862059533,-7.61661457468,
    1.609647405418));
#6062 = CARTESIAN_POINT('',(-9.914250316764,-15.23322914935,
    1.692980739052));
#6063 = CARTESIAN_POINT('',(8.638162411536E-02,-19.13941392426,
    1.776314073072));
#6064 = CARTESIAN_POINT('',(9.782376511332,-15.23322914934,
    1.859647407059));
#6065 = CARTESIAN_POINT('',(19.31762348858,2.553284226016E-11,
    2.026314074365));
#6066 = CARTESIAN_POINT('',(9.782376511286,15.233229149378,
    2.192980740385));
#6067 = CARTESIAN_POINT('',(8.638162405259E-02,19.139413924289,
    2.276314073065));
#6068 = CARTESIAN_POINT('',(-9.914250316832,15.233229149362,
    2.359647405736));
#6069 = CARTESIAN_POINT('',(-14.49862059539,7.61661457468,2.442980738751
    ));
#6070 = CARTESIAN_POINT('',(-14.55000000008,5.802122233017E-16,
    2.526314072081));
#6071 = PCURVE('',#2455,#6072);
#6072 = DEFINITIONAL_REPRESENTATION('',(#6073),#6080);
#6073 = B_SPLINE_CURVE_WITH_KNOTS('',5,(#6074,#6075,#6076,#6077,#6078,
    #6079),.UNSPECIFIED.,.F.,.F.,(6,6),(0.699613957412,0.699999224573),
  .PIECEWISE_BEZIER_KNOTS.);
#6074 = CARTESIAN_POINT('',(1.254212166552,2.025928030778));
#6075 = CARTESIAN_POINT('',(1.254696171458,2.02600508421));
#6076 = CARTESIAN_POINT('',(1.255180176321,2.026082137642));
#6077 = CARTESIAN_POINT('',(1.255664181142,2.026159191074));
#6078 = CARTESIAN_POINT('',(1.256148185922,2.026236244505));
#6079 = CARTESIAN_POINT('',(1.256632190664,2.026313297937));
#6080 = ( GEOMETRIC_REPRESENTATION_CONTEXT(2) 
PARAMETRIC_REPRESENTATION_CONTEXT() REPRESENTATION_CONTEXT('2D SPACE',''
  ) );
#6081 = PCURVE('',#2501,#6082);
#6082 = DEFINITIONAL_REPRESENTATION('',(#6083),#6087);
#6083 = LINE('',#6084,#6085);
#6084 = CARTESIAN_POINT('',(5.,0.));
#6085 = VECTOR('',#6086,1.);
#6086 = DIRECTION('',(0.,1.));
#6087 = ( GEOMETRIC_REPRESENTATION_CONTEXT(2) 
PARAMETRIC_REPRESENTATION_CONTEXT() REPRESENTATION_CONTEXT('2D SPACE',''
  ) );
#6088 = ORIENTED_EDGE('',*,*,#6089,.F.);
#6089 = EDGE_CURVE('',#6090,#6056,#6092,.T.);
#6090 = VERTEX_POINT('',#6091);
#6091 = CARTESIAN_POINT('',(11.771198368843,8.552273905889,
    2.126314053375));
#6092 = SURFACE_CURVE('',#6093,(#6106,#6122),.PCURVE_S1.);
#6093 = B_SPLINE_CURVE_WITH_KNOTS('',6,(#6094,#6095,#6096,#6097,#6098,
    #6099,#6100,#6101,#6102,#6103,#6104,#6105),.UNSPECIFIED.,.F.,.F.,(7,
    5,7),(0.,0.363321000408,1.),.UNSPECIFIED.);
#6094 = CARTESIAN_POINT('',(11.771198368854,8.552273905873,
    2.126314053375));
#6095 = CARTESIAN_POINT('',(11.447070490235,8.99839777867,2.132344400123
    ));
#6096 = CARTESIAN_POINT('',(11.102650851848,9.429783222801,
    2.138374773583));
#6097 = CARTESIAN_POINT('',(10.73878226143,9.84527082883,2.144405193342)
  );
#6098 = CARTESIAN_POINT('',(10.356387609988,10.243773887673,
    2.150435806114));
#6099 = CARTESIAN_POINT('',(9.956469561505,10.624278766044,
    2.156466738886));
#6100 = CARTESIAN_POINT('',(8.810487583061,11.619449745599,
    2.173066971689));
#6101 = CARTESIAN_POINT('',(8.030322648491,12.194944291443,
    2.183637626284));
#6102 = CARTESIAN_POINT('',(7.205496964085,12.707198318919,
    2.194208764849));
#6103 = CARTESIAN_POINT('',(6.342445594094,13.152039003608,
    2.204781072042));
#6104 = CARTESIAN_POINT('',(5.448052641757,13.526086923912,2.21535480902
    ));
#6105 = CARTESIAN_POINT('',(4.529739401971,13.826928832905,
    2.225928030778));
#6106 = PCURVE('',#2455,#6107);
#6107 = DEFINITIONAL_REPRESENTATION('',(#6108),#6121);
#6108 = B_SPLINE_CURVE_WITH_KNOTS('',6,(#6109,#6110,#6111,#6112,#6113,
    #6114,#6115,#6116,#6117,#6118,#6119,#6120),.UNSPECIFIED.,.F.,.F.,(7,
    5,7),(0.,0.363321000408,1.),.UNSPECIFIED.);
#6109 = CARTESIAN_POINT('',(0.628318402015,1.926314053375));
#6110 = CARTESIAN_POINT('',(0.666218015871,1.932344400123));
#6111 = CARTESIAN_POINT('',(0.70411787486,1.938374773583));
#6112 = CARTESIAN_POINT('',(0.742017451984,1.944405193342));
#6113 = CARTESIAN_POINT('',(0.779917032576,1.950435806114));
#6114 = CARTESIAN_POINT('',(0.817816898952,1.956466738886));
#6115 = CARTESIAN_POINT('',(0.922131309818,1.973066971689));
#6116 = CARTESIAN_POINT('',(0.988550196789,1.983637626284));
#6117 = CARTESIAN_POINT('',(1.054964343162,1.994208764849));
#6118 = CARTESIAN_POINT('',(1.121378466837,2.004781072042));
#6119 = CARTESIAN_POINT('',(1.187797328457,2.01535480902));
#6120 = CARTESIAN_POINT('',(1.254212166552,2.025928030778));
#6121 = ( GEOMETRIC_REPRESENTATION_CONTEXT(2) 
PARAMETRIC_REPRESENTATION_CONTEXT() REPRESENTATION_CONTEXT('2D SPACE',''
  ) );
#6122 = PCURVE('',#6123,#6146);
#6123 = ( BOUNDED_SURFACE() B_SPLINE_SURFACE(1,6,(
    (#6124,#6125,#6126,#6127,#6128,#6129,#6130,#6131,#6132,#6133,#6134)
    ,(#6135,#6136,#6137,#6138,#6139,#6140,#6141,#6142,#6143,#6144,#6145
)),.UNSPECIFIED.,.F.,.F.,.F.) B_SPLINE_SURFACE_WITH_KNOTS((2,2),(7,4,7),
(5.,6.),(0.,0.5,1.),.UNSPECIFIED.) GEOMETRIC_REPRESENTATION_ITEM() 
RATIONAL_B_SPLINE_SURFACE((
    (1.,1.,1.,1.,1.,1.,1.,1.,1.,1.,1.)
,(1.,1.,1.,1.,1.,1.,1.,1.,1.,1.,1.
  ))) REPRESENTATION_ITEM('') SURFACE() );
#6124 = CARTESIAN_POINT('',(-14.55000000002,-5.932152530007E-15,
    1.526314072081));
#6125 = CARTESIAN_POINT('',(-14.49862059533,-7.61661457468,
    1.609647405418));
#6126 = CARTESIAN_POINT('',(-9.914250316764,-15.23322914935,
    1.692980739052));
#6127 = CARTESIAN_POINT('',(8.638162411536E-02,-19.13941392426,
    1.776314073072));
#6128 = CARTESIAN_POINT('',(9.782376511332,-15.23322914934,
    1.859647407059));
#6129 = CARTESIAN_POINT('',(19.31762348858,2.553284226016E-11,
    2.026314074365));
#6130 = CARTESIAN_POINT('',(9.782376511286,15.233229149378,
    2.192980740385));
#6131 = CARTESIAN_POINT('',(8.638162405259E-02,19.139413924289,
    2.276314073065));
#6132 = CARTESIAN_POINT('',(-9.914250316832,15.233229149362,
    2.359647405736));
#6133 = CARTESIAN_POINT('',(-14.49862059539,7.61661457468,2.442980738751
    ));
#6134 = CARTESIAN_POINT('',(-14.55000000008,5.802122233017E-16,
    2.526314072081));
#6135 = CARTESIAN_POINT('',(-14.75000000002,-1.62724310668E-13,
    1.526314072068));
#6136 = CARTESIAN_POINT('',(-14.69791434926,-7.721310307681,
    1.609647405405));
#6137 = CARTESIAN_POINT('',(-10.05052867151,-15.44262061535,
    1.692980739043));
#6138 = CARTESIAN_POINT('',(8.75690003083E-02,-19.40249865169,
    1.776314073072));
#6139 = CARTESIAN_POINT('',(9.916842167853,-15.44262061534,
    1.859647407068));
#6140 = CARTESIAN_POINT('',(19.583157832059,2.515379104607E-11,
    2.026314074382));
#6141 = CARTESIAN_POINT('',(9.916842167807,15.442620615379,
    2.192980740394));
#6142 = CARTESIAN_POINT('',(8.756900024512E-02,19.402498651718,
    2.276314073065));
#6143 = CARTESIAN_POINT('',(-10.05052867158,15.442620615363,
    2.359647405726));
#6144 = CARTESIAN_POINT('',(-14.69791434933,7.72131030768,2.442980738738
    ));
#6145 = CARTESIAN_POINT('',(-14.75000000008,-1.580819868183E-13,
    2.526314072068));
#6146 = DEFINITIONAL_REPRESENTATION('',(#6147),#6160);
#6147 = B_SPLINE_CURVE_WITH_KNOTS('',6,(#6148,#6149,#6150,#6151,#6152,
    #6153,#6154,#6155,#6156,#6157,#6158,#6159),.UNSPECIFIED.,.F.,.F.,(7,
    5,7),(0.,0.363321000408,1.),.UNSPECIFIED.);
#6148 = CARTESIAN_POINT('',(5.,0.599999979521));
#6149 = CARTESIAN_POINT('',(5.000368832122,0.606030326291));
#6150 = CARTESIAN_POINT('',(5.000686499675,0.612060699774));
#6151 = CARTESIAN_POINT('',(5.000925968786,0.618091119558));
#6152 = CARTESIAN_POINT('',(5.001076475149,0.624121732355));
#6153 = CARTESIAN_POINT('',(5.00114120514,0.630152665155));
#6154 = CARTESIAN_POINT('',(5.001124062743,0.646752898035));
#6155 = CARTESIAN_POINT('',(5.000895175919,0.657323552682));
#6156 = CARTESIAN_POINT('',(5.000521785619,0.667894691303));
#6157 = CARTESIAN_POINT('',(5.000181434901,0.678466998554));
#6158 = CARTESIAN_POINT('',(5.000002680334,0.689040735592));
#6159 = CARTESIAN_POINT('',(5.,0.699613957412));
#6160 = ( GEOMETRIC_REPRESENTATION_CONTEXT(2) 
PARAMETRIC_REPRESENTATION_CONTEXT() REPRESENTATION_CONTEXT('2D SPACE',''
  ) );
#6161 = ORIENTED_EDGE('',*,*,#6162,.F.);
#6162 = EDGE_CURVE('',#2440,#6090,#6163,.T.);
#6163 = SURFACE_CURVE('',#6164,(#6182,#6203),.PCURVE_S1.);
#6164 = B_SPLINE_CURVE_WITH_KNOTS('',6,(#6165,#6166,#6167,#6168,#6169,
    #6170,#6171,#6172,#6173,#6174,#6175,#6176,#6177,#6178,#6179,#6180,
    #6181),.UNSPECIFIED.,.F.,.F.,(7,5,5,7),(0.,0.186748546974,
    0.49673718135,1.),.UNSPECIFIED.);
#6165 = CARTESIAN_POINT('',(14.549999984264,6.767007362068E-04,
    2.026321477822));
#6166 = CARTESIAN_POINT('',(14.549986751564,0.285198005935,
    2.029434436229));
#6167 = CARTESIAN_POINT('',(14.54329702813,0.569719101488,2.032553709161
    ));
#6168 = CARTESIAN_POINT('',(14.529930840411,0.854043816413,
    2.035677093925));
#6169 = CARTESIAN_POINT('',(14.509895857959,1.137976469272,
    2.038802806933));
#6170 = CARTESIAN_POINT('',(14.483207393437,1.421321868165,
    2.041929483693));
#6171 = CARTESIAN_POINT('',(14.394581367386,2.172919512635,
    2.050246259107));
#6172 = CARTESIAN_POINT('',(14.321004596478,2.639801066248,
    2.055436362143));
#6173 = CARTESIAN_POINT('',(14.22926352747,3.103637029018,2.06062192851)
  );
#6174 = CARTESIAN_POINT('',(14.119520472998,3.563546621026,
    2.065801001648));
#6175 = CARTESIAN_POINT('',(13.991994600143,4.018661417769,
    2.070973309539));
#6176 = CARTESIAN_POINT('',(13.611503081908,5.197825142995,
    2.084526345069));
#6177 = CARTESIAN_POINT('',(13.329894366236,5.912653354071,2.09289707838
    ));
#6178 = CARTESIAN_POINT('',(13.003321201231,6.608921857931,
    2.101253476107));
#6179 = CARTESIAN_POINT('',(12.633349643436,7.283133338642,
    2.109604326078));
#6180 = CARTESIAN_POINT('',(12.221881756054,7.931961271987,
    2.117956645003));
#6181 = CARTESIAN_POINT('',(11.771198368854,8.552273905874,
    2.126314053375));
#6182 = PCURVE('',#2455,#6183);
#6183 = DEFINITIONAL_REPRESENTATION('',(#6184),#6202);
#6184 = B_SPLINE_CURVE_WITH_KNOTS('',6,(#6185,#6186,#6187,#6188,#6189,
    #6190,#6191,#6192,#6193,#6194,#6195,#6196,#6197,#6198,#6199,#6200,
    #6201),.UNSPECIFIED.,.F.,.F.,(7,5,5,7),(0.,0.186748546974,
    0.49673718135,1.),.UNSPECIFIED.);
#6185 = CARTESIAN_POINT('',(4.650864168047E-05,1.826321477822));
#6186 = CARTESIAN_POINT('',(1.96012375425E-02,1.829434436229));
#6187 = CARTESIAN_POINT('',(3.915596721222E-02,1.832553709161));
#6188 = CARTESIAN_POINT('',(5.871069308091E-02,1.835677093925));
#6189 = CARTESIAN_POINT('',(7.826541332611E-02,1.838802806933));
#6190 = CARTESIAN_POINT('',(9.782012887282E-02,1.841929483693));
#6191 = CARTESIAN_POINT('',(0.149834208396,1.850246259107));
#6192 = CARTESIAN_POINT('',(0.182293687085,1.855436362143));
#6193 = CARTESIAN_POINT('',(0.214753040793,1.86062192851));
#6194 = CARTESIAN_POINT('',(0.247212405129,1.865801001648));
#6195 = CARTESIAN_POINT('',(0.279671912791,1.870973309539));
#6196 = CARTESIAN_POINT('',(0.364828767623,1.884526345069));
#6197 = CARTESIAN_POINT('',(0.417527533363,1.89289707838));
#6198 = CARTESIAN_POINT('',(0.470224819277,1.901253476107));
#6199 = CARTESIAN_POINT('',(0.522922114434,1.909604326078));
#6200 = CARTESIAN_POINT('',(0.575620909844,1.917956645003));
#6201 = CARTESIAN_POINT('',(0.628318402016,1.926314053375));
#6202 = ( GEOMETRIC_REPRESENTATION_CONTEXT(2) 
PARAMETRIC_REPRESENTATION_CONTEXT() REPRESENTATION_CONTEXT('2D SPACE',''
  ) );
#6203 = PCURVE('',#2501,#6204);
#6204 = DEFINITIONAL_REPRESENTATION('',(#6205),#6223);
#6205 = B_SPLINE_CURVE_WITH_KNOTS('',6,(#6206,#6207,#6208,#6209,#6210,
    #6211,#6212,#6213,#6214,#6215,#6216,#6217,#6218,#6219,#6220,#6221,
    #6222),.UNSPECIFIED.,.F.,.F.,(7,5,5,7),(0.,0.186748546974,
    0.49673718135,1.),.UNSPECIFIED.);
#6206 = CARTESIAN_POINT('',(5.,0.500007403778));
#6207 = CARTESIAN_POINT('',(4.999999914846,0.503120349636));
#6208 = CARTESIAN_POINT('',(4.999956987114,0.506233296221));
#6209 = CARTESIAN_POINT('',(4.999886120025,0.509346237158));
#6210 = CARTESIAN_POINT('',(4.999799357646,0.512459163816));
#6211 = CARTESIAN_POINT('',(4.999705884878,0.515572065305));
#6212 = CARTESIAN_POINT('',(4.999456231178,0.523852048745));
#6213 = CARTESIAN_POINT('',(4.999299703021,0.529019083911));
#6214 = CARTESIAN_POINT('',(4.99917273448,0.534185938669));
#6215 = CARTESIAN_POINT('',(4.999088391666,0.53935258204));
#6216 = CARTESIAN_POINT('',(4.999048420815,0.544518999354));
#6217 = CARTESIAN_POINT('',(4.999050343727,0.558072318293));
#6218 = CARTESIAN_POINT('',(4.999158742225,0.566459026533));
#6219 = CARTESIAN_POINT('',(4.999357966677,0.574844784399));
#6220 = CARTESIAN_POINT('',(4.999590921202,0.583229965382));
#6221 = CARTESIAN_POINT('',(4.999813511865,0.591615087978));
#6222 = CARTESIAN_POINT('',(5.,0.599999979521));
#6223 = ( GEOMETRIC_REPRESENTATION_CONTEXT(2) 
PARAMETRIC_REPRESENTATION_CONTEXT() REPRESENTATION_CONTEXT('2D SPACE',''
  ) );
#6224 = ORIENTED_EDGE('',*,*,#2437,.F.);
#6225 = ORIENTED_EDGE('',*,*,#6226,.F.);
#6226 = EDGE_CURVE('',#6227,#2438,#6229,.T.);
#6227 = VERTEX_POINT('',#6228);
#6228 = CARTESIAN_POINT('',(11.771198253787,8.55227406425,1.473686110466
    ));
#6229 = SURFACE_CURVE('',#6230,(#6243,#6259),.PCURVE_S1.);
#6230 = B_SPLINE_CURVE_WITH_KNOTS('',6,(#6231,#6232,#6233,#6234,#6235,
    #6236,#6237,#6238,#6239,#6240,#6241,#6242),.UNSPECIFIED.,.F.,.F.,(7,
    5,7),(0.,0.500104345216,1.),.UNSPECIFIED.);
#6231 = CARTESIAN_POINT('',(11.771198253791,8.552274064244,
    1.473686110466));
#6232 = CARTESIAN_POINT('',(12.219063113929,7.935840818539,
    1.465326346071));
#6233 = CARTESIAN_POINT('',(12.628201029759,7.291248390742,
    1.456961107053));
#6234 = CARTESIAN_POINT('',(12.996374291985,6.621569591962,
    1.448594276528));
#6235 = CARTESIAN_POINT('',(13.321714105286,5.930067311854,
    1.440231706301));
#6236 = CARTESIAN_POINT('',(13.602679327193,5.220171339217,
    1.431881260177));
#6237 = CARTESIAN_POINT('',(14.07342126172,3.771127582156,1.415213984637
    ));
#6238 = CARTESIAN_POINT('',(14.26324737538,3.031957051667,1.406896747165
    ));
#6239 = CARTESIAN_POINT('',(14.406400426754,2.281596505769,
    1.398597064116));
#6240 = CARTESIAN_POINT('',(14.502112257751,1.523722461083,
    1.390311761938));
#6241 = CARTESIAN_POINT('',(14.54997738069,0.762068575702,1.382023895067
    ));
#6242 = CARTESIAN_POINT('',(14.549999993587,4.319877124927E-04,
    1.373690855274));
#6243 = PCURVE('',#2455,#6244);
#6244 = DEFINITIONAL_REPRESENTATION('',(#6245),#6258);
#6245 = B_SPLINE_CURVE_WITH_KNOTS('',6,(#6246,#6247,#6248,#6249,#6250,
    #6251,#6252,#6253,#6254,#6255,#6256,#6257),.UNSPECIFIED.,.F.,.F.,(7,
    5,7),(0.,0.500104345216,1.),.UNSPECIFIED.);
#6246 = CARTESIAN_POINT('',(0.62831841547,1.273686110466));
#6247 = CARTESIAN_POINT('',(0.575950488907,1.265326346071));
#6248 = CARTESIAN_POINT('',(0.523581323399,1.256961107053));
#6249 = CARTESIAN_POINT('',(0.471213616664,1.248594276528));
#6250 = CARTESIAN_POINT('',(0.4188459032,1.240231706301));
#6251 = CARTESIAN_POINT('',(0.366476714718,1.231881260177));
#6252 = CARTESIAN_POINT('',(0.261762641369,1.215213984637));
#6253 = CARTESIAN_POINT('',(0.209415235629,1.206896747165));
#6254 = CARTESIAN_POINT('',(0.157069261208,1.198597064116));
#6255 = CARTESIAN_POINT('',(0.104723283364,1.190311761938));
#6256 = CARTESIAN_POINT('',(5.237584715038E-02,1.182023895067));
#6257 = CARTESIAN_POINT('',(2.968987715162E-05,1.173690855274));
#6258 = ( GEOMETRIC_REPRESENTATION_CONTEXT(2) 
PARAMETRIC_REPRESENTATION_CONTEXT() REPRESENTATION_CONTEXT('2D SPACE',''
  ) );
#6259 = PCURVE('',#3728,#6260);
#6260 = DEFINITIONAL_REPRESENTATION('',(#6261),#6274);
#6261 = B_SPLINE_CURVE_WITH_KNOTS('',6,(#6262,#6263,#6264,#6265,#6266,
    #6267,#6268,#6269,#6270,#6271,#6272,#6273),.UNSPECIFIED.,.F.,.F.,(7,
    5,7),(0.,0.500104345216,1.),.UNSPECIFIED.);
#6262 = CARTESIAN_POINT('',(2.,0.599999981662));
#6263 = CARTESIAN_POINT('',(2.000185321849,0.591667528514));
#6264 = CARTESIAN_POINT('',(2.000406295673,0.583334854848));
#6265 = CARTESIAN_POINT('',(2.000637664031,0.575002121542));
#6266 = CARTESIAN_POINT('',(2.000836265338,0.566668819586));
#6267 = CARTESIAN_POINT('',(2.00094623151,0.558334579394));
#6268 = CARTESIAN_POINT('',(2.000955244241,0.541668632062));
#6269 = CARTESIAN_POINT('',(2.000854336221,0.533336523562));
#6270 = CARTESIAN_POINT('',(2.000631572728,0.525004011393));
#6271 = CARTESIAN_POINT('',(2.000308197902,0.516671052799));
#6272 = CARTESIAN_POINT('',(2.000000145531,0.508337787615));
#6273 = CARTESIAN_POINT('',(2.,0.500004726375));
#6274 = ( GEOMETRIC_REPRESENTATION_CONTEXT(2) 
PARAMETRIC_REPRESENTATION_CONTEXT() REPRESENTATION_CONTEXT('2D SPACE',''
  ) );
#6275 = ORIENTED_EDGE('',*,*,#6276,.T.);
#6276 = EDGE_CURVE('',#6227,#6277,#6279,.T.);
#6277 = VERTEX_POINT('',#6278);
#6278 = CARTESIAN_POINT('',(4.529751622513,13.826924829417,
    1.573299945268));
#6279 = SURFACE_CURVE('',#6280,(#6293,#6309),.PCURVE_S1.);
#6280 = B_SPLINE_CURVE_WITH_KNOTS('',6,(#6281,#6282,#6283,#6284,#6285,
    #6286,#6287,#6288,#6289,#6290,#6291,#6292),.UNSPECIFIED.,.F.,.F.,(7,
    5,7),(0.,0.363321460658,1.),.UNSPECIFIED.);
#6281 = CARTESIAN_POINT('',(11.771198253799,8.552274064233,
    1.473686110466));
#6282 = CARTESIAN_POINT('',(11.447070423208,8.998397858303,
    1.479716456219));
#6283 = CARTESIAN_POINT('',(11.102650839815,9.429783228345,
    1.485746828686));
#6284 = CARTESIAN_POINT('',(10.738782310948,9.845270765518,
    1.491777247452));
#6285 = CARTESIAN_POINT('',(10.356387727153,10.243773761282,
    1.497807859231));
#6286 = CARTESIAN_POINT('',(9.9564697519,10.624278582846,1.503838791012)
  );
#6287 = CARTESIAN_POINT('',(8.810489440532,11.619448163868,
    1.520439000057));
#6288 = CARTESIAN_POINT('',(8.030326311661,12.194941612844,
    1.531009631875));
#6289 = CARTESIAN_POINT('',(7.205502611252,12.707194828577,
    1.541580747668));
#6290 = CARTESIAN_POINT('',(6.342453360441,13.15203501134,1.552153032086
    ));
#6291 = CARTESIAN_POINT('',(5.448062616102,13.526082757553,
    1.562726746282));
#6292 = CARTESIAN_POINT('',(4.529751622513,13.826924829417,
    1.573299945268));
#6293 = PCURVE('',#2455,#6294);
#6294 = DEFINITIONAL_REPRESENTATION('',(#6295),#6308);
#6295 = B_SPLINE_CURVE_WITH_KNOTS('',6,(#6296,#6297,#6298,#6299,#6300,
    #6301,#6302,#6303,#6304,#6305,#6306,#6307),.UNSPECIFIED.,.F.,.F.,(7,
    5,7),(0.,0.363321460658,1.),.UNSPECIFIED.);
#6296 = CARTESIAN_POINT('',(0.628318415469,1.273686110466));
#6297 = CARTESIAN_POINT('',(0.666218023007,1.279716456219));
#6298 = CARTESIAN_POINT('',(0.704117875678,1.285746828686));
#6299 = CARTESIAN_POINT('',(0.742017446484,1.291777247452));
#6300 = CARTESIAN_POINT('',(0.779917020759,1.297807859231));
#6301 = CARTESIAN_POINT('',(0.817816880816,1.303838791012));
#6302 = CARTESIAN_POINT('',(0.922131142149,1.320439000057));
#6303 = CARTESIAN_POINT('',(0.98854988586,1.331009631875));
#6304 = CARTESIAN_POINT('',(1.054963889025,1.341580747668));
#6305 = CARTESIAN_POINT('',(1.121377869493,1.352153032086));
#6306 = CARTESIAN_POINT('',(1.187796587856,1.362726746282));
#6307 = CARTESIAN_POINT('',(1.25421128273,1.373299945268));
#6308 = ( GEOMETRIC_REPRESENTATION_CONTEXT(2) 
PARAMETRIC_REPRESENTATION_CONTEXT() REPRESENTATION_CONTEXT('2D SPACE',''
  ) );
#6309 = PCURVE('',#6310,#6333);
#6310 = ( BOUNDED_SURFACE() B_SPLINE_SURFACE(1,6,(
    (#6311,#6312,#6313,#6314,#6315,#6316,#6317,#6318,#6319,#6320,#6321)
    ,(#6322,#6323,#6324,#6325,#6326,#6327,#6328,#6329,#6330,#6331,#6332
)),.UNSPECIFIED.,.F.,.F.,.F.) B_SPLINE_SURFACE_WITH_KNOTS((2,2),(7,4,7),
(1.,2.),(0.,0.5,1.),.UNSPECIFIED.) GEOMETRIC_REPRESENTATION_ITEM() 
RATIONAL_B_SPLINE_SURFACE((
    (1.,1.,1.,1.,1.,1.,1.,1.,1.,1.,1.)
,(1.,1.,1.,1.,1.,1.,1.,1.,1.,1.,1.
  ))) REPRESENTATION_ITEM('') SURFACE() );
#6311 = CARTESIAN_POINT('',(-14.75,-8.581692905569E-14,0.873686127912));
#6312 = CARTESIAN_POINT('',(-14.69791434925,-7.721310307681,
    0.957019461247));
#6313 = CARTESIAN_POINT('',(-10.05052867149,-15.44262061535,
    1.040352794728));
#6314 = CARTESIAN_POINT('',(8.756900032554E-02,-19.4024986517,
    1.123686128415));
#6315 = CARTESIAN_POINT('',(9.916842167874,-15.44262061535,1.20701946208
    ));
#6316 = CARTESIAN_POINT('',(19.583157832092,1.224842745388E-11,
    1.373686129069));
#6317 = CARTESIAN_POINT('',(9.916842167851,15.442620615369,
    1.540352795406));
#6318 = CARTESIAN_POINT('',(8.756900029388E-02,19.402498651712,
    1.623686128409));
#6319 = CARTESIAN_POINT('',(-10.05052867153,15.442620615361,
    1.707019461412));
#6320 = CARTESIAN_POINT('',(-14.69791434928,7.72131030768,1.79035279458)
  );
#6321 = CARTESIAN_POINT('',(-14.75000000004,-8.63088663145E-14,
    1.873686127912));
#6322 = CARTESIAN_POINT('',(-14.55,-4.635082714312E-15,0.873686127919));
#6323 = CARTESIAN_POINT('',(-14.49862059531,-7.61661457468,
    0.957019461254));
#6324 = CARTESIAN_POINT('',(-9.914250316748,-15.23322914935,
    1.040352794733));
#6325 = CARTESIAN_POINT('',(8.63816241327E-02,-19.13941392427,
    1.123686128415));
#6326 = CARTESIAN_POINT('',(9.782376511353,-15.23322914935,
    1.207019462076));
#6327 = CARTESIAN_POINT('',(19.317623488613,1.27278643405E-11,
    1.37368612906));
#6328 = CARTESIAN_POINT('',(9.782376511331,15.233229149369,
    1.540352795402));
#6329 = CARTESIAN_POINT('',(8.638162410125E-02,19.139413924283,
    1.623686128409));
#6330 = CARTESIAN_POINT('',(-9.914250316782,15.23322914936,
    1.707019461417));
#6331 = CARTESIAN_POINT('',(-14.49862059534,7.61661457468,1.790352794587
    ));
#6332 = CARTESIAN_POINT('',(-14.55000000004,-3.256979069459E-15,
    1.873686127919));
#6333 = DEFINITIONAL_REPRESENTATION('',(#6334),#6347);
#6334 = B_SPLINE_CURVE_WITH_KNOTS('',6,(#6335,#6336,#6337,#6338,#6339,
    #6340,#6341,#6342,#6343,#6344,#6345,#6346),.UNSPECIFIED.,.F.,.F.,(7,
    5,7),(0.,0.363321460658,1.),.UNSPECIFIED.);
#6335 = CARTESIAN_POINT('',(2.,0.599999981662));
#6336 = CARTESIAN_POINT('',(1.999631167951,0.606030327426));
#6337 = CARTESIAN_POINT('',(1.99931350046,0.612060699904));
#6338 = CARTESIAN_POINT('',(1.999074031382,0.618091118683));
#6339 = CARTESIAN_POINT('',(1.998923525022,0.624121730475));
#6340 = CARTESIAN_POINT('',(1.998858795003,0.630152662269));
#6341 = CARTESIAN_POINT('',(1.998875937255,0.646752871353));
#6342 = CARTESIAN_POINT('',(1.999104823061,0.657323503197));
#6343 = CARTESIAN_POINT('',(1.999478211896,0.667894619018));
#6344 = CARTESIAN_POINT('',(1.999818562127,0.678466903465));
#6345 = CARTESIAN_POINT('',(1.999997317728,0.689040617691));
#6346 = CARTESIAN_POINT('',(2.,0.699613816708));
#6347 = ( GEOMETRIC_REPRESENTATION_CONTEXT(2) 
PARAMETRIC_REPRESENTATION_CONTEXT() REPRESENTATION_CONTEXT('2D SPACE',''
  ) );
#6348 = ORIENTED_EDGE('',*,*,#6349,.T.);
#6349 = EDGE_CURVE('',#6277,#6350,#6352,.T.);
#6350 = VERTEX_POINT('',#6351);
#6351 = CARTESIAN_POINT('',(4.496256537847,13.837853054066,
    1.573685446682));
#6352 = SURFACE_CURVE('',#6353,(#6365,#6375),.PCURVE_S1.);
#6353 = ( BOUNDED_CURVE() B_SPLINE_CURVE(6,(#6354,#6355,#6356,#6357,
    #6358,#6359,#6360,#6361,#6362,#6363,#6364),.UNSPECIFIED.,.F.,.F.) 
B_SPLINE_CURVE_WITH_KNOTS((7,4,7),(0.,0.5,1.),.UNSPECIFIED.) CURVE() 
GEOMETRIC_REPRESENTATION_ITEM() RATIONAL_B_SPLINE_CURVE((1.,1.,1.,1.,1.,
1.,1.,1.,1.,1.,1.)) REPRESENTATION_ITEM('') );
#6354 = CARTESIAN_POINT('',(-14.55,-4.635082714312E-15,0.873686127919));
#6355 = CARTESIAN_POINT('',(-14.49862059531,-7.61661457468,
    0.957019461254));
#6356 = CARTESIAN_POINT('',(-9.914250316748,-15.23322914935,
    1.040352794733));
#6357 = CARTESIAN_POINT('',(8.63816241327E-02,-19.13941392427,
    1.123686128415));
#6358 = CARTESIAN_POINT('',(9.782376511353,-15.23322914935,
    1.207019462076));
#6359 = CARTESIAN_POINT('',(19.317623488613,1.27278643405E-11,
    1.37368612906));
#6360 = CARTESIAN_POINT('',(9.782376511331,15.233229149369,
    1.540352795402));
#6361 = CARTESIAN_POINT('',(8.638162410125E-02,19.139413924283,
    1.623686128409));
#6362 = CARTESIAN_POINT('',(-9.914250316782,15.23322914936,
    1.707019461417));
#6363 = CARTESIAN_POINT('',(-14.49862059534,7.61661457468,1.790352794587
    ));
#6364 = CARTESIAN_POINT('',(-14.55000000004,-3.256979069459E-15,
    1.873686127919));
#6365 = PCURVE('',#2455,#6366);
#6366 = DEFINITIONAL_REPRESENTATION('',(#6367),#6374);
#6367 = B_SPLINE_CURVE_WITH_KNOTS('',5,(#6368,#6369,#6370,#6371,#6372,
    #6373),.UNSPECIFIED.,.F.,.F.,(6,6),(0.699613816708,0.699999318122),
  .PIECEWISE_BEZIER_KNOTS.);
#6368 = CARTESIAN_POINT('',(1.25421128273,1.373299945268));
#6369 = CARTESIAN_POINT('',(1.254695581924,1.373377045551));
#6370 = CARTESIAN_POINT('',(1.255179881075,1.373454145834));
#6371 = CARTESIAN_POINT('',(1.255664180184,1.373531246116));
#6372 = CARTESIAN_POINT('',(1.256148479253,1.373608346399));
#6373 = CARTESIAN_POINT('',(1.256632778282,1.373685446682));
#6374 = ( GEOMETRIC_REPRESENTATION_CONTEXT(2) 
PARAMETRIC_REPRESENTATION_CONTEXT() REPRESENTATION_CONTEXT('2D SPACE',''
  ) );
#6375 = PCURVE('',#3728,#6376);
#6376 = DEFINITIONAL_REPRESENTATION('',(#6377),#6381);
#6377 = LINE('',#6378,#6379);
#6378 = CARTESIAN_POINT('',(2.,0.));
#6379 = VECTOR('',#6380,1.);
#6380 = DIRECTION('',(0.,1.));
#6381 = ( GEOMETRIC_REPRESENTATION_CONTEXT(2) 
PARAMETRIC_REPRESENTATION_CONTEXT() REPRESENTATION_CONTEXT('2D SPACE',''
  ) );
#6382 = ORIENTED_EDGE('',*,*,#6383,.T.);
#6383 = EDGE_CURVE('',#6350,#6384,#6386,.T.);
#6384 = VERTEX_POINT('',#6385);
#6385 = CARTESIAN_POINT('',(-4.496197366046,13.837872280297,
    1.673686129384));
#6386 = SURFACE_CURVE('',#6387,(#6400,#6416),.PCURVE_S1.);
#6387 = B_SPLINE_CURVE_WITH_KNOTS('',6,(#6388,#6389,#6390,#6391,#6392,
    #6393,#6394,#6395,#6396,#6397,#6398,#6399),.UNSPECIFIED.,.F.,.F.,(7,
    5,7),(0.,0.668606506781,1.),.UNSPECIFIED.);
#6388 = CARTESIAN_POINT('',(4.496252607515,13.837854331124,
    1.573685491899));
#6389 = CARTESIAN_POINT('',(3.527385112334,14.152662747032,
    1.584831978614));
#6390 = CARTESIAN_POINT('',(2.531994028811,14.386091867743,
    1.595979427172));
#6391 = CARTESIAN_POINT('',(1.51878474807,14.535288305748,1.607125376711
    ));
#6392 = CARTESIAN_POINT('',(0.496618892883,14.598767164578,
    1.618270049915));
#6393 = CARTESIAN_POINT('',(-0.525526466164,14.576149385867,
    1.629414098711));
#6394 = CARTESIAN_POINT('',(-2.040644406576,14.415034713356,
    1.646078314451));
#6395 = CARTESIAN_POINT('',(-2.540523722718,14.340732606593,
    1.651600409281));
#6396 = CARTESIAN_POINT('',(-3.037088596289,14.245637206261,
    1.657122151793));
#6397 = CARTESIAN_POINT('',(-3.529261147525,14.129939424137,
    1.662643624674));
#6398 = CARTESIAN_POINT('',(-4.015979366055,13.993904569277,
    1.668164936248));
#6399 = CARTESIAN_POINT('',(-4.496197328267,13.837872292563,
    1.67368612895));
#6400 = PCURVE('',#2455,#6401);
#6401 = DEFINITIONAL_REPRESENTATION('',(#6402),#6415);
#6402 = B_SPLINE_CURVE_WITH_KNOTS('',6,(#6403,#6404,#6405,#6406,#6407,
    #6408,#6409,#6410,#6411,#6412,#6413,#6414),.UNSPECIFIED.,.F.,.F.,(7,
    5,7),(0.,0.668606506781,1.),.UNSPECIFIED.);
#6403 = CARTESIAN_POINT('',(1.25663306231,1.373685491899));
#6404 = CARTESIAN_POINT('',(1.32664879394,1.384831978614));
#6405 = CARTESIAN_POINT('',(1.396669796102,1.395979427172));
#6406 = CARTESIAN_POINT('',(1.46668464663,1.407125376711));
#6407 = CARTESIAN_POINT('',(1.53669949653,1.418270049915));
#6408 = CARTESIAN_POINT('',(1.606720503055,1.429414098711));
#6409 = CARTESIAN_POINT('',(1.711439415024,1.446078314451));
#6410 = CARTESIAN_POINT('',(1.746142758606,1.451600409281));
#6411 = CARTESIAN_POINT('',(1.780845924718,1.457122151793));
#6412 = CARTESIAN_POINT('',(1.815549090022,1.462643624674));
#6413 = CARTESIAN_POINT('',(1.85025243173,1.468164936248));
#6414 = CARTESIAN_POINT('',(1.884955596498,1.47368612895));
#6415 = ( GEOMETRIC_REPRESENTATION_CONTEXT(2) 
PARAMETRIC_REPRESENTATION_CONTEXT() REPRESENTATION_CONTEXT('2D SPACE',''
  ) );
#6416 = PCURVE('',#6417,#6440);
#6417 = ( BOUNDED_SURFACE() B_SPLINE_SURFACE(1,6,(
    (#6418,#6419,#6420,#6421,#6422,#6423,#6424,#6425,#6426,#6427,#6428)
    ,(#6429,#6430,#6431,#6432,#6433,#6434,#6435,#6436,#6437,#6438,#6439
)),.UNSPECIFIED.,.F.,.F.,.F.) B_SPLINE_SURFACE_WITH_KNOTS((2,2),(7,4,7),
(1.,2.),(0.,0.5,1.),.UNSPECIFIED.) GEOMETRIC_REPRESENTATION_ITEM() 
RATIONAL_B_SPLINE_SURFACE((
    (1.,1.,1.,1.,1.,1.,1.,1.,1.,1.,1.)
,(1.,1.,1.,1.,1.,1.,1.,1.,1.,1.,1.
  ))) REPRESENTATION_ITEM('') SURFACE() );
#6418 = CARTESIAN_POINT('',(-14.75,-8.581692905569E-14,0.873686127912));
#6419 = CARTESIAN_POINT('',(-14.69791434925,-7.721310307681,
    0.957019461247));
#6420 = CARTESIAN_POINT('',(-10.05052867149,-15.44262061535,
    1.040352794728));
#6421 = CARTESIAN_POINT('',(8.756900032554E-02,-19.4024986517,
    1.123686128415));
#6422 = CARTESIAN_POINT('',(9.916842167874,-15.44262061535,1.20701946208
    ));
#6423 = CARTESIAN_POINT('',(19.583157832092,1.224842745388E-11,
    1.373686129069));
#6424 = CARTESIAN_POINT('',(9.916842167851,15.442620615369,
    1.540352795406));
#6425 = CARTESIAN_POINT('',(8.756900029388E-02,19.402498651712,
    1.623686128409));
#6426 = CARTESIAN_POINT('',(-10.05052867153,15.442620615361,
    1.707019461412));
#6427 = CARTESIAN_POINT('',(-14.69791434928,7.72131030768,1.79035279458)
  );
#6428 = CARTESIAN_POINT('',(-14.75000000004,-8.63088663145E-14,
    1.873686127912));
#6429 = CARTESIAN_POINT('',(-14.55,-4.635082714312E-15,0.873686127919));
#6430 = CARTESIAN_POINT('',(-14.49862059531,-7.61661457468,
    0.957019461254));
#6431 = CARTESIAN_POINT('',(-9.914250316748,-15.23322914935,
    1.040352794733));
#6432 = CARTESIAN_POINT('',(8.63816241327E-02,-19.13941392427,
    1.123686128415));
#6433 = CARTESIAN_POINT('',(9.782376511353,-15.23322914935,
    1.207019462076));
#6434 = CARTESIAN_POINT('',(19.317623488613,1.27278643405E-11,
    1.37368612906));
#6435 = CARTESIAN_POINT('',(9.782376511331,15.233229149369,
    1.540352795402));
#6436 = CARTESIAN_POINT('',(8.638162410125E-02,19.139413924283,
    1.623686128409));
#6437 = CARTESIAN_POINT('',(-9.914250316782,15.23322914936,
    1.707019461417));
#6438 = CARTESIAN_POINT('',(-14.49862059534,7.61661457468,1.790352794587
    ));
#6439 = CARTESIAN_POINT('',(-14.55000000004,-3.256979069459E-15,
    1.873686127919));
#6440 = DEFINITIONAL_REPRESENTATION('',(#6441),#6454);
#6441 = B_SPLINE_CURVE_WITH_KNOTS('',6,(#6442,#6443,#6444,#6445,#6446,
    #6447,#6448,#6449,#6450,#6451,#6452,#6453),.UNSPECIFIED.,.F.,.F.,(7,
    5,7),(0.,0.668606506781,1.),.UNSPECIFIED.);
#6442 = CARTESIAN_POINT('',(2.,0.69999936334));
#6443 = CARTESIAN_POINT('',(1.999997170239,0.711145850087));
#6444 = CARTESIAN_POINT('',(1.999798104876,0.722293298678));
#6445 = CARTESIAN_POINT('',(1.999383692909,0.733439248251));
#6446 = CARTESIAN_POINT('',(1.99887061473,0.74458392149));
#6447 = CARTESIAN_POINT('',(1.998524486929,0.75572797032));
#6448 = CARTESIAN_POINT('',(1.99850532156,0.772392186111));
#6449 = CARTESIAN_POINT('',(1.998580900087,0.777914280957));
#6450 = CARTESIAN_POINT('',(1.998759120578,0.783436023486));
#6451 = CARTESIAN_POINT('',(1.999054996531,0.788957496383));
#6452 = CARTESIAN_POINT('',(1.999472630201,0.794478807973));
#6453 = CARTESIAN_POINT('',(2.,0.800000000691));
#6454 = ( GEOMETRIC_REPRESENTATION_CONTEXT(2) 
PARAMETRIC_REPRESENTATION_CONTEXT() REPRESENTATION_CONTEXT('2D SPACE',''
  ) );
#6455 = ORIENTED_EDGE('',*,*,#6456,.F.);
#6456 = EDGE_CURVE('',#6457,#6384,#6459,.T.);
#6457 = VERTEX_POINT('',#6458);
#6458 = CARTESIAN_POINT('',(-11.77119716036,8.552275569214,
    1.773686126007));
#6459 = SURFACE_CURVE('',#6460,(#6473,#6489),.PCURVE_S1.);
#6460 = B_SPLINE_CURVE_WITH_KNOTS('',6,(#6461,#6462,#6463,#6464,#6465,
    #6466,#6467,#6468,#6469,#6470,#6471,#6472),.UNSPECIFIED.,.F.,.F.,(7,
    5,7),(0.,0.379010137292,1.),.UNSPECIFIED.);
#6461 = CARTESIAN_POINT('',(-11.77119716145,8.552275567713,
    1.773686126027));
#6462 = CARTESIAN_POINT('',(-11.43176459617,9.019464401531,
    1.767217804601));
#6463 = CARTESIAN_POINT('',(-11.07007767871,9.470491533739,
    1.760786071063));
#6464 = CARTESIAN_POINT('',(-10.68710477743,9.904024547013,
    1.754391970995));
#6465 = CARTESIAN_POINT('',(-10.28391026312,10.31881890645,
    1.748031660331));
#6466 = CARTESIAN_POINT('',(-9.861654042869,10.713718512906,
    1.741698890007));
#6467 = CARTESIAN_POINT('',(-8.700569138664,11.700335245948,
    1.725046566573));
#6468 = CARTESIAN_POINT('',(-7.931694914632,12.256784673155,
    1.714762261447));
#6469 = CARTESIAN_POINT('',(-7.12053750571,12.752251839172,
    1.704507714458));
#6470 = CARTESIAN_POINT('',(-6.273167208857,13.182864945517,
    1.694251824885));
#6471 = CARTESIAN_POINT('',(-5.396064687393,13.545487659264,
    1.683979182807));
#6472 = CARTESIAN_POINT('',(-4.496197328267,13.837872292563,
    1.67368612895));
#6473 = PCURVE('',#2455,#6474);
#6474 = DEFINITIONAL_REPRESENTATION('',(#6475),#6488);
#6475 = B_SPLINE_CURVE_WITH_KNOTS('',6,(#6476,#6477,#6478,#6479,#6480,
    #6481,#6482,#6483,#6484,#6485,#6486,#6487),.UNSPECIFIED.,.F.,.F.,(7,
    5,7),(0.,0.379010137292,1.),.UNSPECIFIED.);
#6476 = CARTESIAN_POINT('',(2.513274110396,1.573686126027));
#6477 = CARTESIAN_POINT('',(2.473584958357,1.567217804601));
#6478 = CARTESIAN_POINT('',(2.433895414183,1.560786071063));
#6479 = CARTESIAN_POINT('',(2.394206151566,1.554391970995));
#6480 = CARTESIAN_POINT('',(2.354516826504,1.548031660331));
#6481 = CARTESIAN_POINT('',(2.314827098384,1.541698890007));
#6482 = CARTESIAN_POINT('',(2.210108402443,1.525046566573));
#6483 = CARTESIAN_POINT('',(2.145075420114,1.514762261447));
#6484 = CARTESIAN_POINT('',(2.080046666751,1.504507714458));
#6485 = CARTESIAN_POINT('',(2.01501791241,1.494251824885));
#6486 = CARTESIAN_POINT('',(1.949984911706,1.483979182807));
#6487 = CARTESIAN_POINT('',(1.884955596498,1.47368612895));
#6488 = ( GEOMETRIC_REPRESENTATION_CONTEXT(2) 
PARAMETRIC_REPRESENTATION_CONTEXT() REPRESENTATION_CONTEXT('2D SPACE',''
  ) );
#6489 = PCURVE('',#3728,#6490);
#6490 = DEFINITIONAL_REPRESENTATION('',(#6491),#6504);
#6491 = B_SPLINE_CURVE_WITH_KNOTS('',6,(#6492,#6493,#6494,#6495,#6496,
    #6497,#6498,#6499,#6500,#6501,#6502,#6503),.UNSPECIFIED.,.F.,.F.,(7,
    5,7),(0.,0.379010137292,1.),.UNSPECIFIED.);
#6492 = CARTESIAN_POINT('',(2.,0.899999998013));
#6493 = CARTESIAN_POINT('',(2.001005789438,0.893679901833));
#6494 = CARTESIAN_POINT('',(2.001764098459,0.887359921842));
#6495 = CARTESIAN_POINT('',(2.002270376769,0.881040433036));
#6496 = CARTESIAN_POINT('',(2.002551544939,0.87472155869));
#6497 = CARTESIAN_POINT('',(2.002650212929,0.868403329256));
#6498 = CARTESIAN_POINT('',(2.00254120707,0.851734941366));
#6499 = CARTESIAN_POINT('',(2.002097994904,0.841385319126));
#6500 = CARTESIAN_POINT('',(2.001469958611,0.83103821711));
#6501 = CARTESIAN_POINT('',(2.000859032807,0.820692294117));
#6502 = CARTESIAN_POINT('',(2.000359354146,0.810346013338));
#6503 = CARTESIAN_POINT('',(2.,0.800000000691));
#6504 = ( GEOMETRIC_REPRESENTATION_CONTEXT(2) 
PARAMETRIC_REPRESENTATION_CONTEXT() REPRESENTATION_CONTEXT('2D SPACE',''
  ) );
#6505 = ORIENTED_EDGE('',*,*,#6506,.F.);
#6506 = EDGE_CURVE('',#6507,#6457,#6509,.T.);
#6507 = VERTEX_POINT('',#6508);
#6508 = CARTESIAN_POINT('',(-14.55000000004,-2.811104360347E-15,
    1.873686127919));
#6509 = SURFACE_CURVE('',#6510,(#6525,#6543),.PCURVE_S1.);
#6510 = B_SPLINE_CURVE_WITH_KNOTS('',7,(#6511,#6512,#6513,#6514,#6515,
    #6516,#6517,#6518,#6519,#6520,#6521,#6522,#6523,#6524),
  .UNSPECIFIED.,.F.,.F.,(8,6,8),(0.,0.658433662758,1.),.UNSPECIFIED.);
#6511 = CARTESIAN_POINT('',(-14.55000000004,-1.124100812433E-15,
    1.873686127919));
#6512 = CARTESIAN_POINT('',(-14.55000000004,0.859504820174,
    1.864282290954));
#6513 = CARTESIAN_POINT('',(-14.49076467177,1.719454330849,1.85488233263
    ));
#6514 = CARTESIAN_POINT('',(-14.37218408475,2.574589408218,
    1.845482402602));
#6515 = CARTESIAN_POINT('',(-14.19480165643,3.419868337573,
    1.836080550099));
#6516 = CARTESIAN_POINT('',(-13.9596622719,4.250445108546,1.826676210079
    ));
#6517 = CARTESIAN_POINT('',(-13.66826838382,5.061663900127,
    1.817269310395));
#6518 = CARTESIAN_POINT('',(-13.14324220547,6.25753066316,1.802979242125
    ));
#6519 = CARTESIAN_POINT('',(-12.94929923557,6.659585627909,
    1.798097685501));
#6520 = CARTESIAN_POINT('',(-12.74102076472,7.054598919914,
    1.793215711455));
#6521 = CARTESIAN_POINT('',(-12.51871498397,7.441959202216,
    1.788333441876));
#6522 = CARTESIAN_POINT('',(-12.28272215168,7.821072841147,
    1.783450997747));
#6523 = CARTESIAN_POINT('',(-12.03341467001,8.19136413917,1.778568509277
    ));
#6524 = CARTESIAN_POINT('',(-11.77119716145,8.55227556771,1.773686126027
    ));
#6525 = PCURVE('',#2455,#6526);
#6526 = DEFINITIONAL_REPRESENTATION('',(#6527),#6542);
#6527 = B_SPLINE_CURVE_WITH_KNOTS('',7,(#6528,#6529,#6530,#6531,#6532,
    #6533,#6534,#6535,#6536,#6537,#6538,#6539,#6540,#6541),
  .UNSPECIFIED.,.F.,.F.,(8,6,8),(0.,0.658433662758,1.),.UNSPECIFIED.);
#6528 = CARTESIAN_POINT('',(3.14159265359,1.673686127919));
#6529 = CARTESIAN_POINT('',(3.082520157358,1.664282290954));
#6530 = CARTESIAN_POINT('',(3.023417099861,1.65488233263));
#6531 = CARTESIAN_POINT('',(2.964308228785,1.645482402602));
#6532 = CARTESIAN_POINT('',(2.905201853271,1.636080550099));
#6533 = CARTESIAN_POINT('',(2.846099342562,1.626676210079));
#6534 = CARTESIAN_POINT('',(2.78699799169,1.617269310395));
#6535 = CARTESIAN_POINT('',(2.697235547118,1.602979242125));
#6536 = CARTESIAN_POINT('',(2.666575580569,1.598097685501));
#6537 = CARTESIAN_POINT('',(2.635915606866,1.593215711455));
#6538 = CARTESIAN_POINT('',(2.605255536365,1.588333441876));
#6539 = CARTESIAN_POINT('',(2.574595229185,1.583450997747));
#6540 = CARTESIAN_POINT('',(2.543934664594,1.578568509277));
#6541 = CARTESIAN_POINT('',(2.513274110396,1.573686126027));
#6542 = ( GEOMETRIC_REPRESENTATION_CONTEXT(2) 
PARAMETRIC_REPRESENTATION_CONTEXT() REPRESENTATION_CONTEXT('2D SPACE',''
  ) );
#6543 = PCURVE('',#6544,#6567);
#6544 = ( BOUNDED_SURFACE() B_SPLINE_SURFACE(1,6,(
    (#6545,#6546,#6547,#6548,#6549,#6550,#6551,#6552,#6553,#6554,#6555)
    ,(#6556,#6557,#6558,#6559,#6560,#6561,#6562,#6563,#6564,#6565,#6566
)),.UNSPECIFIED.,.F.,.F.,.F.) B_SPLINE_SURFACE_WITH_KNOTS((2,2),(7,4,7),
(1.,2.),(0.,0.5,1.),.UNSPECIFIED.) GEOMETRIC_REPRESENTATION_ITEM() 
RATIONAL_B_SPLINE_SURFACE((
    (1.,1.,1.,1.,1.,1.,1.,1.,1.,1.,1.)
,(1.,1.,1.,1.,1.,1.,1.,1.,1.,1.,1.
  ))) REPRESENTATION_ITEM('') SURFACE() );
#6545 = CARTESIAN_POINT('',(-14.75,-8.581692905569E-14,0.873686127912));
#6546 = CARTESIAN_POINT('',(-14.69791434925,-7.721310307681,
    0.957019461247));
#6547 = CARTESIAN_POINT('',(-10.05052867149,-15.44262061535,
    1.040352794728));
#6548 = CARTESIAN_POINT('',(8.756900032554E-02,-19.4024986517,
    1.123686128415));
#6549 = CARTESIAN_POINT('',(9.916842167874,-15.44262061535,1.20701946208
    ));
#6550 = CARTESIAN_POINT('',(19.583157832092,1.224842745388E-11,
    1.373686129069));
#6551 = CARTESIAN_POINT('',(9.916842167851,15.442620615369,
    1.540352795406));
#6552 = CARTESIAN_POINT('',(8.756900029388E-02,19.402498651712,
    1.623686128409));
#6553 = CARTESIAN_POINT('',(-10.05052867153,15.442620615361,
    1.707019461412));
#6554 = CARTESIAN_POINT('',(-14.69791434928,7.72131030768,1.79035279458)
  );
#6555 = CARTESIAN_POINT('',(-14.75000000004,-8.63088663145E-14,
    1.873686127912));
#6556 = CARTESIAN_POINT('',(-14.55,-4.635082714312E-15,0.873686127919));
#6557 = CARTESIAN_POINT('',(-14.49862059531,-7.61661457468,
    0.957019461254));
#6558 = CARTESIAN_POINT('',(-9.914250316748,-15.23322914935,
    1.040352794733));
#6559 = CARTESIAN_POINT('',(8.63816241327E-02,-19.13941392427,
    1.123686128415));
#6560 = CARTESIAN_POINT('',(9.782376511353,-15.23322914935,
    1.207019462076));
#6561 = CARTESIAN_POINT('',(19.317623488613,1.27278643405E-11,
    1.37368612906));
#6562 = CARTESIAN_POINT('',(9.782376511331,15.233229149369,
    1.540352795402));
#6563 = CARTESIAN_POINT('',(8.638162410125E-02,19.139413924283,
    1.623686128409));
#6564 = CARTESIAN_POINT('',(-9.914250316782,15.23322914936,
    1.707019461417));
#6565 = CARTESIAN_POINT('',(-14.49862059534,7.61661457468,1.790352794587
    ));
#6566 = CARTESIAN_POINT('',(-14.55000000004,-3.256979069459E-15,
    1.873686127919));
#6567 = DEFINITIONAL_REPRESENTATION('',(#6568),#6583);
#6568 = B_SPLINE_CURVE_WITH_KNOTS('',7,(#6569,#6570,#6571,#6572,#6573,
    #6574,#6575,#6576,#6577,#6578,#6579,#6580,#6581,#6582),
  .UNSPECIFIED.,.F.,.F.,(8,6,8),(0.,0.658433662758,1.),.UNSPECIFIED.);
#6569 = CARTESIAN_POINT('',(2.,1.));
#6570 = CARTESIAN_POINT('',(1.971010187297,0.990596163036));
#6571 = CARTESIAN_POINT('',(1.957578273345,0.981196204709));
#6572 = CARTESIAN_POINT('',(1.954458407374,0.971796274677));
#6573 = CARTESIAN_POINT('',(1.95744402916,0.962394422168));
#6574 = CARTESIAN_POINT('',(1.963555552645,0.95299008214));
#6575 = CARTESIAN_POINT('',(1.970830470082,0.943583182446));
#6576 = CARTESIAN_POINT('',(1.981823032719,0.929293114158));
#6577 = CARTESIAN_POINT('',(1.985567719611,0.924411557528));
#6578 = CARTESIAN_POINT('',(1.989134769964,0.919529583474));
#6579 = CARTESIAN_POINT('',(1.992411820283,0.914647313888));
#6580 = CARTESIAN_POINT('',(1.995331854095,0.909764869751));
#6581 = CARTESIAN_POINT('',(1.997863278377,0.904882381272));
#6582 = CARTESIAN_POINT('',(2.,0.899999998013));
#6583 = ( GEOMETRIC_REPRESENTATION_CONTEXT(2) 
PARAMETRIC_REPRESENTATION_CONTEXT() REPRESENTATION_CONTEXT('2D SPACE',''
  ) );
#6584 = ORIENTED_EDGE('',*,*,#6585,.T.);
#6585 = EDGE_CURVE('',#6507,#6586,#6588,.T.);
#6586 = VERTEX_POINT('',#6587);
#6587 = CARTESIAN_POINT('',(-11.77119716342,-8.552275564999,
    1.973686130054));
#6588 = SURFACE_CURVE('',#6589,(#6604,#6622),.PCURVE_S1.);
#6589 = B_SPLINE_CURVE_WITH_KNOTS('',7,(#6590,#6591,#6592,#6593,#6594,
    #6595,#6596,#6597,#6598,#6599,#6600,#6601,#6602,#6603),
  .UNSPECIFIED.,.F.,.F.,(8,6,8),(0.,0.658433663731,1.),.UNSPECIFIED.);
#6590 = CARTESIAN_POINT('',(-14.55000000004,1.7763568394E-15,
    1.873686127919));
#6591 = CARTESIAN_POINT('',(-14.55000000004,-0.859504821119,
    1.883089964893));
#6592 = CARTESIAN_POINT('',(-14.49076467159,-1.719454332801,
    1.892489923234));
#6593 = CARTESIAN_POINT('',(-14.37218408442,-2.57458941103,
    1.901889853284));
#6594 = CARTESIAN_POINT('',(-14.19480165558,-3.419868341384,
    1.911291705816));
#6595 = CARTESIAN_POINT('',(-13.95966227061,-4.250445113148,
    1.92069604587));
#6596 = CARTESIAN_POINT('',(-13.66826838187,-5.061663905554,
    1.930102945594));
#6597 = CARTESIAN_POINT('',(-13.14324220316,-6.257530667901,
    1.944393013912));
#6598 = CARTESIAN_POINT('',(-12.94929923375,-6.659585631286,
    1.94927457054));
#6599 = CARTESIAN_POINT('',(-12.74102076348,-7.054598921969,
    1.954156544591));
#6600 = CARTESIAN_POINT('',(-12.51871498341,-7.441959202994,
    1.959038814177));
#6601 = CARTESIAN_POINT('',(-12.28272215188,-7.821072840702,
    1.963921258314));
#6602 = CARTESIAN_POINT('',(-12.03341467106,-8.191364137559,
    1.968803746794));
#6603 = CARTESIAN_POINT('',(-11.77119716343,-8.552275564997,
    1.973686130054));
#6604 = PCURVE('',#2455,#6605);
#6605 = DEFINITIONAL_REPRESENTATION('',(#6606),#6621);
#6606 = B_SPLINE_CURVE_WITH_KNOTS('',7,(#6607,#6608,#6609,#6610,#6611,
    #6612,#6613,#6614,#6615,#6616,#6617,#6618,#6619,#6620),
  .UNSPECIFIED.,.F.,.F.,(8,6,8),(0.,0.658433663731,1.),.UNSPECIFIED.);
#6607 = CARTESIAN_POINT('',(3.14159265359,1.673686127919));
#6608 = CARTESIAN_POINT('',(3.200665149887,1.683089964893));
#6609 = CARTESIAN_POINT('',(3.259768207453,1.692489923234));
#6610 = CARTESIAN_POINT('',(3.318877078589,1.701889853284));
#6611 = CARTESIAN_POINT('',(3.377983454175,1.711291705816));
#6612 = CARTESIAN_POINT('',(3.437085964945,1.72069604587));
#6613 = CARTESIAN_POINT('',(3.496187315885,1.730102945594));
#6614 = CARTESIAN_POINT('',(3.585949760423,1.744393013912));
#6615 = CARTESIAN_POINT('',(3.616609726873,1.74927457054));
#6616 = CARTESIAN_POINT('',(3.647269700478,1.754156544591));
#6617 = CARTESIAN_POINT('',(3.67792977088,1.759038814177));
#6618 = CARTESIAN_POINT('',(3.708590077962,1.763921258314));
#6619 = CARTESIAN_POINT('',(3.739250642454,1.768803746794));
#6620 = CARTESIAN_POINT('',(3.769911196553,1.773686130054));
#6621 = ( GEOMETRIC_REPRESENTATION_CONTEXT(2) 
PARAMETRIC_REPRESENTATION_CONTEXT() REPRESENTATION_CONTEXT('2D SPACE',''
  ) );
#6622 = PCURVE('',#6623,#6646);
#6623 = ( BOUNDED_SURFACE() B_SPLINE_SURFACE(1,6,(
    (#6624,#6625,#6626,#6627,#6628,#6629,#6630,#6631,#6632,#6633,#6634)
    ,(#6635,#6636,#6637,#6638,#6639,#6640,#6641,#6642,#6643,#6644,#6645
)),.UNSPECIFIED.,.F.,.F.,.F.) B_SPLINE_SURFACE_WITH_KNOTS((2,2),(7,4,7),
(1.,2.),(0.,0.5,1.),.UNSPECIFIED.) GEOMETRIC_REPRESENTATION_ITEM() 
RATIONAL_B_SPLINE_SURFACE((
    (1.,1.,1.,1.,1.,1.,1.,1.,1.,1.,1.)
,(1.,1.,1.,1.,1.,1.,1.,1.,1.,1.,1.
  ))) REPRESENTATION_ITEM('') SURFACE() );
#6624 = CARTESIAN_POINT('',(-14.75000000004,-1.591573877892E-13,
    1.873686127905));
#6625 = CARTESIAN_POINT('',(-14.69791434929,-7.721310307681,
    1.957019461242));
#6626 = CARTESIAN_POINT('',(-10.05052867153,-15.44262061535,
    2.04035279488));
#6627 = CARTESIAN_POINT('',(8.756900028489E-02,-19.40249865169,
    2.123686128909));
#6628 = CARTESIAN_POINT('',(9.916842167829,-15.44262061534,
    2.207019462905));
#6629 = CARTESIAN_POINT('',(19.583157832036,2.515735796894E-11,
    2.37368613022));
#6630 = CARTESIAN_POINT('',(9.916842167784,15.442620615379,
    2.540352796231));
#6631 = CARTESIAN_POINT('',(8.756900022171E-02,19.402498651718,
    2.623686128902));
#6632 = CARTESIAN_POINT('',(-10.0505286716,15.442620615363,
    2.707019461564));
#6633 = CARTESIAN_POINT('',(-14.69791434935,7.72131030768,2.790352794575
    ));
#6634 = CARTESIAN_POINT('',(-14.75000000011,-1.545150639396E-13,
    2.873686127905));
#6635 = CARTESIAN_POINT('',(-14.55000000004,-2.365229651234E-15,
    1.873686127919));
#6636 = CARTESIAN_POINT('',(-14.49862059535,-7.61661457468,
    1.957019461256));
#6637 = CARTESIAN_POINT('',(-9.914250316787,-15.23322914935,
    2.040352794889));
#6638 = CARTESIAN_POINT('',(8.638162409195E-02,-19.13941392426,
    2.123686128909));
#6639 = CARTESIAN_POINT('',(9.782376511308,-15.23322914934,
    2.207019462896));
#6640 = CARTESIAN_POINT('',(19.317623488557,2.553640918304E-11,
    2.373686130202));
#6641 = CARTESIAN_POINT('',(9.782376511263,15.233229149378,
    2.540352796222));
#6642 = CARTESIAN_POINT('',(8.638162402917E-02,19.139413924289,
    2.623686128902));
#6643 = CARTESIAN_POINT('',(-9.914250316855,15.233229149362,
    2.707019461573));
#6644 = CARTESIAN_POINT('',(-14.49862059542,7.61661457468,2.790352794588
    ));
#6645 = CARTESIAN_POINT('',(-14.55000000011,4.147135102075E-15,
    2.873686127919));
#6646 = DEFINITIONAL_REPRESENTATION('',(#6647),#6662);
#6647 = B_SPLINE_CURVE_WITH_KNOTS('',7,(#6648,#6649,#6650,#6651,#6652,
    #6653,#6654,#6655,#6656,#6657,#6658,#6659,#6660,#6661),
  .UNSPECIFIED.,.F.,.F.,(8,6,8),(0.,0.658433663731,1.),.UNSPECIFIED.);
#6648 = CARTESIAN_POINT('',(2.,0.));
#6649 = CARTESIAN_POINT('',(1.971010187265,9.403836974763E-03));
#6650 = CARTESIAN_POINT('',(1.957578273537,1.880379531195E-02));
#6651 = CARTESIAN_POINT('',(1.954458407083,2.820372535371E-02));
#6652 = CARTESIAN_POINT('',(1.957444029434,3.760557787414E-02));
#6653 = CARTESIAN_POINT('',(1.963555552632,4.700991791191E-02));
#6654 = CARTESIAN_POINT('',(1.970830470157,5.641681761724E-02));
#6655 = CARTESIAN_POINT('',(1.981823032787,7.070688589954E-02));
#6656 = CARTESIAN_POINT('',(1.985567719664,7.558844251435E-02));
#6657 = CARTESIAN_POINT('',(1.989134770002,8.047041655185E-02));
#6658 = CARTESIAN_POINT('',(1.992411820308,8.535268612302E-02));
#6659 = CARTESIAN_POINT('',(1.995331854109,9.023513024414E-02));
#6660 = CARTESIAN_POINT('',(1.997863278382,9.511761870718E-02));
#6661 = CARTESIAN_POINT('',(2.,0.10000000195));
#6662 = ( GEOMETRIC_REPRESENTATION_CONTEXT(2) 
PARAMETRIC_REPRESENTATION_CONTEXT() REPRESENTATION_CONTEXT('2D SPACE',''
  ) );
#6663 = ORIENTED_EDGE('',*,*,#6664,.F.);
#6664 = EDGE_CURVE('',#6665,#6586,#6667,.T.);
#6665 = VERTEX_POINT('',#6666);
#6666 = CARTESIAN_POINT('',(-4.496197434468,-13.83787225807,
    2.073686126683));
#6667 = SURFACE_CURVE('',#6668,(#6681,#6697),.PCURVE_S1.);
#6668 = B_SPLINE_CURVE_WITH_KNOTS('',6,(#6669,#6670,#6671,#6672,#6673,
    #6674,#6675,#6676,#6677,#6678,#6679,#6680),.UNSPECIFIED.,.F.,.F.,(7,
    5,7),(0.,0.640133021425,1.),.UNSPECIFIED.);
#6669 = CARTESIAN_POINT('',(-4.496197363043,-13.83787228126,
    2.073686127505));
#6670 = CARTESIAN_POINT('',(-5.423801193768,-13.53647551932,
    2.062966630148));
#6671 = CARTESIAN_POINT('',(-6.327219274813,-13.16044274118,
    2.05222482435));
#6672 = CARTESIAN_POINT('',(-7.198812133517,-12.71223718189,
    2.041466185975));
#6673 = CARTESIAN_POINT('',(-8.031498091482,-12.19532678525,
    2.030704451847));
#6674 = CARTESIAN_POINT('',(-8.818660908292,-11.61400063392,
    2.019971835095));
#6675 = CARTESIAN_POINT('',(-9.967793941424,-10.6134928725,
    2.003301105473));
#6676 = CARTESIAN_POINT('',(-10.36504992354,-10.23473954399,
    1.997320935592));
#6677 = CARTESIAN_POINT('',(-10.74496414636,-9.838208168026,
    1.991365254644));
#6678 = CARTESIAN_POINT('',(-11.10655165979,-9.424896052479,
    1.985439278942));
#6679 = CARTESIAN_POINT('',(-11.44890554106,-8.995871915713,
    1.979546328822));
#6680 = CARTESIAN_POINT('',(-11.77119716342,-8.552275564998,
    1.973686130054));
#6681 = PCURVE('',#2455,#6682);
#6682 = DEFINITIONAL_REPRESENTATION('',(#6683),#6696);
#6683 = B_SPLINE_CURVE_WITH_KNOTS('',6,(#6684,#6685,#6686,#6687,#6688,
    #6689,#6690,#6691,#6692,#6693,#6694,#6695),.UNSPECIFIED.,.F.,.F.,(7,
    5,7),(0.,0.640133021425,1.),.UNSPECIFIED.);
#6684 = CARTESIAN_POINT('',(4.398229708169,1.873686127505));
#6685 = CARTESIAN_POINT('',(4.331196004441,1.862966630148));
#6686 = CARTESIAN_POINT('',(4.264158096028,1.85222482435));
#6687 = CARTESIAN_POINT('',(4.197125171994,1.841466185975));
#6688 = CARTESIAN_POINT('',(4.130092249774,1.830704451847));
#6689 = CARTESIAN_POINT('',(4.063054324147,1.819971835095));
#6690 = CARTESIAN_POINT('',(3.958335813694,1.803301105473));
#6691 = CARTESIAN_POINT('',(3.92065079363,1.797320935592));
#6692 = CARTESIAN_POINT('',(3.882966014991,1.791365254644));
#6693 = CARTESIAN_POINT('',(3.845281206243,1.785439278942));
#6694 = CARTESIAN_POINT('',(3.807596093387,1.779546328822));
#6695 = CARTESIAN_POINT('',(3.769911196553,1.773686130054));
#6696 = ( GEOMETRIC_REPRESENTATION_CONTEXT(2) 
PARAMETRIC_REPRESENTATION_CONTEXT() REPRESENTATION_CONTEXT('2D SPACE',''
  ) );
#6697 = PCURVE('',#4946,#6698);
#6698 = DEFINITIONAL_REPRESENTATION('',(#6699),#6712);
#6699 = B_SPLINE_CURVE_WITH_KNOTS('',6,(#6700,#6701,#6702,#6703,#6704,
    #6705,#6706,#6707,#6708,#6709,#6710,#6711),.UNSPECIFIED.,.F.,.F.,(7,
    5,7),(0.,0.640133021425,1.),.UNSPECIFIED.);
#6700 = CARTESIAN_POINT('',(2.,0.199999998909));
#6701 = CARTESIAN_POINT('',(2.000370430471,0.189335092716));
#6702 = CARTESIAN_POINT('',(2.000889989805,0.178669855506));
#6703 = CARTESIAN_POINT('',(2.001526721898,0.168005053708));
#6704 = CARTESIAN_POINT('',(2.002175563203,0.157338940712));
#6705 = CARTESIAN_POINT('',(2.002607677266,0.146670005552));
#6706 = CARTESIAN_POINT('',(2.002620610894,0.130001182062));
#6707 = CARTESIAN_POINT('',(2.002491255627,0.124001948857));
#6708 = CARTESIAN_POINT('',(2.002191731911,0.118002126508));
#6709 = CARTESIAN_POINT('',(2.00168690015,0.112001752737));
#6710 = CARTESIAN_POINT('',(2.000954998263,0.106000940753));
#6711 = CARTESIAN_POINT('',(2.,0.10000000195));
#6712 = ( GEOMETRIC_REPRESENTATION_CONTEXT(2) 
PARAMETRIC_REPRESENTATION_CONTEXT() REPRESENTATION_CONTEXT('2D SPACE',''
  ) );
#6713 = ORIENTED_EDGE('',*,*,#6714,.T.);
#6714 = EDGE_CURVE('',#6665,#6715,#6717,.T.);
#6715 = VERTEX_POINT('',#6716);
#6716 = CARTESIAN_POINT('',(4.496298677796,-13.83783936169,
    2.173687295887));
#6717 = SURFACE_CURVE('',#6718,(#6731,#6747),.PCURVE_S1.);
#6718 = B_SPLINE_CURVE_WITH_KNOTS('',6,(#6719,#6720,#6721,#6722,#6723,
    #6724,#6725,#6726,#6727,#6728,#6729,#6730),.UNSPECIFIED.,.F.,.F.,(7,
    5,7),(0.,0.33485099048,1.),.UNSPECIFIED.);
#6719 = CARTESIAN_POINT('',(-4.496197363043,-13.83787228126,
    2.073686127505));
#6720 = CARTESIAN_POINT('',(-4.010966608697,-13.99553331424,
    2.079264953655));
#6721 = CARTESIAN_POINT('',(-3.519099323205,-14.1327772081,
    2.084843899545));
#6722 = CARTESIAN_POINT('',(-3.021674433088,-14.2492536305,
    2.090423010163));
#6723 = CARTESIAN_POINT('',(-2.519787659242,-14.3446896864,
    2.096002398669));
#6724 = CARTESIAN_POINT('',(-2.014551239588,-14.41889001619,
    2.101582150729));
#6725 = CARTESIAN_POINT('',(-0.499078380624,-14.57671208978,
    2.118246512691));
#6726 = CARTESIAN_POINT('',(0.517786837491,-14.59744024193,
    2.129333017095));
#6727 = CARTESIAN_POINT('',(1.534534144078,-14.53296428663,
    2.140420147855));
#6728 = CARTESIAN_POINT('',(2.54232500877,-14.3836693989,2.151508529676)
  );
#6729 = CARTESIAN_POINT('',(3.53243613199,-14.15102509662,2.162598377303
    ));
#6730 = CARTESIAN_POINT('',(4.496298677796,-13.83783936169,
    2.173687295887));
#6731 = PCURVE('',#2455,#6732);
#6732 = DEFINITIONAL_REPRESENTATION('',(#6733),#6746);
#6733 = B_SPLINE_CURVE_WITH_KNOTS('',6,(#6734,#6735,#6736,#6737,#6738,
    #6739,#6740,#6741,#6742,#6743,#6744,#6745),.UNSPECIFIED.,.F.,.F.,(7,
    5,7),(0.,0.33485099048,1.),.UNSPECIFIED.);
#6734 = CARTESIAN_POINT('',(4.398229708169,1.873686127505));
#6735 = CARTESIAN_POINT('',(4.43329512462,1.879264953655));
#6736 = CARTESIAN_POINT('',(4.468360711541,1.884843899545));
#6737 = CARTESIAN_POINT('',(4.503426111844,1.890423010163));
#6738 = CARTESIAN_POINT('',(4.538491518636,1.896002398669));
#6739 = CARTESIAN_POINT('',(4.573557120012,1.901582150729));
#6740 = CARTESIAN_POINT('',(4.678276606697,1.918246512691));
#6741 = CARTESIAN_POINT('',(4.747935839251,1.929333017095));
#6742 = CARTESIAN_POINT('',(4.817589061758,1.940420147855));
#6743 = CARTESIAN_POINT('',(4.887242258794,1.951508529676));
#6744 = CARTESIAN_POINT('',(4.956901452549,1.962598377303));
#6745 = CARTESIAN_POINT('',(5.026555574165,1.973687295887));
#6746 = ( GEOMETRIC_REPRESENTATION_CONTEXT(2) 
PARAMETRIC_REPRESENTATION_CONTEXT() REPRESENTATION_CONTEXT('2D SPACE',''
  ) );
#6747 = PCURVE('',#6748,#6771);
#6748 = ( BOUNDED_SURFACE() B_SPLINE_SURFACE(1,6,(
    (#6749,#6750,#6751,#6752,#6753,#6754,#6755,#6756,#6757,#6758,#6759)
    ,(#6760,#6761,#6762,#6763,#6764,#6765,#6766,#6767,#6768,#6769,#6770
)),.UNSPECIFIED.,.F.,.F.,.F.) B_SPLINE_SURFACE_WITH_KNOTS((2,2),(7,4,7),
(1.,2.),(0.,0.5,1.),.UNSPECIFIED.) GEOMETRIC_REPRESENTATION_ITEM() 
RATIONAL_B_SPLINE_SURFACE((
    (1.,1.,1.,1.,1.,1.,1.,1.,1.,1.,1.)
,(1.,1.,1.,1.,1.,1.,1.,1.,1.,1.,1.
  ))) REPRESENTATION_ITEM('') SURFACE() );
#6749 = CARTESIAN_POINT('',(-14.75000000004,-1.591573877892E-13,
    1.873686127905));
#6750 = CARTESIAN_POINT('',(-14.69791434929,-7.721310307681,
    1.957019461242));
#6751 = CARTESIAN_POINT('',(-10.05052867153,-15.44262061535,
    2.04035279488));
#6752 = CARTESIAN_POINT('',(8.756900028489E-02,-19.40249865169,
    2.123686128909));
#6753 = CARTESIAN_POINT('',(9.916842167829,-15.44262061534,
    2.207019462905));
#6754 = CARTESIAN_POINT('',(19.583157832036,2.515735796894E-11,
    2.37368613022));
#6755 = CARTESIAN_POINT('',(9.916842167784,15.442620615379,
    2.540352796231));
#6756 = CARTESIAN_POINT('',(8.756900022171E-02,19.402498651718,
    2.623686128902));
#6757 = CARTESIAN_POINT('',(-10.0505286716,15.442620615363,
    2.707019461564));
#6758 = CARTESIAN_POINT('',(-14.69791434935,7.72131030768,2.790352794575
    ));
#6759 = CARTESIAN_POINT('',(-14.75000000011,-1.545150639396E-13,
    2.873686127905));
#6760 = CARTESIAN_POINT('',(-14.55000000004,-2.365229651234E-15,
    1.873686127919));
#6761 = CARTESIAN_POINT('',(-14.49862059535,-7.61661457468,
    1.957019461256));
#6762 = CARTESIAN_POINT('',(-9.914250316787,-15.23322914935,
    2.040352794889));
#6763 = CARTESIAN_POINT('',(8.638162409195E-02,-19.13941392426,
    2.123686128909));
#6764 = CARTESIAN_POINT('',(9.782376511308,-15.23322914934,
    2.207019462896));
#6765 = CARTESIAN_POINT('',(19.317623488557,2.553640918304E-11,
    2.373686130202));
#6766 = CARTESIAN_POINT('',(9.782376511263,15.233229149378,
    2.540352796222));
#6767 = CARTESIAN_POINT('',(8.638162402917E-02,19.139413924289,
    2.623686128902));
#6768 = CARTESIAN_POINT('',(-9.914250316855,15.233229149362,
    2.707019461573));
#6769 = CARTESIAN_POINT('',(-14.49862059542,7.61661457468,2.790352794588
    ));
#6770 = CARTESIAN_POINT('',(-14.55000000011,4.147135102075E-15,
    2.873686127919));
#6771 = DEFINITIONAL_REPRESENTATION('',(#6772),#6785);
#6772 = B_SPLINE_CURVE_WITH_KNOTS('',6,(#6773,#6774,#6775,#6776,#6777,
    #6778,#6779,#6780,#6781,#6782,#6783,#6784),.UNSPECIFIED.,.F.,.F.,(7,
    5,7),(0.,0.33485099048,1.),.UNSPECIFIED.);
#6773 = CARTESIAN_POINT('',(2.,0.199999998909));
#6774 = CARTESIAN_POINT('',(1.999467125199,0.205578825027));
#6775 = CARTESIAN_POINT('',(1.999046288326,0.211157770884));
#6776 = CARTESIAN_POINT('',(1.998749895893,0.216736881468));
#6777 = CARTESIAN_POINT('',(1.998573537317,0.22231626994));
#6778 = CARTESIAN_POINT('',(1.998501486606,0.227896021966));
#6779 = CARTESIAN_POINT('',(1.998533493223,0.244560383825));
#6780 = CARTESIAN_POINT('',(1.998881201176,0.25564688816));
#6781 = CARTESIAN_POINT('',(1.999390140963,0.266734018851));
#6782 = CARTESIAN_POINT('',(1.999800163729,0.277822400604));
#6783 = CARTESIAN_POINT('',(1.999997192612,0.288912248164));
#6784 = CARTESIAN_POINT('',(2.,0.300001166684));
#6785 = ( GEOMETRIC_REPRESENTATION_CONTEXT(2) 
PARAMETRIC_REPRESENTATION_CONTEXT() REPRESENTATION_CONTEXT('2D SPACE',''
  ) );
#6786 = ORIENTED_EDGE('',*,*,#6787,.T.);
#6787 = EDGE_CURVE('',#6715,#6788,#6790,.T.);
#6788 = VERTEX_POINT('',#6789);
#6789 = CARTESIAN_POINT('',(4.529702484599,-13.82694092708,
    2.174071746737));
#6790 = SURFACE_CURVE('',#6791,(#6803,#6813),.PCURVE_S1.);
#6791 = ( BOUNDED_CURVE() B_SPLINE_CURVE(6,(#6792,#6793,#6794,#6795,
    #6796,#6797,#6798,#6799,#6800,#6801,#6802),.UNSPECIFIED.,.F.,.F.) 
B_SPLINE_CURVE_WITH_KNOTS((7,4,7),(0.,0.5,1.),.UNSPECIFIED.) CURVE() 
GEOMETRIC_REPRESENTATION_ITEM() RATIONAL_B_SPLINE_CURVE((1.,1.,1.,1.,1.,
1.,1.,1.,1.,1.,1.)) REPRESENTATION_ITEM('') );
#6792 = CARTESIAN_POINT('',(-14.55000000004,-2.365229651234E-15,
    1.873686127919));
#6793 = CARTESIAN_POINT('',(-14.49862059535,-7.61661457468,
    1.957019461256));
#6794 = CARTESIAN_POINT('',(-9.914250316787,-15.23322914935,
    2.040352794889));
#6795 = CARTESIAN_POINT('',(8.638162409195E-02,-19.13941392426,
    2.123686128909));
#6796 = CARTESIAN_POINT('',(9.782376511308,-15.23322914934,
    2.207019462896));
#6797 = CARTESIAN_POINT('',(19.317623488557,2.553640918304E-11,
    2.373686130202));
#6798 = CARTESIAN_POINT('',(9.782376511263,15.233229149378,
    2.540352796222));
#6799 = CARTESIAN_POINT('',(8.638162402917E-02,19.139413924289,
    2.623686128902));
#6800 = CARTESIAN_POINT('',(-9.914250316855,15.233229149362,
    2.707019461573));
#6801 = CARTESIAN_POINT('',(-14.49862059542,7.61661457468,2.790352794588
    ));
#6802 = CARTESIAN_POINT('',(-14.55000000011,4.147135102075E-15,
    2.873686127919));
#6803 = PCURVE('',#2455,#6804);
#6804 = DEFINITIONAL_REPRESENTATION('',(#6805),#6812);
#6805 = B_SPLINE_CURVE_WITH_KNOTS('',5,(#6806,#6807,#6808,#6809,#6810,
    #6811),.UNSPECIFIED.,.F.,.F.,(6,6),(0.300001166684,0.300385617531),
  .PIECEWISE_BEZIER_KNOTS.);
#6806 = CARTESIAN_POINT('',(5.026555574165,1.973687295887));
#6807 = CARTESIAN_POINT('',(5.027038553385,1.973764186057));
#6808 = CARTESIAN_POINT('',(5.027521532644,1.973841076227));
#6809 = CARTESIAN_POINT('',(5.028004511943,1.973917966397));
#6810 = CARTESIAN_POINT('',(5.028487491283,1.973994856567));
#6811 = CARTESIAN_POINT('',(5.028970470667,1.974071746737));
#6812 = ( GEOMETRIC_REPRESENTATION_CONTEXT(2) 
PARAMETRIC_REPRESENTATION_CONTEXT() REPRESENTATION_CONTEXT('2D SPACE',''
  ) );
#6813 = PCURVE('',#4946,#6814);
#6814 = DEFINITIONAL_REPRESENTATION('',(#6815),#6819);
#6815 = LINE('',#6816,#6817);
#6816 = CARTESIAN_POINT('',(2.,0.));
#6817 = VECTOR('',#6818,1.);
#6818 = DIRECTION('',(0.,1.));
#6819 = ( GEOMETRIC_REPRESENTATION_CONTEXT(2) 
PARAMETRIC_REPRESENTATION_CONTEXT() REPRESENTATION_CONTEXT('2D SPACE',''
  ) );
#6820 = ORIENTED_EDGE('',*,*,#6821,.F.);
#6821 = EDGE_CURVE('',#6822,#6788,#6824,.T.);
#6822 = VERTEX_POINT('',#6823);
#6823 = CARTESIAN_POINT('',(11.771198461097,-8.552273778912,
    2.27368615189));
#6824 = SURFACE_CURVE('',#6825,(#6838,#6854),.PCURVE_S1.);
#6825 = B_SPLINE_CURVE_WITH_KNOTS('',6,(#6826,#6827,#6828,#6829,#6830,
    #6831,#6832,#6833,#6834,#6835,#6836,#6837),.UNSPECIFIED.,.F.,.F.,(7,
    5,7),(0.,0.36331963,1.),.UNSPECIFIED.);
#6826 = CARTESIAN_POINT('',(11.771198461104,-8.552273778902,
    2.27368615189));
#6827 = CARTESIAN_POINT('',(11.447070531207,-8.998397732396,
    2.267655804055));
#6828 = CARTESIAN_POINT('',(11.102650834361,-9.429783252342,
    2.261625429505));
#6829 = CARTESIAN_POINT('',(10.738782178727,-9.845270928693,
    2.255595008653));
#6830 = CARTESIAN_POINT('',(10.356387455794,-10.2437740518,
    2.249564394786));
#6831 = CARTESIAN_POINT('',(9.956469330081,-10.62427898787,
    2.243533460916));
#6832 = CARTESIAN_POINT('',(8.810482802369,-11.61945386059,2.22693316247
    ));
#6833 = CARTESIAN_POINT('',(8.030312785263,-12.19495153967,
    2.216362443294));
#6834 = CARTESIAN_POINT('',(7.205481511605,-12.70720789592,
    2.205791240147));
#6835 = CARTESIAN_POINT('',(6.342424167453,-13.15205003484,
    2.195218868356));
#6836 = CARTESIAN_POINT('',(5.448024986935,-13.5260984837,2.184645066753
    ));
#6837 = CARTESIAN_POINT('',(4.529705407779,-13.82693996944,
    2.174071780394));
#6838 = PCURVE('',#2455,#6839);
#6839 = DEFINITIONAL_REPRESENTATION('',(#6840),#6853);
#6840 = B_SPLINE_CURVE_WITH_KNOTS('',6,(#6841,#6842,#6843,#6844,#6845,
    #6846,#6847,#6848,#6849,#6850,#6851,#6852),.UNSPECIFIED.,.F.,.F.,(7,
    5,7),(0.,0.36331963,1.),.UNSPECIFIED.);
#6841 = CARTESIAN_POINT('',(5.654866915951,2.07368615189));
#6842 = CARTESIAN_POINT('',(5.616967295537,2.067655804055));
#6843 = CARTESIAN_POINT('',(5.579067429989,2.061625429505));
#6844 = CARTESIAN_POINT('',(5.541167846306,2.055595008653));
#6845 = CARTESIAN_POINT('',(5.503268259156,2.049564394786));
#6846 = CARTESIAN_POINT('',(5.465368386222,2.043533460916));
#6847 = CARTESIAN_POINT('',(5.361053563841,2.02693316247));
#6848 = CARTESIAN_POINT('',(5.294634271778,2.016362443294));
#6849 = CARTESIAN_POINT('',(5.228219720463,2.005791240147));
#6850 = CARTESIAN_POINT('',(5.161805191857,1.995218868356));
#6851 = CARTESIAN_POINT('',(5.095385925161,1.984645066753));
#6852 = CARTESIAN_POINT('',(5.028970682079,1.974071780394));
#6853 = ( GEOMETRIC_REPRESENTATION_CONTEXT(2) 
PARAMETRIC_REPRESENTATION_CONTEXT() REPRESENTATION_CONTEXT('2D SPACE',''
  ) );
#6854 = PCURVE('',#6855,#6878);
#6855 = ( BOUNDED_SURFACE() B_SPLINE_SURFACE(1,6,(
    (#6856,#6857,#6858,#6859,#6860,#6861,#6862,#6863,#6864,#6865,#6866)
    ,(#6867,#6868,#6869,#6870,#6871,#6872,#6873,#6874,#6875,#6876,#6877
)),.UNSPECIFIED.,.F.,.F.,.F.) B_SPLINE_SURFACE_WITH_KNOTS((2,2),(7,4,7),
(1.,2.),(0.,0.5,1.),.UNSPECIFIED.) GEOMETRIC_REPRESENTATION_ITEM() 
RATIONAL_B_SPLINE_SURFACE((
    (1.,1.,1.,1.,1.,1.,1.,1.,1.,1.,1.)
,(1.,1.,1.,1.,1.,1.,1.,1.,1.,1.,1.
  ))) REPRESENTATION_ITEM('') SURFACE() );
#6856 = CARTESIAN_POINT('',(-14.75000000004,-1.591573877892E-13,
    1.873686127905));
#6857 = CARTESIAN_POINT('',(-14.69791434929,-7.721310307681,
    1.957019461242));
#6858 = CARTESIAN_POINT('',(-10.05052867153,-15.44262061535,
    2.04035279488));
#6859 = CARTESIAN_POINT('',(8.756900028489E-02,-19.40249865169,
    2.123686128909));
#6860 = CARTESIAN_POINT('',(9.916842167829,-15.44262061534,
    2.207019462905));
#6861 = CARTESIAN_POINT('',(19.583157832036,2.515735796894E-11,
    2.37368613022));
#6862 = CARTESIAN_POINT('',(9.916842167784,15.442620615379,
    2.540352796231));
#6863 = CARTESIAN_POINT('',(8.756900022171E-02,19.402498651718,
    2.623686128902));
#6864 = CARTESIAN_POINT('',(-10.0505286716,15.442620615363,
    2.707019461564));
#6865 = CARTESIAN_POINT('',(-14.69791434935,7.72131030768,2.790352794575
    ));
#6866 = CARTESIAN_POINT('',(-14.75000000011,-1.545150639396E-13,
    2.873686127905));
#6867 = CARTESIAN_POINT('',(-14.55000000004,-2.365229651234E-15,
    1.873686127919));
#6868 = CARTESIAN_POINT('',(-14.49862059535,-7.61661457468,
    1.957019461256));
#6869 = CARTESIAN_POINT('',(-9.914250316787,-15.23322914935,
    2.040352794889));
#6870 = CARTESIAN_POINT('',(8.638162409195E-02,-19.13941392426,
    2.123686128909));
#6871 = CARTESIAN_POINT('',(9.782376511308,-15.23322914934,
    2.207019462896));
#6872 = CARTESIAN_POINT('',(19.317623488557,2.553640918304E-11,
    2.373686130202));
#6873 = CARTESIAN_POINT('',(9.782376511263,15.233229149378,
    2.540352796222));
#6874 = CARTESIAN_POINT('',(8.638162402917E-02,19.139413924289,
    2.623686128902));
#6875 = CARTESIAN_POINT('',(-9.914250316855,15.233229149362,
    2.707019461573));
#6876 = CARTESIAN_POINT('',(-14.49862059542,7.61661457468,2.790352794588
    ));
#6877 = CARTESIAN_POINT('',(-14.55000000011,4.147135102075E-15,
    2.873686127919));
#6878 = DEFINITIONAL_REPRESENTATION('',(#6879),#6892);
#6879 = B_SPLINE_CURVE_WITH_KNOTS('',6,(#6880,#6881,#6882,#6883,#6884,
    #6885,#6886,#6887,#6888,#6889,#6890,#6891),.UNSPECIFIED.,.F.,.F.,(7,
    5,7),(0.,0.36331963,1.),.UNSPECIFIED.);
#6880 = CARTESIAN_POINT('',(2.,0.400000022195));
#6881 = CARTESIAN_POINT('',(1.999631167803,0.393969674382));
#6882 = CARTESIAN_POINT('',(1.999313500188,0.387939299855));
#6883 = CARTESIAN_POINT('',(1.999074031043,0.381908879028));
#6884 = CARTESIAN_POINT('',(1.998923524681,0.375878265187));
#6885 = CARTESIAN_POINT('',(1.998858794718,0.369847331343));
#6886 = CARTESIAN_POINT('',(1.998875937308,0.353247032975));
#6887 = CARTESIAN_POINT('',(1.999104826903,0.342676313851));
#6888 = CARTESIAN_POINT('',(1.999478221295,0.33210511076));
#6889 = CARTESIAN_POINT('',(1.999818573399,0.321532739027));
#6890 = CARTESIAN_POINT('',(1.999997325093,0.310958937485));
#6891 = CARTESIAN_POINT('',(2.,0.300385651188));
#6892 = ( GEOMETRIC_REPRESENTATION_CONTEXT(2) 
PARAMETRIC_REPRESENTATION_CONTEXT() REPRESENTATION_CONTEXT('2D SPACE',''
  ) );
#6893 = ORIENTED_EDGE('',*,*,#6894,.T.);
#6894 = EDGE_CURVE('',#6822,#4860,#6895,.T.);
#6895 = SURFACE_CURVE('',#6896,(#6909,#6925),.PCURVE_S1.);
#6896 = B_SPLINE_CURVE_WITH_KNOTS('',6,(#6897,#6898,#6899,#6900,#6901,
    #6902,#6903,#6904,#6905,#6906,#6907,#6908),.UNSPECIFIED.,.F.,.F.,(7,
    5,7),(0.,0.512012372944,1.),.UNSPECIFIED.);
#6897 = CARTESIAN_POINT('',(11.771198461081,-8.552273778934,
    2.273686151889));
#6898 = CARTESIAN_POINT('',(12.229749782377,-7.921131845561,
    2.282189462295));
#6899 = CARTESIAN_POINT('',(12.647704935417,-7.2604695811,2.290687513399
    ));
#6900 = CARTESIAN_POINT('',(13.022660558123,-6.573586637624,
    2.299184104574));
#6901 = CARTESIAN_POINT('',(13.352620343786,-5.863990784393,
    2.307686684668));
#6902 = CARTESIAN_POINT('',(13.635947660399,-5.135371426137,
    2.316204584465));
#6903 = CARTESIAN_POINT('',(14.09583390662,-3.682770730095,
    2.332873880501));
#6904 = CARTESIAN_POINT('',(14.276789590196,-2.960142026445,
    2.341024113188));
#6905 = CARTESIAN_POINT('',(14.413212768471,-2.227101214018,
    2.349191595609));
#6906 = CARTESIAN_POINT('',(14.50440533933,-1.487072152923,
    2.357372823615));
#6907 = CARTESIAN_POINT('',(14.549999999661,-0.74352887121,
    2.365551185166));
#6908 = CARTESIAN_POINT('',(14.55,-5.329070518201E-15,2.373686129901));
#6909 = PCURVE('',#2455,#6910);
#6910 = DEFINITIONAL_REPRESENTATION('',(#6911),#6924);
#6911 = B_SPLINE_CURVE_WITH_KNOTS('',6,(#6912,#6913,#6914,#6915,#6916,
    #6917,#6918,#6919,#6920,#6921,#6922,#6923),.UNSPECIFIED.,.F.,.F.,(7,
    5,7),(0.,0.512012372944,1.),.UNSPECIFIED.);
#6912 = CARTESIAN_POINT('',(5.654866915948,2.073686151889));
#6913 = CARTESIAN_POINT('',(5.708484390452,2.082189462295));
#6914 = CARTESIAN_POINT('',(5.762103273858,2.090687513399));
#6915 = CARTESIAN_POINT('',(5.81572052212,2.099184104574));
#6916 = CARTESIAN_POINT('',(5.869337763317,2.107686684668));
#6917 = CARTESIAN_POINT('',(5.922956620718,2.116204584465));
#6918 = CARTESIAN_POINT('',(6.02767561908,2.132873880501));
#6919 = CARTESIAN_POINT('',(6.078778323727,2.141024113188));
#6920 = CARTESIAN_POINT('',(6.129879704923,2.149191595609));
#6921 = CARTESIAN_POINT('',(6.180981041782,2.157372823615));
#6922 = CARTESIAN_POINT('',(6.232083666547,2.165551185166));
#6923 = CARTESIAN_POINT('',(6.28318530718,2.173686129901));
#6924 = ( GEOMETRIC_REPRESENTATION_CONTEXT(2) 
PARAMETRIC_REPRESENTATION_CONTEXT() REPRESENTATION_CONTEXT('2D SPACE',''
  ) );
#6925 = PCURVE('',#4946,#6926);
#6926 = DEFINITIONAL_REPRESENTATION('',(#6927),#6940);
#6927 = B_SPLINE_CURVE_WITH_KNOTS('',6,(#6928,#6929,#6930,#6931,#6932,
    #6933,#6934,#6935,#6936,#6937,#6938,#6939),.UNSPECIFIED.,.F.,.F.,(7,
    5,7),(0.,0.512012372944,1.),.UNSPECIFIED.);
#6928 = CARTESIAN_POINT('',(2.,0.400000022195));
#6929 = CARTESIAN_POINT('',(2.000189743814,0.408531295505));
#6930 = CARTESIAN_POINT('',(2.000416862626,0.417062817548));
#6931 = CARTESIAN_POINT('',(2.000654241948,0.425594391776));
#6932 = CARTESIAN_POINT('',(2.00085510909,0.434126574051));
#6933 = CARTESIAN_POINT('',(2.00095883789,0.442659760556));
#6934 = CARTESIAN_POINT('',(2.000942512398,0.45932665064));
#6935 = CARTESIAN_POINT('',(2.000832656837,0.467460699404));
#6936 = CARTESIAN_POINT('',(2.000608485071,0.47559512494));
#6937 = CARTESIAN_POINT('',(2.000293449833,0.483729953973));
#6938 = CARTESIAN_POINT('',(2.000000022124,0.491865055029));
#6939 = CARTESIAN_POINT('',(2.000000022737,0.499999999854));
#6940 = ( GEOMETRIC_REPRESENTATION_CONTEXT(2) 
PARAMETRIC_REPRESENTATION_CONTEXT() REPRESENTATION_CONTEXT('2D SPACE',''
  ) );
#6941 = ADVANCED_FACE('',(#6942),#3728,.F.);
#6942 = FACE_BOUND('',#6943,.F.);
#6943 = EDGE_LOOP('',(#6944,#6973,#6974,#7005,#7024,#7053,#7054,#7083,
    #7084,#7113,#7114,#7115,#7144,#7145,#7174));
#6944 = ORIENTED_EDGE('',*,*,#6945,.F.);
#6945 = EDGE_CURVE('',#3537,#3616,#6946,.T.);
#6946 = SURFACE_CURVE('',#6947,(#6959,#6966),.PCURVE_S1.);
#6947 = ( BOUNDED_CURVE() B_SPLINE_CURVE(6,(#6948,#6949,#6950,#6951,
    #6952,#6953,#6954,#6955,#6956,#6957,#6958),.UNSPECIFIED.,.F.,.F.) 
B_SPLINE_CURVE_WITH_KNOTS((7,4,7),(0.,0.5,1.),.UNSPECIFIED.) CURVE() 
GEOMETRIC_REPRESENTATION_ITEM() RATIONAL_B_SPLINE_CURVE((1.,1.,1.,1.,1.,
1.,1.,1.,1.,1.,1.)) REPRESENTATION_ITEM('') );
#6948 = CARTESIAN_POINT('',(-14.55,-4.635082714312E-15,0.873686127919));
#6949 = CARTESIAN_POINT('',(-14.49862059531,-7.61661457468,
    0.957019461254));
#6950 = CARTESIAN_POINT('',(-9.914250316748,-15.23322914935,
    1.040352794733));
#6951 = CARTESIAN_POINT('',(8.63816241327E-02,-19.13941392427,
    1.123686128415));
#6952 = CARTESIAN_POINT('',(9.782376511353,-15.23322914935,
    1.207019462076));
#6953 = CARTESIAN_POINT('',(19.317623488613,1.27278643405E-11,
    1.37368612906));
#6954 = CARTESIAN_POINT('',(9.782376511331,15.233229149369,
    1.540352795402));
#6955 = CARTESIAN_POINT('',(8.638162410125E-02,19.139413924283,
    1.623686128409));
#6956 = CARTESIAN_POINT('',(-9.914250316782,15.23322914936,
    1.707019461417));
#6957 = CARTESIAN_POINT('',(-14.49862059534,7.61661457468,1.790352794587
    ));
#6958 = CARTESIAN_POINT('',(-14.55000000004,-3.256979069459E-15,
    1.873686127919));
#6959 = PCURVE('',#3728,#6960);
#6960 = DEFINITIONAL_REPRESENTATION('',(#6961),#6965);
#6961 = LINE('',#6962,#6963);
#6962 = CARTESIAN_POINT('',(2.,0.));
#6963 = VECTOR('',#6964,1.);
#6964 = DIRECTION('',(0.,1.));
#6965 = ( GEOMETRIC_REPRESENTATION_CONTEXT(2) 
PARAMETRIC_REPRESENTATION_CONTEXT() REPRESENTATION_CONTEXT('2D SPACE',''
  ) );
#6966 = PCURVE('',#3653,#6967);
#6967 = DEFINITIONAL_REPRESENTATION('',(#6968),#6972);
#6968 = LINE('',#6969,#6970);
#6969 = CARTESIAN_POINT('',(2.,0.));
#6970 = VECTOR('',#6971,1.);
#6971 = DIRECTION('',(0.,1.));
#6972 = ( GEOMETRIC_REPRESENTATION_CONTEXT(2) 
PARAMETRIC_REPRESENTATION_CONTEXT() REPRESENTATION_CONTEXT('2D SPACE',''
  ) );
#6973 = ORIENTED_EDGE('',*,*,#4174,.T.);
#6974 = ORIENTED_EDGE('',*,*,#6975,.T.);
#6975 = EDGE_CURVE('',#4121,#6976,#6978,.T.);
#6976 = VERTEX_POINT('',#6977);
#6977 = CARTESIAN_POINT('',(-14.00000000003,3.258395198505E-13,
    1.726314072109));
#6978 = SURFACE_CURVE('',#6979,(#6991,#6998),.PCURVE_S1.);
#6979 = ( BOUNDED_CURVE() B_SPLINE_CURVE(6,(#6980,#6981,#6982,#6983,
    #6984,#6985,#6986,#6987,#6988,#6989,#6990),.UNSPECIFIED.,.F.,.F.) 
B_SPLINE_CURVE_WITH_KNOTS((7,4,7),(0.,0.5,1.),.UNSPECIFIED.) CURVE() 
GEOMETRIC_REPRESENTATION_ITEM() RATIONAL_B_SPLINE_CURVE((1.,1.,1.,1.,1.,
1.,1.,1.,1.,1.,1.)) REPRESENTATION_ITEM('') );
#6980 = CARTESIAN_POINT('',(-14.,2.17858379841E-13,0.7263140721));
#6981 = CARTESIAN_POINT('',(-13.95056277198,-7.32870130893,
    0.809647405435));
#6982 = CARTESIAN_POINT('',(-9.539484841186,-14.65740261785,
    0.892980738908));
#6983 = CARTESIAN_POINT('',(8.311633960829E-02,-18.41593092383,
    0.976314072578));
#6984 = CARTESIAN_POINT('',(9.412595955925,-14.65740261785,
    1.059647406226));
#6985 = CARTESIAN_POINT('',(18.587404044051,1.233557163839E-11,
    1.226314073198));
#6986 = CARTESIAN_POINT('',(9.412595955903,14.657402617869,
    1.392980739552));
#6987 = CARTESIAN_POINT('',(8.311633957741E-02,18.415930923849,
    1.476314072571));
#6988 = CARTESIAN_POINT('',(-9.53948484122,14.657402617861,
    1.559647405592));
#6989 = CARTESIAN_POINT('',(-13.95056277201,7.32870130893,1.642980738768
    ));
#6990 = CARTESIAN_POINT('',(-14.00000000003,2.243790959709E-13,
    1.7263140721));
#6991 = PCURVE('',#3728,#6992);
#6992 = DEFINITIONAL_REPRESENTATION('',(#6993),#6997);
#6993 = LINE('',#6994,#6995);
#6994 = CARTESIAN_POINT('',(3.,0.));
#6995 = VECTOR('',#6996,1.);
#6996 = DIRECTION('',(0.,1.));
#6997 = ( GEOMETRIC_REPRESENTATION_CONTEXT(2) 
PARAMETRIC_REPRESENTATION_CONTEXT() REPRESENTATION_CONTEXT('2D SPACE',''
  ) );
#6998 = PCURVE('',#4583,#6999);
#6999 = DEFINITIONAL_REPRESENTATION('',(#7000),#7004);
#7000 = LINE('',#7001,#7002);
#7001 = CARTESIAN_POINT('',(3.,0.));
#7002 = VECTOR('',#7003,1.);
#7003 = DIRECTION('',(0.,1.));
#7004 = ( GEOMETRIC_REPRESENTATION_CONTEXT(2) 
PARAMETRIC_REPRESENTATION_CONTEXT() REPRESENTATION_CONTEXT('2D SPACE',''
  ) );
#7005 = ORIENTED_EDGE('',*,*,#7006,.F.);
#7006 = EDGE_CURVE('',#6507,#6976,#7007,.T.);
#7007 = SURFACE_CURVE('',#7008,(#7011,#7017),.PCURVE_S1.);
#7008 = B_SPLINE_CURVE_WITH_KNOTS('',1,(#7009,#7010),.UNSPECIFIED.,.F.,
  .F.,(2,2),(2.,3.),.PIECEWISE_BEZIER_KNOTS.);
#7009 = CARTESIAN_POINT('',(-14.55000000004,-2.365229651234E-15,
    1.873686127919));
#7010 = CARTESIAN_POINT('',(-14.00000000003,4.2729994373E-13,
    1.726314072119));
#7011 = PCURVE('',#3728,#7012);
#7012 = DEFINITIONAL_REPRESENTATION('',(#7013),#7016);
#7013 = B_SPLINE_CURVE_WITH_KNOTS('',1,(#7014,#7015),.UNSPECIFIED.,.F.,
  .F.,(2,2),(2.,3.),.PIECEWISE_BEZIER_KNOTS.);
#7014 = CARTESIAN_POINT('',(2.,1.));
#7015 = CARTESIAN_POINT('',(3.,1.));
#7016 = ( GEOMETRIC_REPRESENTATION_CONTEXT(2) 
PARAMETRIC_REPRESENTATION_CONTEXT() REPRESENTATION_CONTEXT('2D SPACE',''
  ) );
#7017 = PCURVE('',#4946,#7018);
#7018 = DEFINITIONAL_REPRESENTATION('',(#7019),#7023);
#7019 = LINE('',#7020,#7021);
#7020 = CARTESIAN_POINT('',(0.,0.));
#7021 = VECTOR('',#7022,1.);
#7022 = DIRECTION('',(1.,0.));
#7023 = ( GEOMETRIC_REPRESENTATION_CONTEXT(2) 
PARAMETRIC_REPRESENTATION_CONTEXT() REPRESENTATION_CONTEXT('2D SPACE',''
  ) );
#7024 = ORIENTED_EDGE('',*,*,#7025,.F.);
#7025 = EDGE_CURVE('',#6457,#6507,#7026,.T.);
#7026 = SURFACE_CURVE('',#7027,(#7039,#7046),.PCURVE_S1.);
#7027 = ( BOUNDED_CURVE() B_SPLINE_CURVE(6,(#7028,#7029,#7030,#7031,
    #7032,#7033,#7034,#7035,#7036,#7037,#7038),.UNSPECIFIED.,.F.,.F.) 
B_SPLINE_CURVE_WITH_KNOTS((7,4,7),(0.,0.5,1.),.UNSPECIFIED.) CURVE() 
GEOMETRIC_REPRESENTATION_ITEM() RATIONAL_B_SPLINE_CURVE((1.,1.,1.,1.,1.,
1.,1.,1.,1.,1.,1.)) REPRESENTATION_ITEM('') );
#7028 = CARTESIAN_POINT('',(-14.55,-4.635082714312E-15,0.873686127919));
#7029 = CARTESIAN_POINT('',(-14.49862059531,-7.61661457468,
    0.957019461254));
#7030 = CARTESIAN_POINT('',(-9.914250316748,-15.23322914935,
    1.040352794733));
#7031 = CARTESIAN_POINT('',(8.63816241327E-02,-19.13941392427,
    1.123686128415));
#7032 = CARTESIAN_POINT('',(9.782376511353,-15.23322914935,
    1.207019462076));
#7033 = CARTESIAN_POINT('',(19.317623488613,1.27278643405E-11,
    1.37368612906));
#7034 = CARTESIAN_POINT('',(9.782376511331,15.233229149369,
    1.540352795402));
#7035 = CARTESIAN_POINT('',(8.638162410125E-02,19.139413924283,
    1.623686128409));
#7036 = CARTESIAN_POINT('',(-9.914250316782,15.23322914936,
    1.707019461417));
#7037 = CARTESIAN_POINT('',(-14.49862059534,7.61661457468,1.790352794587
    ));
#7038 = CARTESIAN_POINT('',(-14.55000000004,-3.256979069459E-15,
    1.873686127919));
#7039 = PCURVE('',#3728,#7040);
#7040 = DEFINITIONAL_REPRESENTATION('',(#7041),#7045);
#7041 = LINE('',#7042,#7043);
#7042 = CARTESIAN_POINT('',(2.,0.));
#7043 = VECTOR('',#7044,1.);
#7044 = DIRECTION('',(0.,1.));
#7045 = ( GEOMETRIC_REPRESENTATION_CONTEXT(2) 
PARAMETRIC_REPRESENTATION_CONTEXT() REPRESENTATION_CONTEXT('2D SPACE',''
  ) );
#7046 = PCURVE('',#6544,#7047);
#7047 = DEFINITIONAL_REPRESENTATION('',(#7048),#7052);
#7048 = LINE('',#7049,#7050);
#7049 = CARTESIAN_POINT('',(2.,0.));
#7050 = VECTOR('',#7051,1.);
#7051 = DIRECTION('',(0.,1.));
#7052 = ( GEOMETRIC_REPRESENTATION_CONTEXT(2) 
PARAMETRIC_REPRESENTATION_CONTEXT() REPRESENTATION_CONTEXT('2D SPACE',''
  ) );
#7053 = ORIENTED_EDGE('',*,*,#6456,.T.);
#7054 = ORIENTED_EDGE('',*,*,#7055,.F.);
#7055 = EDGE_CURVE('',#6350,#6384,#7056,.T.);
#7056 = SURFACE_CURVE('',#7057,(#7069,#7076),.PCURVE_S1.);
#7057 = ( BOUNDED_CURVE() B_SPLINE_CURVE(6,(#7058,#7059,#7060,#7061,
    #7062,#7063,#7064,#7065,#7066,#7067,#7068),.UNSPECIFIED.,.F.,.F.) 
B_SPLINE_CURVE_WITH_KNOTS((7,4,7),(0.,0.5,1.),.UNSPECIFIED.) CURVE() 
GEOMETRIC_REPRESENTATION_ITEM() RATIONAL_B_SPLINE_CURVE((1.,1.,1.,1.,1.,
1.,1.,1.,1.,1.,1.)) REPRESENTATION_ITEM('') );
#7058 = CARTESIAN_POINT('',(-14.55,-4.635082714312E-15,0.873686127919));
#7059 = CARTESIAN_POINT('',(-14.49862059531,-7.61661457468,
    0.957019461254));
#7060 = CARTESIAN_POINT('',(-9.914250316748,-15.23322914935,
    1.040352794733));
#7061 = CARTESIAN_POINT('',(8.63816241327E-02,-19.13941392427,
    1.123686128415));
#7062 = CARTESIAN_POINT('',(9.782376511353,-15.23322914935,
    1.207019462076));
#7063 = CARTESIAN_POINT('',(19.317623488613,1.27278643405E-11,
    1.37368612906));
#7064 = CARTESIAN_POINT('',(9.782376511331,15.233229149369,
    1.540352795402));
#7065 = CARTESIAN_POINT('',(8.638162410125E-02,19.139413924283,
    1.623686128409));
#7066 = CARTESIAN_POINT('',(-9.914250316782,15.23322914936,
    1.707019461417));
#7067 = CARTESIAN_POINT('',(-14.49862059534,7.61661457468,1.790352794587
    ));
#7068 = CARTESIAN_POINT('',(-14.55000000004,-3.256979069459E-15,
    1.873686127919));
#7069 = PCURVE('',#3728,#7070);
#7070 = DEFINITIONAL_REPRESENTATION('',(#7071),#7075);
#7071 = LINE('',#7072,#7073);
#7072 = CARTESIAN_POINT('',(2.,0.));
#7073 = VECTOR('',#7074,1.);
#7074 = DIRECTION('',(0.,1.));
#7075 = ( GEOMETRIC_REPRESENTATION_CONTEXT(2) 
PARAMETRIC_REPRESENTATION_CONTEXT() REPRESENTATION_CONTEXT('2D SPACE',''
  ) );
#7076 = PCURVE('',#6417,#7077);
#7077 = DEFINITIONAL_REPRESENTATION('',(#7078),#7082);
#7078 = LINE('',#7079,#7080);
#7079 = CARTESIAN_POINT('',(2.,0.));
#7080 = VECTOR('',#7081,1.);
#7081 = DIRECTION('',(0.,1.));
#7082 = ( GEOMETRIC_REPRESENTATION_CONTEXT(2) 
PARAMETRIC_REPRESENTATION_CONTEXT() REPRESENTATION_CONTEXT('2D SPACE',''
  ) );
#7083 = ORIENTED_EDGE('',*,*,#6349,.F.);
#7084 = ORIENTED_EDGE('',*,*,#7085,.F.);
#7085 = EDGE_CURVE('',#6227,#6277,#7086,.T.);
#7086 = SURFACE_CURVE('',#7087,(#7099,#7106),.PCURVE_S1.);
#7087 = ( BOUNDED_CURVE() B_SPLINE_CURVE(6,(#7088,#7089,#7090,#7091,
    #7092,#7093,#7094,#7095,#7096,#7097,#7098),.UNSPECIFIED.,.F.,.F.) 
B_SPLINE_CURVE_WITH_KNOTS((7,4,7),(0.,0.5,1.),.UNSPECIFIED.) CURVE() 
GEOMETRIC_REPRESENTATION_ITEM() RATIONAL_B_SPLINE_CURVE((1.,1.,1.,1.,1.,
1.,1.,1.,1.,1.,1.)) REPRESENTATION_ITEM('') );
#7088 = CARTESIAN_POINT('',(-14.55,-4.635082714312E-15,0.873686127919));
#7089 = CARTESIAN_POINT('',(-14.49862059531,-7.61661457468,
    0.957019461254));
#7090 = CARTESIAN_POINT('',(-9.914250316748,-15.23322914935,
    1.040352794733));
#7091 = CARTESIAN_POINT('',(8.63816241327E-02,-19.13941392427,
    1.123686128415));
#7092 = CARTESIAN_POINT('',(9.782376511353,-15.23322914935,
    1.207019462076));
#7093 = CARTESIAN_POINT('',(19.317623488613,1.27278643405E-11,
    1.37368612906));
#7094 = CARTESIAN_POINT('',(9.782376511331,15.233229149369,
    1.540352795402));
#7095 = CARTESIAN_POINT('',(8.638162410125E-02,19.139413924283,
    1.623686128409));
#7096 = CARTESIAN_POINT('',(-9.914250316782,15.23322914936,
    1.707019461417));
#7097 = CARTESIAN_POINT('',(-14.49862059534,7.61661457468,1.790352794587
    ));
#7098 = CARTESIAN_POINT('',(-14.55000000004,-3.256979069459E-15,
    1.873686127919));
#7099 = PCURVE('',#3728,#7100);
#7100 = DEFINITIONAL_REPRESENTATION('',(#7101),#7105);
#7101 = LINE('',#7102,#7103);
#7102 = CARTESIAN_POINT('',(2.,0.));
#7103 = VECTOR('',#7104,1.);
#7104 = DIRECTION('',(0.,1.));
#7105 = ( GEOMETRIC_REPRESENTATION_CONTEXT(2) 
PARAMETRIC_REPRESENTATION_CONTEXT() REPRESENTATION_CONTEXT('2D SPACE',''
  ) );
#7106 = PCURVE('',#6310,#7107);
#7107 = DEFINITIONAL_REPRESENTATION('',(#7108),#7112);
#7108 = LINE('',#7109,#7110);
#7109 = CARTESIAN_POINT('',(2.,0.));
#7110 = VECTOR('',#7111,1.);
#7111 = DIRECTION('',(0.,1.));
#7112 = ( GEOMETRIC_REPRESENTATION_CONTEXT(2) 
PARAMETRIC_REPRESENTATION_CONTEXT() REPRESENTATION_CONTEXT('2D SPACE',''
  ) );
#7113 = ORIENTED_EDGE('',*,*,#6226,.T.);
#7114 = ORIENTED_EDGE('',*,*,#3947,.F.);
#7115 = ORIENTED_EDGE('',*,*,#7116,.F.);
#7116 = EDGE_CURVE('',#3841,#3875,#7117,.T.);
#7117 = SURFACE_CURVE('',#7118,(#7130,#7137),.PCURVE_S1.);
#7118 = ( BOUNDED_CURVE() B_SPLINE_CURVE(6,(#7119,#7120,#7121,#7122,
    #7123,#7124,#7125,#7126,#7127,#7128,#7129),.UNSPECIFIED.,.F.,.F.) 
B_SPLINE_CURVE_WITH_KNOTS((7,4,7),(0.,0.5,1.),.UNSPECIFIED.) CURVE() 
GEOMETRIC_REPRESENTATION_ITEM() RATIONAL_B_SPLINE_CURVE((1.,1.,1.,1.,1.,
1.,1.,1.,1.,1.,1.)) REPRESENTATION_ITEM('') );
#7119 = CARTESIAN_POINT('',(-14.55,-4.635082714312E-15,0.873686127919));
#7120 = CARTESIAN_POINT('',(-14.49862059531,-7.61661457468,
    0.957019461254));
#7121 = CARTESIAN_POINT('',(-9.914250316748,-15.23322914935,
    1.040352794733));
#7122 = CARTESIAN_POINT('',(8.63816241327E-02,-19.13941392427,
    1.123686128415));
#7123 = CARTESIAN_POINT('',(9.782376511353,-15.23322914935,
    1.207019462076));
#7124 = CARTESIAN_POINT('',(19.317623488613,1.27278643405E-11,
    1.37368612906));
#7125 = CARTESIAN_POINT('',(9.782376511331,15.233229149369,
    1.540352795402));
#7126 = CARTESIAN_POINT('',(8.638162410125E-02,19.139413924283,
    1.623686128409));
#7127 = CARTESIAN_POINT('',(-9.914250316782,15.23322914936,
    1.707019461417));
#7128 = CARTESIAN_POINT('',(-14.49862059534,7.61661457468,1.790352794587
    ));
#7129 = CARTESIAN_POINT('',(-14.55000000004,-3.256979069459E-15,
    1.873686127919));
#7130 = PCURVE('',#3728,#7131);
#7131 = DEFINITIONAL_REPRESENTATION('',(#7132),#7136);
#7132 = LINE('',#7133,#7134);
#7133 = CARTESIAN_POINT('',(2.,0.));
#7134 = VECTOR('',#7135,1.);
#7135 = DIRECTION('',(0.,1.));
#7136 = ( GEOMETRIC_REPRESENTATION_CONTEXT(2) 
PARAMETRIC_REPRESENTATION_CONTEXT() REPRESENTATION_CONTEXT('2D SPACE',''
  ) );
#7137 = PCURVE('',#3908,#7138);
#7138 = DEFINITIONAL_REPRESENTATION('',(#7139),#7143);
#7139 = LINE('',#7140,#7141);
#7140 = CARTESIAN_POINT('',(2.,0.));
#7141 = VECTOR('',#7142,1.);
#7142 = DIRECTION('',(0.,1.));
#7143 = ( GEOMETRIC_REPRESENTATION_CONTEXT(2) 
PARAMETRIC_REPRESENTATION_CONTEXT() REPRESENTATION_CONTEXT('2D SPACE',''
  ) );
#7144 = ORIENTED_EDGE('',*,*,#3840,.F.);
#7145 = ORIENTED_EDGE('',*,*,#7146,.F.);
#7146 = EDGE_CURVE('',#3695,#3768,#7147,.T.);
#7147 = SURFACE_CURVE('',#7148,(#7160,#7167),.PCURVE_S1.);
#7148 = ( BOUNDED_CURVE() B_SPLINE_CURVE(6,(#7149,#7150,#7151,#7152,
    #7153,#7154,#7155,#7156,#7157,#7158,#7159),.UNSPECIFIED.,.F.,.F.) 
B_SPLINE_CURVE_WITH_KNOTS((7,4,7),(0.,0.5,1.),.UNSPECIFIED.) CURVE() 
GEOMETRIC_REPRESENTATION_ITEM() RATIONAL_B_SPLINE_CURVE((1.,1.,1.,1.,1.,
1.,1.,1.,1.,1.,1.)) REPRESENTATION_ITEM('') );
#7149 = CARTESIAN_POINT('',(-14.55,-4.635082714312E-15,0.873686127919));
#7150 = CARTESIAN_POINT('',(-14.49862059531,-7.61661457468,
    0.957019461254));
#7151 = CARTESIAN_POINT('',(-9.914250316748,-15.23322914935,
    1.040352794733));
#7152 = CARTESIAN_POINT('',(8.63816241327E-02,-19.13941392427,
    1.123686128415));
#7153 = CARTESIAN_POINT('',(9.782376511353,-15.23322914935,
    1.207019462076));
#7154 = CARTESIAN_POINT('',(19.317623488613,1.27278643405E-11,
    1.37368612906));
#7155 = CARTESIAN_POINT('',(9.782376511331,15.233229149369,
    1.540352795402));
#7156 = CARTESIAN_POINT('',(8.638162410125E-02,19.139413924283,
    1.623686128409));
#7157 = CARTESIAN_POINT('',(-9.914250316782,15.23322914936,
    1.707019461417));
#7158 = CARTESIAN_POINT('',(-14.49862059534,7.61661457468,1.790352794587
    ));
#7159 = CARTESIAN_POINT('',(-14.55000000004,-3.256979069459E-15,
    1.873686127919));
#7160 = PCURVE('',#3728,#7161);
#7161 = DEFINITIONAL_REPRESENTATION('',(#7162),#7166);
#7162 = LINE('',#7163,#7164);
#7163 = CARTESIAN_POINT('',(2.,0.));
#7164 = VECTOR('',#7165,1.);
#7165 = DIRECTION('',(0.,1.));
#7166 = ( GEOMETRIC_REPRESENTATION_CONTEXT(2) 
PARAMETRIC_REPRESENTATION_CONTEXT() REPRESENTATION_CONTEXT('2D SPACE',''
  ) );
#7167 = PCURVE('',#3801,#7168);
#7168 = DEFINITIONAL_REPRESENTATION('',(#7169),#7173);
#7169 = LINE('',#7170,#7171);
#7170 = CARTESIAN_POINT('',(2.,0.));
#7171 = VECTOR('',#7172,1.);
#7172 = DIRECTION('',(0.,1.));
#7173 = ( GEOMETRIC_REPRESENTATION_CONTEXT(2) 
PARAMETRIC_REPRESENTATION_CONTEXT() REPRESENTATION_CONTEXT('2D SPACE',''
  ) );
#7174 = ORIENTED_EDGE('',*,*,#3694,.T.);
#7175 = ADVANCED_FACE('',(#7176),#3908,.F.);
#7176 = FACE_BOUND('',#7177,.F.);
#7177 = EDGE_LOOP('',(#7178,#7179));
#7178 = ORIENTED_EDGE('',*,*,#3874,.T.);
#7179 = ORIENTED_EDGE('',*,*,#7116,.T.);
#7180 = ADVANCED_FACE('',(#7181),#3801,.F.);
#7181 = FACE_BOUND('',#7182,.F.);
#7182 = EDGE_LOOP('',(#7183,#7184));
#7183 = ORIENTED_EDGE('',*,*,#3767,.F.);
#7184 = ORIENTED_EDGE('',*,*,#7146,.T.);
#7185 = ADVANCED_FACE('',(#7186),#3653,.F.);
#7186 = FACE_BOUND('',#7187,.F.);
#7187 = EDGE_LOOP('',(#7188,#7189));
#7188 = ORIENTED_EDGE('',*,*,#3615,.F.);
#7189 = ORIENTED_EDGE('',*,*,#6945,.T.);
#7190 = ADVANCED_FACE('',(#7191),#3574,.F.);
#7191 = FACE_BOUND('',#7192,.F.);
#7192 = EDGE_LOOP('',(#7193,#7194));
#7193 = ORIENTED_EDGE('',*,*,#4193,.T.);
#7194 = ORIENTED_EDGE('',*,*,#3536,.T.);
#7195 = ADVANCED_FACE('',(#7196),#3447,.F.);
#7196 = FACE_BOUND('',#7197,.F.);
#7197 = EDGE_LOOP('',(#7198,#7199));
#7198 = ORIENTED_EDGE('',*,*,#4223,.T.);
#7199 = ORIENTED_EDGE('',*,*,#3413,.T.);
#7200 = ADVANCED_FACE('',(#7201),#3340,.F.);
#7201 = FACE_BOUND('',#7202,.F.);
#7202 = EDGE_LOOP('',(#7203,#7204));
#7203 = ORIENTED_EDGE('',*,*,#3306,.F.);
#7204 = ORIENTED_EDGE('',*,*,#4253,.T.);
#7205 = ADVANCED_FACE('',(#7206),#3119,.F.);
#7206 = FACE_BOUND('',#7207,.F.);
#7207 = EDGE_LOOP('',(#7208,#7209));
#7208 = ORIENTED_EDGE('',*,*,#3085,.T.);
#7209 = ORIENTED_EDGE('',*,*,#4678,.F.);
#7210 = ADVANCED_FACE('',(#7211),#3012,.F.);
#7211 = FACE_BOUND('',#7212,.F.);
#7212 = EDGE_LOOP('',(#7213,#7214));
#7213 = ORIENTED_EDGE('',*,*,#2978,.F.);
#7214 = ORIENTED_EDGE('',*,*,#4708,.F.);
#7215 = ADVANCED_FACE('',(#7216),#2887,.F.);
#7216 = FACE_BOUND('',#7217,.F.);
#7217 = EDGE_LOOP('',(#7218,#7219));
#7218 = ORIENTED_EDGE('',*,*,#2849,.F.);
#7219 = ORIENTED_EDGE('',*,*,#4738,.F.);
#7220 = ADVANCED_FACE('',(#7221),#2808,.F.);
#7221 = FACE_BOUND('',#7222,.F.);
#7222 = EDGE_LOOP('',(#7223,#7252));
#7223 = ORIENTED_EDGE('',*,*,#7224,.F.);
#7224 = EDGE_CURVE('',#2771,#2721,#7225,.T.);
#7225 = SURFACE_CURVE('',#7226,(#7238,#7245),.PCURVE_S1.);
#7226 = ( BOUNDED_CURVE() B_SPLINE_CURVE(6,(#7227,#7228,#7229,#7230,
    #7231,#7232,#7233,#7234,#7235,#7236,#7237),.UNSPECIFIED.,.F.,.F.) 
B_SPLINE_CURVE_WITH_KNOTS((7,4,7),(0.,0.5,1.),.UNSPECIFIED.) CURVE() 
GEOMETRIC_REPRESENTATION_ITEM() RATIONAL_B_SPLINE_CURVE((1.,1.,1.,1.,1.,
1.,1.,1.,1.,1.,1.)) REPRESENTATION_ITEM('') );
#7227 = CARTESIAN_POINT('',(-14.55000000002,-5.932152530007E-15,
    1.526314072081));
#7228 = CARTESIAN_POINT('',(-14.49862059533,-7.61661457468,
    1.609647405418));
#7229 = CARTESIAN_POINT('',(-9.914250316764,-15.23322914935,
    1.692980739052));
#7230 = CARTESIAN_POINT('',(8.638162411536E-02,-19.13941392426,
    1.776314073072));
#7231 = CARTESIAN_POINT('',(9.782376511332,-15.23322914934,
    1.859647407059));
#7232 = CARTESIAN_POINT('',(19.31762348858,2.553284226016E-11,
    2.026314074365));
#7233 = CARTESIAN_POINT('',(9.782376511286,15.233229149378,
    2.192980740385));
#7234 = CARTESIAN_POINT('',(8.638162405259E-02,19.139413924289,
    2.276314073065));
#7235 = CARTESIAN_POINT('',(-9.914250316832,15.233229149362,
    2.359647405736));
#7236 = CARTESIAN_POINT('',(-14.49862059539,7.61661457468,2.442980738751
    ));
#7237 = CARTESIAN_POINT('',(-14.55000000008,5.802122233017E-16,
    2.526314072081));
#7238 = PCURVE('',#2808,#7239);
#7239 = DEFINITIONAL_REPRESENTATION('',(#7240),#7244);
#7240 = LINE('',#7241,#7242);
#7241 = CARTESIAN_POINT('',(5.,0.));
#7242 = VECTOR('',#7243,1.);
#7243 = DIRECTION('',(0.,1.));
#7244 = ( GEOMETRIC_REPRESENTATION_CONTEXT(2) 
PARAMETRIC_REPRESENTATION_CONTEXT() REPRESENTATION_CONTEXT('2D SPACE',''
  ) );
#7245 = PCURVE('',#2501,#7246);
#7246 = DEFINITIONAL_REPRESENTATION('',(#7247),#7251);
#7247 = LINE('',#7248,#7249);
#7248 = CARTESIAN_POINT('',(5.,0.));
#7249 = VECTOR('',#7250,1.);
#7250 = DIRECTION('',(0.,1.));
#7251 = ( GEOMETRIC_REPRESENTATION_CONTEXT(2) 
PARAMETRIC_REPRESENTATION_CONTEXT() REPRESENTATION_CONTEXT('2D SPACE',''
  ) );
#7252 = ORIENTED_EDGE('',*,*,#2770,.T.);
#7253 = ADVANCED_FACE('',(#7254),#2501,.F.);
#7254 = FACE_BOUND('',#7255,.F.);
#7255 = EDGE_LOOP('',(#7256,#7310,#7311,#7312,#7313,#7342,#7343,#7372,
    #7373,#7374,#7403,#7404,#7433,#7434,#7463));
#7256 = ORIENTED_EDGE('',*,*,#7257,.F.);
#7257 = EDGE_CURVE('',#4560,#7258,#7260,.T.);
#7258 = VERTEX_POINT('',#7259);
#7259 = CARTESIAN_POINT('',(-14.0000000001,-3.457263147703E-13,
    2.673686127884));
#7260 = SURFACE_CURVE('',#7261,(#7273,#7280),.PCURVE_S1.);
#7261 = ( BOUNDED_CURVE() B_SPLINE_CURVE(6,(#7262,#7263,#7264,#7265,
    #7266,#7267,#7268,#7269,#7270,#7271,#7272),.UNSPECIFIED.,.F.,.F.) 
B_SPLINE_CURVE_WITH_KNOTS((7,4,7),(0.,0.5,1.),.UNSPECIFIED.) CURVE() 
GEOMETRIC_REPRESENTATION_ITEM() RATIONAL_B_SPLINE_CURVE((1.,1.,1.,1.,1.,
1.,1.,1.,1.,1.,1.)) REPRESENTATION_ITEM('') );
#7262 = CARTESIAN_POINT('',(-14.00000000003,4.267595438477E-13,
    1.673686127956));
#7263 = CARTESIAN_POINT('',(-13.95056277201,-7.32870130893,
    1.757019461293));
#7264 = CARTESIAN_POINT('',(-9.539484841217,-14.65740261785,
    1.840352794915));
#7265 = CARTESIAN_POINT('',(8.311633957578E-02,-18.41593092383,
    1.923686128908));
#7266 = CARTESIAN_POINT('',(9.412595955888,-14.65740261784,
    2.007019462871));
#7267 = CARTESIAN_POINT('',(18.587404044003,2.486675883502E-11,
    2.173686130152));
#7268 = CARTESIAN_POINT('',(9.412595955844,14.657402617878,
    2.340352796197));
#7269 = CARTESIAN_POINT('',(8.311633951412E-02,18.415930923855,
    2.423686128902));
#7270 = CARTESIAN_POINT('',(-9.539484841284,14.657402617863,
    2.507019461598));
#7271 = CARTESIAN_POINT('',(-13.95056277207,7.32870130893,2.590352794625
    ));
#7272 = CARTESIAN_POINT('',(-14.00000000009,4.38414521086E-13,
    2.673686127956));
#7273 = PCURVE('',#2501,#7274);
#7274 = DEFINITIONAL_REPRESENTATION('',(#7275),#7279);
#7275 = LINE('',#7276,#7277);
#7276 = CARTESIAN_POINT('',(4.,0.));
#7277 = VECTOR('',#7278,1.);
#7278 = DIRECTION('',(0.,1.));
#7279 = ( GEOMETRIC_REPRESENTATION_CONTEXT(2) 
PARAMETRIC_REPRESENTATION_CONTEXT() REPRESENTATION_CONTEXT('2D SPACE',''
  ) );
#7280 = PCURVE('',#7281,#7304);
#7281 = ( BOUNDED_SURFACE() B_SPLINE_SURFACE(1,6,(
    (#7282,#7283,#7284,#7285,#7286,#7287,#7288,#7289,#7290,#7291,#7292)
    ,(#7293,#7294,#7295,#7296,#7297,#7298,#7299,#7300,#7301,#7302,#7303
)),.UNSPECIFIED.,.F.,.F.,.F.) B_SPLINE_SURFACE_WITH_KNOTS((2,2),(7,4,7),
(3.,4.),(0.,0.5,1.),.UNSPECIFIED.) GEOMETRIC_REPRESENTATION_ITEM() 
RATIONAL_B_SPLINE_SURFACE((
    (1.,1.,1.,1.,1.,1.,1.,1.,1.,1.,1.)
,(1.,1.,1.,1.,1.,1.,1.,1.,1.,1.,1.
  ))) REPRESENTATION_ITEM('') SURFACE() );
#7282 = CARTESIAN_POINT('',(-14.00000000003,4.2729994373E-13,
    1.726314072119));
#7283 = CARTESIAN_POINT('',(-13.95056277201,-7.32870130893,
    1.809647405455));
#7284 = CARTESIAN_POINT('',(-9.539484841221,-14.65740261785,
    1.892980739077));
#7285 = CARTESIAN_POINT('',(8.311633957224E-02,-18.41593092383,
    1.976314073071));
#7286 = CARTESIAN_POINT('',(9.412595955885,-14.65740261784,
    2.059647407034));
#7287 = CARTESIAN_POINT('',(18.587404044,2.48672992349E-11,
    2.226314074315));
#7288 = CARTESIAN_POINT('',(9.41259595584,14.657402617878,2.39298074036)
  );
#7289 = CARTESIAN_POINT('',(8.311633951058E-02,18.415930923855,
    2.476314073064));
#7290 = CARTESIAN_POINT('',(-9.539484841288,14.657402617863,
    2.559647405761));
#7291 = CARTESIAN_POINT('',(-13.95056277208,7.32870130893,2.642980738788
    ));
#7292 = CARTESIAN_POINT('',(-14.0000000001,4.389549209684E-13,
    2.726314072119));
#7293 = CARTESIAN_POINT('',(-14.00000000003,4.267595438477E-13,
    1.673686127956));
#7294 = CARTESIAN_POINT('',(-13.95056277201,-7.32870130893,
    1.757019461293));
#7295 = CARTESIAN_POINT('',(-9.539484841217,-14.65740261785,
    1.840352794915));
#7296 = CARTESIAN_POINT('',(8.311633957578E-02,-18.41593092383,
    1.923686128908));
#7297 = CARTESIAN_POINT('',(9.412595955888,-14.65740261784,
    2.007019462871));
#7298 = CARTESIAN_POINT('',(18.587404044003,2.486675883502E-11,
    2.173686130152));
#7299 = CARTESIAN_POINT('',(9.412595955844,14.657402617878,
    2.340352796197));
#7300 = CARTESIAN_POINT('',(8.311633951412E-02,18.415930923855,
    2.423686128902));
#7301 = CARTESIAN_POINT('',(-9.539484841284,14.657402617863,
    2.507019461598));
#7302 = CARTESIAN_POINT('',(-13.95056277207,7.32870130893,2.590352794625
    ));
#7303 = CARTESIAN_POINT('',(-14.00000000009,4.38414521086E-13,
    2.673686127956));
#7304 = DEFINITIONAL_REPRESENTATION('',(#7305),#7309);
#7305 = LINE('',#7306,#7307);
#7306 = CARTESIAN_POINT('',(4.,0.));
#7307 = VECTOR('',#7308,1.);
#7308 = DIRECTION('',(0.,1.));
#7309 = ( GEOMETRIC_REPRESENTATION_CONTEXT(2) 
PARAMETRIC_REPRESENTATION_CONTEXT() REPRESENTATION_CONTEXT('2D SPACE',''
  ) );
#7310 = ORIENTED_EDGE('',*,*,#4767,.T.);
#7311 = ORIENTED_EDGE('',*,*,#7224,.T.);
#7312 = ORIENTED_EDGE('',*,*,#2720,.T.);
#7313 = ORIENTED_EDGE('',*,*,#7314,.T.);
#7314 = EDGE_CURVE('',#2648,#2614,#7315,.T.);
#7315 = SURFACE_CURVE('',#7316,(#7328,#7335),.PCURVE_S1.);
#7316 = ( BOUNDED_CURVE() B_SPLINE_CURVE(6,(#7317,#7318,#7319,#7320,
    #7321,#7322,#7323,#7324,#7325,#7326,#7327),.UNSPECIFIED.,.F.,.F.) 
B_SPLINE_CURVE_WITH_KNOTS((7,4,7),(0.,0.5,1.),.UNSPECIFIED.) CURVE() 
GEOMETRIC_REPRESENTATION_ITEM() RATIONAL_B_SPLINE_CURVE((1.,1.,1.,1.,1.,
1.,1.,1.,1.,1.,1.)) REPRESENTATION_ITEM('') );
#7317 = CARTESIAN_POINT('',(-14.55000000002,-5.932152530007E-15,
    1.526314072081));
#7318 = CARTESIAN_POINT('',(-14.49862059533,-7.61661457468,
    1.609647405418));
#7319 = CARTESIAN_POINT('',(-9.914250316764,-15.23322914935,
    1.692980739052));
#7320 = CARTESIAN_POINT('',(8.638162411536E-02,-19.13941392426,
    1.776314073072));
#7321 = CARTESIAN_POINT('',(9.782376511332,-15.23322914934,
    1.859647407059));
#7322 = CARTESIAN_POINT('',(19.31762348858,2.553284226016E-11,
    2.026314074365));
#7323 = CARTESIAN_POINT('',(9.782376511286,15.233229149378,
    2.192980740385));
#7324 = CARTESIAN_POINT('',(8.638162405259E-02,19.139413924289,
    2.276314073065));
#7325 = CARTESIAN_POINT('',(-9.914250316832,15.233229149362,
    2.359647405736));
#7326 = CARTESIAN_POINT('',(-14.49862059539,7.61661457468,2.442980738751
    ));
#7327 = CARTESIAN_POINT('',(-14.55000000008,5.802122233017E-16,
    2.526314072081));
#7328 = PCURVE('',#2501,#7329);
#7329 = DEFINITIONAL_REPRESENTATION('',(#7330),#7334);
#7330 = LINE('',#7331,#7332);
#7331 = CARTESIAN_POINT('',(5.,0.));
#7332 = VECTOR('',#7333,1.);
#7333 = DIRECTION('',(0.,1.));
#7334 = ( GEOMETRIC_REPRESENTATION_CONTEXT(2) 
PARAMETRIC_REPRESENTATION_CONTEXT() REPRESENTATION_CONTEXT('2D SPACE',''
  ) );
#7335 = PCURVE('',#2681,#7336);
#7336 = DEFINITIONAL_REPRESENTATION('',(#7337),#7341);
#7337 = LINE('',#7338,#7339);
#7338 = CARTESIAN_POINT('',(5.,0.));
#7339 = VECTOR('',#7340,1.);
#7340 = DIRECTION('',(0.,1.));
#7341 = ( GEOMETRIC_REPRESENTATION_CONTEXT(2) 
PARAMETRIC_REPRESENTATION_CONTEXT() REPRESENTATION_CONTEXT('2D SPACE',''
  ) );
#7342 = ORIENTED_EDGE('',*,*,#2613,.T.);
#7343 = ORIENTED_EDGE('',*,*,#7344,.T.);
#7344 = EDGE_CURVE('',#2541,#2468,#7345,.T.);
#7345 = SURFACE_CURVE('',#7346,(#7358,#7365),.PCURVE_S1.);
#7346 = ( BOUNDED_CURVE() B_SPLINE_CURVE(6,(#7347,#7348,#7349,#7350,
    #7351,#7352,#7353,#7354,#7355,#7356,#7357),.UNSPECIFIED.,.F.,.F.) 
B_SPLINE_CURVE_WITH_KNOTS((7,4,7),(0.,0.5,1.),.UNSPECIFIED.) CURVE() 
GEOMETRIC_REPRESENTATION_ITEM() RATIONAL_B_SPLINE_CURVE((1.,1.,1.,1.,1.,
1.,1.,1.,1.,1.,1.)) REPRESENTATION_ITEM('') );
#7347 = CARTESIAN_POINT('',(-14.55000000002,-5.932152530007E-15,
    1.526314072081));
#7348 = CARTESIAN_POINT('',(-14.49862059533,-7.61661457468,
    1.609647405418));
#7349 = CARTESIAN_POINT('',(-9.914250316764,-15.23322914935,
    1.692980739052));
#7350 = CARTESIAN_POINT('',(8.638162411536E-02,-19.13941392426,
    1.776314073072));
#7351 = CARTESIAN_POINT('',(9.782376511332,-15.23322914934,
    1.859647407059));
#7352 = CARTESIAN_POINT('',(19.31762348858,2.553284226016E-11,
    2.026314074365));
#7353 = CARTESIAN_POINT('',(9.782376511286,15.233229149378,
    2.192980740385));
#7354 = CARTESIAN_POINT('',(8.638162405259E-02,19.139413924289,
    2.276314073065));
#7355 = CARTESIAN_POINT('',(-9.914250316832,15.233229149362,
    2.359647405736));
#7356 = CARTESIAN_POINT('',(-14.49862059539,7.61661457468,2.442980738751
    ));
#7357 = CARTESIAN_POINT('',(-14.55000000008,5.802122233017E-16,
    2.526314072081));
#7358 = PCURVE('',#2501,#7359);
#7359 = DEFINITIONAL_REPRESENTATION('',(#7360),#7364);
#7360 = LINE('',#7361,#7362);
#7361 = CARTESIAN_POINT('',(5.,0.));
#7362 = VECTOR('',#7363,1.);
#7363 = DIRECTION('',(0.,1.));
#7364 = ( GEOMETRIC_REPRESENTATION_CONTEXT(2) 
PARAMETRIC_REPRESENTATION_CONTEXT() REPRESENTATION_CONTEXT('2D SPACE',''
  ) );
#7365 = PCURVE('',#2574,#7366);
#7366 = DEFINITIONAL_REPRESENTATION('',(#7367),#7371);
#7367 = LINE('',#7368,#7369);
#7368 = CARTESIAN_POINT('',(5.,0.));
#7369 = VECTOR('',#7370,1.);
#7370 = DIRECTION('',(0.,1.));
#7371 = ( GEOMETRIC_REPRESENTATION_CONTEXT(2) 
PARAMETRIC_REPRESENTATION_CONTEXT() REPRESENTATION_CONTEXT('2D SPACE',''
  ) );
#7372 = ORIENTED_EDGE('',*,*,#2467,.T.);
#7373 = ORIENTED_EDGE('',*,*,#6162,.T.);
#7374 = ORIENTED_EDGE('',*,*,#7375,.T.);
#7375 = EDGE_CURVE('',#6090,#6056,#7376,.T.);
#7376 = SURFACE_CURVE('',#7377,(#7389,#7396),.PCURVE_S1.);
#7377 = ( BOUNDED_CURVE() B_SPLINE_CURVE(6,(#7378,#7379,#7380,#7381,
    #7382,#7383,#7384,#7385,#7386,#7387,#7388),.UNSPECIFIED.,.F.,.F.) 
B_SPLINE_CURVE_WITH_KNOTS((7,4,7),(0.,0.5,1.),.UNSPECIFIED.) CURVE() 
GEOMETRIC_REPRESENTATION_ITEM() RATIONAL_B_SPLINE_CURVE((1.,1.,1.,1.,1.,
1.,1.,1.,1.,1.,1.)) REPRESENTATION_ITEM('') );
#7378 = CARTESIAN_POINT('',(-14.55000000002,-5.932152530007E-15,
    1.526314072081));
#7379 = CARTESIAN_POINT('',(-14.49862059533,-7.61661457468,
    1.609647405418));
#7380 = CARTESIAN_POINT('',(-9.914250316764,-15.23322914935,
    1.692980739052));
#7381 = CARTESIAN_POINT('',(8.638162411536E-02,-19.13941392426,
    1.776314073072));
#7382 = CARTESIAN_POINT('',(9.782376511332,-15.23322914934,
    1.859647407059));
#7383 = CARTESIAN_POINT('',(19.31762348858,2.553284226016E-11,
    2.026314074365));
#7384 = CARTESIAN_POINT('',(9.782376511286,15.233229149378,
    2.192980740385));
#7385 = CARTESIAN_POINT('',(8.638162405259E-02,19.139413924289,
    2.276314073065));
#7386 = CARTESIAN_POINT('',(-9.914250316832,15.233229149362,
    2.359647405736));
#7387 = CARTESIAN_POINT('',(-14.49862059539,7.61661457468,2.442980738751
    ));
#7388 = CARTESIAN_POINT('',(-14.55000000008,5.802122233017E-16,
    2.526314072081));
#7389 = PCURVE('',#2501,#7390);
#7390 = DEFINITIONAL_REPRESENTATION('',(#7391),#7395);
#7391 = LINE('',#7392,#7393);
#7392 = CARTESIAN_POINT('',(5.,0.));
#7393 = VECTOR('',#7394,1.);
#7394 = DIRECTION('',(0.,1.));
#7395 = ( GEOMETRIC_REPRESENTATION_CONTEXT(2) 
PARAMETRIC_REPRESENTATION_CONTEXT() REPRESENTATION_CONTEXT('2D SPACE',''
  ) );
#7396 = PCURVE('',#6123,#7397);
#7397 = DEFINITIONAL_REPRESENTATION('',(#7398),#7402);
#7398 = LINE('',#7399,#7400);
#7399 = CARTESIAN_POINT('',(5.,0.));
#7400 = VECTOR('',#7401,1.);
#7401 = DIRECTION('',(0.,1.));
#7402 = ( GEOMETRIC_REPRESENTATION_CONTEXT(2) 
PARAMETRIC_REPRESENTATION_CONTEXT() REPRESENTATION_CONTEXT('2D SPACE',''
  ) );
#7403 = ORIENTED_EDGE('',*,*,#6055,.T.);
#7404 = ORIENTED_EDGE('',*,*,#7405,.T.);
#7405 = EDGE_CURVE('',#5983,#5933,#7406,.T.);
#7406 = SURFACE_CURVE('',#7407,(#7419,#7426),.PCURVE_S1.);
#7407 = ( BOUNDED_CURVE() B_SPLINE_CURVE(6,(#7408,#7409,#7410,#7411,
    #7412,#7413,#7414,#7415,#7416,#7417,#7418),.UNSPECIFIED.,.F.,.F.) 
B_SPLINE_CURVE_WITH_KNOTS((7,4,7),(0.,0.5,1.),.UNSPECIFIED.) CURVE() 
GEOMETRIC_REPRESENTATION_ITEM() RATIONAL_B_SPLINE_CURVE((1.,1.,1.,1.,1.,
1.,1.,1.,1.,1.,1.)) REPRESENTATION_ITEM('') );
#7408 = CARTESIAN_POINT('',(-14.55000000002,-5.932152530007E-15,
    1.526314072081));
#7409 = CARTESIAN_POINT('',(-14.49862059533,-7.61661457468,
    1.609647405418));
#7410 = CARTESIAN_POINT('',(-9.914250316764,-15.23322914935,
    1.692980739052));
#7411 = CARTESIAN_POINT('',(8.638162411536E-02,-19.13941392426,
    1.776314073072));
#7412 = CARTESIAN_POINT('',(9.782376511332,-15.23322914934,
    1.859647407059));
#7413 = CARTESIAN_POINT('',(19.31762348858,2.553284226016E-11,
    2.026314074365));
#7414 = CARTESIAN_POINT('',(9.782376511286,15.233229149378,
    2.192980740385));
#7415 = CARTESIAN_POINT('',(8.638162405259E-02,19.139413924289,
    2.276314073065));
#7416 = CARTESIAN_POINT('',(-9.914250316832,15.233229149362,
    2.359647405736));
#7417 = CARTESIAN_POINT('',(-14.49862059539,7.61661457468,2.442980738751
    ));
#7418 = CARTESIAN_POINT('',(-14.55000000008,5.802122233017E-16,
    2.526314072081));
#7419 = PCURVE('',#2501,#7420);
#7420 = DEFINITIONAL_REPRESENTATION('',(#7421),#7425);
#7421 = LINE('',#7422,#7423);
#7422 = CARTESIAN_POINT('',(5.,0.));
#7423 = VECTOR('',#7424,1.);
#7424 = DIRECTION('',(0.,1.));
#7425 = ( GEOMETRIC_REPRESENTATION_CONTEXT(2) 
PARAMETRIC_REPRESENTATION_CONTEXT() REPRESENTATION_CONTEXT('2D SPACE',''
  ) );
#7426 = PCURVE('',#6016,#7427);
#7427 = DEFINITIONAL_REPRESENTATION('',(#7428),#7432);
#7428 = LINE('',#7429,#7430);
#7429 = CARTESIAN_POINT('',(5.,0.));
#7430 = VECTOR('',#7431,1.);
#7431 = DIRECTION('',(0.,1.));
#7432 = ( GEOMETRIC_REPRESENTATION_CONTEXT(2) 
PARAMETRIC_REPRESENTATION_CONTEXT() REPRESENTATION_CONTEXT('2D SPACE',''
  ) );
#7433 = ORIENTED_EDGE('',*,*,#5932,.T.);
#7434 = ORIENTED_EDGE('',*,*,#7435,.T.);
#7435 = EDGE_CURVE('',#5854,#5781,#7436,.T.);
#7436 = SURFACE_CURVE('',#7437,(#7449,#7456),.PCURVE_S1.);
#7437 = ( BOUNDED_CURVE() B_SPLINE_CURVE(6,(#7438,#7439,#7440,#7441,
    #7442,#7443,#7444,#7445,#7446,#7447,#7448),.UNSPECIFIED.,.F.,.F.) 
B_SPLINE_CURVE_WITH_KNOTS((7,4,7),(0.,0.5,1.),.UNSPECIFIED.) CURVE() 
GEOMETRIC_REPRESENTATION_ITEM() RATIONAL_B_SPLINE_CURVE((1.,1.,1.,1.,1.,
1.,1.,1.,1.,1.,1.)) REPRESENTATION_ITEM('') );
#7438 = CARTESIAN_POINT('',(-14.55000000002,-5.932152530007E-15,
    1.526314072081));
#7439 = CARTESIAN_POINT('',(-14.49862059533,-7.61661457468,
    1.609647405418));
#7440 = CARTESIAN_POINT('',(-9.914250316764,-15.23322914935,
    1.692980739052));
#7441 = CARTESIAN_POINT('',(8.638162411536E-02,-19.13941392426,
    1.776314073072));
#7442 = CARTESIAN_POINT('',(9.782376511332,-15.23322914934,
    1.859647407059));
#7443 = CARTESIAN_POINT('',(19.31762348858,2.553284226016E-11,
    2.026314074365));
#7444 = CARTESIAN_POINT('',(9.782376511286,15.233229149378,
    2.192980740385));
#7445 = CARTESIAN_POINT('',(8.638162405259E-02,19.139413924289,
    2.276314073065));
#7446 = CARTESIAN_POINT('',(-9.914250316832,15.233229149362,
    2.359647405736));
#7447 = CARTESIAN_POINT('',(-14.49862059539,7.61661457468,2.442980738751
    ));
#7448 = CARTESIAN_POINT('',(-14.55000000008,5.802122233017E-16,
    2.526314072081));
#7449 = PCURVE('',#2501,#7450);
#7450 = DEFINITIONAL_REPRESENTATION('',(#7451),#7455);
#7451 = LINE('',#7452,#7453);
#7452 = CARTESIAN_POINT('',(5.,0.));
#7453 = VECTOR('',#7454,1.);
#7454 = DIRECTION('',(0.,1.));
#7455 = ( GEOMETRIC_REPRESENTATION_CONTEXT(2) 
PARAMETRIC_REPRESENTATION_CONTEXT() REPRESENTATION_CONTEXT('2D SPACE',''
  ) );
#7456 = PCURVE('',#5891,#7457);
#7457 = DEFINITIONAL_REPRESENTATION('',(#7458),#7462);
#7458 = LINE('',#7459,#7460);
#7459 = CARTESIAN_POINT('',(5.,0.));
#7460 = VECTOR('',#7461,1.);
#7461 = DIRECTION('',(0.,1.));
#7462 = ( GEOMETRIC_REPRESENTATION_CONTEXT(2) 
PARAMETRIC_REPRESENTATION_CONTEXT() REPRESENTATION_CONTEXT('2D SPACE',''
  ) );
#7463 = ORIENTED_EDGE('',*,*,#7464,.F.);
#7464 = EDGE_CURVE('',#7258,#5781,#7465,.T.);
#7465 = SURFACE_CURVE('',#7466,(#7469,#7475),.PCURVE_S1.);
#7466 = B_SPLINE_CURVE_WITH_KNOTS('',1,(#7467,#7468),.UNSPECIFIED.,.F.,
  .F.,(2,2),(4.,5.),.PIECEWISE_BEZIER_KNOTS.);
#7467 = CARTESIAN_POINT('',(-14.0000000001,-1.129867150627E-12,
    2.673686127812));
#7468 = CARTESIAN_POINT('',(-14.55000000013,-6.397606996032E-17,
    2.526314072081));
#7469 = PCURVE('',#2501,#7470);
#7470 = DEFINITIONAL_REPRESENTATION('',(#7471),#7474);
#7471 = B_SPLINE_CURVE_WITH_KNOTS('',1,(#7472,#7473),.UNSPECIFIED.,.F.,
  .F.,(2,2),(4.,5.),.PIECEWISE_BEZIER_KNOTS.);
#7472 = CARTESIAN_POINT('',(4.,1.));
#7473 = CARTESIAN_POINT('',(5.,1.));
#7474 = ( GEOMETRIC_REPRESENTATION_CONTEXT(2) 
PARAMETRIC_REPRESENTATION_CONTEXT() REPRESENTATION_CONTEXT('2D SPACE',''
  ) );
#7475 = PCURVE('',#5493,#7476);
#7476 = DEFINITIONAL_REPRESENTATION('',(#7477),#7481);
#7477 = LINE('',#7478,#7479);
#7478 = CARTESIAN_POINT('',(0.,0.));
#7479 = VECTOR('',#7480,1.);
#7480 = DIRECTION('',(1.,0.));
#7481 = ( GEOMETRIC_REPRESENTATION_CONTEXT(2) 
PARAMETRIC_REPRESENTATION_CONTEXT() REPRESENTATION_CONTEXT('2D SPACE',''
  ) );
#7482 = ADVANCED_FACE('',(#7483),#2681,.F.);
#7483 = FACE_BOUND('',#7484,.F.);
#7484 = EDGE_LOOP('',(#7485,#7486));
#7485 = ORIENTED_EDGE('',*,*,#7314,.F.);
#7486 = ORIENTED_EDGE('',*,*,#2647,.T.);
#7487 = ADVANCED_FACE('',(#7488),#2574,.F.);
#7488 = FACE_BOUND('',#7489,.F.);
#7489 = EDGE_LOOP('',(#7490,#7491));
#7490 = ORIENTED_EDGE('',*,*,#7344,.F.);
#7491 = ORIENTED_EDGE('',*,*,#2540,.F.);
#7492 = ADVANCED_FACE('',(#7493),#4144,.F.);
#7493 = FACE_BOUND('',#7494,.F.);
#7494 = EDGE_LOOP('',(#7495,#7496,#7497,#7498));
#7495 = ORIENTED_EDGE('',*,*,#4120,.F.);
#7496 = ORIENTED_EDGE('',*,*,#4801,.F.);
#7497 = ORIENTED_EDGE('',*,*,#4327,.T.);
#7498 = ORIENTED_EDGE('',*,*,#7499,.F.);
#7499 = EDGE_CURVE('',#4121,#4330,#7500,.T.);
#7500 = SURFACE_CURVE('',#7501,(#7504,#7511),.PCURVE_S1.);
#7501 = B_SPLINE_CURVE_WITH_KNOTS('',1,(#7502,#7503),.UNSPECIFIED.,.F.,
  .F.,(2,2),(3.,4.),.PIECEWISE_BEZIER_KNOTS.);
#7502 = CARTESIAN_POINT('',(-14.,1.493753774783E-14,0.726314072081));
#7503 = CARTESIAN_POINT('',(-14.,1.493753774783E-14,0.673686127919));
#7504 = PCURVE('',#4144,#7505);
#7505 = DEFINITIONAL_REPRESENTATION('',(#7506),#7510);
#7506 = LINE('',#7507,#7508);
#7507 = CARTESIAN_POINT('',(0.,1.));
#7508 = VECTOR('',#7509,1.);
#7509 = DIRECTION('',(1.,0.));
#7510 = ( GEOMETRIC_REPRESENTATION_CONTEXT(2) 
PARAMETRIC_REPRESENTATION_CONTEXT() REPRESENTATION_CONTEXT('2D SPACE',''
  ) );
#7511 = PCURVE('',#4583,#7512);
#7512 = DEFINITIONAL_REPRESENTATION('',(#7513),#7516);
#7513 = B_SPLINE_CURVE_WITH_KNOTS('',1,(#7514,#7515),.UNSPECIFIED.,.F.,
  .F.,(2,2),(3.,4.),.PIECEWISE_BEZIER_KNOTS.);
#7514 = CARTESIAN_POINT('',(3.,0.));
#7515 = CARTESIAN_POINT('',(4.,0.));
#7516 = ( GEOMETRIC_REPRESENTATION_CONTEXT(2) 
PARAMETRIC_REPRESENTATION_CONTEXT() REPRESENTATION_CONTEXT('2D SPACE',''
  ) );
#7517 = ADVANCED_FACE('',(#7518),#4583,.F.);
#7518 = FACE_BOUND('',#7519,.F.);
#7519 = EDGE_LOOP('',(#7520,#7521,#7522,#7541));
#7520 = ORIENTED_EDGE('',*,*,#7499,.T.);
#7521 = ORIENTED_EDGE('',*,*,#4559,.T.);
#7522 = ORIENTED_EDGE('',*,*,#7523,.F.);
#7523 = EDGE_CURVE('',#6976,#4560,#7524,.T.);
#7524 = SURFACE_CURVE('',#7525,(#7528,#7534),.PCURVE_S1.);
#7525 = B_SPLINE_CURVE_WITH_KNOTS('',1,(#7526,#7527),.UNSPECIFIED.,.F.,
  .F.,(2,2),(3.,4.),.PIECEWISE_BEZIER_KNOTS.);
#7526 = CARTESIAN_POINT('',(-14.00000000003,4.2729994373E-13,
    1.726314072119));
#7527 = CARTESIAN_POINT('',(-14.00000000003,4.267595438477E-13,
    1.673686127956));
#7528 = PCURVE('',#4583,#7529);
#7529 = DEFINITIONAL_REPRESENTATION('',(#7530),#7533);
#7530 = B_SPLINE_CURVE_WITH_KNOTS('',1,(#7531,#7532),.UNSPECIFIED.,.F.,
  .F.,(2,2),(3.,4.),.PIECEWISE_BEZIER_KNOTS.);
#7531 = CARTESIAN_POINT('',(3.,1.));
#7532 = CARTESIAN_POINT('',(4.,1.));
#7533 = ( GEOMETRIC_REPRESENTATION_CONTEXT(2) 
PARAMETRIC_REPRESENTATION_CONTEXT() REPRESENTATION_CONTEXT('2D SPACE',''
  ) );
#7534 = PCURVE('',#7281,#7535);
#7535 = DEFINITIONAL_REPRESENTATION('',(#7536),#7540);
#7536 = LINE('',#7537,#7538);
#7537 = CARTESIAN_POINT('',(0.,0.));
#7538 = VECTOR('',#7539,1.);
#7539 = DIRECTION('',(1.,0.));
#7540 = ( GEOMETRIC_REPRESENTATION_CONTEXT(2) 
PARAMETRIC_REPRESENTATION_CONTEXT() REPRESENTATION_CONTEXT('2D SPACE',''
  ) );
#7541 = ORIENTED_EDGE('',*,*,#6975,.F.);
#7542 = ADVANCED_FACE('',(#7543,#7546),#4899,.F.);
#7543 = FACE_BOUND('',#7544,.F.);
#7544 = EDGE_LOOP('',(#7545));
#7545 = ORIENTED_EDGE('',*,*,#4884,.T.);
#7546 = FACE_BOUND('',#7547,.F.);
#7547 = EDGE_LOOP('',(#7548));
#7548 = ORIENTED_EDGE('',*,*,#7549,.F.);
#7549 = EDGE_CURVE('',#7550,#7550,#7552,.T.);
#7550 = VERTEX_POINT('',#7551);
#7551 = CARTESIAN_POINT('',(13.8,-3.380025165647E-15,3.3));
#7552 = SURFACE_CURVE('',#7553,(#7558,#7565),.PCURVE_S1.);
#7553 = CIRCLE('',#7554,13.8);
#7554 = AXIS2_PLACEMENT_3D('',#7555,#7556,#7557);
#7555 = CARTESIAN_POINT('',(0.,0.,3.3));
#7556 = DIRECTION('',(0.,0.,1.));
#7557 = DIRECTION('',(1.,0.,-0.));
#7558 = PCURVE('',#4899,#7559);
#7559 = DEFINITIONAL_REPRESENTATION('',(#7560),#7564);
#7560 = CIRCLE('',#7561,13.8);
#7561 = AXIS2_PLACEMENT_2D('',#7562,#7563);
#7562 = CARTESIAN_POINT('',(0.,0.));
#7563 = DIRECTION('',(1.,0.));
#7564 = ( GEOMETRIC_REPRESENTATION_CONTEXT(2) 
PARAMETRIC_REPRESENTATION_CONTEXT() REPRESENTATION_CONTEXT('2D SPACE',''
  ) );
#7565 = PCURVE('',#7566,#7571);
#7566 = CYLINDRICAL_SURFACE('',#7567,13.8);
#7567 = AXIS2_PLACEMENT_3D('',#7568,#7569,#7570);
#7568 = CARTESIAN_POINT('',(0.,0.,3.3));
#7569 = DIRECTION('',(0.,0.,1.));
#7570 = DIRECTION('',(1.,0.,-0.));
#7571 = DEFINITIONAL_REPRESENTATION('',(#7572),#7576);
#7572 = LINE('',#7573,#7574);
#7573 = CARTESIAN_POINT('',(0.,0.));
#7574 = VECTOR('',#7575,1.);
#7575 = DIRECTION('',(1.,0.));
#7576 = ( GEOMETRIC_REPRESENTATION_CONTEXT(2) 
PARAMETRIC_REPRESENTATION_CONTEXT() REPRESENTATION_CONTEXT('2D SPACE',''
  ) );
#7577 = ADVANCED_FACE('',(#7578),#4946,.F.);
#7578 = FACE_BOUND('',#7579,.F.);
#7579 = EDGE_LOOP('',(#7580,#7609,#7610,#7641,#7660,#7689,#7690,#7719,
    #7720,#7749,#7750,#7751,#7780,#7781,#7810));
#7580 = ORIENTED_EDGE('',*,*,#7581,.F.);
#7581 = EDGE_CURVE('',#6507,#6586,#7582,.T.);
#7582 = SURFACE_CURVE('',#7583,(#7595,#7602),.PCURVE_S1.);
#7583 = ( BOUNDED_CURVE() B_SPLINE_CURVE(6,(#7584,#7585,#7586,#7587,
    #7588,#7589,#7590,#7591,#7592,#7593,#7594),.UNSPECIFIED.,.F.,.F.) 
B_SPLINE_CURVE_WITH_KNOTS((7,4,7),(0.,0.5,1.),.UNSPECIFIED.) CURVE() 
GEOMETRIC_REPRESENTATION_ITEM() RATIONAL_B_SPLINE_CURVE((1.,1.,1.,1.,1.,
1.,1.,1.,1.,1.,1.)) REPRESENTATION_ITEM('') );
#7584 = CARTESIAN_POINT('',(-14.55000000004,-2.365229651234E-15,
    1.873686127919));
#7585 = CARTESIAN_POINT('',(-14.49862059535,-7.61661457468,
    1.957019461256));
#7586 = CARTESIAN_POINT('',(-9.914250316787,-15.23322914935,
    2.040352794889));
#7587 = CARTESIAN_POINT('',(8.638162409195E-02,-19.13941392426,
    2.123686128909));
#7588 = CARTESIAN_POINT('',(9.782376511308,-15.23322914934,
    2.207019462896));
#7589 = CARTESIAN_POINT('',(19.317623488557,2.553640918304E-11,
    2.373686130202));
#7590 = CARTESIAN_POINT('',(9.782376511263,15.233229149378,
    2.540352796222));
#7591 = CARTESIAN_POINT('',(8.638162402917E-02,19.139413924289,
    2.623686128902));
#7592 = CARTESIAN_POINT('',(-9.914250316855,15.233229149362,
    2.707019461573));
#7593 = CARTESIAN_POINT('',(-14.49862059542,7.61661457468,2.790352794588
    ));
#7594 = CARTESIAN_POINT('',(-14.55000000011,4.147135102075E-15,
    2.873686127919));
#7595 = PCURVE('',#4946,#7596);
#7596 = DEFINITIONAL_REPRESENTATION('',(#7597),#7601);
#7597 = LINE('',#7598,#7599);
#7598 = CARTESIAN_POINT('',(2.,0.));
#7599 = VECTOR('',#7600,1.);
#7600 = DIRECTION('',(0.,1.));
#7601 = ( GEOMETRIC_REPRESENTATION_CONTEXT(2) 
PARAMETRIC_REPRESENTATION_CONTEXT() REPRESENTATION_CONTEXT('2D SPACE',''
  ) );
#7602 = PCURVE('',#6623,#7603);
#7603 = DEFINITIONAL_REPRESENTATION('',(#7604),#7608);
#7604 = LINE('',#7605,#7606);
#7605 = CARTESIAN_POINT('',(2.,0.));
#7606 = VECTOR('',#7607,1.);
#7607 = DIRECTION('',(0.,1.));
#7608 = ( GEOMETRIC_REPRESENTATION_CONTEXT(2) 
PARAMETRIC_REPRESENTATION_CONTEXT() REPRESENTATION_CONTEXT('2D SPACE',''
  ) );
#7609 = ORIENTED_EDGE('',*,*,#7006,.T.);
#7610 = ORIENTED_EDGE('',*,*,#7611,.T.);
#7611 = EDGE_CURVE('',#6976,#7612,#7614,.T.);
#7612 = VERTEX_POINT('',#7613);
#7613 = CARTESIAN_POINT('',(-14.00000000009,-3.45088318363E-13,
    2.726314072047));
#7614 = SURFACE_CURVE('',#7615,(#7627,#7634),.PCURVE_S1.);
#7615 = ( BOUNDED_CURVE() B_SPLINE_CURVE(6,(#7616,#7617,#7618,#7619,
    #7620,#7621,#7622,#7623,#7624,#7625,#7626),.UNSPECIFIED.,.F.,.F.) 
B_SPLINE_CURVE_WITH_KNOTS((7,4,7),(0.,0.5,1.),.UNSPECIFIED.) CURVE() 
GEOMETRIC_REPRESENTATION_ITEM() RATIONAL_B_SPLINE_CURVE((1.,1.,1.,1.,1.,
1.,1.,1.,1.,1.,1.)) REPRESENTATION_ITEM('') );
#7616 = CARTESIAN_POINT('',(-14.00000000003,4.2729994373E-13,
    1.726314072119));
#7617 = CARTESIAN_POINT('',(-13.95056277201,-7.32870130893,
    1.809647405455));
#7618 = CARTESIAN_POINT('',(-9.539484841221,-14.65740261785,
    1.892980739077));
#7619 = CARTESIAN_POINT('',(8.311633957224E-02,-18.41593092383,
    1.976314073071));
#7620 = CARTESIAN_POINT('',(9.412595955885,-14.65740261784,
    2.059647407034));
#7621 = CARTESIAN_POINT('',(18.587404044,2.48672992349E-11,
    2.226314074315));
#7622 = CARTESIAN_POINT('',(9.41259595584,14.657402617878,2.39298074036)
  );
#7623 = CARTESIAN_POINT('',(8.311633951058E-02,18.415930923855,
    2.476314073064));
#7624 = CARTESIAN_POINT('',(-9.539484841288,14.657402617863,
    2.559647405761));
#7625 = CARTESIAN_POINT('',(-13.95056277208,7.32870130893,2.642980738788
    ));
#7626 = CARTESIAN_POINT('',(-14.0000000001,4.389549209684E-13,
    2.726314072119));
#7627 = PCURVE('',#4946,#7628);
#7628 = DEFINITIONAL_REPRESENTATION('',(#7629),#7633);
#7629 = LINE('',#7630,#7631);
#7630 = CARTESIAN_POINT('',(3.,0.));
#7631 = VECTOR('',#7632,1.);
#7632 = DIRECTION('',(0.,1.));
#7633 = ( GEOMETRIC_REPRESENTATION_CONTEXT(2) 
PARAMETRIC_REPRESENTATION_CONTEXT() REPRESENTATION_CONTEXT('2D SPACE',''
  ) );
#7634 = PCURVE('',#7281,#7635);
#7635 = DEFINITIONAL_REPRESENTATION('',(#7636),#7640);
#7636 = LINE('',#7637,#7638);
#7637 = CARTESIAN_POINT('',(3.,0.));
#7638 = VECTOR('',#7639,1.);
#7639 = DIRECTION('',(0.,1.));
#7640 = ( GEOMETRIC_REPRESENTATION_CONTEXT(2) 
PARAMETRIC_REPRESENTATION_CONTEXT() REPRESENTATION_CONTEXT('2D SPACE',''
  ) );
#7641 = ORIENTED_EDGE('',*,*,#7642,.F.);
#7642 = EDGE_CURVE('',#5216,#7612,#7643,.T.);
#7643 = SURFACE_CURVE('',#7644,(#7647,#7653),.PCURVE_S1.);
#7644 = B_SPLINE_CURVE_WITH_KNOTS('',1,(#7645,#7646),.UNSPECIFIED.,.F.,
  .F.,(2,2),(2.,3.),.PIECEWISE_BEZIER_KNOTS.);
#7645 = CARTESIAN_POINT('',(-14.55000000006,4.791323395353E-15,
    2.873686127919));
#7646 = CARTESIAN_POINT('',(-14.00000000009,-1.129131557694E-12,
    2.726314071975));
#7647 = PCURVE('',#4946,#7648);
#7648 = DEFINITIONAL_REPRESENTATION('',(#7649),#7652);
#7649 = B_SPLINE_CURVE_WITH_KNOTS('',1,(#7650,#7651),.UNSPECIFIED.,.F.,
  .F.,(2,2),(2.,3.),.PIECEWISE_BEZIER_KNOTS.);
#7650 = CARTESIAN_POINT('',(2.,1.));
#7651 = CARTESIAN_POINT('',(3.,1.));
#7652 = ( GEOMETRIC_REPRESENTATION_CONTEXT(2) 
PARAMETRIC_REPRESENTATION_CONTEXT() REPRESENTATION_CONTEXT('2D SPACE',''
  ) );
#7653 = PCURVE('',#5395,#7654);
#7654 = DEFINITIONAL_REPRESENTATION('',(#7655),#7659);
#7655 = LINE('',#7656,#7657);
#7656 = CARTESIAN_POINT('',(0.,0.));
#7657 = VECTOR('',#7658,1.);
#7658 = DIRECTION('',(1.,0.));
#7659 = ( GEOMETRIC_REPRESENTATION_CONTEXT(2) 
PARAMETRIC_REPRESENTATION_CONTEXT() REPRESENTATION_CONTEXT('2D SPACE',''
  ) );
#7660 = ORIENTED_EDGE('',*,*,#7661,.F.);
#7661 = EDGE_CURVE('',#5166,#5216,#7662,.T.);
#7662 = SURFACE_CURVE('',#7663,(#7675,#7682),.PCURVE_S1.);
#7663 = ( BOUNDED_CURVE() B_SPLINE_CURVE(6,(#7664,#7665,#7666,#7667,
    #7668,#7669,#7670,#7671,#7672,#7673,#7674),.UNSPECIFIED.,.F.,.F.) 
B_SPLINE_CURVE_WITH_KNOTS((7,4,7),(0.,0.5,1.),.UNSPECIFIED.) CURVE() 
GEOMETRIC_REPRESENTATION_ITEM() RATIONAL_B_SPLINE_CURVE((1.,1.,1.,1.,1.,
1.,1.,1.,1.,1.,1.)) REPRESENTATION_ITEM('') );
#7664 = CARTESIAN_POINT('',(-14.55000000004,-2.365229651234E-15,
    1.873686127919));
#7665 = CARTESIAN_POINT('',(-14.49862059535,-7.61661457468,
    1.957019461256));
#7666 = CARTESIAN_POINT('',(-9.914250316787,-15.23322914935,
    2.040352794889));
#7667 = CARTESIAN_POINT('',(8.638162409195E-02,-19.13941392426,
    2.123686128909));
#7668 = CARTESIAN_POINT('',(9.782376511308,-15.23322914934,
    2.207019462896));
#7669 = CARTESIAN_POINT('',(19.317623488557,2.553640918304E-11,
    2.373686130202));
#7670 = CARTESIAN_POINT('',(9.782376511263,15.233229149378,
    2.540352796222));
#7671 = CARTESIAN_POINT('',(8.638162402917E-02,19.139413924289,
    2.623686128902));
#7672 = CARTESIAN_POINT('',(-9.914250316855,15.233229149362,
    2.707019461573));
#7673 = CARTESIAN_POINT('',(-14.49862059542,7.61661457468,2.790352794588
    ));
#7674 = CARTESIAN_POINT('',(-14.55000000011,4.147135102075E-15,
    2.873686127919));
#7675 = PCURVE('',#4946,#7676);
#7676 = DEFINITIONAL_REPRESENTATION('',(#7677),#7681);
#7677 = LINE('',#7678,#7679);
#7678 = CARTESIAN_POINT('',(2.,0.));
#7679 = VECTOR('',#7680,1.);
#7680 = DIRECTION('',(0.,1.));
#7681 = ( GEOMETRIC_REPRESENTATION_CONTEXT(2) 
PARAMETRIC_REPRESENTATION_CONTEXT() REPRESENTATION_CONTEXT('2D SPACE',''
  ) );
#7682 = PCURVE('',#5253,#7683);
#7683 = DEFINITIONAL_REPRESENTATION('',(#7684),#7688);
#7684 = LINE('',#7685,#7686);
#7685 = CARTESIAN_POINT('',(2.,0.));
#7686 = VECTOR('',#7687,1.);
#7687 = DIRECTION('',(0.,1.));
#7688 = ( GEOMETRIC_REPRESENTATION_CONTEXT(2) 
PARAMETRIC_REPRESENTATION_CONTEXT() REPRESENTATION_CONTEXT('2D SPACE',''
  ) );
#7689 = ORIENTED_EDGE('',*,*,#5165,.T.);
#7690 = ORIENTED_EDGE('',*,*,#7691,.F.);
#7691 = EDGE_CURVE('',#5059,#5093,#7692,.T.);
#7692 = SURFACE_CURVE('',#7693,(#7705,#7712),.PCURVE_S1.);
#7693 = ( BOUNDED_CURVE() B_SPLINE_CURVE(6,(#7694,#7695,#7696,#7697,
    #7698,#7699,#7700,#7701,#7702,#7703,#7704),.UNSPECIFIED.,.F.,.F.) 
B_SPLINE_CURVE_WITH_KNOTS((7,4,7),(0.,0.5,1.),.UNSPECIFIED.) CURVE() 
GEOMETRIC_REPRESENTATION_ITEM() RATIONAL_B_SPLINE_CURVE((1.,1.,1.,1.,1.,
1.,1.,1.,1.,1.,1.)) REPRESENTATION_ITEM('') );
#7694 = CARTESIAN_POINT('',(-14.55000000004,-2.365229651234E-15,
    1.873686127919));
#7695 = CARTESIAN_POINT('',(-14.49862059535,-7.61661457468,
    1.957019461256));
#7696 = CARTESIAN_POINT('',(-9.914250316787,-15.23322914935,
    2.040352794889));
#7697 = CARTESIAN_POINT('',(8.638162409195E-02,-19.13941392426,
    2.123686128909));
#7698 = CARTESIAN_POINT('',(9.782376511308,-15.23322914934,
    2.207019462896));
#7699 = CARTESIAN_POINT('',(19.317623488557,2.553640918304E-11,
    2.373686130202));
#7700 = CARTESIAN_POINT('',(9.782376511263,15.233229149378,
    2.540352796222));
#7701 = CARTESIAN_POINT('',(8.638162402917E-02,19.139413924289,
    2.623686128902));
#7702 = CARTESIAN_POINT('',(-9.914250316855,15.233229149362,
    2.707019461573));
#7703 = CARTESIAN_POINT('',(-14.49862059542,7.61661457468,2.790352794588
    ));
#7704 = CARTESIAN_POINT('',(-14.55000000011,4.147135102075E-15,
    2.873686127919));
#7705 = PCURVE('',#4946,#7706);
#7706 = DEFINITIONAL_REPRESENTATION('',(#7707),#7711);
#7707 = LINE('',#7708,#7709);
#7708 = CARTESIAN_POINT('',(2.,0.));
#7709 = VECTOR('',#7710,1.);
#7710 = DIRECTION('',(0.,1.));
#7711 = ( GEOMETRIC_REPRESENTATION_CONTEXT(2) 
PARAMETRIC_REPRESENTATION_CONTEXT() REPRESENTATION_CONTEXT('2D SPACE',''
  ) );
#7712 = PCURVE('',#5126,#7713);
#7713 = DEFINITIONAL_REPRESENTATION('',(#7714),#7718);
#7714 = LINE('',#7715,#7716);
#7715 = CARTESIAN_POINT('',(2.,0.));
#7716 = VECTOR('',#7717,1.);
#7717 = DIRECTION('',(0.,1.));
#7718 = ( GEOMETRIC_REPRESENTATION_CONTEXT(2) 
PARAMETRIC_REPRESENTATION_CONTEXT() REPRESENTATION_CONTEXT('2D SPACE',''
  ) );
#7719 = ORIENTED_EDGE('',*,*,#5058,.F.);
#7720 = ORIENTED_EDGE('',*,*,#7721,.F.);
#7721 = EDGE_CURVE('',#4913,#4986,#7722,.T.);
#7722 = SURFACE_CURVE('',#7723,(#7735,#7742),.PCURVE_S1.);
#7723 = ( BOUNDED_CURVE() B_SPLINE_CURVE(6,(#7724,#7725,#7726,#7727,
    #7728,#7729,#7730,#7731,#7732,#7733,#7734),.UNSPECIFIED.,.F.,.F.) 
B_SPLINE_CURVE_WITH_KNOTS((7,4,7),(0.,0.5,1.),.UNSPECIFIED.) CURVE() 
GEOMETRIC_REPRESENTATION_ITEM() RATIONAL_B_SPLINE_CURVE((1.,1.,1.,1.,1.,
1.,1.,1.,1.,1.,1.)) REPRESENTATION_ITEM('') );
#7724 = CARTESIAN_POINT('',(-14.55000000004,-2.365229651234E-15,
    1.873686127919));
#7725 = CARTESIAN_POINT('',(-14.49862059535,-7.61661457468,
    1.957019461256));
#7726 = CARTESIAN_POINT('',(-9.914250316787,-15.23322914935,
    2.040352794889));
#7727 = CARTESIAN_POINT('',(8.638162409195E-02,-19.13941392426,
    2.123686128909));
#7728 = CARTESIAN_POINT('',(9.782376511308,-15.23322914934,
    2.207019462896));
#7729 = CARTESIAN_POINT('',(19.317623488557,2.553640918304E-11,
    2.373686130202));
#7730 = CARTESIAN_POINT('',(9.782376511263,15.233229149378,
    2.540352796222));
#7731 = CARTESIAN_POINT('',(8.638162402917E-02,19.139413924289,
    2.623686128902));
#7732 = CARTESIAN_POINT('',(-9.914250316855,15.233229149362,
    2.707019461573));
#7733 = CARTESIAN_POINT('',(-14.49862059542,7.61661457468,2.790352794588
    ));
#7734 = CARTESIAN_POINT('',(-14.55000000011,4.147135102075E-15,
    2.873686127919));
#7735 = PCURVE('',#4946,#7736);
#7736 = DEFINITIONAL_REPRESENTATION('',(#7737),#7741);
#7737 = LINE('',#7738,#7739);
#7738 = CARTESIAN_POINT('',(2.,0.));
#7739 = VECTOR('',#7740,1.);
#7740 = DIRECTION('',(0.,1.));
#7741 = ( GEOMETRIC_REPRESENTATION_CONTEXT(2) 
PARAMETRIC_REPRESENTATION_CONTEXT() REPRESENTATION_CONTEXT('2D SPACE',''
  ) );
#7742 = PCURVE('',#5019,#7743);
#7743 = DEFINITIONAL_REPRESENTATION('',(#7744),#7748);
#7744 = LINE('',#7745,#7746);
#7745 = CARTESIAN_POINT('',(2.,0.));
#7746 = VECTOR('',#7747,1.);
#7747 = DIRECTION('',(0.,1.));
#7748 = ( GEOMETRIC_REPRESENTATION_CONTEXT(2) 
PARAMETRIC_REPRESENTATION_CONTEXT() REPRESENTATION_CONTEXT('2D SPACE',''
  ) );
#7749 = ORIENTED_EDGE('',*,*,#4912,.T.);
#7750 = ORIENTED_EDGE('',*,*,#6894,.F.);
#7751 = ORIENTED_EDGE('',*,*,#7752,.F.);
#7752 = EDGE_CURVE('',#6788,#6822,#7753,.T.);
#7753 = SURFACE_CURVE('',#7754,(#7766,#7773),.PCURVE_S1.);
#7754 = ( BOUNDED_CURVE() B_SPLINE_CURVE(6,(#7755,#7756,#7757,#7758,
    #7759,#7760,#7761,#7762,#7763,#7764,#7765),.UNSPECIFIED.,.F.,.F.) 
B_SPLINE_CURVE_WITH_KNOTS((7,4,7),(0.,0.5,1.),.UNSPECIFIED.) CURVE() 
GEOMETRIC_REPRESENTATION_ITEM() RATIONAL_B_SPLINE_CURVE((1.,1.,1.,1.,1.,
1.,1.,1.,1.,1.,1.)) REPRESENTATION_ITEM('') );
#7755 = CARTESIAN_POINT('',(-14.55000000004,-2.365229651234E-15,
    1.873686127919));
#7756 = CARTESIAN_POINT('',(-14.49862059535,-7.61661457468,
    1.957019461256));
#7757 = CARTESIAN_POINT('',(-9.914250316787,-15.23322914935,
    2.040352794889));
#7758 = CARTESIAN_POINT('',(8.638162409195E-02,-19.13941392426,
    2.123686128909));
#7759 = CARTESIAN_POINT('',(9.782376511308,-15.23322914934,
    2.207019462896));
#7760 = CARTESIAN_POINT('',(19.317623488557,2.553640918304E-11,
    2.373686130202));
#7761 = CARTESIAN_POINT('',(9.782376511263,15.233229149378,
    2.540352796222));
#7762 = CARTESIAN_POINT('',(8.638162402917E-02,19.139413924289,
    2.623686128902));
#7763 = CARTESIAN_POINT('',(-9.914250316855,15.233229149362,
    2.707019461573));
#7764 = CARTESIAN_POINT('',(-14.49862059542,7.61661457468,2.790352794588
    ));
#7765 = CARTESIAN_POINT('',(-14.55000000011,4.147135102075E-15,
    2.873686127919));
#7766 = PCURVE('',#4946,#7767);
#7767 = DEFINITIONAL_REPRESENTATION('',(#7768),#7772);
#7768 = LINE('',#7769,#7770);
#7769 = CARTESIAN_POINT('',(2.,0.));
#7770 = VECTOR('',#7771,1.);
#7771 = DIRECTION('',(0.,1.));
#7772 = ( GEOMETRIC_REPRESENTATION_CONTEXT(2) 
PARAMETRIC_REPRESENTATION_CONTEXT() REPRESENTATION_CONTEXT('2D SPACE',''
  ) );
#7773 = PCURVE('',#6855,#7774);
#7774 = DEFINITIONAL_REPRESENTATION('',(#7775),#7779);
#7775 = LINE('',#7776,#7777);
#7776 = CARTESIAN_POINT('',(2.,0.));
#7777 = VECTOR('',#7778,1.);
#7778 = DIRECTION('',(0.,1.));
#7779 = ( GEOMETRIC_REPRESENTATION_CONTEXT(2) 
PARAMETRIC_REPRESENTATION_CONTEXT() REPRESENTATION_CONTEXT('2D SPACE',''
  ) );
#7780 = ORIENTED_EDGE('',*,*,#6787,.F.);
#7781 = ORIENTED_EDGE('',*,*,#7782,.F.);
#7782 = EDGE_CURVE('',#6665,#6715,#7783,.T.);
#7783 = SURFACE_CURVE('',#7784,(#7796,#7803),.PCURVE_S1.);
#7784 = ( BOUNDED_CURVE() B_SPLINE_CURVE(6,(#7785,#7786,#7787,#7788,
    #7789,#7790,#7791,#7792,#7793,#7794,#7795),.UNSPECIFIED.,.F.,.F.) 
B_SPLINE_CURVE_WITH_KNOTS((7,4,7),(0.,0.5,1.),.UNSPECIFIED.) CURVE() 
GEOMETRIC_REPRESENTATION_ITEM() RATIONAL_B_SPLINE_CURVE((1.,1.,1.,1.,1.,
1.,1.,1.,1.,1.,1.)) REPRESENTATION_ITEM('') );
#7785 = CARTESIAN_POINT('',(-14.55000000004,-2.365229651234E-15,
    1.873686127919));
#7786 = CARTESIAN_POINT('',(-14.49862059535,-7.61661457468,
    1.957019461256));
#7787 = CARTESIAN_POINT('',(-9.914250316787,-15.23322914935,
    2.040352794889));
#7788 = CARTESIAN_POINT('',(8.638162409195E-02,-19.13941392426,
    2.123686128909));
#7789 = CARTESIAN_POINT('',(9.782376511308,-15.23322914934,
    2.207019462896));
#7790 = CARTESIAN_POINT('',(19.317623488557,2.553640918304E-11,
    2.373686130202));
#7791 = CARTESIAN_POINT('',(9.782376511263,15.233229149378,
    2.540352796222));
#7792 = CARTESIAN_POINT('',(8.638162402917E-02,19.139413924289,
    2.623686128902));
#7793 = CARTESIAN_POINT('',(-9.914250316855,15.233229149362,
    2.707019461573));
#7794 = CARTESIAN_POINT('',(-14.49862059542,7.61661457468,2.790352794588
    ));
#7795 = CARTESIAN_POINT('',(-14.55000000011,4.147135102075E-15,
    2.873686127919));
#7796 = PCURVE('',#4946,#7797);
#7797 = DEFINITIONAL_REPRESENTATION('',(#7798),#7802);
#7798 = LINE('',#7799,#7800);
#7799 = CARTESIAN_POINT('',(2.,0.));
#7800 = VECTOR('',#7801,1.);
#7801 = DIRECTION('',(0.,1.));
#7802 = ( GEOMETRIC_REPRESENTATION_CONTEXT(2) 
PARAMETRIC_REPRESENTATION_CONTEXT() REPRESENTATION_CONTEXT('2D SPACE',''
  ) );
#7803 = PCURVE('',#6748,#7804);
#7804 = DEFINITIONAL_REPRESENTATION('',(#7805),#7809);
#7805 = LINE('',#7806,#7807);
#7806 = CARTESIAN_POINT('',(2.,0.));
#7807 = VECTOR('',#7808,1.);
#7808 = DIRECTION('',(0.,1.));
#7809 = ( GEOMETRIC_REPRESENTATION_CONTEXT(2) 
PARAMETRIC_REPRESENTATION_CONTEXT() REPRESENTATION_CONTEXT('2D SPACE',''
  ) );
#7810 = ORIENTED_EDGE('',*,*,#6664,.T.);
#7811 = ADVANCED_FACE('',(#7812),#5019,.F.);
#7812 = FACE_BOUND('',#7813,.F.);
#7813 = EDGE_LOOP('',(#7814,#7815));
#7814 = ORIENTED_EDGE('',*,*,#7721,.T.);
#7815 = ORIENTED_EDGE('',*,*,#4985,.F.);
#7816 = ADVANCED_FACE('',(#7817),#5126,.F.);
#7817 = FACE_BOUND('',#7818,.F.);
#7818 = EDGE_LOOP('',(#7819,#7820));
#7819 = ORIENTED_EDGE('',*,*,#7691,.T.);
#7820 = ORIENTED_EDGE('',*,*,#5092,.T.);
#7821 = ADVANCED_FACE('',(#7822),#5253,.F.);
#7822 = FACE_BOUND('',#7823,.F.);
#7823 = EDGE_LOOP('',(#7824,#7825));
#7824 = ORIENTED_EDGE('',*,*,#7661,.T.);
#7825 = ORIENTED_EDGE('',*,*,#5215,.T.);
#7826 = ADVANCED_FACE('',(#7827),#5324,.F.);
#7827 = FACE_BOUND('',#7828,.F.);
#7828 = EDGE_LOOP('',(#7829,#7830));
#7829 = ORIENTED_EDGE('',*,*,#5294,.F.);
#7830 = ORIENTED_EDGE('',*,*,#7831,.T.);
#7831 = EDGE_CURVE('',#5216,#5295,#7832,.T.);
#7832 = SURFACE_CURVE('',#7833,(#7845,#7852),.PCURVE_S1.);
#7833 = ( BOUNDED_CURVE() B_SPLINE_CURVE(6,(#7834,#7835,#7836,#7837,
    #7838,#7839,#7840,#7841,#7842,#7843,#7844),.UNSPECIFIED.,.F.,.F.) 
B_SPLINE_CURVE_WITH_KNOTS((7,4,7),(0.,0.5,1.),.UNSPECIFIED.) CURVE() 
GEOMETRIC_REPRESENTATION_ITEM() RATIONAL_B_SPLINE_CURVE((1.,1.,1.,1.,1.,
1.,1.,1.,1.,1.,1.)) REPRESENTATION_ITEM('') );
#7834 = CARTESIAN_POINT('',(-14.55000000006,4.791323395353E-15,
    2.873686127919));
#7835 = CARTESIAN_POINT('',(-14.53910376764,-6.097654435613,
    2.940352794596));
#7836 = CARTESIAN_POINT('',(-11.51805093523,-12.17914104215,
    3.007019460645));
#7837 = CARTESIAN_POINT('',(-5.303418628659,-16.38457748195,
    3.073686126149));
#7838 = CARTESIAN_POINT('',(2.131612461861,-16.61418552684,
    3.140352791356));
#7839 = CARTESIAN_POINT('',(14.246721363159,-10.35084895505,
    3.273686122354));
#7840 = CARTESIAN_POINT('',(16.459733884404,3.106781753288,
    3.407019455265));
#7841 = CARTESIAN_POINT('',(13.94381269649,10.106963732868,
    3.473686122395));
#7842 = CARTESIAN_POINT('',(8.023777970062,14.717878955772,
    3.540352790243));
#7843 = CARTESIAN_POINT('',(1.306383838054,15.71178822564,3.607019458175
    ));
#7844 = CARTESIAN_POINT('',(-4.496197268036,13.837872312071,
    3.673686125975));
#7845 = PCURVE('',#5324,#7846);
#7846 = DEFINITIONAL_REPRESENTATION('',(#7847),#7851);
#7847 = LINE('',#7848,#7849);
#7848 = CARTESIAN_POINT('',(2.,0.));
#7849 = VECTOR('',#7850,1.);
#7850 = DIRECTION('',(0.,1.));
#7851 = ( GEOMETRIC_REPRESENTATION_CONTEXT(2) 
PARAMETRIC_REPRESENTATION_CONTEXT() REPRESENTATION_CONTEXT('2D SPACE',''
  ) );
#7852 = PCURVE('',#5395,#7853);
#7853 = DEFINITIONAL_REPRESENTATION('',(#7854),#7858);
#7854 = LINE('',#7855,#7856);
#7855 = CARTESIAN_POINT('',(2.,0.));
#7856 = VECTOR('',#7857,1.);
#7857 = DIRECTION('',(0.,1.));
#7858 = ( GEOMETRIC_REPRESENTATION_CONTEXT(2) 
PARAMETRIC_REPRESENTATION_CONTEXT() REPRESENTATION_CONTEXT('2D SPACE',''
  ) );
#7859 = ADVANCED_FACE('',(#7860),#5395,.F.);
#7860 = FACE_BOUND('',#7861,.F.);
#7861 = EDGE_LOOP('',(#7862,#7863,#7864,#7918,#7988,#8054));
#7862 = ORIENTED_EDGE('',*,*,#7831,.F.);
#7863 = ORIENTED_EDGE('',*,*,#7642,.T.);
#7864 = ORIENTED_EDGE('',*,*,#7865,.T.);
#7865 = EDGE_CURVE('',#7612,#7866,#7868,.T.);
#7866 = VERTEX_POINT('',#7867);
#7867 = CARTESIAN_POINT('',(-13.99745308702,-0.245168063221,
    2.729100105091));
#7868 = SURFACE_CURVE('',#7869,(#7881,#7888),.PCURVE_S1.);
#7869 = ( BOUNDED_CURVE() B_SPLINE_CURVE(6,(#7870,#7871,#7872,#7873,
    #7874,#7875,#7876,#7877,#7878,#7879,#7880),.UNSPECIFIED.,.F.,.F.) 
B_SPLINE_CURVE_WITH_KNOTS((7,4,7),(0.,0.5,1.),.UNSPECIFIED.) CURVE() 
GEOMETRIC_REPRESENTATION_ITEM() RATIONAL_B_SPLINE_CURVE((1.,1.,1.,1.,1.,
1.,1.,1.,1.,1.,1.)) REPRESENTATION_ITEM('') );
#7870 = CARTESIAN_POINT('',(-14.00000000009,-1.129131557694E-12,
    2.726314071975));
#7871 = CARTESIAN_POINT('',(-13.98951565244,-5.867158907085,
    2.792980738653));
#7872 = CARTESIAN_POINT('',(-11.08266069455,-11.71876113969,
    2.859647404724));
#7873 = CARTESIAN_POINT('',(-5.102945759197,-15.76522919286,
    2.926314070273));
#7874 = CARTESIAN_POINT('',(2.051036045941,-15.98615789505,
    2.992980735535));
#7875 = CARTESIAN_POINT('',(13.708185504008,-9.959579750544,
    3.126314066621));
#7876 = CARTESIAN_POINT('',(15.83754463089,2.989343267525,3.259647399548
    ));
#7877 = CARTESIAN_POINT('',(13.416726993846,9.724913557235,3.32631406666
    ));
#7878 = CARTESIAN_POINT('',(7.720473647395,14.16153301648,3.392980734465
    ));
#7879 = CARTESIAN_POINT('',(1.257001631151,15.117871831931,
    3.459647402347));
#7880 = CARTESIAN_POINT('',(-4.32623792116,13.314791228108,
    3.526314070106));
#7881 = PCURVE('',#5395,#7882);
#7882 = DEFINITIONAL_REPRESENTATION('',(#7883),#7887);
#7883 = LINE('',#7884,#7885);
#7884 = CARTESIAN_POINT('',(3.,0.));
#7885 = VECTOR('',#7886,1.);
#7886 = DIRECTION('',(0.,1.));
#7887 = ( GEOMETRIC_REPRESENTATION_CONTEXT(2) 
PARAMETRIC_REPRESENTATION_CONTEXT() REPRESENTATION_CONTEXT('2D SPACE',''
  ) );
#7888 = PCURVE('',#7889,#7912);
#7889 = ( BOUNDED_SURFACE() B_SPLINE_SURFACE(1,6,(
    (#7890,#7891,#7892,#7893,#7894,#7895,#7896,#7897,#7898,#7899,#7900)
    ,(#7901,#7902,#7903,#7904,#7905,#7906,#7907,#7908,#7909,#7910,#7911
)),.UNSPECIFIED.,.F.,.F.,.F.) B_SPLINE_SURFACE_WITH_KNOTS((2,2),(7,4,7),
(3.,4.),(0.,0.5,1.),.UNSPECIFIED.) GEOMETRIC_REPRESENTATION_ITEM() 
RATIONAL_B_SPLINE_SURFACE((
    (1.,1.,1.,1.,1.,1.,1.,1.,1.,1.,1.)
,(1.,1.,1.,1.,1.,1.,1.,1.,1.,1.,1.
  ))) REPRESENTATION_ITEM('') SURFACE() );
#7890 = CARTESIAN_POINT('',(-14.00000000009,-1.129131557694E-12,
    2.726314071975));
#7891 = CARTESIAN_POINT('',(-13.98951565244,-5.867158907085,
    2.792980738653));
#7892 = CARTESIAN_POINT('',(-11.08266069455,-11.71876113969,
    2.859647404724));
#7893 = CARTESIAN_POINT('',(-5.102945759197,-15.76522919286,
    2.926314070273));
#7894 = CARTESIAN_POINT('',(2.051036045941,-15.98615789505,
    2.992980735535));
#7895 = CARTESIAN_POINT('',(13.708185504008,-9.959579750544,
    3.126314066621));
#7896 = CARTESIAN_POINT('',(15.83754463089,2.989343267525,3.259647399548
    ));
#7897 = CARTESIAN_POINT('',(13.416726993846,9.724913557235,3.32631406666
    ));
#7898 = CARTESIAN_POINT('',(7.720473647395,14.16153301648,3.392980734465
    ));
#7899 = CARTESIAN_POINT('',(1.257001631151,15.117871831931,
    3.459647402347));
#7900 = CARTESIAN_POINT('',(-4.32623792116,13.314791228108,
    3.526314070106));
#7901 = CARTESIAN_POINT('',(-14.0000000001,-1.129867150627E-12,
    2.673686127812));
#7902 = CARTESIAN_POINT('',(-13.98951565245,-5.867158907085,
    2.74035279449));
#7903 = CARTESIAN_POINT('',(-11.08266069456,-11.71876113969,
    2.807019460561));
#7904 = CARTESIAN_POINT('',(-5.102945759208,-15.76522919286,
    2.87368612611));
#7905 = CARTESIAN_POINT('',(2.051036045931,-15.98615789505,
    2.940352791372));
#7906 = CARTESIAN_POINT('',(13.708185503997,-9.959579750544,
    3.073686122458));
#7907 = CARTESIAN_POINT('',(15.83754463088,2.989343267525,3.207019455385
    ));
#7908 = CARTESIAN_POINT('',(13.416726993836,9.724913557235,
    3.273686122497));
#7909 = CARTESIAN_POINT('',(7.720473647384,14.16153301648,3.340352790302
    ));
#7910 = CARTESIAN_POINT('',(1.257001631141,15.117871831931,
    3.407019458184));
#7911 = CARTESIAN_POINT('',(-4.32623792117,13.314791228108,
    3.473686125943));
#7912 = DEFINITIONAL_REPRESENTATION('',(#7913),#7917);
#7913 = LINE('',#7914,#7915);
#7914 = CARTESIAN_POINT('',(3.,0.));
#7915 = VECTOR('',#7916,1.);
#7916 = DIRECTION('',(0.,1.));
#7917 = ( GEOMETRIC_REPRESENTATION_CONTEXT(2) 
PARAMETRIC_REPRESENTATION_CONTEXT() REPRESENTATION_CONTEXT('2D SPACE',''
  ) );
#7918 = ORIENTED_EDGE('',*,*,#7919,.T.);
#7919 = EDGE_CURVE('',#7866,#7920,#7922,.T.);
#7920 = VERTEX_POINT('',#7921);
#7921 = CARTESIAN_POINT('',(-4.307784359898,-13.60478460537,3.0000001));
#7922 = SURFACE_CURVE('',#7923,(#7941,#7962),.PCURVE_S1.);
#7923 = B_SPLINE_CURVE_WITH_KNOTS('',6,(#7924,#7925,#7926,#7927,#7928,
    #7929,#7930,#7931,#7932,#7933,#7934,#7935,#7936,#7937,#7938,#7939,
    #7940),.UNSPECIFIED.,.F.,.F.,(7,5,5,7),(0.,0.299967489505,
    0.652064080226,1.),.UNSPECIFIED.);
#7924 = CARTESIAN_POINT('',(-13.99745308702,-0.245168063221,
    2.729100105091));
#7925 = CARTESIAN_POINT('',(-13.99617597024,-1.126047073016,
    2.743249582119));
#7926 = CARTESIAN_POINT('',(-13.92797807771,-2.006965331858,
    2.756983911651));
#7927 = CARTESIAN_POINT('',(-13.79316023362,-2.881447455411,
    2.77053098001));
#7928 = CARTESIAN_POINT('',(-13.59277582809,-3.743259234368,
    2.784013166028));
#7929 = CARTESIAN_POINT('',(-13.32851707206,-4.586382668224,
    2.79748461973));
#7930 = CARTESIAN_POINT('',(-12.62052050882,-6.365949214966,
    2.826790068771));
#7931 = CARTESIAN_POINT('',(-12.15352523763,-7.293267155537,
    2.842629691884));
#7932 = CARTESIAN_POINT('',(-11.60576606661,-8.17753121797,
    2.858516162557));
#7933 = CARTESIAN_POINT('',(-10.98244261837,-9.010224235952,
    2.874421940536));
#7934 = CARTESIAN_POINT('',(-10.28977520744,-9.783597875631,
    2.890325841828));
#7935 = CARTESIAN_POINT('',(-8.789640159019,-11.18976350614,
    2.921907490666));
#7936 = CARTESIAN_POINT('',(-7.983499728676,-11.82422695,2.93758839512)
  );
#7937 = CARTESIAN_POINT('',(-7.124012484121,-12.38765845775,
    2.953236370771));
#7938 = CARTESIAN_POINT('',(-6.219112910801,-12.87480373055,
    2.968849740693));
#7939 = CARTESIAN_POINT('',(-5.277304847868,-13.2814734545,
    2.984436988846));
#7940 = CARTESIAN_POINT('',(-4.307784359898,-13.60478460537,3.0000001));
#7941 = PCURVE('',#5395,#7942);
#7942 = DEFINITIONAL_REPRESENTATION('',(#7943),#7961);
#7943 = B_SPLINE_CURVE_WITH_KNOTS('',6,(#7944,#7945,#7946,#7947,#7948,
    #7949,#7950,#7951,#7952,#7953,#7954,#7955,#7956,#7957,#7958,#7959,
    #7960),.UNSPECIFIED.,.F.,.F.,(7,5,5,7),(0.,0.299967489505,
    0.652064080226,1.),.UNSPECIFIED.);
#7944 = CARTESIAN_POINT('',(3.,3.482541394773E-03));
#7945 = CARTESIAN_POINT('',(2.971901071526,1.599314160745E-02));
#7946 = CARTESIAN_POINT('',(2.946558093835,2.84924951346E-02));
#7947 = CARTESIAN_POINT('',(2.92242599679,4.098083467341E-02));
#7948 = CARTESIAN_POINT('',(2.898668538392,5.345708538866E-02));
#7949 = CARTESIAN_POINT('',(2.874914602786,6.592056967395E-02));
#7950 = CARTESIAN_POINT('',(2.822961760751,9.298188472668E-02));
#7951 = CARTESIAN_POINT('',(2.79470472364,0.107576041667));
#7952 = CARTESIAN_POINT('',(2.766008672788,0.122147885131));
#7953 = CARTESIAN_POINT('',(2.73706536395,0.136698314097));
#7954 = CARTESIAN_POINT('',(2.708030538773,0.151229538533));
#7955 = CARTESIAN_POINT('',(2.65033364313,0.180077962286));
#7956 = CARTESIAN_POINT('',(2.62166591495,0.194398065501));
#7957 = CARTESIAN_POINT('',(2.593111370819,0.208697857932));
#7958 = CARTESIAN_POINT('',(2.564693923186,0.222979648454));
#7959 = CARTESIAN_POINT('',(2.536364509569,0.237245003965));
#7960 = CARTESIAN_POINT('',(2.508095020863,0.251491227307));
#7961 = ( GEOMETRIC_REPRESENTATION_CONTEXT(2) 
PARAMETRIC_REPRESENTATION_CONTEXT() REPRESENTATION_CONTEXT('2D SPACE',''
  ) );
#7962 = PCURVE('',#7963,#7968);
#7963 = CONICAL_SURFACE('',#7964,13.99,0.785398163397);
#7964 = AXIS2_PLACEMENT_3D('',#7965,#7966,#7967);
#7965 = CARTESIAN_POINT('',(0.,0.,2.7195001));
#7966 = DIRECTION('',(0.,0.,1.));
#7967 = DIRECTION('',(-1.,1.224646799147E-16,0.));
#7968 = DEFINITIONAL_REPRESENTATION('',(#7969),#7987);
#7969 = B_SPLINE_CURVE_WITH_KNOTS('',6,(#7970,#7971,#7972,#7973,#7974,
    #7975,#7976,#7977,#7978,#7979,#7980,#7981,#7982,#7983,#7984,#7985,
    #7986),.UNSPECIFIED.,.F.,.F.,(7,5,5,7),(0.,0.299967489505,
    0.652064080226,1.),.UNSPECIFIED.);
#7970 = CARTESIAN_POINT('',(1.751340013563E-02,9.600005090991E-03));
#7971 = CARTESIAN_POINT('',(8.0427075326E-02,2.374948211863E-02));
#7972 = CARTESIAN_POINT('',(0.143274637573,3.748381165132E-02));
#7973 = CARTESIAN_POINT('',(0.206050311768,5.103088000955E-02));
#7974 = CARTESIAN_POINT('',(0.268754725885,6.451306602847E-02));
#7975 = CARTESIAN_POINT('',(0.331390024915,7.798451972967E-02));
#7976 = CARTESIAN_POINT('',(0.467384990686,0.107289968771));
#7977 = CARTESIAN_POINT('',(0.540725847698,0.123129591884));
#7978 = CARTESIAN_POINT('',(0.613960134506,0.139016062557));
#7979 = CARTESIAN_POINT('',(0.68709520494,0.154921840536));
#7980 = CARTESIAN_POINT('',(0.760139591352,0.170825741828));
#7981 = CARTESIAN_POINT('',(0.905158867776,0.202407390666));
#7982 = CARTESIAN_POINT('',(0.977148260483,0.218088295014));
#7983 = CARTESIAN_POINT('',(1.049035965053,0.233736271057));
#7984 = CARTESIAN_POINT('',(1.120830208094,0.249349640376));
#7985 = CARTESIAN_POINT('',(1.192538039513,0.264936888997));
#7986 = CARTESIAN_POINT('',(1.264146557866,0.2805));
#7987 = ( GEOMETRIC_REPRESENTATION_CONTEXT(2) 
PARAMETRIC_REPRESENTATION_CONTEXT() REPRESENTATION_CONTEXT('2D SPACE',''
  ) );
#7988 = ORIENTED_EDGE('',*,*,#7989,.T.);
#7989 = EDGE_CURVE('',#7920,#5362,#7990,.T.);
#7990 = SURFACE_CURVE('',#7991,(#8010,#8032),.PCURVE_S1.);
#7991 = B_SPLINE_CURVE_WITH_KNOTS('',5,(#7992,#7993,#7994,#7995,#7996,
    #7997,#7998,#7999,#8000,#8001,#8002,#8003,#8004,#8005,#8006,#8007,
    #8008,#8009),.UNSPECIFIED.,.F.,.F.,(6,4,4,4,6),(0.,0.240457029172,
    0.481191394495,0.739324964818,1.),.UNSPECIFIED.);
#7992 = CARTESIAN_POINT('',(2.075680762734,-13.84525155255,3.0000001));
#7993 = CARTESIAN_POINT('',(1.451114507206,-13.96616167686,3.0000001));
#7994 = CARTESIAN_POINT('',(0.819660881114,-14.05156853025,3.0000001));
#7995 = CARTESIAN_POINT('',(0.184046350859,-14.10105813441,3.0000001));
#7996 = CARTESIAN_POINT('',(-0.453014011464,-14.11453296158,3.0000001));
#7997 = CARTESIAN_POINT('',(-1.72535977192,-14.06983807681,3.0000001));
#7998 = CARTESIAN_POINT('',(-2.360652113951,-14.01158537715,3.0000001));
#7999 = CARTESIAN_POINT('',(-2.991988975519,-13.91764751091,3.0000001));
#8000 = CARTESIAN_POINT('',(-3.61674346439,-13.78853332956,3.0000001));
#8001 = CARTESIAN_POINT('',(-4.89249088207,-13.44971879505,3.0000001));
#8002 = CARTESIAN_POINT('',(-5.542127961658,-13.23486539319,3.0000001));
#8003 = CARTESIAN_POINT('',(-6.178142958968,-12.98145199505,3.0000001));
#8004 = CARTESIAN_POINT('',(-6.797586574463,-12.69080689789,3.0000001));
#8005 = CARTESIAN_POINT('',(-8.003704141163,-12.03514266016,3.0000001));
#8006 = CARTESIAN_POINT('',(-8.5900063154,-11.66941347476,3.0000001));
#8007 = CARTESIAN_POINT('',(-9.153750467275,-11.2690939266,3.0000001));
#8008 = CARTESIAN_POINT('',(-9.692349591506,-10.83617912514,3.0000001));
#8009 = CARTESIAN_POINT('',(-10.20346853514,-10.37293941629,3.0000001));
#8010 = PCURVE('',#5395,#8011);
#8011 = DEFINITIONAL_REPRESENTATION('',(#8012),#8031);
#8012 = B_SPLINE_CURVE_WITH_KNOTS('',5,(#8013,#8014,#8015,#8016,#8017,
    #8018,#8019,#8020,#8021,#8022,#8023,#8024,#8025,#8026,#8027,#8028,
    #8029,#8030),.UNSPECIFIED.,.F.,.F.,(6,4,4,4,6),(0.,0.240457029172,
    0.481191394495,0.739324964818,1.),.UNSPECIFIED.);
#8013 = CARTESIAN_POINT('',(3.,0.342107538915));
#8014 = CARTESIAN_POINT('',(2.950969873735,0.333075450631));
#8015 = CARTESIAN_POINT('',(2.902055283211,0.324064645771));
#8016 = CARTESIAN_POINT('',(2.853256352592,0.315075147208));
#8017 = CARTESIAN_POINT('',(2.804571050427,0.306106580717));
#8018 = CARTESIAN_POINT('',(2.707372929135,0.288201221712));
#8019 = CARTESIAN_POINT('',(2.658859619896,0.279264338911));
#8020 = CARTESIAN_POINT('',(2.610460592098,0.270348508474));
#8021 = CARTESIAN_POINT('',(2.562173950423,0.261453381257));
#8022 = CARTESIAN_POINT('',(2.462344251547,0.243063246003));
#8023 = CARTESIAN_POINT('',(2.410817182736,0.233571183269));
#8024 = CARTESIAN_POINT('',(2.359419127734,0.224102886826));
#8025 = CARTESIAN_POINT('',(2.308146883496,0.214657766625));
#8026 = CARTESIAN_POINT('',(2.205349547725,0.19572094795));
#8027 = CARTESIAN_POINT('',(2.153826000286,0.186229533921));
#8028 = CARTESIAN_POINT('',(2.102428710665,0.17676137849));
#8029 = CARTESIAN_POINT('',(2.051153644781,0.167315738519));
#8030 = CARTESIAN_POINT('',(2.,0.157892466152));
#8031 = ( GEOMETRIC_REPRESENTATION_CONTEXT(2) 
PARAMETRIC_REPRESENTATION_CONTEXT() REPRESENTATION_CONTEXT('2D SPACE',''
  ) );
#8032 = PCURVE('',#5451,#8033);
#8033 = DEFINITIONAL_REPRESENTATION('',(#8034),#8053);
#8034 = B_SPLINE_CURVE_WITH_KNOTS('',5,(#8035,#8036,#8037,#8038,#8039,
    #8040,#8041,#8042,#8043,#8044,#8045,#8046,#8047,#8048,#8049,#8050,
    #8051,#8052),.UNSPECIFIED.,.F.,.F.,(6,4,4,4,6),(0.,0.240457029172,
    0.481191394495,0.739324964818,1.),.UNSPECIFIED.);
#8035 = CARTESIAN_POINT('',(-2.075680762734,13.845251552558));
#8036 = CARTESIAN_POINT('',(-1.451114507206,13.96616167686));
#8037 = CARTESIAN_POINT('',(-0.819660881114,14.051568530259));
#8038 = CARTESIAN_POINT('',(-0.184046350859,14.101058134416));
#8039 = CARTESIAN_POINT('',(0.453014011464,14.114532961581));
#8040 = CARTESIAN_POINT('',(1.72535977192,14.069838076817));
#8041 = CARTESIAN_POINT('',(2.360652113951,14.011585377158));
#8042 = CARTESIAN_POINT('',(2.991988975519,13.917647510912));
#8043 = CARTESIAN_POINT('',(3.61674346439,13.788533329563));
#8044 = CARTESIAN_POINT('',(4.89249088207,13.449718795056));
#8045 = CARTESIAN_POINT('',(5.542127961658,13.234865393198));
#8046 = CARTESIAN_POINT('',(6.178142958968,12.981451995058));
#8047 = CARTESIAN_POINT('',(6.797586574463,12.690806897894));
#8048 = CARTESIAN_POINT('',(8.003704141163,12.035142660164));
#8049 = CARTESIAN_POINT('',(8.5900063154,11.669413474763));
#8050 = CARTESIAN_POINT('',(9.153750467275,11.2690939266));
#8051 = CARTESIAN_POINT('',(9.692349591506,10.836179125148));
#8052 = CARTESIAN_POINT('',(10.203468535145,10.372939416293));
#8053 = ( GEOMETRIC_REPRESENTATION_CONTEXT(2) 
PARAMETRIC_REPRESENTATION_CONTEXT() REPRESENTATION_CONTEXT('2D SPACE',''
  ) );
#8054 = ORIENTED_EDGE('',*,*,#5361,.T.);
#8055 = ADVANCED_FACE('',(#8056),#5451,.T.);
#8056 = FACE_BOUND('',#8057,.T.);
#8057 = EDGE_LOOP('',(#8058,#8082,#8083,#8084));
#8058 = ORIENTED_EDGE('',*,*,#8059,.F.);
#8059 = EDGE_CURVE('',#7920,#8060,#8062,.T.);
#8060 = VERTEX_POINT('',#8061);
#8061 = CARTESIAN_POINT('',(11.481198958248,-8.475213314786,3.0000001));
#8062 = SURFACE_CURVE('',#8063,(#8068,#8075),.PCURVE_S1.);
#8063 = CIRCLE('',#8064,14.2705);
#8064 = AXIS2_PLACEMENT_3D('',#8065,#8066,#8067);
#8065 = CARTESIAN_POINT('',(0.,0.,3.0000001));
#8066 = DIRECTION('',(0.,0.,1.));
#8067 = DIRECTION('',(-1.,1.224646799147E-16,0.));
#8068 = PCURVE('',#5451,#8069);
#8069 = DEFINITIONAL_REPRESENTATION('',(#8070),#8074);
#8070 = CIRCLE('',#8071,14.2705);
#8071 = AXIS2_PLACEMENT_2D('',#8072,#8073);
#8072 = CARTESIAN_POINT('',(0.,-1.819232749987E-15));
#8073 = DIRECTION('',(1.,0.));
#8074 = ( GEOMETRIC_REPRESENTATION_CONTEXT(2) 
PARAMETRIC_REPRESENTATION_CONTEXT() REPRESENTATION_CONTEXT('2D SPACE',''
  ) );
#8075 = PCURVE('',#7963,#8076);
#8076 = DEFINITIONAL_REPRESENTATION('',(#8077),#8081);
#8077 = LINE('',#8078,#8079);
#8078 = CARTESIAN_POINT('',(0.,0.2805));
#8079 = VECTOR('',#8080,1.);
#8080 = DIRECTION('',(1.,0.));
#8081 = ( GEOMETRIC_REPRESENTATION_CONTEXT(2) 
PARAMETRIC_REPRESENTATION_CONTEXT() REPRESENTATION_CONTEXT('2D SPACE',''
  ) );
#8082 = ORIENTED_EDGE('',*,*,#7989,.T.);
#8083 = ORIENTED_EDGE('',*,*,#5434,.T.);
#8084 = ORIENTED_EDGE('',*,*,#8085,.T.);
#8085 = EDGE_CURVE('',#5435,#8060,#8086,.T.);
#8086 = SURFACE_CURVE('',#8087,(#8118,#8152),.PCURVE_S1.);
#8087 = B_SPLINE_CURVE_WITH_KNOTS('',8,(#8088,#8089,#8090,#8091,#8092,
    #8093,#8094,#8095,#8096,#8097,#8098,#8099,#8100,#8101,#8102,#8103,
    #8104,#8105,#8106,#8107,#8108,#8109,#8110,#8111,#8112,#8113,#8114,
    #8115,#8116,#8117),.UNSPECIFIED.,.F.,.F.,(9,7,7,7,9),(0.,
    0.266719199464,0.52976502409,0.765453280235,1.),.UNSPECIFIED.);
#8088 = CARTESIAN_POINT('',(14.351592802624,-2.394735876658,3.0000001));
#8089 = CARTESIAN_POINT('',(14.261317696636,-2.826519828589,3.0000001));
#8090 = CARTESIAN_POINT('',(14.156070355279,-3.255172758953,3.0000001));
#8091 = CARTESIAN_POINT('',(14.035953198612,-3.680079934068,3.0000001));
#8092 = CARTESIAN_POINT('',(13.901097400606,-4.100632190871,3.0000001));
#8093 = CARTESIAN_POINT('',(13.751663569453,-4.516226274311,3.0000001));
#8094 = CARTESIAN_POINT('',(13.587842427891,-4.926265174755,3.0000001));
#8095 = CARTESIAN_POINT('',(13.40985549351,-5.330158465385,3.0000001));
#8096 = CARTESIAN_POINT('',(13.02869895269,-6.119016893063,3.0000001));
#8097 = CARTESIAN_POINT('',(12.825907387583,-6.504170411289,3.0000001));
#8098 = CARTESIAN_POINT('',(12.609827214096,-6.882226526848,3.0000001));
#8099 = CARTESIAN_POINT('',(12.38071809323,-7.25262676973,3.0000001));
#8100 = CARTESIAN_POINT('',(12.138901675444,-7.614860966577,3.0000001));
#8101 = CARTESIAN_POINT('',(11.884670421325,-7.968380373886,3.0000001));
#8102 = CARTESIAN_POINT('',(11.618412835089,-8.31271111092,3.0000001));
#8103 = CARTESIAN_POINT('',(11.091476694297,-8.947176105372,3.0000001));
#8104 = CARTESIAN_POINT('',(10.833094746772,-9.239226942926,3.0000001));
#8105 = CARTESIAN_POINT('',(10.56561375592,-9.523138938125,3.0000001));
#8106 = CARTESIAN_POINT('',(10.289317487788,-9.798566633885,3.0000001));
#8107 = CARTESIAN_POINT('',(10.004506233762,-10.06517772738,3.0000001));
#8108 = CARTESIAN_POINT('',(9.711496686048,-10.32265302147,3.0000001));
#8109 = CARTESIAN_POINT('',(9.410621813166,-10.57068637605,3.0000001));
#8110 = CARTESIAN_POINT('',(8.795333324125,-11.04612876508,3.0000001));
#8111 = CARTESIAN_POINT('',(8.480989614326,-11.27363399466,3.0000001));
#8112 = CARTESIAN_POINT('',(8.159543602274,-11.49121191954,3.0000001));
#8113 = CARTESIAN_POINT('',(7.83135160663,-11.69858958091,3.0000001));
#8114 = CARTESIAN_POINT('',(7.49678227973,-11.89550960289,3.0000001));
#8115 = CARTESIAN_POINT('',(7.156216618841,-12.08173030563,3.0000001));
#8116 = CARTESIAN_POINT('',(6.810047977404,-12.2570258184,3.0000001));
#8117 = CARTESIAN_POINT('',(6.458682076296,-12.42118619264,3.0000001));
#8118 = PCURVE('',#5451,#8119);
#8119 = DEFINITIONAL_REPRESENTATION('',(#8120),#8151);
#8120 = B_SPLINE_CURVE_WITH_KNOTS('',8,(#8121,#8122,#8123,#8124,#8125,
    #8126,#8127,#8128,#8129,#8130,#8131,#8132,#8133,#8134,#8135,#8136,
    #8137,#8138,#8139,#8140,#8141,#8142,#8143,#8144,#8145,#8146,#8147,
    #8148,#8149,#8150),.UNSPECIFIED.,.F.,.F.,(9,7,7,7,9),(0.,
    0.266719199464,0.52976502409,0.765453280235,1.),.UNSPECIFIED.);
#8121 = CARTESIAN_POINT('',(-14.35159280262,2.394735876658));
#8122 = CARTESIAN_POINT('',(-14.26131769663,2.826519828589));
#8123 = CARTESIAN_POINT('',(-14.15607035527,3.255172758953));
#8124 = CARTESIAN_POINT('',(-14.03595319861,3.680079934068));
#8125 = CARTESIAN_POINT('',(-13.9010974006,4.100632190871));
#8126 = CARTESIAN_POINT('',(-13.75166356945,4.516226274311));
#8127 = CARTESIAN_POINT('',(-13.58784242789,4.926265174755));
#8128 = CARTESIAN_POINT('',(-13.40985549351,5.330158465385));
#8129 = CARTESIAN_POINT('',(-13.02869895269,6.119016893063));
#8130 = CARTESIAN_POINT('',(-12.82590738758,6.504170411289));
#8131 = CARTESIAN_POINT('',(-12.60982721409,6.882226526848));
#8132 = CARTESIAN_POINT('',(-12.38071809323,7.25262676973));
#8133 = CARTESIAN_POINT('',(-12.13890167544,7.614860966577));
#8134 = CARTESIAN_POINT('',(-11.88467042132,7.968380373886));
#8135 = CARTESIAN_POINT('',(-11.61841283508,8.31271111092));
#8136 = CARTESIAN_POINT('',(-11.09147669429,8.947176105372));
#8137 = CARTESIAN_POINT('',(-10.83309474677,9.239226942926));
#8138 = CARTESIAN_POINT('',(-10.56561375592,9.523138938125));
#8139 = CARTESIAN_POINT('',(-10.28931748778,9.798566633885));
#8140 = CARTESIAN_POINT('',(-10.00450623376,10.065177727388));
#8141 = CARTESIAN_POINT('',(-9.711496686048,10.322653021477));
#8142 = CARTESIAN_POINT('',(-9.410621813166,10.570686376056));
#8143 = CARTESIAN_POINT('',(-8.795333324125,11.046128765089));
#8144 = CARTESIAN_POINT('',(-8.480989614326,11.273633994667));
#8145 = CARTESIAN_POINT('',(-8.159543602274,11.491211919547));
#8146 = CARTESIAN_POINT('',(-7.83135160663,11.698589580914));
#8147 = CARTESIAN_POINT('',(-7.49678227973,11.895509602893));
#8148 = CARTESIAN_POINT('',(-7.156216618841,12.081730305635));
#8149 = CARTESIAN_POINT('',(-6.810047977404,12.257025818401));
#8150 = CARTESIAN_POINT('',(-6.458682076296,12.421186192649));
#8151 = ( GEOMETRIC_REPRESENTATION_CONTEXT(2) 
PARAMETRIC_REPRESENTATION_CONTEXT() REPRESENTATION_CONTEXT('2D SPACE',''
  ) );
#8152 = PCURVE('',#5493,#8153);
#8153 = DEFINITIONAL_REPRESENTATION('',(#8154),#8185);
#8154 = B_SPLINE_CURVE_WITH_KNOTS('',8,(#8155,#8156,#8157,#8158,#8159,
    #8160,#8161,#8162,#8163,#8164,#8165,#8166,#8167,#8168,#8169,#8170,
    #8171,#8172,#8173,#8174,#8175,#8176,#8177,#8178,#8179,#8180,#8181,
    #8182,#8183,#8184),.UNSPECIFIED.,.F.,.F.,(9,7,7,7,9),(0.,
    0.266719199464,0.52976502409,0.765453280235,1.),.UNSPECIFIED.);
#8155 = CARTESIAN_POINT('',(5.,0.592107541878));
#8156 = CARTESIAN_POINT('',(4.967288355645,0.586081564008));
#8157 = CARTESIAN_POINT('',(4.934530556942,0.580047083808));
#8158 = CARTESIAN_POINT('',(4.901726544141,0.574004090271));
#8159 = CARTESIAN_POINT('',(4.868875981607,0.567952521569));
#8160 = CARTESIAN_POINT('',(4.835978403077,0.561892291808));
#8161 = CARTESIAN_POINT('',(4.803033356926,0.555823317792));
#8162 = CARTESIAN_POINT('',(4.770040551423,0.549745545781));
#8163 = CARTESIAN_POINT('',(4.704414497671,0.537656237616));
#8164 = CARTESIAN_POINT('',(4.671782173765,0.531644871741));
#8165 = CARTESIAN_POINT('',(4.63910303519,0.525624881896));
#8166 = CARTESIAN_POINT('',(4.606377079141,0.519596267563));
#8167 = CARTESIAN_POINT('',(4.573603817818,0.513558938883));
#8168 = CARTESIAN_POINT('',(4.540783209813,0.507512888227));
#8169 = CARTESIAN_POINT('',(4.507915069988,0.501458081491));
#8170 = CARTESIAN_POINT('',(4.445508197736,0.489961795037));
#8171 = CARTESIAN_POINT('',(4.415978296368,0.484521942133));
#8172 = CARTESIAN_POINT('',(4.386410521438,0.479075112346));
#8173 = CARTESIAN_POINT('',(4.356804856159,0.473621302584));
#8174 = CARTESIAN_POINT('',(4.327161140091,0.468160483291));
#8175 = CARTESIAN_POINT('',(4.297479167809,0.462692616625));
#8176 = CARTESIAN_POINT('',(4.267758787574,0.457217674633));
#8177 = CARTESIAN_POINT('',(4.208385346627,0.446280191916));
#8178 = CARTESIAN_POINT('',(4.178732391879,0.440817670712));
#8179 = CARTESIAN_POINT('',(4.149041106705,0.435348088463));
#8180 = CARTESIAN_POINT('',(4.119311267036,0.429871403894));
#8181 = CARTESIAN_POINT('',(4.089542542065,0.424387556065));
#8182 = CARTESIAN_POINT('',(4.059734582521,0.418896480635));
#8183 = CARTESIAN_POINT('',(4.029887108952,0.413398126125));
#8184 = CARTESIAN_POINT('',(4.,0.407892470178));
#8185 = ( GEOMETRIC_REPRESENTATION_CONTEXT(2) 
PARAMETRIC_REPRESENTATION_CONTEXT() REPRESENTATION_CONTEXT('2D SPACE',''
  ) );
#8186 = ADVANCED_FACE('',(#8187),#5493,.F.);
#8187 = FACE_BOUND('',#8188,.F.);
#8188 = EDGE_LOOP('',(#8189,#8220,#8221,#8250,#8251,#8280,#8281,#8282,
    #8283,#8284,#8285));
#8189 = ORIENTED_EDGE('',*,*,#8190,.F.);
#8190 = EDGE_CURVE('',#7258,#8191,#8193,.T.);
#8191 = VERTEX_POINT('',#8192);
#8192 = CARTESIAN_POINT('',(-13.16938362335,-4.74831606917,
    2.728756169945));
#8193 = SURFACE_CURVE('',#8194,(#8206,#8213),.PCURVE_S1.);
#8194 = ( BOUNDED_CURVE() B_SPLINE_CURVE(6,(#8195,#8196,#8197,#8198,
    #8199,#8200,#8201,#8202,#8203,#8204,#8205),.UNSPECIFIED.,.F.,.F.) 
B_SPLINE_CURVE_WITH_KNOTS((7,4,7),(0.,0.5,1.),.UNSPECIFIED.) CURVE() 
GEOMETRIC_REPRESENTATION_ITEM() RATIONAL_B_SPLINE_CURVE((1.,1.,1.,1.,1.,
1.,1.,1.,1.,1.,1.)) REPRESENTATION_ITEM('') );
#8195 = CARTESIAN_POINT('',(-14.0000000001,-1.129867150627E-12,
    2.673686127812));
#8196 = CARTESIAN_POINT('',(-13.98951565245,-5.867158907085,
    2.74035279449));
#8197 = CARTESIAN_POINT('',(-11.08266069456,-11.71876113969,
    2.807019460561));
#8198 = CARTESIAN_POINT('',(-5.102945759208,-15.76522919286,
    2.87368612611));
#8199 = CARTESIAN_POINT('',(2.051036045931,-15.98615789505,
    2.940352791372));
#8200 = CARTESIAN_POINT('',(13.708185503997,-9.959579750544,
    3.073686122458));
#8201 = CARTESIAN_POINT('',(15.83754463088,2.989343267525,3.207019455385
    ));
#8202 = CARTESIAN_POINT('',(13.416726993836,9.724913557235,
    3.273686122497));
#8203 = CARTESIAN_POINT('',(7.720473647384,14.16153301648,3.340352790302
    ));
#8204 = CARTESIAN_POINT('',(1.257001631141,15.117871831931,
    3.407019458184));
#8205 = CARTESIAN_POINT('',(-4.32623792117,13.314791228108,
    3.473686125943));
#8206 = PCURVE('',#5493,#8207);
#8207 = DEFINITIONAL_REPRESENTATION('',(#8208),#8212);
#8208 = LINE('',#8209,#8210);
#8209 = CARTESIAN_POINT('',(4.,0.));
#8210 = VECTOR('',#8211,1.);
#8211 = DIRECTION('',(0.,1.));
#8212 = ( GEOMETRIC_REPRESENTATION_CONTEXT(2) 
PARAMETRIC_REPRESENTATION_CONTEXT() REPRESENTATION_CONTEXT('2D SPACE',''
  ) );
#8213 = PCURVE('',#7889,#8214);
#8214 = DEFINITIONAL_REPRESENTATION('',(#8215),#8219);
#8215 = LINE('',#8216,#8217);
#8216 = CARTESIAN_POINT('',(4.,0.));
#8217 = VECTOR('',#8218,1.);
#8218 = DIRECTION('',(0.,1.));
#8219 = ( GEOMETRIC_REPRESENTATION_CONTEXT(2) 
PARAMETRIC_REPRESENTATION_CONTEXT() REPRESENTATION_CONTEXT('2D SPACE',''
  ) );
#8220 = ORIENTED_EDGE('',*,*,#7464,.T.);
#8221 = ORIENTED_EDGE('',*,*,#8222,.T.);
#8222 = EDGE_CURVE('',#5781,#5731,#8223,.T.);
#8223 = SURFACE_CURVE('',#8224,(#8236,#8243),.PCURVE_S1.);
#8224 = ( BOUNDED_CURVE() B_SPLINE_CURVE(6,(#8225,#8226,#8227,#8228,
    #8229,#8230,#8231,#8232,#8233,#8234,#8235),.UNSPECIFIED.,.F.,.F.) 
B_SPLINE_CURVE_WITH_KNOTS((7,4,7),(0.,0.5,1.),.UNSPECIFIED.) CURVE() 
GEOMETRIC_REPRESENTATION_ITEM() RATIONAL_B_SPLINE_CURVE((1.,1.,1.,1.,1.,
1.,1.,1.,1.,1.,1.)) REPRESENTATION_ITEM('') );
#8225 = CARTESIAN_POINT('',(-14.55000000013,-6.397606996032E-17,
    2.526314072081));
#8226 = CARTESIAN_POINT('',(-14.53910376771,-6.097654435613,
    2.592980738759));
#8227 = CARTESIAN_POINT('',(-11.5180509353,-12.17914104215,
    2.659647404808));
#8228 = CARTESIAN_POINT('',(-5.303418628726,-16.38457748195,
    2.726314070312));
#8229 = CARTESIAN_POINT('',(2.131612461794,-16.61418552684,
    2.792980735519));
#8230 = CARTESIAN_POINT('',(14.246721363091,-10.35084895505,
    2.926314066517));
#8231 = CARTESIAN_POINT('',(16.459733884337,3.106781753288,
    3.059647399428));
#8232 = CARTESIAN_POINT('',(13.943812696423,10.106963732868,
    3.126314066558));
#8233 = CARTESIAN_POINT('',(8.023777969995,14.717878955772,
    3.192980734406));
#8234 = CARTESIAN_POINT('',(1.306383837987,15.71178822564,3.259647402337
    ));
#8235 = CARTESIAN_POINT('',(-4.496197268103,13.837872312071,
    3.326314070138));
#8236 = PCURVE('',#5493,#8237);
#8237 = DEFINITIONAL_REPRESENTATION('',(#8238),#8242);
#8238 = LINE('',#8239,#8240);
#8239 = CARTESIAN_POINT('',(5.,0.));
#8240 = VECTOR('',#8241,1.);
#8241 = DIRECTION('',(0.,1.));
#8242 = ( GEOMETRIC_REPRESENTATION_CONTEXT(2) 
PARAMETRIC_REPRESENTATION_CONTEXT() REPRESENTATION_CONTEXT('2D SPACE',''
  ) );
#8243 = PCURVE('',#5814,#8244);
#8244 = DEFINITIONAL_REPRESENTATION('',(#8245),#8249);
#8245 = LINE('',#8246,#8247);
#8246 = CARTESIAN_POINT('',(5.,0.));
#8247 = VECTOR('',#8248,1.);
#8248 = DIRECTION('',(0.,1.));
#8249 = ( GEOMETRIC_REPRESENTATION_CONTEXT(2) 
PARAMETRIC_REPRESENTATION_CONTEXT() REPRESENTATION_CONTEXT('2D SPACE',''
  ) );
#8250 = ORIENTED_EDGE('',*,*,#5730,.T.);
#8251 = ORIENTED_EDGE('',*,*,#8252,.T.);
#8252 = EDGE_CURVE('',#5658,#5609,#8253,.T.);
#8253 = SURFACE_CURVE('',#8254,(#8266,#8273),.PCURVE_S1.);
#8254 = ( BOUNDED_CURVE() B_SPLINE_CURVE(6,(#8255,#8256,#8257,#8258,
    #8259,#8260,#8261,#8262,#8263,#8264,#8265),.UNSPECIFIED.,.F.,.F.) 
B_SPLINE_CURVE_WITH_KNOTS((7,4,7),(0.,0.5,1.),.UNSPECIFIED.) CURVE() 
GEOMETRIC_REPRESENTATION_ITEM() RATIONAL_B_SPLINE_CURVE((1.,1.,1.,1.,1.,
1.,1.,1.,1.,1.,1.)) REPRESENTATION_ITEM('') );
#8255 = CARTESIAN_POINT('',(-14.55000000013,-6.397606996032E-17,
    2.526314072081));
#8256 = CARTESIAN_POINT('',(-14.53910376771,-6.097654435613,
    2.592980738759));
#8257 = CARTESIAN_POINT('',(-11.5180509353,-12.17914104215,
    2.659647404808));
#8258 = CARTESIAN_POINT('',(-5.303418628726,-16.38457748195,
    2.726314070312));
#8259 = CARTESIAN_POINT('',(2.131612461794,-16.61418552684,
    2.792980735519));
#8260 = CARTESIAN_POINT('',(14.246721363091,-10.35084895505,
    2.926314066517));
#8261 = CARTESIAN_POINT('',(16.459733884337,3.106781753288,
    3.059647399428));
#8262 = CARTESIAN_POINT('',(13.943812696423,10.106963732868,
    3.126314066558));
#8263 = CARTESIAN_POINT('',(8.023777969995,14.717878955772,
    3.192980734406));
#8264 = CARTESIAN_POINT('',(1.306383837987,15.71178822564,3.259647402337
    ));
#8265 = CARTESIAN_POINT('',(-4.496197268103,13.837872312071,
    3.326314070138));
#8266 = PCURVE('',#5493,#8267);
#8267 = DEFINITIONAL_REPRESENTATION('',(#8268),#8272);
#8268 = LINE('',#8269,#8270);
#8269 = CARTESIAN_POINT('',(5.,0.));
#8270 = VECTOR('',#8271,1.);
#8271 = DIRECTION('',(0.,1.));
#8272 = ( GEOMETRIC_REPRESENTATION_CONTEXT(2) 
PARAMETRIC_REPRESENTATION_CONTEXT() REPRESENTATION_CONTEXT('2D SPACE',''
  ) );
#8273 = PCURVE('',#5691,#8274);
#8274 = DEFINITIONAL_REPRESENTATION('',(#8275),#8279);
#8275 = LINE('',#8276,#8277);
#8276 = CARTESIAN_POINT('',(5.,0.));
#8277 = VECTOR('',#8278,1.);
#8278 = DIRECTION('',(0.,1.));
#8279 = ( GEOMETRIC_REPRESENTATION_CONTEXT(2) 
PARAMETRIC_REPRESENTATION_CONTEXT() REPRESENTATION_CONTEXT('2D SPACE',''
  ) );
#8280 = ORIENTED_EDGE('',*,*,#5608,.T.);
#8281 = ORIENTED_EDGE('',*,*,#5564,.T.);
#8282 = ORIENTED_EDGE('',*,*,#5530,.T.);
#8283 = ORIENTED_EDGE('',*,*,#5463,.F.);
#8284 = ORIENTED_EDGE('',*,*,#8085,.T.);
#8285 = ORIENTED_EDGE('',*,*,#8286,.T.);
#8286 = EDGE_CURVE('',#8060,#8191,#8287,.T.);
#8287 = SURFACE_CURVE('',#8288,(#8311,#8337),.PCURVE_S1.);
#8288 = B_SPLINE_CURVE_WITH_KNOTS('',6,(#8289,#8290,#8291,#8292,#8293,
    #8294,#8295,#8296,#8297,#8298,#8299,#8300,#8301,#8302,#8303,#8304,
    #8305,#8306,#8307,#8308,#8309,#8310),.UNSPECIFIED.,.F.,.F.,(7,5,5,5,
    7),(0.,0.253040075123,0.505195703343,0.757806967095,1.),
  .UNSPECIFIED.);
#8289 = CARTESIAN_POINT('',(11.481198958248,-8.475213314786,3.0000001));
#8290 = CARTESIAN_POINT('',(10.707508295919,-9.504250858211,
    2.988677179508));
#8291 = CARTESIAN_POINT('',(9.822268119368,-10.44975381481,
    2.977366914258));
#8292 = CARTESIAN_POINT('',(8.83692243609,-11.29595945738,2.966016508351
    ));
#8293 = CARTESIAN_POINT('',(7.765481527992,-12.03016581975,2.95464960966
    ));
#8294 = CARTESIAN_POINT('',(6.623701128247,-12.64180286247,
    2.943271365265));
#8295 = CARTESIAN_POINT('',(4.240042114454,-13.60344004449,
    2.920546599367));
#8296 = CARTESIAN_POINT('',(2.99802011562,-13.95455183468,2.909195183184
    ));
#8297 = CARTESIAN_POINT('',(1.721662659587,-14.16926973322,2.89784241519
    ));
#8298 = CARTESIAN_POINT('',(0.429501675491,-14.24392737423,
    2.886476635906));
#8299 = CARTESIAN_POINT('',(-0.859535127639,-14.17760901772,
    2.875090754725));
#8300 = CARTESIAN_POINT('',(-3.394871565294,-13.76877883682,
    2.85227630742));
#8301 = CARTESIAN_POINT('',(-4.6416288354,-13.42568144862,2.840842969715
    ));
#8302 = CARTESIAN_POINT('',(-5.846781802639,-12.94696179999,
    2.829401685372));
#8303 = CARTESIAN_POINT('',(-6.992320983887,-12.33920214515,
    2.81796159474));
#8304 = CARTESIAN_POINT('',(-8.061341593389,-11.61158405801,
    2.806523298827));
#8305 = CARTESIAN_POINT('',(-9.975629792987,-9.976810740036,
    2.78410176781));
#8306 = CARTESIAN_POINT('',(-10.82868198414,-9.077978305526,
    2.773115068104));
#8307 = CARTESIAN_POINT('',(-11.58428157248,-8.091694680248,
    2.762107824372));
#8308 = CARTESIAN_POINT('',(-12.23164865649,-7.031196506829,
    2.751053833986));
#8309 = CARTESIAN_POINT('',(-12.76197221768,-5.911164728713,
    2.739915040207));
#8310 = CARTESIAN_POINT('',(-13.16938362335,-4.748316069171,
    2.728756169945));
#8311 = PCURVE('',#5493,#8312);
#8312 = DEFINITIONAL_REPRESENTATION('',(#8313),#8336);
#8313 = B_SPLINE_CURVE_WITH_KNOTS('',6,(#8314,#8315,#8316,#8317,#8318,
    #8319,#8320,#8321,#8322,#8323,#8324,#8325,#8326,#8327,#8328,#8329,
    #8330,#8331,#8332,#8333,#8334,#8335),.UNSPECIFIED.,.F.,.F.,(7,5,5,5,
    7),(0.,0.253040075123,0.505195703343,0.757806967095,1.),
  .UNSPECIFIED.);
#8314 = CARTESIAN_POINT('',(4.491817474221,0.498492661731));
#8315 = CARTESIAN_POINT('',(4.471213835087,0.480543510108));
#8316 = CARTESIAN_POINT('',(4.450411953899,0.462573658337));
#8317 = CARTESIAN_POINT('',(4.429821373029,0.444592555424));
#8318 = CARTESIAN_POINT('',(4.409258598475,0.426595958852));
#8319 = CARTESIAN_POINT('',(4.388657409198,0.408578103561));
#8320 = CARTESIAN_POINT('',(4.347431521008,0.372577715743));
#8321 = CARTESIAN_POINT('',(4.326799659311,0.354587745371));
#8322 = CARTESIAN_POINT('',(4.306101348341,0.336583844269));
#8323 = CARTESIAN_POINT('',(4.285391395812,0.318561534501));
#8324 = CARTESIAN_POINT('',(4.264698500352,0.300517239531));
#8325 = CARTESIAN_POINT('',(4.223280620669,0.264369382191));
#8326 = CARTESIAN_POINT('',(4.202546803989,0.246258228273));
#8327 = CARTESIAN_POINT('',(4.181802143463,0.228135143466));
#8328 = CARTESIAN_POINT('',(4.160963490642,0.209996236016));
#8329 = CARTESIAN_POINT('',(4.139995652012,0.19183577401));
#8330 = CARTESIAN_POINT('',(4.09888311089,0.156235310143));
#8331 = CARTESIAN_POINT('',(4.078731100611,0.138789631324));
#8332 = CARTESIAN_POINT('',(4.058641909195,0.121329844678));
#8333 = CARTESIAN_POINT('',(4.038767409497,0.103851174189));
#8334 = CARTESIAN_POINT('',(4.019348940984,8.635050730407E-02));
#8335 = CARTESIAN_POINT('',(4.,6.883755286399E-02));
#8336 = ( GEOMETRIC_REPRESENTATION_CONTEXT(2) 
PARAMETRIC_REPRESENTATION_CONTEXT() REPRESENTATION_CONTEXT('2D SPACE',''
  ) );
#8337 = PCURVE('',#7963,#8338);
#8338 = DEFINITIONAL_REPRESENTATION('',(#8339),#8362);
#8339 = B_SPLINE_CURVE_WITH_KNOTS('',6,(#8340,#8341,#8342,#8343,#8344,
    #8345,#8346,#8347,#8348,#8349,#8350,#8351,#8352,#8353,#8354,#8355,
    #8356,#8357,#8358,#8359,#8360,#8361),.UNSPECIFIED.,.F.,.F.,(7,5,5,5,
    7),(0.,0.253040075123,0.505195703343,0.757806967095,1.),
  .UNSPECIFIED.);
#8340 = CARTESIAN_POINT('',(2.505698129703,0.2805));
#8341 = CARTESIAN_POINT('',(2.415484363649,0.269177079508));
#8342 = CARTESIAN_POINT('',(2.325166295383,0.257866814258));
#8343 = CARTESIAN_POINT('',(2.23478480546,0.246516408351));
#8344 = CARTESIAN_POINT('',(2.144316848569,0.23514950966));
#8345 = CARTESIAN_POINT('',(2.053740650624,0.223771265265));
#8346 = CARTESIAN_POINT('',(1.8727692899,0.201046499367));
#8347 = CARTESIAN_POINT('',(1.782336781797,0.189695083184));
#8348 = CARTESIAN_POINT('',(1.691839667243,0.17834231519));
#8349 = CARTESIAN_POINT('',(1.601256759298,0.166976535906));
#8350 = CARTESIAN_POINT('',(1.510564721584,0.155590654725));
#8351 = CARTESIAN_POINT('',(1.328878654293,0.13277620742));
#8352 = CARTESIAN_POINT('',(1.237846424754,0.121342869715));
#8353 = CARTESIAN_POINT('',(1.146748654958,0.109901585372));
#8354 = CARTESIAN_POINT('',(1.055562966718,9.846149474035E-02));
#8355 = CARTESIAN_POINT('',(0.96426654348,8.702319882741E-02));
#8356 = CARTESIAN_POINT('',(0.78530219907,6.460166780993E-02));
#8357 = CARTESIAN_POINT('',(0.69760553076,5.361496810374E-02));
#8358 = CARTESIAN_POINT('',(0.609845654489,4.260772437249E-02));
#8359 = CARTESIAN_POINT('',(0.522004881319,3.155373398601E-02));
#8360 = CARTESIAN_POINT('',(0.434060761115,2.041494020709E-02));
#8361 = CARTESIAN_POINT('',(0.346048763856,9.256069945391E-03));
#8362 = ( GEOMETRIC_REPRESENTATION_CONTEXT(2) 
PARAMETRIC_REPRESENTATION_CONTEXT() REPRESENTATION_CONTEXT('2D SPACE',''
  ) );
#8363 = ADVANCED_FACE('',(#8364),#5691,.F.);
#8364 = FACE_BOUND('',#8365,.F.);
#8365 = EDGE_LOOP('',(#8366,#8367));
#8366 = ORIENTED_EDGE('',*,*,#8252,.F.);
#8367 = ORIENTED_EDGE('',*,*,#5657,.T.);
#8368 = ADVANCED_FACE('',(#8369),#5814,.F.);
#8369 = FACE_BOUND('',#8370,.F.);
#8370 = EDGE_LOOP('',(#8371,#8372));
#8371 = ORIENTED_EDGE('',*,*,#8222,.F.);
#8372 = ORIENTED_EDGE('',*,*,#5780,.T.);
#8373 = ADVANCED_FACE('',(#8374),#5891,.F.);
#8374 = FACE_BOUND('',#8375,.F.);
#8375 = EDGE_LOOP('',(#8376,#8377));
#8376 = ORIENTED_EDGE('',*,*,#5853,.F.);
#8377 = ORIENTED_EDGE('',*,*,#7435,.F.);
#8378 = ADVANCED_FACE('',(#8379),#6016,.F.);
#8379 = FACE_BOUND('',#8380,.F.);
#8380 = EDGE_LOOP('',(#8381,#8382));
#8381 = ORIENTED_EDGE('',*,*,#5982,.F.);
#8382 = ORIENTED_EDGE('',*,*,#7405,.F.);
#8383 = ADVANCED_FACE('',(#8384),#6123,.F.);
#8384 = FACE_BOUND('',#8385,.F.);
#8385 = EDGE_LOOP('',(#8386,#8387));
#8386 = ORIENTED_EDGE('',*,*,#6089,.T.);
#8387 = ORIENTED_EDGE('',*,*,#7375,.F.);
#8388 = ADVANCED_FACE('',(#8389),#6310,.F.);
#8389 = FACE_BOUND('',#8390,.F.);
#8390 = EDGE_LOOP('',(#8391,#8392));
#8391 = ORIENTED_EDGE('',*,*,#7085,.T.);
#8392 = ORIENTED_EDGE('',*,*,#6276,.F.);
#8393 = ADVANCED_FACE('',(#8394),#6417,.F.);
#8394 = FACE_BOUND('',#8395,.F.);
#8395 = EDGE_LOOP('',(#8396,#8397));
#8396 = ORIENTED_EDGE('',*,*,#7055,.T.);
#8397 = ORIENTED_EDGE('',*,*,#6383,.F.);
#8398 = ADVANCED_FACE('',(#8399),#6544,.F.);
#8399 = FACE_BOUND('',#8400,.F.);
#8400 = EDGE_LOOP('',(#8401,#8402));
#8401 = ORIENTED_EDGE('',*,*,#7025,.T.);
#8402 = ORIENTED_EDGE('',*,*,#6506,.T.);
#8403 = ADVANCED_FACE('',(#8404),#6623,.F.);
#8404 = FACE_BOUND('',#8405,.F.);
#8405 = EDGE_LOOP('',(#8406,#8407));
#8406 = ORIENTED_EDGE('',*,*,#6585,.F.);
#8407 = ORIENTED_EDGE('',*,*,#7581,.T.);
#8408 = ADVANCED_FACE('',(#8409),#6748,.F.);
#8409 = FACE_BOUND('',#8410,.F.);
#8410 = EDGE_LOOP('',(#8411,#8412));
#8411 = ORIENTED_EDGE('',*,*,#6714,.F.);
#8412 = ORIENTED_EDGE('',*,*,#7782,.T.);
#8413 = ADVANCED_FACE('',(#8414),#6855,.F.);
#8414 = FACE_BOUND('',#8415,.F.);
#8415 = EDGE_LOOP('',(#8416,#8417));
#8416 = ORIENTED_EDGE('',*,*,#6821,.T.);
#8417 = ORIENTED_EDGE('',*,*,#7752,.T.);
#8418 = ADVANCED_FACE('',(#8419),#7281,.F.);
#8419 = FACE_BOUND('',#8420,.F.);
#8420 = EDGE_LOOP('',(#8421,#8422,#8423,#8442));
#8421 = ORIENTED_EDGE('',*,*,#7523,.T.);
#8422 = ORIENTED_EDGE('',*,*,#7257,.T.);
#8423 = ORIENTED_EDGE('',*,*,#8424,.F.);
#8424 = EDGE_CURVE('',#7612,#7258,#8425,.T.);
#8425 = SURFACE_CURVE('',#8426,(#8429,#8435),.PCURVE_S1.);
#8426 = B_SPLINE_CURVE_WITH_KNOTS('',1,(#8427,#8428),.UNSPECIFIED.,.F.,
  .F.,(2,2),(3.,4.),.PIECEWISE_BEZIER_KNOTS.);
#8427 = CARTESIAN_POINT('',(-14.00000000009,-1.129131557694E-12,
    2.726314071975));
#8428 = CARTESIAN_POINT('',(-14.0000000001,-1.129867150627E-12,
    2.673686127812));
#8429 = PCURVE('',#7281,#8430);
#8430 = DEFINITIONAL_REPRESENTATION('',(#8431),#8434);
#8431 = B_SPLINE_CURVE_WITH_KNOTS('',1,(#8432,#8433),.UNSPECIFIED.,.F.,
  .F.,(2,2),(3.,4.),.PIECEWISE_BEZIER_KNOTS.);
#8432 = CARTESIAN_POINT('',(3.,1.));
#8433 = CARTESIAN_POINT('',(4.,1.));
#8434 = ( GEOMETRIC_REPRESENTATION_CONTEXT(2) 
PARAMETRIC_REPRESENTATION_CONTEXT() REPRESENTATION_CONTEXT('2D SPACE',''
  ) );
#8435 = PCURVE('',#7889,#8436);
#8436 = DEFINITIONAL_REPRESENTATION('',(#8437),#8441);
#8437 = LINE('',#8438,#8439);
#8438 = CARTESIAN_POINT('',(0.,0.));
#8439 = VECTOR('',#8440,1.);
#8440 = DIRECTION('',(1.,0.));
#8441 = ( GEOMETRIC_REPRESENTATION_CONTEXT(2) 
PARAMETRIC_REPRESENTATION_CONTEXT() REPRESENTATION_CONTEXT('2D SPACE',''
  ) );
#8442 = ORIENTED_EDGE('',*,*,#7611,.F.);
#8443 = ADVANCED_FACE('',(#8444),#7566,.F.);
#8444 = FACE_BOUND('',#8445,.F.);
#8445 = EDGE_LOOP('',(#8446,#8475,#8496,#8497));
#8446 = ORIENTED_EDGE('',*,*,#8447,.F.);
#8447 = EDGE_CURVE('',#8448,#8448,#8450,.T.);
#8448 = VERTEX_POINT('',#8449);
#8449 = CARTESIAN_POINT('',(13.8,-3.380025165647E-15,3.7125));
#8450 = SURFACE_CURVE('',#8451,(#8456,#8463),.PCURVE_S1.);
#8451 = CIRCLE('',#8452,13.8);
#8452 = AXIS2_PLACEMENT_3D('',#8453,#8454,#8455);
#8453 = CARTESIAN_POINT('',(0.,0.,3.7125));
#8454 = DIRECTION('',(0.,0.,1.));
#8455 = DIRECTION('',(1.,0.,-0.));
#8456 = PCURVE('',#7566,#8457);
#8457 = DEFINITIONAL_REPRESENTATION('',(#8458),#8462);
#8458 = LINE('',#8459,#8460);
#8459 = CARTESIAN_POINT('',(0.,0.4125));
#8460 = VECTOR('',#8461,1.);
#8461 = DIRECTION('',(1.,0.));
#8462 = ( GEOMETRIC_REPRESENTATION_CONTEXT(2) 
PARAMETRIC_REPRESENTATION_CONTEXT() REPRESENTATION_CONTEXT('2D SPACE',''
  ) );
#8463 = PCURVE('',#8464,#8469);
#8464 = PLANE('',#8465);
#8465 = AXIS2_PLACEMENT_3D('',#8466,#8467,#8468);
#8466 = CARTESIAN_POINT('',(0.,0.,3.7125));
#8467 = DIRECTION('',(0.,0.,1.));
#8468 = DIRECTION('',(1.,0.,-0.));
#8469 = DEFINITIONAL_REPRESENTATION('',(#8470),#8474);
#8470 = CIRCLE('',#8471,13.8);
#8471 = AXIS2_PLACEMENT_2D('',#8472,#8473);
#8472 = CARTESIAN_POINT('',(0.,0.));
#8473 = DIRECTION('',(1.,0.));
#8474 = ( GEOMETRIC_REPRESENTATION_CONTEXT(2) 
PARAMETRIC_REPRESENTATION_CONTEXT() REPRESENTATION_CONTEXT('2D SPACE',''
  ) );
#8475 = ORIENTED_EDGE('',*,*,#8476,.F.);
#8476 = EDGE_CURVE('',#7550,#8448,#8477,.T.);
#8477 = SEAM_CURVE('',#8478,(#8482,#8489),.PCURVE_S1.);
#8478 = LINE('',#8479,#8480);
#8479 = CARTESIAN_POINT('',(13.8,-3.380025165647E-15,3.3));
#8480 = VECTOR('',#8481,1.);
#8481 = DIRECTION('',(0.,0.,1.));
#8482 = PCURVE('',#7566,#8483);
#8483 = DEFINITIONAL_REPRESENTATION('',(#8484),#8488);
#8484 = LINE('',#8485,#8486);
#8485 = CARTESIAN_POINT('',(6.28318530718,-0.));
#8486 = VECTOR('',#8487,1.);
#8487 = DIRECTION('',(0.,1.));
#8488 = ( GEOMETRIC_REPRESENTATION_CONTEXT(2) 
PARAMETRIC_REPRESENTATION_CONTEXT() REPRESENTATION_CONTEXT('2D SPACE',''
  ) );
#8489 = PCURVE('',#7566,#8490);
#8490 = DEFINITIONAL_REPRESENTATION('',(#8491),#8495);
#8491 = LINE('',#8492,#8493);
#8492 = CARTESIAN_POINT('',(0.,-0.));
#8493 = VECTOR('',#8494,1.);
#8494 = DIRECTION('',(0.,1.));
#8495 = ( GEOMETRIC_REPRESENTATION_CONTEXT(2) 
PARAMETRIC_REPRESENTATION_CONTEXT() REPRESENTATION_CONTEXT('2D SPACE',''
  ) );
#8496 = ORIENTED_EDGE('',*,*,#7549,.T.);
#8497 = ORIENTED_EDGE('',*,*,#8476,.T.);
#8498 = ADVANCED_FACE('',(#8499),#7963,.F.);
#8499 = FACE_BOUND('',#8500,.F.);
#8500 = EDGE_LOOP('',(#8501,#8502,#8503,#8557));
#8501 = ORIENTED_EDGE('',*,*,#8059,.F.);
#8502 = ORIENTED_EDGE('',*,*,#7919,.F.);
#8503 = ORIENTED_EDGE('',*,*,#8504,.F.);
#8504 = EDGE_CURVE('',#8191,#7866,#8505,.T.);
#8505 = SURFACE_CURVE('',#8506,(#8521,#8539),.PCURVE_S1.);
#8506 = B_SPLINE_CURVE_WITH_KNOTS('',4,(#8507,#8508,#8509,#8510,#8511,
    #8512,#8513,#8514,#8515,#8516,#8517,#8518,#8519,#8520),
  .UNSPECIFIED.,.F.,.F.,(5,3,3,3,5),(0.,0.265826393769,0.526247778281,
    0.770531372739,1.),.UNSPECIFIED.);
#8507 = CARTESIAN_POINT('',(-13.16938362335,-4.74831606917,
    2.728756169945));
#8508 = CARTESIAN_POINT('',(-13.27313203312,-4.4601921807,2.728627543043
    ));
#8509 = CARTESIAN_POINT('',(-13.36847841499,-4.169026513693,
    2.728494899856));
#8510 = CARTESIAN_POINT('',(-13.45528507188,-3.87521038852,
    2.728364365012));
#8511 = CARTESIAN_POINT('',(-13.6100417088,-3.289148002843,
    2.728134047261));
#8512 = CARTESIAN_POINT('',(-13.67833960724,-2.996991399072,
    2.728033747787));
#8513 = CARTESIAN_POINT('',(-13.73826328035,-2.703100056706,
    2.727958506189));
#8514 = CARTESIAN_POINT('',(-13.83809609749,-2.131014169667,
    2.72789709031));
#8515 = CARTESIAN_POINT('',(-13.87901579278,-1.852975710738,
    2.72790571901));
#8516 = CARTESIAN_POINT('',(-13.91250413326,-1.574156323532,
    2.727968013462));
#8517 = CARTESIAN_POINT('',(-13.96307781276,-1.032679118144,
    2.728235093757));
#8518 = CARTESIAN_POINT('',(-13.98103517463,-0.770066994125,
    2.728431016217));
#8519 = CARTESIAN_POINT('',(-13.99247071569,-0.507442700629,
    2.728711583702));
#8520 = CARTESIAN_POINT('',(-13.99745308702,-0.245168063221,
    2.729100105091));
#8521 = PCURVE('',#7963,#8522);
#8522 = DEFINITIONAL_REPRESENTATION('',(#8523),#8538);
#8523 = B_SPLINE_CURVE_WITH_KNOTS('',4,(#8524,#8525,#8526,#8527,#8528,
    #8529,#8530,#8531,#8532,#8533,#8534,#8535,#8536,#8537),
  .UNSPECIFIED.,.F.,.F.,(5,3,3,3,5),(0.,0.265826393769,0.526247778281,
    0.770531372739,1.),.UNSPECIFIED.);
#8524 = CARTESIAN_POINT('',(0.346048763856,9.256069945391E-03));
#8525 = CARTESIAN_POINT('',(0.324173764343,9.12744304275E-03));
#8526 = CARTESIAN_POINT('',(0.302297407881,8.994799855975E-03));
#8527 = CARTESIAN_POINT('',(0.280421315976,8.864265011866E-03));
#8528 = CARTESIAN_POINT('',(0.237120964147,8.633947261332E-03));
#8529 = CARTESIAN_POINT('',(0.215696582716,8.533647787298E-03));
#8530 = CARTESIAN_POINT('',(0.194278713105,8.458406188717E-03));
#8531 = CARTESIAN_POINT('',(0.152793243505,8.396990310404E-03));
#8532 = CARTESIAN_POINT('',(0.132724248575,8.405619009836E-03));
#8533 = CARTESIAN_POINT('',(0.112670185575,8.467913461562E-03));
#8534 = CARTESIAN_POINT('',(7.382104566508E-02,8.734993757028E-03));
#8535 = CARTESIAN_POINT('',(5.50234164687E-02,8.930916217032E-03));
#8536 = CARTESIAN_POINT('',(3.62511976306E-02,9.211483702283E-03));
#8537 = CARTESIAN_POINT('',(1.75134001356E-02,9.600005090989E-03));
#8538 = ( GEOMETRIC_REPRESENTATION_CONTEXT(2) 
PARAMETRIC_REPRESENTATION_CONTEXT() REPRESENTATION_CONTEXT('2D SPACE',''
  ) );
#8539 = PCURVE('',#7889,#8540);
#8540 = DEFINITIONAL_REPRESENTATION('',(#8541),#8556);
#8541 = B_SPLINE_CURVE_WITH_KNOTS('',4,(#8542,#8543,#8544,#8545,#8546,
    #8547,#8548,#8549,#8550,#8551,#8552,#8553,#8554,#8555),
  .UNSPECIFIED.,.F.,.F.,(5,3,3,3,5),(0.,0.265826393769,0.526247778281,
    0.770531372739,1.),.UNSPECIFIED.);
#8542 = CARTESIAN_POINT('',(4.,6.883755286398E-02));
#8543 = CARTESIAN_POINT('',(3.936277426043,6.448478413028E-02));
#8544 = CARTESIAN_POINT('',(3.872628313224,6.013182767937E-02));
#8545 = CARTESIAN_POINT('',(3.808942092653,5.577906552793E-02));
#8546 = CARTESIAN_POINT('',(3.682358015916,4.716384364924E-02));
#8547 = CARTESIAN_POINT('',(3.619469473444,4.290135091306E-02));
#8548 = CARTESIAN_POINT('',(3.556128301849,3.864040434802E-02));
#8549 = CARTESIAN_POINT('',(3.431845476513,3.038769748599E-02));
#8550 = CARTESIAN_POINT('',(3.370997816081,2.6395624256E-02));
#8551 = CARTESIAN_POINT('',(3.309179913752,2.240680592277E-02));
#8552 = CARTESIAN_POINT('',(3.186651400036,1.468012655782E-02));
#8553 = CARTESIAN_POINT('',(3.12610097806,1.094172434542E-02));
#8554 = CARTESIAN_POINT('',(3.064022672924,7.208616729212E-03));
#8555 = CARTESIAN_POINT('',(3.,3.482541394768E-03));
#8556 = ( GEOMETRIC_REPRESENTATION_CONTEXT(2) 
PARAMETRIC_REPRESENTATION_CONTEXT() REPRESENTATION_CONTEXT('2D SPACE',''
  ) );
#8557 = ORIENTED_EDGE('',*,*,#8286,.F.);
#8558 = ADVANCED_FACE('',(#8559),#7889,.F.);
#8559 = FACE_BOUND('',#8560,.F.);
#8560 = EDGE_LOOP('',(#8561,#8562,#8563,#8564));
#8561 = ORIENTED_EDGE('',*,*,#7865,.F.);
#8562 = ORIENTED_EDGE('',*,*,#8424,.T.);
#8563 = ORIENTED_EDGE('',*,*,#8190,.T.);
#8564 = ORIENTED_EDGE('',*,*,#8504,.T.);
#8565 = ADVANCED_FACE('',(#8566,#8597),#8464,.T.);
#8566 = FACE_BOUND('',#8567,.T.);
#8567 = EDGE_LOOP('',(#8568));
#8568 = ORIENTED_EDGE('',*,*,#8569,.T.);
#8569 = EDGE_CURVE('',#8570,#8570,#8572,.T.);
#8570 = VERTEX_POINT('',#8571);
#8571 = CARTESIAN_POINT('',(14.87,-3.642099580664E-15,3.7125));
#8572 = SURFACE_CURVE('',#8573,(#8578,#8585),.PCURVE_S1.);
#8573 = CIRCLE('',#8574,14.87);
#8574 = AXIS2_PLACEMENT_3D('',#8575,#8576,#8577);
#8575 = CARTESIAN_POINT('',(0.,0.,3.7125));
#8576 = DIRECTION('',(0.,0.,1.));
#8577 = DIRECTION('',(1.,0.,-0.));
#8578 = PCURVE('',#8464,#8579);
#8579 = DEFINITIONAL_REPRESENTATION('',(#8580),#8584);
#8580 = CIRCLE('',#8581,14.87);
#8581 = AXIS2_PLACEMENT_2D('',#8582,#8583);
#8582 = CARTESIAN_POINT('',(0.,0.));
#8583 = DIRECTION('',(1.,0.));
#8584 = ( GEOMETRIC_REPRESENTATION_CONTEXT(2) 
PARAMETRIC_REPRESENTATION_CONTEXT() REPRESENTATION_CONTEXT('2D SPACE',''
  ) );
#8585 = PCURVE('',#8586,#8591);
#8586 = CYLINDRICAL_SURFACE('',#8587,14.87);
#8587 = AXIS2_PLACEMENT_3D('',#8588,#8589,#8590);
#8588 = CARTESIAN_POINT('',(0.,0.,3.7125));
#8589 = DIRECTION('',(0.,0.,1.));
#8590 = DIRECTION('',(1.,0.,-0.));
#8591 = DEFINITIONAL_REPRESENTATION('',(#8592),#8596);
#8592 = LINE('',#8593,#8594);
#8593 = CARTESIAN_POINT('',(0.,0.));
#8594 = VECTOR('',#8595,1.);
#8595 = DIRECTION('',(1.,0.));
#8596 = ( GEOMETRIC_REPRESENTATION_CONTEXT(2) 
PARAMETRIC_REPRESENTATION_CONTEXT() REPRESENTATION_CONTEXT('2D SPACE',''
  ) );
#8597 = FACE_BOUND('',#8598,.T.);
#8598 = EDGE_LOOP('',(#8599));
#8599 = ORIENTED_EDGE('',*,*,#8447,.F.);
#8600 = ADVANCED_FACE('',(#8601),#8586,.F.);
#8601 = FACE_BOUND('',#8602,.F.);
#8602 = EDGE_LOOP('',(#8603,#8632,#8653,#8654));
#8603 = ORIENTED_EDGE('',*,*,#8604,.F.);
#8604 = EDGE_CURVE('',#8605,#8605,#8607,.T.);
#8605 = VERTEX_POINT('',#8606);
#8606 = CARTESIAN_POINT('',(14.87,-3.642099580664E-15,5.7375));
#8607 = SURFACE_CURVE('',#8608,(#8613,#8620),.PCURVE_S1.);
#8608 = CIRCLE('',#8609,14.87);
#8609 = AXIS2_PLACEMENT_3D('',#8610,#8611,#8612);
#8610 = CARTESIAN_POINT('',(0.,0.,5.7375));
#8611 = DIRECTION('',(0.,0.,1.));
#8612 = DIRECTION('',(1.,0.,-0.));
#8613 = PCURVE('',#8586,#8614);
#8614 = DEFINITIONAL_REPRESENTATION('',(#8615),#8619);
#8615 = LINE('',#8616,#8617);
#8616 = CARTESIAN_POINT('',(0.,2.025));
#8617 = VECTOR('',#8618,1.);
#8618 = DIRECTION('',(1.,0.));
#8619 = ( GEOMETRIC_REPRESENTATION_CONTEXT(2) 
PARAMETRIC_REPRESENTATION_CONTEXT() REPRESENTATION_CONTEXT('2D SPACE',''
  ) );
#8620 = PCURVE('',#8621,#8626);
#8621 = PLANE('',#8622);
#8622 = AXIS2_PLACEMENT_3D('',#8623,#8624,#8625);
#8623 = CARTESIAN_POINT('',(0.,0.,5.7375));
#8624 = DIRECTION('',(0.,0.,1.));
#8625 = DIRECTION('',(1.,0.,-0.));
#8626 = DEFINITIONAL_REPRESENTATION('',(#8627),#8631);
#8627 = CIRCLE('',#8628,14.87);
#8628 = AXIS2_PLACEMENT_2D('',#8629,#8630);
#8629 = CARTESIAN_POINT('',(0.,0.));
#8630 = DIRECTION('',(1.,0.));
#8631 = ( GEOMETRIC_REPRESENTATION_CONTEXT(2) 
PARAMETRIC_REPRESENTATION_CONTEXT() REPRESENTATION_CONTEXT('2D SPACE',''
  ) );
#8632 = ORIENTED_EDGE('',*,*,#8633,.F.);
#8633 = EDGE_CURVE('',#8570,#8605,#8634,.T.);
#8634 = SEAM_CURVE('',#8635,(#8639,#8646),.PCURVE_S1.);
#8635 = LINE('',#8636,#8637);
#8636 = CARTESIAN_POINT('',(14.87,-3.642099580664E-15,3.7125));
#8637 = VECTOR('',#8638,1.);
#8638 = DIRECTION('',(0.,0.,1.));
#8639 = PCURVE('',#8586,#8640);
#8640 = DEFINITIONAL_REPRESENTATION('',(#8641),#8645);
#8641 = LINE('',#8642,#8643);
#8642 = CARTESIAN_POINT('',(6.28318530718,-0.));
#8643 = VECTOR('',#8644,1.);
#8644 = DIRECTION('',(0.,1.));
#8645 = ( GEOMETRIC_REPRESENTATION_CONTEXT(2) 
PARAMETRIC_REPRESENTATION_CONTEXT() REPRESENTATION_CONTEXT('2D SPACE',''
  ) );
#8646 = PCURVE('',#8586,#8647);
#8647 = DEFINITIONAL_REPRESENTATION('',(#8648),#8652);
#8648 = LINE('',#8649,#8650);
#8649 = CARTESIAN_POINT('',(0.,-0.));
#8650 = VECTOR('',#8651,1.);
#8651 = DIRECTION('',(0.,1.));
#8652 = ( GEOMETRIC_REPRESENTATION_CONTEXT(2) 
PARAMETRIC_REPRESENTATION_CONTEXT() REPRESENTATION_CONTEXT('2D SPACE',''
  ) );
#8653 = ORIENTED_EDGE('',*,*,#8569,.T.);
#8654 = ORIENTED_EDGE('',*,*,#8633,.T.);
#8655 = ADVANCED_FACE('',(#8656,#8659),#8621,.F.);
#8656 = FACE_BOUND('',#8657,.F.);
#8657 = EDGE_LOOP('',(#8658));
#8658 = ORIENTED_EDGE('',*,*,#8604,.T.);
#8659 = FACE_BOUND('',#8660,.F.);
#8660 = EDGE_LOOP('',(#8661));
#8661 = ORIENTED_EDGE('',*,*,#8662,.F.);
#8662 = EDGE_CURVE('',#8663,#8663,#8665,.T.);
#8663 = VERTEX_POINT('',#8664);
#8664 = CARTESIAN_POINT('',(13.8,-3.380025165647E-15,5.7375));
#8665 = SURFACE_CURVE('',#8666,(#8671,#8678),.PCURVE_S1.);
#8666 = CIRCLE('',#8667,13.8);
#8667 = AXIS2_PLACEMENT_3D('',#8668,#8669,#8670);
#8668 = CARTESIAN_POINT('',(0.,0.,5.7375));
#8669 = DIRECTION('',(0.,0.,1.));
#8670 = DIRECTION('',(1.,0.,-0.));
#8671 = PCURVE('',#8621,#8672);
#8672 = DEFINITIONAL_REPRESENTATION('',(#8673),#8677);
#8673 = CIRCLE('',#8674,13.8);
#8674 = AXIS2_PLACEMENT_2D('',#8675,#8676);
#8675 = CARTESIAN_POINT('',(0.,0.));
#8676 = DIRECTION('',(1.,0.));
#8677 = ( GEOMETRIC_REPRESENTATION_CONTEXT(2) 
PARAMETRIC_REPRESENTATION_CONTEXT() REPRESENTATION_CONTEXT('2D SPACE',''
  ) );
#8678 = PCURVE('',#8679,#8684);
#8679 = CYLINDRICAL_SURFACE('',#8680,13.8);
#8680 = AXIS2_PLACEMENT_3D('',#8681,#8682,#8683);
#8681 = CARTESIAN_POINT('',(0.,0.,3.3));
#8682 = DIRECTION('',(0.,0.,1.));
#8683 = DIRECTION('',(1.,0.,-0.));
#8684 = DEFINITIONAL_REPRESENTATION('',(#8685),#8689);
#8685 = LINE('',#8686,#8687);
#8686 = CARTESIAN_POINT('',(0.,2.4375));
#8687 = VECTOR('',#8688,1.);
#8688 = DIRECTION('',(1.,0.));
#8689 = ( GEOMETRIC_REPRESENTATION_CONTEXT(2) 
PARAMETRIC_REPRESENTATION_CONTEXT() REPRESENTATION_CONTEXT('2D SPACE',''
  ) );
#8690 = ADVANCED_FACE('',(#8691),#8679,.F.);
#8691 = FACE_BOUND('',#8692,.F.);
#8692 = EDGE_LOOP('',(#8693,#8716,#8743,#8744));
#8693 = ORIENTED_EDGE('',*,*,#8694,.T.);
#8694 = EDGE_CURVE('',#8663,#8695,#8697,.T.);
#8695 = VERTEX_POINT('',#8696);
#8696 = CARTESIAN_POINT('',(13.8,-3.380025165647E-15,6.6));
#8697 = SEAM_CURVE('',#8698,(#8702,#8709),.PCURVE_S1.);
#8698 = LINE('',#8699,#8700);
#8699 = CARTESIAN_POINT('',(13.8,-3.380025165647E-15,3.3));
#8700 = VECTOR('',#8701,1.);
#8701 = DIRECTION('',(0.,0.,1.));
#8702 = PCURVE('',#8679,#8703);
#8703 = DEFINITIONAL_REPRESENTATION('',(#8704),#8708);
#8704 = LINE('',#8705,#8706);
#8705 = CARTESIAN_POINT('',(6.28318530718,-0.));
#8706 = VECTOR('',#8707,1.);
#8707 = DIRECTION('',(0.,1.));
#8708 = ( GEOMETRIC_REPRESENTATION_CONTEXT(2) 
PARAMETRIC_REPRESENTATION_CONTEXT() REPRESENTATION_CONTEXT('2D SPACE',''
  ) );
#8709 = PCURVE('',#8679,#8710);
#8710 = DEFINITIONAL_REPRESENTATION('',(#8711),#8715);
#8711 = LINE('',#8712,#8713);
#8712 = CARTESIAN_POINT('',(0.,-0.));
#8713 = VECTOR('',#8714,1.);
#8714 = DIRECTION('',(0.,1.));
#8715 = ( GEOMETRIC_REPRESENTATION_CONTEXT(2) 
PARAMETRIC_REPRESENTATION_CONTEXT() REPRESENTATION_CONTEXT('2D SPACE',''
  ) );
#8716 = ORIENTED_EDGE('',*,*,#8717,.F.);
#8717 = EDGE_CURVE('',#8695,#8695,#8718,.T.);
#8718 = SURFACE_CURVE('',#8719,(#8724,#8731),.PCURVE_S1.);
#8719 = CIRCLE('',#8720,13.8);
#8720 = AXIS2_PLACEMENT_3D('',#8721,#8722,#8723);
#8721 = CARTESIAN_POINT('',(0.,0.,6.6));
#8722 = DIRECTION('',(0.,0.,1.));
#8723 = DIRECTION('',(1.,0.,-0.));
#8724 = PCURVE('',#8679,#8725);
#8725 = DEFINITIONAL_REPRESENTATION('',(#8726),#8730);
#8726 = LINE('',#8727,#8728);
#8727 = CARTESIAN_POINT('',(0.,3.3));
#8728 = VECTOR('',#8729,1.);
#8729 = DIRECTION('',(1.,0.));
#8730 = ( GEOMETRIC_REPRESENTATION_CONTEXT(2) 
PARAMETRIC_REPRESENTATION_CONTEXT() REPRESENTATION_CONTEXT('2D SPACE',''
  ) );
#8731 = PCURVE('',#8732,#8737);
#8732 = PLANE('',#8733);
#8733 = AXIS2_PLACEMENT_3D('',#8734,#8735,#8736);
#8734 = CARTESIAN_POINT('',(0.,0.,6.6));
#8735 = DIRECTION('',(0.,0.,1.));
#8736 = DIRECTION('',(1.,0.,-0.));
#8737 = DEFINITIONAL_REPRESENTATION('',(#8738),#8742);
#8738 = CIRCLE('',#8739,13.8);
#8739 = AXIS2_PLACEMENT_2D('',#8740,#8741);
#8740 = CARTESIAN_POINT('',(0.,0.));
#8741 = DIRECTION('',(1.,0.));
#8742 = ( GEOMETRIC_REPRESENTATION_CONTEXT(2) 
PARAMETRIC_REPRESENTATION_CONTEXT() REPRESENTATION_CONTEXT('2D SPACE',''
  ) );
#8743 = ORIENTED_EDGE('',*,*,#8694,.F.);
#8744 = ORIENTED_EDGE('',*,*,#8662,.T.);
#8745 = ADVANCED_FACE('',(#8746,#8749),#8732,.F.);
#8746 = FACE_BOUND('',#8747,.F.);
#8747 = EDGE_LOOP('',(#8748));
#8748 = ORIENTED_EDGE('',*,*,#8717,.T.);
#8749 = FACE_BOUND('',#8750,.F.);
#8750 = EDGE_LOOP('',(#8751));
#8751 = ORIENTED_EDGE('',*,*,#8752,.F.);
#8752 = EDGE_CURVE('',#8753,#8753,#8755,.T.);
#8753 = VERTEX_POINT('',#8754);
#8754 = CARTESIAN_POINT('',(12.5,-3.061616997868E-15,6.6));
#8755 = SURFACE_CURVE('',#8756,(#8761,#8768),.PCURVE_S1.);
#8756 = CIRCLE('',#8757,12.5);
#8757 = AXIS2_PLACEMENT_3D('',#8758,#8759,#8760);
#8758 = CARTESIAN_POINT('',(0.,0.,6.6));
#8759 = DIRECTION('',(0.,0.,1.));
#8760 = DIRECTION('',(1.,0.,-0.));
#8761 = PCURVE('',#8732,#8762);
#8762 = DEFINITIONAL_REPRESENTATION('',(#8763),#8767);
#8763 = CIRCLE('',#8764,12.5);
#8764 = AXIS2_PLACEMENT_2D('',#8765,#8766);
#8765 = CARTESIAN_POINT('',(0.,0.));
#8766 = DIRECTION('',(1.,0.));
#8767 = ( GEOMETRIC_REPRESENTATION_CONTEXT(2) 
PARAMETRIC_REPRESENTATION_CONTEXT() REPRESENTATION_CONTEXT('2D SPACE',''
  ) );
#8768 = PCURVE('',#8769,#8774);
#8769 = PLANE('',#8770);
#8770 = AXIS2_PLACEMENT_3D('',#8771,#8772,#8773);
#8771 = CARTESIAN_POINT('',(0.,0.,6.6));
#8772 = DIRECTION('',(0.,0.,1.));
#8773 = DIRECTION('',(1.,0.,-0.));
#8774 = DEFINITIONAL_REPRESENTATION('',(#8775),#8779);
#8775 = CIRCLE('',#8776,12.5);
#8776 = AXIS2_PLACEMENT_2D('',#8777,#8778);
#8777 = CARTESIAN_POINT('',(0.,0.));
#8778 = DIRECTION('',(1.,0.));
#8779 = ( GEOMETRIC_REPRESENTATION_CONTEXT(2) 
PARAMETRIC_REPRESENTATION_CONTEXT() REPRESENTATION_CONTEXT('2D SPACE',''
  ) );
#8780 = ADVANCED_FACE('',(#8781,#8784),#8769,.F.);
#8781 = FACE_BOUND('',#8782,.F.);
#8782 = EDGE_LOOP('',(#8783));
#8783 = ORIENTED_EDGE('',*,*,#8752,.T.);
#8784 = FACE_BOUND('',#8785,.F.);
#8785 = EDGE_LOOP('',(#8786));
#8786 = ORIENTED_EDGE('',*,*,#8787,.F.);
#8787 = EDGE_CURVE('',#8788,#8788,#8790,.T.);
#8788 = VERTEX_POINT('',#8789);
#8789 = CARTESIAN_POINT('',(8.,-1.959434878636E-15,6.6));
#8790 = SURFACE_CURVE('',#8791,(#8796,#8803),.PCURVE_S1.);
#8791 = CIRCLE('',#8792,8.);
#8792 = AXIS2_PLACEMENT_3D('',#8793,#8794,#8795);
#8793 = CARTESIAN_POINT('',(0.,0.,6.6));
#8794 = DIRECTION('',(0.,0.,1.));
#8795 = DIRECTION('',(1.,0.,-0.));
#8796 = PCURVE('',#8769,#8797);
#8797 = DEFINITIONAL_REPRESENTATION('',(#8798),#8802);
#8798 = CIRCLE('',#8799,8.);
#8799 = AXIS2_PLACEMENT_2D('',#8800,#8801);
#8800 = CARTESIAN_POINT('',(0.,0.));
#8801 = DIRECTION('',(1.,0.));
#8802 = ( GEOMETRIC_REPRESENTATION_CONTEXT(2) 
PARAMETRIC_REPRESENTATION_CONTEXT() REPRESENTATION_CONTEXT('2D SPACE',''
  ) );
#8803 = PCURVE('',#8804,#8809);
#8804 = PLANE('',#8805);
#8805 = AXIS2_PLACEMENT_3D('',#8806,#8807,#8808);
#8806 = CARTESIAN_POINT('',(0.,0.,6.6));
#8807 = DIRECTION('',(0.,0.,1.));
#8808 = DIRECTION('',(1.,0.,-0.));
#8809 = DEFINITIONAL_REPRESENTATION('',(#8810),#8814);
#8810 = CIRCLE('',#8811,8.);
#8811 = AXIS2_PLACEMENT_2D('',#8812,#8813);
#8812 = CARTESIAN_POINT('',(0.,0.));
#8813 = DIRECTION('',(1.,0.));
#8814 = ( GEOMETRIC_REPRESENTATION_CONTEXT(2) 
PARAMETRIC_REPRESENTATION_CONTEXT() REPRESENTATION_CONTEXT('2D SPACE',''
  ) );
#8815 = ADVANCED_FACE('',(#8816),#8804,.F.);
#8816 = FACE_BOUND('',#8817,.F.);
#8817 = EDGE_LOOP('',(#8818));
#8818 = ORIENTED_EDGE('',*,*,#8787,.T.);
#8819 = ( GEOMETRIC_REPRESENTATION_CONTEXT(3) 
GLOBAL_UNCERTAINTY_ASSIGNED_CONTEXT((#8823)) 
GLOBAL_UNIT_ASSIGNED_CONTEXT((#8820,#8821,#8822)) REPRESENTATION_CONTEXT
('Context #1','3D Context with UNIT and UNCERTAINTY') );
#8820 = ( LENGTH_UNIT() NAMED_UNIT(*) SI_UNIT(.MILLI.,.METRE.) );
#8821 = ( NAMED_UNIT(*) PLANE_ANGLE_UNIT() SI_UNIT($,.RADIAN.) );
#8822 = ( NAMED_UNIT(*) SI_UNIT($,.STERADIAN.) SOLID_ANGLE_UNIT() );
#8823 = UNCERTAINTY_MEASURE_WITH_UNIT(LENGTH_MEASURE(2.E-05),#8820,
  'distance_accuracy_value','confusion accuracy');
#8824 = PRODUCT_RELATED_PRODUCT_CATEGORY('part',$,(#7));
ENDSEC;
END-ISO-10303-21;
