ISO-10303-21;
HEADER;
FILE_DESCRIPTION(('Open CASCADE Model'),'2;1');
FILE_NAME('Open CASCADE Shape Model','2026-09-01T07:37:41',('Author'),(
    'Open CASCADE'),'Open CASCADE STEP processor 7.9','build123d',
  'Unknown');
FILE_SCHEMA(('AUTOMOTIVE_DESIGN { 1 0 10303 214 1 1 1 1 }'));
ENDSEC;
DATA;
#1 = APPLICATION_PROTOCOL_DEFINITION('international standard',
  'automotive_design',2000,#2);
#2 = APPLICATION_CONTEXT(
  'core data for automotive mechanical design processes');
#3 = SHAPE_DEFINITION_REPRESENTATION(#4,#10);
#4 = PRODUCT_DEFINITION_SHAPE('','',#5);
#5 = PRODUCT_DEFINITION('design','',#6,#9);
#6 = PRODUCT_DEFINITION_FORMATION('','',#7);
#7 = PRODUCT('COMPOUND','COMPOUND','',(#8));
#8 = PRODUCT_CONTEXT('',#2,'mechanical');
#9 = PRODUCT_DEFINITION_CONTEXT('part definition',#2,'design');
#10 = ADVANCED_BREP_SHAPE_REPRESENTATION('',(#11,#15),#4892);
#11 = AXIS2_PLACEMENT_3D('',#12,#13,#14);
#12 = CARTESIAN_POINT('',(0.,0.,0.));
#13 = DIRECTION('',(0.,0.,1.));
#14 = DIRECTION('',(1.,0.,-0.));
#15 = MANIFOLD_SOLID_BREP('',#16);
#16 = CLOSED_SHELL('',(#17,#508,#582,#741,#817,#1329,#1656,#2224,#2301,
    #2351,#2436,#2460,#2576,#2632,#2791,#3178,#3293,#3373,#3409,#3577,
    #3586,#3659,#3862,#3917,#4107,#4150,#4193,#4267,#4421,#4464,#4491,
    #4518,#4525,#4556,#4603,#4630,#4657,#4664,#4714,#4740,#4765,#4796,
    #4828,#4853,#4879));
#17 = ADVANCED_FACE('',(#18,#257,#367,#398),#32,.F.);
#18 = FACE_BOUND('',#19,.F.);
#19 = EDGE_LOOP('',(#20,#55,#84,#112,#141,#169,#198,#226));
#20 = ORIENTED_EDGE('',*,*,#21,.T.);
#21 = EDGE_CURVE('',#22,#24,#26,.T.);
#22 = VERTEX_POINT('',#23);
#23 = CARTESIAN_POINT('',(18.988283229402,6.5,-1.));
#24 = VERTEX_POINT('',#25);
#25 = CARTESIAN_POINT('',(14.587354112381,6.5,-1.));
#26 = SURFACE_CURVE('',#27,(#31,#43),.PCURVE_S1.);
#27 = LINE('',#28,#29);
#28 = CARTESIAN_POINT('',(18.988283229402,6.5,-1.));
#29 = VECTOR('',#30,1.);
#30 = DIRECTION('',(-1.,0.,0.));
#31 = PCURVE('',#32,#37);
#32 = PLANE('',#33);
#33 = AXIS2_PLACEMENT_3D('',#34,#35,#36);
#34 = CARTESIAN_POINT('',(0.,0.,-1.));
#35 = DIRECTION('',(0.,0.,1.));
#36 = DIRECTION('',(1.,0.,-0.));
#37 = DEFINITIONAL_REPRESENTATION('',(#38),#42);
#38 = LINE('',#39,#40);
#39 = CARTESIAN_POINT('',(18.988283229402,6.5));
#40 = VECTOR('',#41,1.);
#41 = DIRECTION('',(-1.,0.));
#42 = ( GEOMETRIC_REPRESENTATION_CONTEXT(2) 
PARAMETRIC_REPRESENTATION_CONTEXT() REPRESENTATION_CONTEXT('2D SPACE',''
  ) );
#43 = PCURVE('',#44,#49);
#44 = PLANE('',#45);
#45 = AXIS2_PLACEMENT_3D('',#46,#47,#48);
#46 = CARTESIAN_POINT('',(12.8,6.5,-1.));
#47 = DIRECTION('',(-0.,1.,0.));
#48 = DIRECTION('',(0.,0.,1.));
#49 = DEFINITIONAL_REPRESENTATION('',(#50),#54);
#50 = LINE('',#51,#52);
#51 = CARTESIAN_POINT('',(0.,6.188283229402));
#52 = VECTOR('',#53,1.);
#53 = DIRECTION('',(0.,-1.));
#54 = ( GEOMETRIC_REPRESENTATION_CONTEXT(2) 
PARAMETRIC_REPRESENTATION_CONTEXT() REPRESENTATION_CONTEXT('2D SPACE',''
  ) );
#55 = ORIENTED_EDGE('',*,*,#56,.T.);
#56 = EDGE_CURVE('',#24,#57,#59,.T.);
#57 = VERTEX_POINT('',#58);
#58 = CARTESIAN_POINT('',(-14.58735411238,6.5,-1.));
#59 = SURFACE_CURVE('',#60,(#65,#72),.PCURVE_S1.);
#60 = CIRCLE('',#61,15.97);
#61 = AXIS2_PLACEMENT_3D('',#62,#63,#64);
#62 = CARTESIAN_POINT('',(0.,0.,-1.));
#63 = DIRECTION('',(0.,0.,1.));
#64 = DIRECTION('',(1.,0.,-0.));
#65 = PCURVE('',#32,#66);
#66 = DEFINITIONAL_REPRESENTATION('',(#67),#71);
#67 = CIRCLE('',#68,15.97);
#68 = AXIS2_PLACEMENT_2D('',#69,#70);
#69 = CARTESIAN_POINT('',(0.,0.));
#70 = DIRECTION('',(1.,0.));
#71 = ( GEOMETRIC_REPRESENTATION_CONTEXT(2) 
PARAMETRIC_REPRESENTATION_CONTEXT() REPRESENTATION_CONTEXT('2D SPACE',''
  ) );
#72 = PCURVE('',#73,#78);
#73 = CYLINDRICAL_SURFACE('',#74,15.97);
#74 = AXIS2_PLACEMENT_3D('',#75,#76,#77);
#75 = CARTESIAN_POINT('',(0.,0.,-1.));
#76 = DIRECTION('',(0.,0.,1.));
#77 = DIRECTION('',(1.,0.,-0.));
#78 = DEFINITIONAL_REPRESENTATION('',(#79),#83);
#79 = LINE('',#80,#81);
#80 = CARTESIAN_POINT('',(0.,0.));
#81 = VECTOR('',#82,1.);
#82 = DIRECTION('',(1.,0.));
#83 = ( GEOMETRIC_REPRESENTATION_CONTEXT(2) 
PARAMETRIC_REPRESENTATION_CONTEXT() REPRESENTATION_CONTEXT('2D SPACE',''
  ) );
#84 = ORIENTED_EDGE('',*,*,#85,.T.);
#85 = EDGE_CURVE('',#57,#86,#88,.T.);
#86 = VERTEX_POINT('',#87);
#87 = CARTESIAN_POINT('',(-18.9882832294,6.5,-1.));
#88 = SURFACE_CURVE('',#89,(#93,#100),.PCURVE_S1.);
#89 = LINE('',#90,#91);
#90 = CARTESIAN_POINT('',(-12.8,6.5,-1.));
#91 = VECTOR('',#92,1.);
#92 = DIRECTION('',(-1.,0.,0.));
#93 = PCURVE('',#32,#94);
#94 = DEFINITIONAL_REPRESENTATION('',(#95),#99);
#95 = LINE('',#96,#97);
#96 = CARTESIAN_POINT('',(-12.8,6.5));
#97 = VECTOR('',#98,1.);
#98 = DIRECTION('',(-1.,0.));
#99 = ( GEOMETRIC_REPRESENTATION_CONTEXT(2) 
PARAMETRIC_REPRESENTATION_CONTEXT() REPRESENTATION_CONTEXT('2D SPACE',''
  ) );
#100 = PCURVE('',#101,#106);
#101 = PLANE('',#102);
#102 = AXIS2_PLACEMENT_3D('',#103,#104,#105);
#103 = CARTESIAN_POINT('',(-15.97,6.5,-1.));
#104 = DIRECTION('',(-0.,1.,0.));
#105 = DIRECTION('',(0.,0.,1.));
#106 = DEFINITIONAL_REPRESENTATION('',(#107),#111);
#107 = LINE('',#108,#109);
#108 = CARTESIAN_POINT('',(0.,3.17));
#109 = VECTOR('',#110,1.);
#110 = DIRECTION('',(0.,-1.));
#111 = ( GEOMETRIC_REPRESENTATION_CONTEXT(2) 
PARAMETRIC_REPRESENTATION_CONTEXT() REPRESENTATION_CONTEXT('2D SPACE',''
  ) );
#112 = ORIENTED_EDGE('',*,*,#113,.T.);
#113 = EDGE_CURVE('',#86,#114,#116,.T.);
#114 = VERTEX_POINT('',#115);
#115 = CARTESIAN_POINT('',(-18.9882832294,-6.5,-1.));
#116 = SURFACE_CURVE('',#117,(#122,#129),.PCURVE_S1.);
#117 = CIRCLE('',#118,20.07);
#118 = AXIS2_PLACEMENT_3D('',#119,#120,#121);
#119 = CARTESIAN_POINT('',(0.,0.,-1.));
#120 = DIRECTION('',(0.,0.,1.));
#121 = DIRECTION('',(-0.946102801664,0.323866467364,0.));
#122 = PCURVE('',#32,#123);
#123 = DEFINITIONAL_REPRESENTATION('',(#124),#128);
#124 = CIRCLE('',#125,20.07);
#125 = AXIS2_PLACEMENT_2D('',#126,#127);
#126 = CARTESIAN_POINT('',(0.,0.));
#127 = DIRECTION('',(-0.946102801664,0.323866467364));
#128 = ( GEOMETRIC_REPRESENTATION_CONTEXT(2) 
PARAMETRIC_REPRESENTATION_CONTEXT() REPRESENTATION_CONTEXT('2D SPACE',''
  ) );
#129 = PCURVE('',#130,#135);
#130 = CYLINDRICAL_SURFACE('',#131,20.07);
#131 = AXIS2_PLACEMENT_3D('',#132,#133,#134);
#132 = CARTESIAN_POINT('',(0.,0.,-2.));
#133 = DIRECTION('',(0.,0.,1.));
#134 = DIRECTION('',(1.,0.,-0.));
#135 = DEFINITIONAL_REPRESENTATION('',(#136),#140);
#136 = LINE('',#137,#138);
#137 = CARTESIAN_POINT('',(2.81177927884,1.));
#138 = VECTOR('',#139,1.);
#139 = DIRECTION('',(1.,0.));
#140 = ( GEOMETRIC_REPRESENTATION_CONTEXT(2) 
PARAMETRIC_REPRESENTATION_CONTEXT() REPRESENTATION_CONTEXT('2D SPACE',''
  ) );
#141 = ORIENTED_EDGE('',*,*,#142,.T.);
#142 = EDGE_CURVE('',#114,#143,#145,.T.);
#143 = VERTEX_POINT('',#144);
#144 = CARTESIAN_POINT('',(-14.58735411238,-6.5,-1.));
#145 = SURFACE_CURVE('',#146,(#150,#157),.PCURVE_S1.);
#146 = LINE('',#147,#148);
#147 = CARTESIAN_POINT('',(-18.9882832294,-6.5,-1.));
#148 = VECTOR('',#149,1.);
#149 = DIRECTION('',(1.,0.,0.));
#150 = PCURVE('',#32,#151);
#151 = DEFINITIONAL_REPRESENTATION('',(#152),#156);
#152 = LINE('',#153,#154);
#153 = CARTESIAN_POINT('',(-18.9882832294,-6.5));
#154 = VECTOR('',#155,1.);
#155 = DIRECTION('',(1.,0.));
#156 = ( GEOMETRIC_REPRESENTATION_CONTEXT(2) 
PARAMETRIC_REPRESENTATION_CONTEXT() REPRESENTATION_CONTEXT('2D SPACE',''
  ) );
#157 = PCURVE('',#158,#163);
#158 = PLANE('',#159);
#159 = AXIS2_PLACEMENT_3D('',#160,#161,#162);
#160 = CARTESIAN_POINT('',(-15.97,-6.5,-1.));
#161 = DIRECTION('',(-0.,1.,0.));
#162 = DIRECTION('',(0.,0.,1.));
#163 = DEFINITIONAL_REPRESENTATION('',(#164),#168);
#164 = LINE('',#165,#166);
#165 = CARTESIAN_POINT('',(0.,-3.018283229402));
#166 = VECTOR('',#167,1.);
#167 = DIRECTION('',(0.,1.));
#168 = ( GEOMETRIC_REPRESENTATION_CONTEXT(2) 
PARAMETRIC_REPRESENTATION_CONTEXT() REPRESENTATION_CONTEXT('2D SPACE',''
  ) );
#169 = ORIENTED_EDGE('',*,*,#170,.T.);
#170 = EDGE_CURVE('',#143,#171,#173,.T.);
#171 = VERTEX_POINT('',#172);
#172 = CARTESIAN_POINT('',(14.587354112381,-6.5,-1.));
#173 = SURFACE_CURVE('',#174,(#179,#186),.PCURVE_S1.);
#174 = CIRCLE('',#175,15.97);
#175 = AXIS2_PLACEMENT_3D('',#176,#177,#178);
#176 = CARTESIAN_POINT('',(0.,0.,-1.));
#177 = DIRECTION('',(0.,0.,1.));
#178 = DIRECTION('',(1.,0.,-0.));
#179 = PCURVE('',#32,#180);
#180 = DEFINITIONAL_REPRESENTATION('',(#181),#185);
#181 = CIRCLE('',#182,15.97);
#182 = AXIS2_PLACEMENT_2D('',#183,#184);
#183 = CARTESIAN_POINT('',(0.,0.));
#184 = DIRECTION('',(1.,0.));
#185 = ( GEOMETRIC_REPRESENTATION_CONTEXT(2) 
PARAMETRIC_REPRESENTATION_CONTEXT() REPRESENTATION_CONTEXT('2D SPACE',''
  ) );
#186 = PCURVE('',#187,#192);
#187 = CYLINDRICAL_SURFACE('',#188,15.97);
#188 = AXIS2_PLACEMENT_3D('',#189,#190,#191);
#189 = CARTESIAN_POINT('',(0.,0.,-1.));
#190 = DIRECTION('',(0.,0.,1.));
#191 = DIRECTION('',(1.,0.,-0.));
#192 = DEFINITIONAL_REPRESENTATION('',(#193),#197);
#193 = LINE('',#194,#195);
#194 = CARTESIAN_POINT('',(0.,0.));
#195 = VECTOR('',#196,1.);
#196 = DIRECTION('',(1.,0.));
#197 = ( GEOMETRIC_REPRESENTATION_CONTEXT(2) 
PARAMETRIC_REPRESENTATION_CONTEXT() REPRESENTATION_CONTEXT('2D SPACE',''
  ) );
#198 = ORIENTED_EDGE('',*,*,#199,.T.);
#199 = EDGE_CURVE('',#171,#200,#202,.T.);
#200 = VERTEX_POINT('',#201);
#201 = CARTESIAN_POINT('',(18.988283229402,-6.5,-1.));
#202 = SURFACE_CURVE('',#203,(#207,#214),.PCURVE_S1.);
#203 = LINE('',#204,#205);
#204 = CARTESIAN_POINT('',(12.8,-6.5,-1.));
#205 = VECTOR('',#206,1.);
#206 = DIRECTION('',(1.,0.,0.));
#207 = PCURVE('',#32,#208);
#208 = DEFINITIONAL_REPRESENTATION('',(#209),#213);
#209 = LINE('',#210,#211);
#210 = CARTESIAN_POINT('',(12.8,-6.5));
#211 = VECTOR('',#212,1.);
#212 = DIRECTION('',(1.,0.));
#213 = ( GEOMETRIC_REPRESENTATION_CONTEXT(2) 
PARAMETRIC_REPRESENTATION_CONTEXT() REPRESENTATION_CONTEXT('2D SPACE',''
  ) );
#214 = PCURVE('',#215,#220);
#215 = PLANE('',#216);
#216 = AXIS2_PLACEMENT_3D('',#217,#218,#219);
#217 = CARTESIAN_POINT('',(12.8,-6.5,-1.));
#218 = DIRECTION('',(-0.,1.,0.));
#219 = DIRECTION('',(0.,0.,1.));
#220 = DEFINITIONAL_REPRESENTATION('',(#221),#225);
#221 = LINE('',#222,#223);
#222 = CARTESIAN_POINT('',(0.,0.));
#223 = VECTOR('',#224,1.);
#224 = DIRECTION('',(0.,1.));
#225 = ( GEOMETRIC_REPRESENTATION_CONTEXT(2) 
PARAMETRIC_REPRESENTATION_CONTEXT() REPRESENTATION_CONTEXT('2D SPACE',''
  ) );
#226 = ORIENTED_EDGE('',*,*,#227,.F.);
#227 = EDGE_CURVE('',#22,#200,#228,.T.);
#228 = SURFACE_CURVE('',#229,(#234,#245),.PCURVE_S1.);
#229 = CIRCLE('',#230,20.07);
#230 = AXIS2_PLACEMENT_3D('',#231,#232,#233);
#231 = CARTESIAN_POINT('',(0.,0.,-1.));
#232 = DIRECTION('',(0.,0.,-1.));
#233 = DIRECTION('',(0.946102801664,0.323866467364,0.));
#234 = PCURVE('',#32,#235);
#235 = DEFINITIONAL_REPRESENTATION('',(#236),#244);
#236 = ( BOUNDED_CURVE() B_SPLINE_CURVE(2,(#237,#238,#239,#240,#241,#242
,#243),.UNSPECIFIED.,.T.,.F.) B_SPLINE_CURVE_WITH_KNOTS((1,2,2,2,2,1),(
    -2.094395102393,0.,2.094395102393,4.188790204786,6.28318530718,
8.377580409573),.UNSPECIFIED.) CURVE() GEOMETRIC_REPRESENTATION_ITEM() 
RATIONAL_B_SPLINE_CURVE((1.,0.5,1.,0.5,1.,0.5,1.)) REPRESENTATION_ITEM(
  '') );
#237 = CARTESIAN_POINT('',(18.988283229402,6.5));
#238 = CARTESIAN_POINT('',(30.2466134786,-26.38867130183));
#239 = CARTESIAN_POINT('',(-3.864976490102,-19.69433565091));
#240 = CARTESIAN_POINT('',(-37.9765664588,-13.));
#241 = CARTESIAN_POINT('',(-15.1233067393,13.194335650916));
#242 = CARTESIAN_POINT('',(7.729952980205,39.388671301833));
#243 = CARTESIAN_POINT('',(18.988283229402,6.5));
#244 = ( GEOMETRIC_REPRESENTATION_CONTEXT(2) 
PARAMETRIC_REPRESENTATION_CONTEXT() REPRESENTATION_CONTEXT('2D SPACE',''
  ) );
#245 = PCURVE('',#246,#251);
#246 = CYLINDRICAL_SURFACE('',#247,20.07);
#247 = AXIS2_PLACEMENT_3D('',#248,#249,#250);
#248 = CARTESIAN_POINT('',(0.,0.,-2.));
#249 = DIRECTION('',(0.,0.,1.));
#250 = DIRECTION('',(1.,0.,-0.));
#251 = DEFINITIONAL_REPRESENTATION('',(#252),#256);
#252 = LINE('',#253,#254);
#253 = CARTESIAN_POINT('',(6.61299868193,1.));
#254 = VECTOR('',#255,1.);
#255 = DIRECTION('',(-1.,-0.));
#256 = ( GEOMETRIC_REPRESENTATION_CONTEXT(2) 
PARAMETRIC_REPRESENTATION_CONTEXT() REPRESENTATION_CONTEXT('2D SPACE',''
  ) );
#257 = FACE_BOUND('',#258,.F.);
#258 = EDGE_LOOP('',(#259,#288,#315,#342));
#259 = ORIENTED_EDGE('',*,*,#260,.F.);
#260 = EDGE_CURVE('',#261,#263,#265,.T.);
#261 = VERTEX_POINT('',#262);
#262 = CARTESIAN_POINT('',(-16.77,4.4,-1.));
#263 = VERTEX_POINT('',#264);
#264 = CARTESIAN_POINT('',(-18.57,4.4,-1.));
#265 = SURFACE_CURVE('',#266,(#270,#277),.PCURVE_S1.);
#266 = LINE('',#267,#268);
#267 = CARTESIAN_POINT('',(-17.27,4.4,-1.));
#268 = VECTOR('',#269,1.);
#269 = DIRECTION('',(-1.,-0.,0.));
#270 = PCURVE('',#32,#271);
#271 = DEFINITIONAL_REPRESENTATION('',(#272),#276);
#272 = LINE('',#273,#274);
#273 = CARTESIAN_POINT('',(-17.27,4.4));
#274 = VECTOR('',#275,1.);
#275 = DIRECTION('',(-1.,0.));
#276 = ( GEOMETRIC_REPRESENTATION_CONTEXT(2) 
PARAMETRIC_REPRESENTATION_CONTEXT() REPRESENTATION_CONTEXT('2D SPACE',''
  ) );
#277 = PCURVE('',#278,#283);
#278 = PLANE('',#279);
#279 = AXIS2_PLACEMENT_3D('',#280,#281,#282);
#280 = CARTESIAN_POINT('',(-18.57,4.4,-2.));
#281 = DIRECTION('',(-0.,1.,0.));
#282 = DIRECTION('',(0.,0.,1.));
#283 = DEFINITIONAL_REPRESENTATION('',(#284),#287);
#284 = B_SPLINE_CURVE_WITH_KNOTS('',1,(#285,#286),.UNSPECIFIED.,.F.,.F.,
  (2,2),(-0.5,1.3),.PIECEWISE_BEZIER_KNOTS.);
#285 = CARTESIAN_POINT('',(1.,1.8));
#286 = CARTESIAN_POINT('',(1.,0.));
#287 = ( GEOMETRIC_REPRESENTATION_CONTEXT(2) 
PARAMETRIC_REPRESENTATION_CONTEXT() REPRESENTATION_CONTEXT('2D SPACE',''
  ) );
#288 = ORIENTED_EDGE('',*,*,#289,.F.);
#289 = EDGE_CURVE('',#290,#261,#292,.T.);
#290 = VERTEX_POINT('',#291);
#291 = CARTESIAN_POINT('',(-16.77,-4.4,-1.));
#292 = SURFACE_CURVE('',#293,(#297,#304),.PCURVE_S1.);
#293 = LINE('',#294,#295);
#294 = CARTESIAN_POINT('',(-16.77,-5.45,-1.));
#295 = VECTOR('',#296,1.);
#296 = DIRECTION('',(-0.,1.,0.));
#297 = PCURVE('',#32,#298);
#298 = DEFINITIONAL_REPRESENTATION('',(#299),#303);
#299 = LINE('',#300,#301);
#300 = CARTESIAN_POINT('',(-16.77,-5.45));
#301 = VECTOR('',#302,1.);
#302 = DIRECTION('',(0.,1.));
#303 = ( GEOMETRIC_REPRESENTATION_CONTEXT(2) 
PARAMETRIC_REPRESENTATION_CONTEXT() REPRESENTATION_CONTEXT('2D SPACE',''
  ) );
#304 = PCURVE('',#305,#310);
#305 = PLANE('',#306);
#306 = AXIS2_PLACEMENT_3D('',#307,#308,#309);
#307 = CARTESIAN_POINT('',(-16.77,-4.4,-2.));
#308 = DIRECTION('',(1.,0.,-0.));
#309 = DIRECTION('',(0.,0.,1.));
#310 = DEFINITIONAL_REPRESENTATION('',(#311),#314);
#311 = B_SPLINE_CURVE_WITH_KNOTS('',1,(#312,#313),.UNSPECIFIED.,.F.,.F.,
  (2,2),(1.05,9.85),.PIECEWISE_BEZIER_KNOTS.);
#312 = CARTESIAN_POINT('',(1.,0.));
#313 = CARTESIAN_POINT('',(1.,-8.8));
#314 = ( GEOMETRIC_REPRESENTATION_CONTEXT(2) 
PARAMETRIC_REPRESENTATION_CONTEXT() REPRESENTATION_CONTEXT('2D SPACE',''
  ) );
#315 = ORIENTED_EDGE('',*,*,#316,.T.);
#316 = EDGE_CURVE('',#290,#317,#319,.T.);
#317 = VERTEX_POINT('',#318);
#318 = CARTESIAN_POINT('',(-18.57,-4.4,-1.));
#319 = SURFACE_CURVE('',#320,(#324,#331),.PCURVE_S1.);
#320 = LINE('',#321,#322);
#321 = CARTESIAN_POINT('',(-17.27,-4.4,-1.));
#322 = VECTOR('',#323,1.);
#323 = DIRECTION('',(-1.,-0.,0.));
#324 = PCURVE('',#32,#325);
#325 = DEFINITIONAL_REPRESENTATION('',(#326),#330);
#326 = LINE('',#327,#328);
#327 = CARTESIAN_POINT('',(-17.27,-4.4));
#328 = VECTOR('',#329,1.);
#329 = DIRECTION('',(-1.,0.));
#330 = ( GEOMETRIC_REPRESENTATION_CONTEXT(2) 
PARAMETRIC_REPRESENTATION_CONTEXT() REPRESENTATION_CONTEXT('2D SPACE',''
  ) );
#331 = PCURVE('',#332,#337);
#332 = PLANE('',#333);
#333 = AXIS2_PLACEMENT_3D('',#334,#335,#336);
#334 = CARTESIAN_POINT('',(-18.57,-4.4,-2.));
#335 = DIRECTION('',(-0.,1.,0.));
#336 = DIRECTION('',(0.,0.,1.));
#337 = DEFINITIONAL_REPRESENTATION('',(#338),#341);
#338 = B_SPLINE_CURVE_WITH_KNOTS('',1,(#339,#340),.UNSPECIFIED.,.F.,.F.,
  (2,2),(-0.5,1.3),.PIECEWISE_BEZIER_KNOTS.);
#339 = CARTESIAN_POINT('',(1.,1.8));
#340 = CARTESIAN_POINT('',(1.,0.));
#341 = ( GEOMETRIC_REPRESENTATION_CONTEXT(2) 
PARAMETRIC_REPRESENTATION_CONTEXT() REPRESENTATION_CONTEXT('2D SPACE',''
  ) );
#342 = ORIENTED_EDGE('',*,*,#343,.T.);
#343 = EDGE_CURVE('',#317,#263,#344,.T.);
#344 = SURFACE_CURVE('',#345,(#349,#356),.PCURVE_S1.);
#345 = LINE('',#346,#347);
#346 = CARTESIAN_POINT('',(-18.57,-5.45,-1.));
#347 = VECTOR('',#348,1.);
#348 = DIRECTION('',(-0.,1.,0.));
#349 = PCURVE('',#32,#350);
#350 = DEFINITIONAL_REPRESENTATION('',(#351),#355);
#351 = LINE('',#352,#353);
#352 = CARTESIAN_POINT('',(-18.57,-5.45));
#353 = VECTOR('',#354,1.);
#354 = DIRECTION('',(0.,1.));
#355 = ( GEOMETRIC_REPRESENTATION_CONTEXT(2) 
PARAMETRIC_REPRESENTATION_CONTEXT() REPRESENTATION_CONTEXT('2D SPACE',''
  ) );
#356 = PCURVE('',#357,#362);
#357 = PLANE('',#358);
#358 = AXIS2_PLACEMENT_3D('',#359,#360,#361);
#359 = CARTESIAN_POINT('',(-18.57,-4.4,-2.));
#360 = DIRECTION('',(1.,0.,-0.));
#361 = DIRECTION('',(0.,0.,1.));
#362 = DEFINITIONAL_REPRESENTATION('',(#363),#366);
#363 = B_SPLINE_CURVE_WITH_KNOTS('',1,(#364,#365),.UNSPECIFIED.,.F.,.F.,
  (2,2),(1.05,9.85),.PIECEWISE_BEZIER_KNOTS.);
#364 = CARTESIAN_POINT('',(1.,0.));
#365 = CARTESIAN_POINT('',(1.,-8.8));
#366 = ( GEOMETRIC_REPRESENTATION_CONTEXT(2) 
PARAMETRIC_REPRESENTATION_CONTEXT() REPRESENTATION_CONTEXT('2D SPACE',''
  ) );
#367 = FACE_BOUND('',#368,.F.);
#368 = EDGE_LOOP('',(#369));
#369 = ORIENTED_EDGE('',*,*,#370,.F.);
#370 = EDGE_CURVE('',#371,#371,#373,.T.);
#371 = VERTEX_POINT('',#372);
#372 = CARTESIAN_POINT('',(12.,-2.939152317954E-15,-1.));
#373 = SURFACE_CURVE('',#374,(#379,#386),.PCURVE_S1.);
#374 = CIRCLE('',#375,12.);
#375 = AXIS2_PLACEMENT_3D('',#376,#377,#378);
#376 = CARTESIAN_POINT('',(0.,0.,-1.));
#377 = DIRECTION('',(0.,0.,1.));
#378 = DIRECTION('',(1.,0.,-0.));
#379 = PCURVE('',#32,#380);
#380 = DEFINITIONAL_REPRESENTATION('',(#381),#385);
#381 = CIRCLE('',#382,12.);
#382 = AXIS2_PLACEMENT_2D('',#383,#384);
#383 = CARTESIAN_POINT('',(0.,0.));
#384 = DIRECTION('',(1.,0.));
#385 = ( GEOMETRIC_REPRESENTATION_CONTEXT(2) 
PARAMETRIC_REPRESENTATION_CONTEXT() REPRESENTATION_CONTEXT('2D SPACE',''
  ) );
#386 = PCURVE('',#387,#392);
#387 = CYLINDRICAL_SURFACE('',#388,12.);
#388 = AXIS2_PLACEMENT_3D('',#389,#390,#391);
#389 = CARTESIAN_POINT('',(0.,0.,-1.));
#390 = DIRECTION('',(0.,0.,1.));
#391 = DIRECTION('',(1.,0.,-0.));
#392 = DEFINITIONAL_REPRESENTATION('',(#393),#397);
#393 = LINE('',#394,#395);
#394 = CARTESIAN_POINT('',(0.,0.));
#395 = VECTOR('',#396,1.);
#396 = DIRECTION('',(1.,0.));
#397 = ( GEOMETRIC_REPRESENTATION_CONTEXT(2) 
PARAMETRIC_REPRESENTATION_CONTEXT() REPRESENTATION_CONTEXT('2D SPACE',''
  ) );
#398 = FACE_BOUND('',#399,.F.);
#399 = EDGE_LOOP('',(#400,#429,#456,#483));
#400 = ORIENTED_EDGE('',*,*,#401,.F.);
#401 = EDGE_CURVE('',#402,#404,#406,.T.);
#402 = VERTEX_POINT('',#403);
#403 = CARTESIAN_POINT('',(18.57,4.4,-1.));
#404 = VERTEX_POINT('',#405);
#405 = CARTESIAN_POINT('',(16.77,4.4,-1.));
#406 = SURFACE_CURVE('',#407,(#411,#418),.PCURVE_S1.);
#407 = LINE('',#408,#409);
#408 = CARTESIAN_POINT('',(14.785,4.4,-1.));
#409 = VECTOR('',#410,1.);
#410 = DIRECTION('',(-1.,-0.,0.));
#411 = PCURVE('',#32,#412);
#412 = DEFINITIONAL_REPRESENTATION('',(#413),#417);
#413 = LINE('',#414,#415);
#414 = CARTESIAN_POINT('',(14.785,4.4));
#415 = VECTOR('',#416,1.);
#416 = DIRECTION('',(-1.,0.));
#417 = ( GEOMETRIC_REPRESENTATION_CONTEXT(2) 
PARAMETRIC_REPRESENTATION_CONTEXT() REPRESENTATION_CONTEXT('2D SPACE',''
  ) );
#418 = PCURVE('',#419,#424);
#419 = PLANE('',#420);
#420 = AXIS2_PLACEMENT_3D('',#421,#422,#423);
#421 = CARTESIAN_POINT('',(16.77,4.4,-2.));
#422 = DIRECTION('',(-0.,1.,0.));
#423 = DIRECTION('',(0.,0.,1.));
#424 = DEFINITIONAL_REPRESENTATION('',(#425),#428);
#425 = B_SPLINE_CURVE_WITH_KNOTS('',1,(#426,#427),.UNSPECIFIED.,.F.,.F.,
  (2,2),(-3.785,-1.985),.PIECEWISE_BEZIER_KNOTS.);
#426 = CARTESIAN_POINT('',(1.,1.8));
#427 = CARTESIAN_POINT('',(1.,0.));
#428 = ( GEOMETRIC_REPRESENTATION_CONTEXT(2) 
PARAMETRIC_REPRESENTATION_CONTEXT() REPRESENTATION_CONTEXT('2D SPACE',''
  ) );
#429 = ORIENTED_EDGE('',*,*,#430,.F.);
#430 = EDGE_CURVE('',#431,#402,#433,.T.);
#431 = VERTEX_POINT('',#432);
#432 = CARTESIAN_POINT('',(18.57,-4.4,-1.));
#433 = SURFACE_CURVE('',#434,(#438,#445),.PCURVE_S1.);
#434 = LINE('',#435,#436);
#435 = CARTESIAN_POINT('',(18.57,-5.45,-1.));
#436 = VECTOR('',#437,1.);
#437 = DIRECTION('',(-0.,1.,0.));
#438 = PCURVE('',#32,#439);
#439 = DEFINITIONAL_REPRESENTATION('',(#440),#444);
#440 = LINE('',#441,#442);
#441 = CARTESIAN_POINT('',(18.57,-5.45));
#442 = VECTOR('',#443,1.);
#443 = DIRECTION('',(0.,1.));
#444 = ( GEOMETRIC_REPRESENTATION_CONTEXT(2) 
PARAMETRIC_REPRESENTATION_CONTEXT() REPRESENTATION_CONTEXT('2D SPACE',''
  ) );
#445 = PCURVE('',#446,#451);
#446 = PLANE('',#447);
#447 = AXIS2_PLACEMENT_3D('',#448,#449,#450);
#448 = CARTESIAN_POINT('',(18.57,-4.4,-2.));
#449 = DIRECTION('',(1.,0.,-0.));
#450 = DIRECTION('',(0.,0.,1.));
#451 = DEFINITIONAL_REPRESENTATION('',(#452),#455);
#452 = B_SPLINE_CURVE_WITH_KNOTS('',1,(#453,#454),.UNSPECIFIED.,.F.,.F.,
  (2,2),(1.05,9.85),.PIECEWISE_BEZIER_KNOTS.);
#453 = CARTESIAN_POINT('',(1.,0.));
#454 = CARTESIAN_POINT('',(1.,-8.8));
#455 = ( GEOMETRIC_REPRESENTATION_CONTEXT(2) 
PARAMETRIC_REPRESENTATION_CONTEXT() REPRESENTATION_CONTEXT('2D SPACE',''
  ) );
#456 = ORIENTED_EDGE('',*,*,#457,.T.);
#457 = EDGE_CURVE('',#431,#458,#460,.T.);
#458 = VERTEX_POINT('',#459);
#459 = CARTESIAN_POINT('',(16.77,-4.4,-1.));
#460 = SURFACE_CURVE('',#461,(#465,#472),.PCURVE_S1.);
#461 = LINE('',#462,#463);
#462 = CARTESIAN_POINT('',(14.785,-4.4,-1.));
#463 = VECTOR('',#464,1.);
#464 = DIRECTION('',(-1.,-0.,0.));
#465 = PCURVE('',#32,#466);
#466 = DEFINITIONAL_REPRESENTATION('',(#467),#471);
#467 = LINE('',#468,#469);
#468 = CARTESIAN_POINT('',(14.785,-4.4));
#469 = VECTOR('',#470,1.);
#470 = DIRECTION('',(-1.,0.));
#471 = ( GEOMETRIC_REPRESENTATION_CONTEXT(2) 
PARAMETRIC_REPRESENTATION_CONTEXT() REPRESENTATION_CONTEXT('2D SPACE',''
  ) );
#472 = PCURVE('',#473,#478);
#473 = PLANE('',#474);
#474 = AXIS2_PLACEMENT_3D('',#475,#476,#477);
#475 = CARTESIAN_POINT('',(16.77,-4.4,-2.));
#476 = DIRECTION('',(-0.,1.,0.));
#477 = DIRECTION('',(0.,0.,1.));
#478 = DEFINITIONAL_REPRESENTATION('',(#479),#482);
#479 = B_SPLINE_CURVE_WITH_KNOTS('',1,(#480,#481),.UNSPECIFIED.,.F.,.F.,
  (2,2),(-3.785,-1.985),.PIECEWISE_BEZIER_KNOTS.);
#480 = CARTESIAN_POINT('',(1.,1.8));
#481 = CARTESIAN_POINT('',(1.,0.));
#482 = ( GEOMETRIC_REPRESENTATION_CONTEXT(2) 
PARAMETRIC_REPRESENTATION_CONTEXT() REPRESENTATION_CONTEXT('2D SPACE',''
  ) );
#483 = ORIENTED_EDGE('',*,*,#484,.T.);
#484 = EDGE_CURVE('',#458,#404,#485,.T.);
#485 = SURFACE_CURVE('',#486,(#490,#497),.PCURVE_S1.);
#486 = LINE('',#487,#488);
#487 = CARTESIAN_POINT('',(16.77,-5.45,-1.));
#488 = VECTOR('',#489,1.);
#489 = DIRECTION('',(-0.,1.,0.));
#490 = PCURVE('',#32,#491);
#491 = DEFINITIONAL_REPRESENTATION('',(#492),#496);
#492 = LINE('',#493,#494);
#493 = CARTESIAN_POINT('',(16.77,-5.45));
#494 = VECTOR('',#495,1.);
#495 = DIRECTION('',(0.,1.));
#496 = ( GEOMETRIC_REPRESENTATION_CONTEXT(2) 
PARAMETRIC_REPRESENTATION_CONTEXT() REPRESENTATION_CONTEXT('2D SPACE',''
  ) );
#497 = PCURVE('',#498,#503);
#498 = PLANE('',#499);
#499 = AXIS2_PLACEMENT_3D('',#500,#501,#502);
#500 = CARTESIAN_POINT('',(16.77,-4.4,-2.));
#501 = DIRECTION('',(1.,0.,-0.));
#502 = DIRECTION('',(0.,0.,1.));
#503 = DEFINITIONAL_REPRESENTATION('',(#504),#507);
#504 = B_SPLINE_CURVE_WITH_KNOTS('',1,(#505,#506),.UNSPECIFIED.,.F.,.F.,
  (2,2),(1.05,9.85),.PIECEWISE_BEZIER_KNOTS.);
#505 = CARTESIAN_POINT('',(1.,0.));
#506 = CARTESIAN_POINT('',(1.,-8.8));
#507 = ( GEOMETRIC_REPRESENTATION_CONTEXT(2) 
PARAMETRIC_REPRESENTATION_CONTEXT() REPRESENTATION_CONTEXT('2D SPACE',''
  ) );
#508 = ADVANCED_FACE('',(#509),#473,.T.);
#509 = FACE_BOUND('',#510,.T.);
#510 = EDGE_LOOP('',(#511,#534,#535,#558));
#511 = ORIENTED_EDGE('',*,*,#512,.F.);
#512 = EDGE_CURVE('',#431,#513,#515,.T.);
#513 = VERTEX_POINT('',#514);
#514 = CARTESIAN_POINT('',(18.57,-4.4,0.6));
#515 = SURFACE_CURVE('',#516,(#520,#527),.PCURVE_S1.);
#516 = LINE('',#517,#518);
#517 = CARTESIAN_POINT('',(18.57,-4.4,-2.));
#518 = VECTOR('',#519,1.);
#519 = DIRECTION('',(0.,0.,1.));
#520 = PCURVE('',#473,#521);
#521 = DEFINITIONAL_REPRESENTATION('',(#522),#526);
#522 = LINE('',#523,#524);
#523 = CARTESIAN_POINT('',(0.,1.8));
#524 = VECTOR('',#525,1.);
#525 = DIRECTION('',(1.,0.));
#526 = ( GEOMETRIC_REPRESENTATION_CONTEXT(2) 
PARAMETRIC_REPRESENTATION_CONTEXT() REPRESENTATION_CONTEXT('2D SPACE',''
  ) );
#527 = PCURVE('',#446,#528);
#528 = DEFINITIONAL_REPRESENTATION('',(#529),#533);
#529 = LINE('',#530,#531);
#530 = CARTESIAN_POINT('',(0.,0.));
#531 = VECTOR('',#532,1.);
#532 = DIRECTION('',(1.,0.));
#533 = ( GEOMETRIC_REPRESENTATION_CONTEXT(2) 
PARAMETRIC_REPRESENTATION_CONTEXT() REPRESENTATION_CONTEXT('2D SPACE',''
  ) );
#534 = ORIENTED_EDGE('',*,*,#457,.T.);
#535 = ORIENTED_EDGE('',*,*,#536,.T.);
#536 = EDGE_CURVE('',#458,#537,#539,.T.);
#537 = VERTEX_POINT('',#538);
#538 = CARTESIAN_POINT('',(16.77,-4.4,0.6));
#539 = SURFACE_CURVE('',#540,(#544,#551),.PCURVE_S1.);
#540 = LINE('',#541,#542);
#541 = CARTESIAN_POINT('',(16.77,-4.4,-2.));
#542 = VECTOR('',#543,1.);
#543 = DIRECTION('',(0.,0.,1.));
#544 = PCURVE('',#473,#545);
#545 = DEFINITIONAL_REPRESENTATION('',(#546),#550);
#546 = LINE('',#547,#548);
#547 = CARTESIAN_POINT('',(0.,0.));
#548 = VECTOR('',#549,1.);
#549 = DIRECTION('',(1.,0.));
#550 = ( GEOMETRIC_REPRESENTATION_CONTEXT(2) 
PARAMETRIC_REPRESENTATION_CONTEXT() REPRESENTATION_CONTEXT('2D SPACE',''
  ) );
#551 = PCURVE('',#498,#552);
#552 = DEFINITIONAL_REPRESENTATION('',(#553),#557);
#553 = LINE('',#554,#555);
#554 = CARTESIAN_POINT('',(0.,0.));
#555 = VECTOR('',#556,1.);
#556 = DIRECTION('',(1.,0.));
#557 = ( GEOMETRIC_REPRESENTATION_CONTEXT(2) 
PARAMETRIC_REPRESENTATION_CONTEXT() REPRESENTATION_CONTEXT('2D SPACE',''
  ) );
#558 = ORIENTED_EDGE('',*,*,#559,.T.);
#559 = EDGE_CURVE('',#537,#513,#560,.T.);
#560 = SURFACE_CURVE('',#561,(#565,#571),.PCURVE_S1.);
#561 = LINE('',#562,#563);
#562 = CARTESIAN_POINT('',(8.385,-4.4,0.6));
#563 = VECTOR('',#564,1.);
#564 = DIRECTION('',(1.,0.,-0.));
#565 = PCURVE('',#473,#566);
#566 = DEFINITIONAL_REPRESENTATION('',(#567),#570);
#567 = B_SPLINE_CURVE_WITH_KNOTS('',1,(#568,#569),.UNSPECIFIED.,.F.,.F.,
  (2,2),(8.385,10.185),.PIECEWISE_BEZIER_KNOTS.);
#568 = CARTESIAN_POINT('',(2.6,0.));
#569 = CARTESIAN_POINT('',(2.6,1.8));
#570 = ( GEOMETRIC_REPRESENTATION_CONTEXT(2) 
PARAMETRIC_REPRESENTATION_CONTEXT() REPRESENTATION_CONTEXT('2D SPACE',''
  ) );
#571 = PCURVE('',#572,#577);
#572 = PLANE('',#573);
#573 = AXIS2_PLACEMENT_3D('',#574,#575,#576);
#574 = CARTESIAN_POINT('',(0.,0.,0.6));
#575 = DIRECTION('',(0.,0.,1.));
#576 = DIRECTION('',(1.,0.,-0.));
#577 = DEFINITIONAL_REPRESENTATION('',(#578),#581);
#578 = B_SPLINE_CURVE_WITH_KNOTS('',1,(#579,#580),.UNSPECIFIED.,.F.,.F.,
  (2,2),(8.385,10.185),.PIECEWISE_BEZIER_KNOTS.);
#579 = CARTESIAN_POINT('',(16.77,-4.4));
#580 = CARTESIAN_POINT('',(18.57,-4.4));
#581 = ( GEOMETRIC_REPRESENTATION_CONTEXT(2) 
PARAMETRIC_REPRESENTATION_CONTEXT() REPRESENTATION_CONTEXT('2D SPACE',''
  ) );
#582 = ADVANCED_FACE('',(#583,#677),#572,.T.);
#583 = FACE_BOUND('',#584,.T.);
#584 = EDGE_LOOP('',(#585,#608,#634,#655));
#585 = ORIENTED_EDGE('',*,*,#586,.F.);
#586 = EDGE_CURVE('',#587,#589,#591,.T.);
#587 = VERTEX_POINT('',#588);
#588 = CARTESIAN_POINT('',(15.97,6.5,0.6));
#589 = VERTEX_POINT('',#590);
#590 = CARTESIAN_POINT('',(18.988283229402,6.5,0.6));
#591 = SURFACE_CURVE('',#592,(#596,#602),.PCURVE_S1.);
#592 = LINE('',#593,#594);
#593 = CARTESIAN_POINT('',(6.4,6.5,0.6));
#594 = VECTOR('',#595,1.);
#595 = DIRECTION('',(1.,0.,-0.));
#596 = PCURVE('',#572,#597);
#597 = DEFINITIONAL_REPRESENTATION('',(#598),#601);
#598 = B_SPLINE_CURVE_WITH_KNOTS('',1,(#599,#600),.UNSPECIFIED.,.F.,.F.,
  (2,2),(8.187354112381,12.588283229402),.PIECEWISE_BEZIER_KNOTS.);
#599 = CARTESIAN_POINT('',(14.587354112381,6.5));
#600 = CARTESIAN_POINT('',(18.988283229402,6.5));
#601 = ( GEOMETRIC_REPRESENTATION_CONTEXT(2) 
PARAMETRIC_REPRESENTATION_CONTEXT() REPRESENTATION_CONTEXT('2D SPACE',''
  ) );
#602 = PCURVE('',#44,#603);
#603 = DEFINITIONAL_REPRESENTATION('',(#604),#607);
#604 = B_SPLINE_CURVE_WITH_KNOTS('',1,(#605,#606),.UNSPECIFIED.,.F.,.F.,
  (2,2),(8.187354112381,12.588283229402),.PIECEWISE_BEZIER_KNOTS.);
#605 = CARTESIAN_POINT('',(1.6,1.787354112381));
#606 = CARTESIAN_POINT('',(1.6,6.188283229402));
#607 = ( GEOMETRIC_REPRESENTATION_CONTEXT(2) 
PARAMETRIC_REPRESENTATION_CONTEXT() REPRESENTATION_CONTEXT('2D SPACE',''
  ) );
#608 = ORIENTED_EDGE('',*,*,#609,.T.);
#609 = EDGE_CURVE('',#587,#610,#612,.T.);
#610 = VERTEX_POINT('',#611);
#611 = CARTESIAN_POINT('',(15.97,-6.5,0.6));
#612 = SURFACE_CURVE('',#613,(#617,#623),.PCURVE_S1.);
#613 = LINE('',#614,#615);
#614 = CARTESIAN_POINT('',(15.97,-3.25,0.6));
#615 = VECTOR('',#616,1.);
#616 = DIRECTION('',(0.,-1.,0.));
#617 = PCURVE('',#572,#618);
#618 = DEFINITIONAL_REPRESENTATION('',(#619),#622);
#619 = B_SPLINE_CURVE_WITH_KNOTS('',1,(#620,#621),.UNSPECIFIED.,.F.,.F.,
  (2,2),(-9.75,3.25),.PIECEWISE_BEZIER_KNOTS.);
#620 = CARTESIAN_POINT('',(15.97,6.5));
#621 = CARTESIAN_POINT('',(15.97,-6.5));
#622 = ( GEOMETRIC_REPRESENTATION_CONTEXT(2) 
PARAMETRIC_REPRESENTATION_CONTEXT() REPRESENTATION_CONTEXT('2D SPACE',''
  ) );
#623 = PCURVE('',#624,#629);
#624 = PLANE('',#625);
#625 = AXIS2_PLACEMENT_3D('',#626,#627,#628);
#626 = CARTESIAN_POINT('',(15.97,-6.5,-1.));
#627 = DIRECTION('',(1.,0.,-0.));
#628 = DIRECTION('',(0.,0.,1.));
#629 = DEFINITIONAL_REPRESENTATION('',(#630),#633);
#630 = B_SPLINE_CURVE_WITH_KNOTS('',1,(#631,#632),.UNSPECIFIED.,.F.,.F.,
  (2,2),(-9.75,3.25),.PIECEWISE_BEZIER_KNOTS.);
#631 = CARTESIAN_POINT('',(1.6,-13.));
#632 = CARTESIAN_POINT('',(1.6,0.));
#633 = ( GEOMETRIC_REPRESENTATION_CONTEXT(2) 
PARAMETRIC_REPRESENTATION_CONTEXT() REPRESENTATION_CONTEXT('2D SPACE',''
  ) );
#634 = ORIENTED_EDGE('',*,*,#635,.T.);
#635 = EDGE_CURVE('',#610,#636,#638,.T.);
#636 = VERTEX_POINT('',#637);
#637 = CARTESIAN_POINT('',(18.988283229402,-6.5,0.6));
#638 = SURFACE_CURVE('',#639,(#643,#649),.PCURVE_S1.);
#639 = LINE('',#640,#641);
#640 = CARTESIAN_POINT('',(6.4,-6.5,0.6));
#641 = VECTOR('',#642,1.);
#642 = DIRECTION('',(1.,0.,-0.));
#643 = PCURVE('',#572,#644);
#644 = DEFINITIONAL_REPRESENTATION('',(#645),#648);
#645 = B_SPLINE_CURVE_WITH_KNOTS('',1,(#646,#647),.UNSPECIFIED.,.F.,.F.,
  (2,2),(8.187354112381,12.588283229402),.PIECEWISE_BEZIER_KNOTS.);
#646 = CARTESIAN_POINT('',(14.587354112381,-6.5));
#647 = CARTESIAN_POINT('',(18.988283229402,-6.5));
#648 = ( GEOMETRIC_REPRESENTATION_CONTEXT(2) 
PARAMETRIC_REPRESENTATION_CONTEXT() REPRESENTATION_CONTEXT('2D SPACE',''
  ) );
#649 = PCURVE('',#215,#650);
#650 = DEFINITIONAL_REPRESENTATION('',(#651),#654);
#651 = B_SPLINE_CURVE_WITH_KNOTS('',1,(#652,#653),.UNSPECIFIED.,.F.,.F.,
  (2,2),(8.187354112381,12.588283229402),.PIECEWISE_BEZIER_KNOTS.);
#652 = CARTESIAN_POINT('',(1.6,1.787354112381));
#653 = CARTESIAN_POINT('',(1.6,6.188283229402));
#654 = ( GEOMETRIC_REPRESENTATION_CONTEXT(2) 
PARAMETRIC_REPRESENTATION_CONTEXT() REPRESENTATION_CONTEXT('2D SPACE',''
  ) );
#655 = ORIENTED_EDGE('',*,*,#656,.T.);
#656 = EDGE_CURVE('',#636,#589,#657,.T.);
#657 = SURFACE_CURVE('',#658,(#663,#670),.PCURVE_S1.);
#658 = CIRCLE('',#659,20.07);
#659 = AXIS2_PLACEMENT_3D('',#660,#661,#662);
#660 = CARTESIAN_POINT('',(0.,0.,0.6));
#661 = DIRECTION('',(0.,0.,1.));
#662 = DIRECTION('',(1.,0.,-0.));
#663 = PCURVE('',#572,#664);
#664 = DEFINITIONAL_REPRESENTATION('',(#665),#669);
#665 = CIRCLE('',#666,20.07);
#666 = AXIS2_PLACEMENT_2D('',#667,#668);
#667 = CARTESIAN_POINT('',(0.,0.));
#668 = DIRECTION('',(1.,0.));
#669 = ( GEOMETRIC_REPRESENTATION_CONTEXT(2) 
PARAMETRIC_REPRESENTATION_CONTEXT() REPRESENTATION_CONTEXT('2D SPACE',''
  ) );
#670 = PCURVE('',#246,#671);
#671 = DEFINITIONAL_REPRESENTATION('',(#672),#676);
#672 = LINE('',#673,#674);
#673 = CARTESIAN_POINT('',(0.,2.6));
#674 = VECTOR('',#675,1.);
#675 = DIRECTION('',(1.,0.));
#676 = ( GEOMETRIC_REPRESENTATION_CONTEXT(2) 
PARAMETRIC_REPRESENTATION_CONTEXT() REPRESENTATION_CONTEXT('2D SPACE',''
  ) );
#677 = FACE_BOUND('',#678,.T.);
#678 = EDGE_LOOP('',(#679,#700,#721,#740));
#679 = ORIENTED_EDGE('',*,*,#680,.F.);
#680 = EDGE_CURVE('',#681,#537,#683,.T.);
#681 = VERTEX_POINT('',#682);
#682 = CARTESIAN_POINT('',(16.77,4.4,0.6));
#683 = SURFACE_CURVE('',#684,(#688,#694),.PCURVE_S1.);
#684 = LINE('',#685,#686);
#685 = CARTESIAN_POINT('',(16.77,-2.2,0.6));
#686 = VECTOR('',#687,1.);
#687 = DIRECTION('',(0.,-1.,0.));
#688 = PCURVE('',#572,#689);
#689 = DEFINITIONAL_REPRESENTATION('',(#690),#693);
#690 = B_SPLINE_CURVE_WITH_KNOTS('',1,(#691,#692),.UNSPECIFIED.,.F.,.F.,
  (2,2),(-6.6,2.2),.PIECEWISE_BEZIER_KNOTS.);
#691 = CARTESIAN_POINT('',(16.77,4.4));
#692 = CARTESIAN_POINT('',(16.77,-4.4));
#693 = ( GEOMETRIC_REPRESENTATION_CONTEXT(2) 
PARAMETRIC_REPRESENTATION_CONTEXT() REPRESENTATION_CONTEXT('2D SPACE',''
  ) );
#694 = PCURVE('',#498,#695);
#695 = DEFINITIONAL_REPRESENTATION('',(#696),#699);
#696 = B_SPLINE_CURVE_WITH_KNOTS('',1,(#697,#698),.UNSPECIFIED.,.F.,.F.,
  (2,2),(-6.6,2.2),.PIECEWISE_BEZIER_KNOTS.);
#697 = CARTESIAN_POINT('',(2.6,-8.8));
#698 = CARTESIAN_POINT('',(2.6,0.));
#699 = ( GEOMETRIC_REPRESENTATION_CONTEXT(2) 
PARAMETRIC_REPRESENTATION_CONTEXT() REPRESENTATION_CONTEXT('2D SPACE',''
  ) );
#700 = ORIENTED_EDGE('',*,*,#701,.T.);
#701 = EDGE_CURVE('',#681,#702,#704,.T.);
#702 = VERTEX_POINT('',#703);
#703 = CARTESIAN_POINT('',(18.57,4.4,0.6));
#704 = SURFACE_CURVE('',#705,(#709,#715),.PCURVE_S1.);
#705 = LINE('',#706,#707);
#706 = CARTESIAN_POINT('',(8.385,4.4,0.6));
#707 = VECTOR('',#708,1.);
#708 = DIRECTION('',(1.,0.,-0.));
#709 = PCURVE('',#572,#710);
#710 = DEFINITIONAL_REPRESENTATION('',(#711),#714);
#711 = B_SPLINE_CURVE_WITH_KNOTS('',1,(#712,#713),.UNSPECIFIED.,.F.,.F.,
  (2,2),(8.385,10.185),.PIECEWISE_BEZIER_KNOTS.);
#712 = CARTESIAN_POINT('',(16.77,4.4));
#713 = CARTESIAN_POINT('',(18.57,4.4));
#714 = ( GEOMETRIC_REPRESENTATION_CONTEXT(2) 
PARAMETRIC_REPRESENTATION_CONTEXT() REPRESENTATION_CONTEXT('2D SPACE',''
  ) );
#715 = PCURVE('',#419,#716);
#716 = DEFINITIONAL_REPRESENTATION('',(#717),#720);
#717 = B_SPLINE_CURVE_WITH_KNOTS('',1,(#718,#719),.UNSPECIFIED.,.F.,.F.,
  (2,2),(8.385,10.185),.PIECEWISE_BEZIER_KNOTS.);
#718 = CARTESIAN_POINT('',(2.6,0.));
#719 = CARTESIAN_POINT('',(2.6,1.8));
#720 = ( GEOMETRIC_REPRESENTATION_CONTEXT(2) 
PARAMETRIC_REPRESENTATION_CONTEXT() REPRESENTATION_CONTEXT('2D SPACE',''
  ) );
#721 = ORIENTED_EDGE('',*,*,#722,.T.);
#722 = EDGE_CURVE('',#702,#513,#723,.T.);
#723 = SURFACE_CURVE('',#724,(#728,#734),.PCURVE_S1.);
#724 = LINE('',#725,#726);
#725 = CARTESIAN_POINT('',(18.57,-2.2,0.6));
#726 = VECTOR('',#727,1.);
#727 = DIRECTION('',(0.,-1.,0.));
#728 = PCURVE('',#572,#729);
#729 = DEFINITIONAL_REPRESENTATION('',(#730),#733);
#730 = B_SPLINE_CURVE_WITH_KNOTS('',1,(#731,#732),.UNSPECIFIED.,.F.,.F.,
  (2,2),(-6.6,2.2),.PIECEWISE_BEZIER_KNOTS.);
#731 = CARTESIAN_POINT('',(18.57,4.4));
#732 = CARTESIAN_POINT('',(18.57,-4.4));
#733 = ( GEOMETRIC_REPRESENTATION_CONTEXT(2) 
PARAMETRIC_REPRESENTATION_CONTEXT() REPRESENTATION_CONTEXT('2D SPACE',''
  ) );
#734 = PCURVE('',#446,#735);
#735 = DEFINITIONAL_REPRESENTATION('',(#736),#739);
#736 = B_SPLINE_CURVE_WITH_KNOTS('',1,(#737,#738),.UNSPECIFIED.,.F.,.F.,
  (2,2),(-6.6,2.2),.PIECEWISE_BEZIER_KNOTS.);
#737 = CARTESIAN_POINT('',(2.6,-8.8));
#738 = CARTESIAN_POINT('',(2.6,0.));
#739 = ( GEOMETRIC_REPRESENTATION_CONTEXT(2) 
PARAMETRIC_REPRESENTATION_CONTEXT() REPRESENTATION_CONTEXT('2D SPACE',''
  ) );
#740 = ORIENTED_EDGE('',*,*,#559,.F.);
#741 = ADVANCED_FACE('',(#742),#624,.F.);
#742 = FACE_BOUND('',#743,.F.);
#743 = EDGE_LOOP('',(#744,#767,#795,#816));
#744 = ORIENTED_EDGE('',*,*,#745,.F.);
#745 = EDGE_CURVE('',#746,#610,#748,.T.);
#746 = VERTEX_POINT('',#747);
#747 = CARTESIAN_POINT('',(15.97,-6.5,0.2));
#748 = SURFACE_CURVE('',#749,(#753,#760),.PCURVE_S1.);
#749 = LINE('',#750,#751);
#750 = CARTESIAN_POINT('',(15.97,-6.5,-1.));
#751 = VECTOR('',#752,1.);
#752 = DIRECTION('',(0.,0.,1.));
#753 = PCURVE('',#624,#754);
#754 = DEFINITIONAL_REPRESENTATION('',(#755),#759);
#755 = LINE('',#756,#757);
#756 = CARTESIAN_POINT('',(0.,0.));
#757 = VECTOR('',#758,1.);
#758 = DIRECTION('',(1.,0.));
#759 = ( GEOMETRIC_REPRESENTATION_CONTEXT(2) 
PARAMETRIC_REPRESENTATION_CONTEXT() REPRESENTATION_CONTEXT('2D SPACE',''
  ) );
#760 = PCURVE('',#215,#761);
#761 = DEFINITIONAL_REPRESENTATION('',(#762),#766);
#762 = LINE('',#763,#764);
#763 = CARTESIAN_POINT('',(0.,3.17));
#764 = VECTOR('',#765,1.);
#765 = DIRECTION('',(1.,0.));
#766 = ( GEOMETRIC_REPRESENTATION_CONTEXT(2) 
PARAMETRIC_REPRESENTATION_CONTEXT() REPRESENTATION_CONTEXT('2D SPACE',''
  ) );
#767 = ORIENTED_EDGE('',*,*,#768,.F.);
#768 = EDGE_CURVE('',#769,#746,#771,.T.);
#769 = VERTEX_POINT('',#770);
#770 = CARTESIAN_POINT('',(15.97,6.5,0.2));
#771 = SURFACE_CURVE('',#772,(#776,#783),.PCURVE_S1.);
#772 = LINE('',#773,#774);
#773 = CARTESIAN_POINT('',(15.97,6.5,0.2));
#774 = VECTOR('',#775,1.);
#775 = DIRECTION('',(0.,-1.,0.));
#776 = PCURVE('',#624,#777);
#777 = DEFINITIONAL_REPRESENTATION('',(#778),#782);
#778 = LINE('',#779,#780);
#779 = CARTESIAN_POINT('',(1.2,-13.));
#780 = VECTOR('',#781,1.);
#781 = DIRECTION('',(0.,1.));
#782 = ( GEOMETRIC_REPRESENTATION_CONTEXT(2) 
PARAMETRIC_REPRESENTATION_CONTEXT() REPRESENTATION_CONTEXT('2D SPACE',''
  ) );
#783 = PCURVE('',#784,#789);
#784 = PLANE('',#785);
#785 = AXIS2_PLACEMENT_3D('',#786,#787,#788);
#786 = CARTESIAN_POINT('',(12.8,-6.5,0.2));
#787 = DIRECTION('',(0.,0.,1.));
#788 = DIRECTION('',(1.,0.,-0.));
#789 = DEFINITIONAL_REPRESENTATION('',(#790),#794);
#790 = LINE('',#791,#792);
#791 = CARTESIAN_POINT('',(3.17,13.));
#792 = VECTOR('',#793,1.);
#793 = DIRECTION('',(0.,-1.));
#794 = ( GEOMETRIC_REPRESENTATION_CONTEXT(2) 
PARAMETRIC_REPRESENTATION_CONTEXT() REPRESENTATION_CONTEXT('2D SPACE',''
  ) );
#795 = ORIENTED_EDGE('',*,*,#796,.T.);
#796 = EDGE_CURVE('',#769,#587,#797,.T.);
#797 = SURFACE_CURVE('',#798,(#802,#809),.PCURVE_S1.);
#798 = LINE('',#799,#800);
#799 = CARTESIAN_POINT('',(15.97,6.5,-1.));
#800 = VECTOR('',#801,1.);
#801 = DIRECTION('',(0.,0.,1.));
#802 = PCURVE('',#624,#803);
#803 = DEFINITIONAL_REPRESENTATION('',(#804),#808);
#804 = LINE('',#805,#806);
#805 = CARTESIAN_POINT('',(0.,-13.));
#806 = VECTOR('',#807,1.);
#807 = DIRECTION('',(1.,0.));
#808 = ( GEOMETRIC_REPRESENTATION_CONTEXT(2) 
PARAMETRIC_REPRESENTATION_CONTEXT() REPRESENTATION_CONTEXT('2D SPACE',''
  ) );
#809 = PCURVE('',#44,#810);
#810 = DEFINITIONAL_REPRESENTATION('',(#811),#815);
#811 = LINE('',#812,#813);
#812 = CARTESIAN_POINT('',(0.,3.17));
#813 = VECTOR('',#814,1.);
#814 = DIRECTION('',(1.,0.));
#815 = ( GEOMETRIC_REPRESENTATION_CONTEXT(2) 
PARAMETRIC_REPRESENTATION_CONTEXT() REPRESENTATION_CONTEXT('2D SPACE',''
  ) );
#816 = ORIENTED_EDGE('',*,*,#609,.T.);
#817 = ADVANCED_FACE('',(#818,#997),#784,.T.);
#818 = FACE_BOUND('',#819,.T.);
#819 = EDGE_LOOP('',(#820,#843,#872,#895,#923,#946,#975,#996));
#820 = ORIENTED_EDGE('',*,*,#821,.F.);
#821 = EDGE_CURVE('',#822,#769,#824,.T.);
#822 = VERTEX_POINT('',#823);
#823 = CARTESIAN_POINT('',(14.587354112381,6.5,0.2));
#824 = SURFACE_CURVE('',#825,(#829,#836),.PCURVE_S1.);
#825 = LINE('',#826,#827);
#826 = CARTESIAN_POINT('',(12.8,6.5,0.2));
#827 = VECTOR('',#828,1.);
#828 = DIRECTION('',(1.,0.,-0.));
#829 = PCURVE('',#784,#830);
#830 = DEFINITIONAL_REPRESENTATION('',(#831),#835);
#831 = LINE('',#832,#833);
#832 = CARTESIAN_POINT('',(0.,13.));
#833 = VECTOR('',#834,1.);
#834 = DIRECTION('',(1.,0.));
#835 = ( GEOMETRIC_REPRESENTATION_CONTEXT(2) 
PARAMETRIC_REPRESENTATION_CONTEXT() REPRESENTATION_CONTEXT('2D SPACE',''
  ) );
#836 = PCURVE('',#44,#837);
#837 = DEFINITIONAL_REPRESENTATION('',(#838),#842);
#838 = LINE('',#839,#840);
#839 = CARTESIAN_POINT('',(1.2,0.));
#840 = VECTOR('',#841,1.);
#841 = DIRECTION('',(0.,1.));
#842 = ( GEOMETRIC_REPRESENTATION_CONTEXT(2) 
PARAMETRIC_REPRESENTATION_CONTEXT() REPRESENTATION_CONTEXT('2D SPACE',''
  ) );
#843 = ORIENTED_EDGE('',*,*,#844,.T.);
#844 = EDGE_CURVE('',#822,#845,#847,.T.);
#845 = VERTEX_POINT('',#846);
#846 = CARTESIAN_POINT('',(-14.58735411238,6.5,0.2));
#847 = SURFACE_CURVE('',#848,(#853,#860),.PCURVE_S1.);
#848 = CIRCLE('',#849,15.97);
#849 = AXIS2_PLACEMENT_3D('',#850,#851,#852);
#850 = CARTESIAN_POINT('',(0.,0.,0.2));
#851 = DIRECTION('',(0.,0.,1.));
#852 = DIRECTION('',(1.,0.,-0.));
#853 = PCURVE('',#784,#854);
#854 = DEFINITIONAL_REPRESENTATION('',(#855),#859);
#855 = CIRCLE('',#856,15.97);
#856 = AXIS2_PLACEMENT_2D('',#857,#858);
#857 = CARTESIAN_POINT('',(-12.8,6.5));
#858 = DIRECTION('',(1.,0.));
#859 = ( GEOMETRIC_REPRESENTATION_CONTEXT(2) 
PARAMETRIC_REPRESENTATION_CONTEXT() REPRESENTATION_CONTEXT('2D SPACE',''
  ) );
#860 = PCURVE('',#861,#866);
#861 = CYLINDRICAL_SURFACE('',#862,15.97);
#862 = AXIS2_PLACEMENT_3D('',#863,#864,#865);
#863 = CARTESIAN_POINT('',(0.,0.,-1.));
#864 = DIRECTION('',(0.,0.,1.));
#865 = DIRECTION('',(1.,0.,-0.));
#866 = DEFINITIONAL_REPRESENTATION('',(#867),#871);
#867 = LINE('',#868,#869);
#868 = CARTESIAN_POINT('',(0.,1.2));
#869 = VECTOR('',#870,1.);
#870 = DIRECTION('',(1.,0.));
#871 = ( GEOMETRIC_REPRESENTATION_CONTEXT(2) 
PARAMETRIC_REPRESENTATION_CONTEXT() REPRESENTATION_CONTEXT('2D SPACE',''
  ) );
#872 = ORIENTED_EDGE('',*,*,#873,.F.);
#873 = EDGE_CURVE('',#874,#845,#876,.T.);
#874 = VERTEX_POINT('',#875);
#875 = CARTESIAN_POINT('',(-15.97,6.5,0.2));
#876 = SURFACE_CURVE('',#877,(#881,#888),.PCURVE_S1.);
#877 = LINE('',#878,#879);
#878 = CARTESIAN_POINT('',(-15.97,6.5,0.2));
#879 = VECTOR('',#880,1.);
#880 = DIRECTION('',(1.,0.,-0.));
#881 = PCURVE('',#784,#882);
#882 = DEFINITIONAL_REPRESENTATION('',(#883),#887);
#883 = LINE('',#884,#885);
#884 = CARTESIAN_POINT('',(-28.77,13.));
#885 = VECTOR('',#886,1.);
#886 = DIRECTION('',(1.,0.));
#887 = ( GEOMETRIC_REPRESENTATION_CONTEXT(2) 
PARAMETRIC_REPRESENTATION_CONTEXT() REPRESENTATION_CONTEXT('2D SPACE',''
  ) );
#888 = PCURVE('',#101,#889);
#889 = DEFINITIONAL_REPRESENTATION('',(#890),#894);
#890 = LINE('',#891,#892);
#891 = CARTESIAN_POINT('',(1.2,0.));
#892 = VECTOR('',#893,1.);
#893 = DIRECTION('',(0.,1.));
#894 = ( GEOMETRIC_REPRESENTATION_CONTEXT(2) 
PARAMETRIC_REPRESENTATION_CONTEXT() REPRESENTATION_CONTEXT('2D SPACE',''
  ) );
#895 = ORIENTED_EDGE('',*,*,#896,.T.);
#896 = EDGE_CURVE('',#874,#897,#899,.T.);
#897 = VERTEX_POINT('',#898);
#898 = CARTESIAN_POINT('',(-15.97,-6.5,0.2));
#899 = SURFACE_CURVE('',#900,(#904,#911),.PCURVE_S1.);
#900 = LINE('',#901,#902);
#901 = CARTESIAN_POINT('',(-15.97,6.5,0.2));
#902 = VECTOR('',#903,1.);
#903 = DIRECTION('',(0.,-1.,0.));
#904 = PCURVE('',#784,#905);
#905 = DEFINITIONAL_REPRESENTATION('',(#906),#910);
#906 = LINE('',#907,#908);
#907 = CARTESIAN_POINT('',(-28.77,13.));
#908 = VECTOR('',#909,1.);
#909 = DIRECTION('',(0.,-1.));
#910 = ( GEOMETRIC_REPRESENTATION_CONTEXT(2) 
PARAMETRIC_REPRESENTATION_CONTEXT() REPRESENTATION_CONTEXT('2D SPACE',''
  ) );
#911 = PCURVE('',#912,#917);
#912 = PLANE('',#913);
#913 = AXIS2_PLACEMENT_3D('',#914,#915,#916);
#914 = CARTESIAN_POINT('',(-15.97,-6.5,-1.));
#915 = DIRECTION('',(1.,0.,-0.));
#916 = DIRECTION('',(0.,0.,1.));
#917 = DEFINITIONAL_REPRESENTATION('',(#918),#922);
#918 = LINE('',#919,#920);
#919 = CARTESIAN_POINT('',(1.2,-13.));
#920 = VECTOR('',#921,1.);
#921 = DIRECTION('',(0.,1.));
#922 = ( GEOMETRIC_REPRESENTATION_CONTEXT(2) 
PARAMETRIC_REPRESENTATION_CONTEXT() REPRESENTATION_CONTEXT('2D SPACE',''
  ) );
#923 = ORIENTED_EDGE('',*,*,#924,.T.);
#924 = EDGE_CURVE('',#897,#925,#927,.T.);
#925 = VERTEX_POINT('',#926);
#926 = CARTESIAN_POINT('',(-14.58735411238,-6.5,0.2));
#927 = SURFACE_CURVE('',#928,(#932,#939),.PCURVE_S1.);
#928 = LINE('',#929,#930);
#929 = CARTESIAN_POINT('',(-15.97,-6.5,0.2));
#930 = VECTOR('',#931,1.);
#931 = DIRECTION('',(1.,0.,-0.));
#932 = PCURVE('',#784,#933);
#933 = DEFINITIONAL_REPRESENTATION('',(#934),#938);
#934 = LINE('',#935,#936);
#935 = CARTESIAN_POINT('',(-28.77,0.));
#936 = VECTOR('',#937,1.);
#937 = DIRECTION('',(1.,0.));
#938 = ( GEOMETRIC_REPRESENTATION_CONTEXT(2) 
PARAMETRIC_REPRESENTATION_CONTEXT() REPRESENTATION_CONTEXT('2D SPACE',''
  ) );
#939 = PCURVE('',#158,#940);
#940 = DEFINITIONAL_REPRESENTATION('',(#941),#945);
#941 = LINE('',#942,#943);
#942 = CARTESIAN_POINT('',(1.2,0.));
#943 = VECTOR('',#944,1.);
#944 = DIRECTION('',(0.,1.));
#945 = ( GEOMETRIC_REPRESENTATION_CONTEXT(2) 
PARAMETRIC_REPRESENTATION_CONTEXT() REPRESENTATION_CONTEXT('2D SPACE',''
  ) );
#946 = ORIENTED_EDGE('',*,*,#947,.T.);
#947 = EDGE_CURVE('',#925,#948,#950,.T.);
#948 = VERTEX_POINT('',#949);
#949 = CARTESIAN_POINT('',(14.587354112381,-6.5,0.2));
#950 = SURFACE_CURVE('',#951,(#956,#963),.PCURVE_S1.);
#951 = CIRCLE('',#952,15.97);
#952 = AXIS2_PLACEMENT_3D('',#953,#954,#955);
#953 = CARTESIAN_POINT('',(0.,0.,0.2));
#954 = DIRECTION('',(0.,0.,1.));
#955 = DIRECTION('',(1.,0.,-0.));
#956 = PCURVE('',#784,#957);
#957 = DEFINITIONAL_REPRESENTATION('',(#958),#962);
#958 = CIRCLE('',#959,15.97);
#959 = AXIS2_PLACEMENT_2D('',#960,#961);
#960 = CARTESIAN_POINT('',(-12.8,6.5));
#961 = DIRECTION('',(1.,0.));
#962 = ( GEOMETRIC_REPRESENTATION_CONTEXT(2) 
PARAMETRIC_REPRESENTATION_CONTEXT() REPRESENTATION_CONTEXT('2D SPACE',''
  ) );
#963 = PCURVE('',#964,#969);
#964 = CYLINDRICAL_SURFACE('',#965,15.97);
#965 = AXIS2_PLACEMENT_3D('',#966,#967,#968);
#966 = CARTESIAN_POINT('',(0.,0.,-1.));
#967 = DIRECTION('',(0.,0.,1.));
#968 = DIRECTION('',(1.,0.,-0.));
#969 = DEFINITIONAL_REPRESENTATION('',(#970),#974);
#970 = LINE('',#971,#972);
#971 = CARTESIAN_POINT('',(0.,1.2));
#972 = VECTOR('',#973,1.);
#973 = DIRECTION('',(1.,0.));
#974 = ( GEOMETRIC_REPRESENTATION_CONTEXT(2) 
PARAMETRIC_REPRESENTATION_CONTEXT() REPRESENTATION_CONTEXT('2D SPACE',''
  ) );
#975 = ORIENTED_EDGE('',*,*,#976,.T.);
#976 = EDGE_CURVE('',#948,#746,#977,.T.);
#977 = SURFACE_CURVE('',#978,(#982,#989),.PCURVE_S1.);
#978 = LINE('',#979,#980);
#979 = CARTESIAN_POINT('',(12.8,-6.5,0.2));
#980 = VECTOR('',#981,1.);
#981 = DIRECTION('',(1.,0.,-0.));
#982 = PCURVE('',#784,#983);
#983 = DEFINITIONAL_REPRESENTATION('',(#984),#988);
#984 = LINE('',#985,#986);
#985 = CARTESIAN_POINT('',(0.,0.));
#986 = VECTOR('',#987,1.);
#987 = DIRECTION('',(1.,0.));
#988 = ( GEOMETRIC_REPRESENTATION_CONTEXT(2) 
PARAMETRIC_REPRESENTATION_CONTEXT() REPRESENTATION_CONTEXT('2D SPACE',''
  ) );
#989 = PCURVE('',#215,#990);
#990 = DEFINITIONAL_REPRESENTATION('',(#991),#995);
#991 = LINE('',#992,#993);
#992 = CARTESIAN_POINT('',(1.2,0.));
#993 = VECTOR('',#994,1.);
#994 = DIRECTION('',(0.,1.));
#995 = ( GEOMETRIC_REPRESENTATION_CONTEXT(2) 
PARAMETRIC_REPRESENTATION_CONTEXT() REPRESENTATION_CONTEXT('2D SPACE',''
  ) );
#996 = ORIENTED_EDGE('',*,*,#768,.F.);
#997 = FACE_BOUND('',#998,.T.);
#998 = EDGE_LOOP('',(#999,#1033,#1085,#1152,#1185,#1252,#1304));
#999 = ORIENTED_EDGE('',*,*,#1000,.T.);
#1000 = EDGE_CURVE('',#1001,#1003,#1005,.T.);
#1001 = VERTEX_POINT('',#1002);
#1002 = CARTESIAN_POINT('',(13.7,-3.355532229664E-15,0.2));
#1003 = VERTEX_POINT('',#1004);
#1004 = CARTESIAN_POINT('',(6.119332447009,-12.25739655893,0.20000005));
#1005 = SURFACE_CURVE('',#1006,(#1011,#1022),.PCURVE_S1.);
#1006 = CIRCLE('',#1007,13.7);
#1007 = AXIS2_PLACEMENT_3D('',#1008,#1009,#1010);
#1008 = CARTESIAN_POINT('',(0.,0.,0.2));
#1009 = DIRECTION('',(0.,0.,-1.));
#1010 = DIRECTION('',(1.,-2.449293598295E-16,0.));
#1011 = PCURVE('',#784,#1012);
#1012 = DEFINITIONAL_REPRESENTATION('',(#1013),#1021);
#1013 = ( BOUNDED_CURVE() B_SPLINE_CURVE(2,(#1014,#1015,#1016,#1017,
#1018,#1019,#1020),.UNSPECIFIED.,.T.,.F.) B_SPLINE_CURVE_WITH_KNOTS((1,2
    ,2,2,2,1),(-2.094395102393,0.,2.094395102393,4.188790204786,
6.28318530718,8.377580409573),.UNSPECIFIED.) CURVE() 
GEOMETRIC_REPRESENTATION_ITEM() RATIONAL_B_SPLINE_CURVE((1.,0.5,1.,0.5,
1.,0.5,1.)) REPRESENTATION_ITEM('') );
#1014 = CARTESIAN_POINT('',(0.9,6.5));
#1015 = CARTESIAN_POINT('',(0.9,-17.22909606369));
#1016 = CARTESIAN_POINT('',(-19.65,-5.364548031847));
#1017 = CARTESIAN_POINT('',(-40.2,6.5));
#1018 = CARTESIAN_POINT('',(-19.65,18.364548031847));
#1019 = CARTESIAN_POINT('',(0.9,30.229096063694));
#1020 = CARTESIAN_POINT('',(0.9,6.5));
#1021 = ( GEOMETRIC_REPRESENTATION_CONTEXT(2) 
PARAMETRIC_REPRESENTATION_CONTEXT() REPRESENTATION_CONTEXT('2D SPACE',''
  ) );
#1022 = PCURVE('',#1023,#1028);
#1023 = CYLINDRICAL_SURFACE('',#1024,13.7);
#1024 = AXIS2_PLACEMENT_3D('',#1025,#1026,#1027);
#1025 = CARTESIAN_POINT('',(0.,0.,0.2));
#1026 = DIRECTION('',(0.,0.,1.));
#1027 = DIRECTION('',(1.,0.,-0.));
#1028 = DEFINITIONAL_REPRESENTATION('',(#1029),#1032);
#1029 = B_SPLINE_CURVE_WITH_KNOTS('',1,(#1030,#1031),.UNSPECIFIED.,.F.,
  .F.,(2,2),(0.,1.107760181717),.PIECEWISE_BEZIER_KNOTS.);
#1030 = CARTESIAN_POINT('',(6.28318530718,0.));
#1031 = CARTESIAN_POINT('',(5.175425125463,0.));
#1032 = ( GEOMETRIC_REPRESENTATION_CONTEXT(2) 
PARAMETRIC_REPRESENTATION_CONTEXT() REPRESENTATION_CONTEXT('2D SPACE',''
  ) );
#1033 = ORIENTED_EDGE('',*,*,#1034,.T.);
#1034 = EDGE_CURVE('',#1003,#1035,#1037,.T.);
#1035 = VERTEX_POINT('',#1036);
#1036 = CARTESIAN_POINT('',(6.141915257473,-12.30263130728,0.2000001));
#1037 = SURFACE_CURVE('',#1038,(#1044,#1053),.PCURVE_S1.);
#1038 = B_SPLINE_CURVE_WITH_KNOTS('',4,(#1039,#1040,#1041,#1042,#1043),
  .UNSPECIFIED.,.F.,.F.,(5,5),(0.,1.),.PIECEWISE_BEZIER_KNOTS.);
#1039 = CARTESIAN_POINT('',(6.052578308282,-12.12368394281,0.2000001));
#1040 = CARTESIAN_POINT('',(6.07491254558,-12.16842078393,0.2000001));
#1041 = CARTESIAN_POINT('',(6.097246782878,-12.21315762504,0.2000001));
#1042 = CARTESIAN_POINT('',(6.119581020175,-12.25789446616,0.2000001));
#1043 = CARTESIAN_POINT('',(6.141915257473,-12.30263130728,0.2000001));
#1044 = PCURVE('',#784,#1045);
#1045 = DEFINITIONAL_REPRESENTATION('',(#1046),#1052);
#1046 = B_SPLINE_CURVE_WITH_KNOTS('',4,(#1047,#1048,#1049,#1050,#1051),
  .UNSPECIFIED.,.F.,.F.,(5,5),(0.,1.),.PIECEWISE_BEZIER_KNOTS.);
#1047 = CARTESIAN_POINT('',(-6.747421691718,-5.623683942811));
#1048 = CARTESIAN_POINT('',(-6.72508745442,-5.66842078393));
#1049 = CARTESIAN_POINT('',(-6.702753217122,-5.713157625048));
#1050 = CARTESIAN_POINT('',(-6.680418979825,-5.757894466167));
#1051 = CARTESIAN_POINT('',(-6.658084742527,-5.802631307285));
#1052 = ( GEOMETRIC_REPRESENTATION_CONTEXT(2) 
PARAMETRIC_REPRESENTATION_CONTEXT() REPRESENTATION_CONTEXT('2D SPACE',''
  ) );
#1053 = PCURVE('',#1054,#1077);
#1054 = ( BOUNDED_SURFACE() B_SPLINE_SURFACE(1,6,(
    (#1055,#1056,#1057,#1058,#1059,#1060,#1061,#1062,#1063,#1064,#1065)
    ,(#1066,#1067,#1068,#1069,#1070,#1071,#1072,#1073,#1074,#1075,#1076
)),.UNSPECIFIED.,.F.,.F.,.F.) B_SPLINE_SURFACE_WITH_KNOTS((2,2),(7,4,7),
(5.,6.),(0.,0.5,1.),.UNSPECIFIED.) GEOMETRIC_REPRESENTATION_ITEM() 
RATIONAL_B_SPLINE_SURFACE((
    (1.,1.,1.,1.,1.,1.,1.,1.,1.,1.,1.)
,(1.,1.,1.,1.,1.,1.,1.,1.,1.,1.,1.
  ))) REPRESENTATION_ITEM('') SURFACE() );
#1055 = CARTESIAN_POINT('',(13.75,1.7763568394E-15,-0.623685927919));
#1056 = CARTESIAN_POINT('',(13.701445579737,7.197831642732,
    -0.540352594585));
#1057 = CARTESIAN_POINT('',(9.369136897326,14.395663285458,
    -0.457019261261));
#1058 = CARTESIAN_POINT('',(-8.16321190679E-02,18.087075014382,
    -0.373685927915));
#1059 = CARTESIAN_POINT('',(-9.244513885317,14.39566328546,
    -0.290352594581));
#1060 = CARTESIAN_POINT('',(-18.25548611468,5.06771514457E-13,
    -0.123685927919));
#1061 = CARTESIAN_POINT('',(-9.244513885318,-14.39566328546,
    4.29807387444E-02));
#1062 = CARTESIAN_POINT('',(-8.163211906721E-02,-18.08707501438,
    0.126314072078));
#1063 = CARTESIAN_POINT('',(9.369136897325,-14.39566328546,
    0.209647405424));
#1064 = CARTESIAN_POINT('',(13.701445579738,-7.197831642731,
    0.292980738748));
#1065 = CARTESIAN_POINT('',(13.75,7.004474440531E-15,0.376314072081));
#1066 = CARTESIAN_POINT('',(13.55,-2.654869934928E-14,-0.623685927919));
#1067 = CARTESIAN_POINT('',(13.5021518258,7.093135909732,-0.540352594585
    ));
#1068 = CARTESIAN_POINT('',(9.232858542578,14.186271819459,
    -0.457019261261));
#1069 = CARTESIAN_POINT('',(-8.044474287552E-02,17.823990286951,
    -0.373685927915));
#1070 = CARTESIAN_POINT('',(-9.110048228796,14.18627181946,
    -0.290352594581));
#1071 = CARTESIAN_POINT('',(-17.9899517712,5.76792424008E-13,
    -0.123685927919));
#1072 = CARTESIAN_POINT('',(-9.110048228796,-14.18627181946,
    4.29807387444E-02));
#1073 = CARTESIAN_POINT('',(-8.044474287486E-02,-17.82399028694,
    0.126314072078));
#1074 = CARTESIAN_POINT('',(9.232858542577,-14.18627181946,
    0.209647405424));
#1075 = CARTESIAN_POINT('',(13.5021518258,-7.093135909731,0.292980738748
    ));
#1076 = CARTESIAN_POINT('',(13.55,-1.91203607252E-14,0.376314072081));
#1077 = DEFINITIONAL_REPRESENTATION('',(#1078),#1084);
#1078 = B_SPLINE_CURVE_WITH_KNOTS('',4,(#1079,#1080,#1081,#1082,#1083),
  .UNSPECIFIED.,.F.,.F.,(5,5),(0.,1.),.PIECEWISE_BEZIER_KNOTS.);
#1079 = CARTESIAN_POINT('',(6.,0.823686027917));
#1080 = CARTESIAN_POINT('',(5.75,0.823686027917));
#1081 = CARTESIAN_POINT('',(5.5,0.823686027917));
#1082 = CARTESIAN_POINT('',(5.25,0.823686027917));
#1083 = CARTESIAN_POINT('',(5.,0.823686027917));
#1084 = ( GEOMETRIC_REPRESENTATION_CONTEXT(2) 
PARAMETRIC_REPRESENTATION_CONTEXT() REPRESENTATION_CONTEXT('2D SPACE',''
  ) );
#1085 = ORIENTED_EDGE('',*,*,#1086,.T.);
#1086 = EDGE_CURVE('',#1035,#1087,#1089,.T.);
#1087 = VERTEX_POINT('',#1088);
#1088 = CARTESIAN_POINT('',(-1.815340106151E-02,-14.02548825189,
    0.2000001));
#1089 = SURFACE_CURVE('',#1090,(#1101,#1115),.PCURVE_S1.);
#1090 = B_SPLINE_CURVE_WITH_KNOTS('',5,(#1091,#1092,#1093,#1094,#1095,
    #1096,#1097,#1098,#1099,#1100),.UNSPECIFIED.,.F.,.F.,(6,4,6),(0.,
    0.500232797686,1.),.UNSPECIFIED.);
#1091 = CARTESIAN_POINT('',(6.141915257473,-12.30263130728,0.2000001));
#1092 = CARTESIAN_POINT('',(5.577065452833,-12.61553455659,0.2000001));
#1093 = CARTESIAN_POINT('',(4.99382166975,-12.89526342577,0.2000001));
#1094 = CARTESIAN_POINT('',(4.394868404513,-13.14050563886,0.2000001));
#1095 = CARTESIAN_POINT('',(3.782975509099,-13.35027680687,0.2000001));
#1096 = CARTESIAN_POINT('',(2.539580776711,-13.69737397393,0.2000001));
#1097 = CARTESIAN_POINT('',(1.908088337008,-13.83476987519,0.2000001));
#1098 = CARTESIAN_POINT('',(1.269350080282,-13.93542664341,0.2000001));
#1099 = CARTESIAN_POINT('',(0.6262194725,-13.99900744384,0.2000001));
#1100 = CARTESIAN_POINT('',(-1.843920342792E-02,-14.0255,0.2000001));
#1101 = PCURVE('',#784,#1102);
#1102 = DEFINITIONAL_REPRESENTATION('',(#1103),#1114);
#1103 = B_SPLINE_CURVE_WITH_KNOTS('',5,(#1104,#1105,#1106,#1107,#1108,
    #1109,#1110,#1111,#1112,#1113),.UNSPECIFIED.,.F.,.F.,(6,4,6),(0.,
    0.500232797686,1.),.UNSPECIFIED.);
#1104 = CARTESIAN_POINT('',(-6.658084742527,-5.802631307285));
#1105 = CARTESIAN_POINT('',(-7.222934547167,-6.115534556598));
#1106 = CARTESIAN_POINT('',(-7.80617833025,-6.395263425774));
#1107 = CARTESIAN_POINT('',(-8.405131595487,-6.640505638862));
#1108 = CARTESIAN_POINT('',(-9.017024490901,-6.850276806879));
#1109 = CARTESIAN_POINT('',(-10.26041922328,-7.197373973937));
#1110 = CARTESIAN_POINT('',(-10.89191166299,-7.334769875192));
#1111 = CARTESIAN_POINT('',(-11.53064991971,-7.435426643419));
#1112 = CARTESIAN_POINT('',(-12.1737805275,-7.499007443842));
#1113 = CARTESIAN_POINT('',(-12.81843920342,-7.5255));
#1114 = ( GEOMETRIC_REPRESENTATION_CONTEXT(2) 
PARAMETRIC_REPRESENTATION_CONTEXT() REPRESENTATION_CONTEXT('2D SPACE',''
  ) );
#1115 = PCURVE('',#1116,#1139);
#1116 = ( BOUNDED_SURFACE() B_SPLINE_SURFACE(1,6,(
    (#1117,#1118,#1119,#1120,#1121,#1122,#1123,#1124,#1125,#1126,#1127)
    ,(#1128,#1129,#1130,#1131,#1132,#1133,#1134,#1135,#1136,#1137,#1138
)),.UNSPECIFIED.,.F.,.F.,.F.) B_SPLINE_SURFACE_WITH_KNOTS((2,2),(7,4,7),
(4.,5.),(0.,0.5,1.),.UNSPECIFIED.) GEOMETRIC_REPRESENTATION_ITEM() 
RATIONAL_B_SPLINE_SURFACE((
    (1.,1.,1.,1.,1.,1.,1.,1.,1.,1.,1.)
,(1.,1.,1.,1.,1.,1.,1.,1.,1.,1.,1.
  ))) REPRESENTATION_ITEM('') SURFACE() );
#1117 = CARTESIAN_POINT('',(14.3,7.967026135827E-14,-0.476313872081));
#1118 = CARTESIAN_POINT('',(14.249503403065,7.485744908481,
    -0.392980538748));
#1119 = CARTESIAN_POINT('',(9.743902372885,14.971489816958,
    -0.309647205424));
#1120 = CARTESIAN_POINT('',(-8.489740359846E-02,18.810558014815,
    -0.226313872078));
#1121 = CARTESIAN_POINT('',(-9.614294440751,14.97148981696,
    -0.142980538744));
#1122 = CARTESIAN_POINT('',(-18.98570555925,2.459951696351E-13,
    2.368612791852E-02));
#1123 = CARTESIAN_POINT('',(-9.614294440751,-14.97148981696,
    0.190352794582));
#1124 = CARTESIAN_POINT('',(-8.489740359769E-02,-18.81055801481,
    0.273686127915));
#1125 = CARTESIAN_POINT('',(9.743902372885,-14.97148981696,
    0.357019461261));
#1126 = CARTESIAN_POINT('',(14.249503403065,-7.485744908481,
    0.440352794585));
#1127 = CARTESIAN_POINT('',(14.3,7.88477711463E-14,0.523686127919));
#1128 = CARTESIAN_POINT('',(13.75,1.7763568394E-15,-0.623685927919));
#1129 = CARTESIAN_POINT('',(13.701445579737,7.197831642732,
    -0.540352594585));
#1130 = CARTESIAN_POINT('',(9.369136897326,14.395663285458,
    -0.457019261261));
#1131 = CARTESIAN_POINT('',(-8.16321190679E-02,18.087075014382,
    -0.373685927915));
#1132 = CARTESIAN_POINT('',(-9.244513885317,14.39566328546,
    -0.290352594581));
#1133 = CARTESIAN_POINT('',(-18.25548611468,5.06771514457E-13,
    -0.123685927919));
#1134 = CARTESIAN_POINT('',(-9.244513885318,-14.39566328546,
    4.29807387444E-02));
#1135 = CARTESIAN_POINT('',(-8.163211906721E-02,-18.08707501438,
    0.126314072078));
#1136 = CARTESIAN_POINT('',(9.369136897325,-14.39566328546,
    0.209647405424));
#1137 = CARTESIAN_POINT('',(13.701445579738,-7.197831642731,
    0.292980738748));
#1138 = CARTESIAN_POINT('',(13.75,7.004474440531E-15,0.376314072081));
#1139 = DEFINITIONAL_REPRESENTATION('',(#1140),#1151);
#1140 = B_SPLINE_CURVE_WITH_KNOTS('',5,(#1141,#1142,#1143,#1144,#1145,
    #1146,#1147,#1148,#1149,#1150),.UNSPECIFIED.,.F.,.F.,(6,4,6),(0.,
    0.500232797686,1.),.UNSPECIFIED.);
#1141 = CARTESIAN_POINT('',(5.,0.823686027917));
#1142 = CARTESIAN_POINT('',(4.949348117221,0.81622135582));
#1143 = CARTESIAN_POINT('',(4.898824995162,0.808775659455));
#1144 = CARTESIAN_POINT('',(4.848428387337,0.801348607753));
#1145 = CARTESIAN_POINT('',(4.798153789023,0.793939536843));
#1146 = CARTESIAN_POINT('',(4.697892891986,0.779163882327));
#1147 = CARTESIAN_POINT('',(4.647905605597,0.771797153166));
#1148 = CARTESIAN_POINT('',(4.59803694451,0.76444790606));
#1149 = CARTESIAN_POINT('',(4.548283980905,0.75711570953));
#1150 = CARTESIAN_POINT('',(4.49864719779,0.749800634757));
#1151 = ( GEOMETRIC_REPRESENTATION_CONTEXT(2) 
PARAMETRIC_REPRESENTATION_CONTEXT() REPRESENTATION_CONTEXT('2D SPACE',''
  ) );
#1152 = ORIENTED_EDGE('',*,*,#1153,.T.);
#1153 = EDGE_CURVE('',#1087,#1154,#1156,.T.);
#1154 = VERTEX_POINT('',#1155);
#1155 = CARTESIAN_POINT('',(-1.815340106111E-02,14.025488251894,
    0.2000001));
#1156 = SURFACE_CURVE('',#1157,(#1162,#1173),.PCURVE_S1.);
#1157 = CIRCLE('',#1158,14.0255);
#1158 = AXIS2_PLACEMENT_3D('',#1159,#1160,#1161);
#1159 = CARTESIAN_POINT('',(0.,0.,0.2000001));
#1160 = DIRECTION('',(0.,0.,-1.));
#1161 = DIRECTION('',(-1.294314003886E-03,-0.999999162375,-0.));
#1162 = PCURVE('',#784,#1163);
#1163 = DEFINITIONAL_REPRESENTATION('',(#1164),#1172);
#1164 = ( BOUNDED_CURVE() B_SPLINE_CURVE(2,(#1165,#1166,#1167,#1168,
#1169,#1170,#1171),.UNSPECIFIED.,.T.,.F.) B_SPLINE_CURVE_WITH_KNOTS((1,2
    ,2,2,2,1),(-2.094395102393,0.,2.094395102393,4.188790204786,
6.28318530718,8.377580409573),.UNSPECIFIED.) CURVE() 
GEOMETRIC_REPRESENTATION_ITEM() RATIONAL_B_SPLINE_CURVE((1.,0.5,1.,0.5,
1.,0.5,1.)) REPRESENTATION_ITEM('') );
#1165 = CARTESIAN_POINT('',(-12.81815340106,-7.525488251894));
#1166 = CARTESIAN_POINT('',(-37.1110116543,-7.494045638926));
#1167 = CARTESIAN_POINT('',(-24.93735242609,13.528465432432));
#1168 = CARTESIAN_POINT('',(-12.76369319787,34.550976503789));
#1169 = CARTESIAN_POINT('',(-0.644494172848,13.497022819463));
#1170 = CARTESIAN_POINT('',(11.47470485218,-7.556930864863));
#1171 = CARTESIAN_POINT('',(-12.81815340106,-7.525488251894));
#1172 = ( GEOMETRIC_REPRESENTATION_CONTEXT(2) 
PARAMETRIC_REPRESENTATION_CONTEXT() REPRESENTATION_CONTEXT('2D SPACE',''
  ) );
#1173 = PCURVE('',#1174,#1179);
#1174 = CONICAL_SURFACE('',#1175,14.301,0.785398163397);
#1175 = AXIS2_PLACEMENT_3D('',#1176,#1177,#1178);
#1176 = CARTESIAN_POINT('',(0.,0.,0.4755001));
#1177 = DIRECTION('',(0.,0.,1.));
#1178 = DIRECTION('',(1.,0.,-0.));
#1179 = DEFINITIONAL_REPRESENTATION('',(#1180),#1184);
#1180 = LINE('',#1181,#1182);
#1181 = CARTESIAN_POINT('',(4.711094666019,-0.2755));
#1182 = VECTOR('',#1183,1.);
#1183 = DIRECTION('',(-1.,-0.));
#1184 = ( GEOMETRIC_REPRESENTATION_CONTEXT(2) 
PARAMETRIC_REPRESENTATION_CONTEXT() REPRESENTATION_CONTEXT('2D SPACE',''
  ) );
#1185 = ORIENTED_EDGE('',*,*,#1186,.T.);
#1186 = EDGE_CURVE('',#1154,#1187,#1189,.T.);
#1187 = VERTEX_POINT('',#1188);
#1188 = CARTESIAN_POINT('',(6.141915257473,12.302631307285,0.2000001));
#1189 = SURFACE_CURVE('',#1190,(#1201,#1215),.PCURVE_S1.);
#1190 = B_SPLINE_CURVE_WITH_KNOTS('',5,(#1191,#1192,#1193,#1194,#1195,
    #1196,#1197,#1198,#1199,#1200),.UNSPECIFIED.,.F.,.F.,(6,4,6),(0.,
    0.501761943066,1.),.UNSPECIFIED.);
#1191 = CARTESIAN_POINT('',(-1.843920342751E-02,14.0255,0.2000001));
#1192 = CARTESIAN_POINT('',(0.628792523129,13.998901703098,0.2000001));
#1193 = CARTESIAN_POINT('',(1.274484019852,13.934918500396,0.2000001));
#1194 = CARTESIAN_POINT('',(1.915736455684,13.833562829174,0.2000001));
#1195 = CARTESIAN_POINT('',(2.549662114354,13.695176879838,0.2000001));
#1196 = CARTESIAN_POINT('',(3.792734301447,13.34692745982,0.2000001));
#1197 = CARTESIAN_POINT('',(4.40203291195,13.137570165688,0.2000001));
#1198 = CARTESIAN_POINT('',(4.998472942951,12.8930319689,0.2000001));
#1199 = CARTESIAN_POINT('',(5.579317864542,12.61428681439,0.2000001));
#1200 = CARTESIAN_POINT('',(6.141915257473,12.302631307285,0.2000001));
#1201 = PCURVE('',#784,#1202);
#1202 = DEFINITIONAL_REPRESENTATION('',(#1203),#1214);
#1203 = B_SPLINE_CURVE_WITH_KNOTS('',5,(#1204,#1205,#1206,#1207,#1208,
    #1209,#1210,#1211,#1212,#1213),.UNSPECIFIED.,.F.,.F.,(6,4,6),(0.,
    0.501761943066,1.),.UNSPECIFIED.);
#1204 = CARTESIAN_POINT('',(-12.81843920342,20.5255));
#1205 = CARTESIAN_POINT('',(-12.17120747687,20.498901703098));
#1206 = CARTESIAN_POINT('',(-11.52551598014,20.434918500396));
#1207 = CARTESIAN_POINT('',(-10.88426354431,20.333562829174));
#1208 = CARTESIAN_POINT('',(-10.25033788564,20.195176879838));
#1209 = CARTESIAN_POINT('',(-9.007265698553,19.84692745982));
#1210 = CARTESIAN_POINT('',(-8.39796708805,19.637570165688));
#1211 = CARTESIAN_POINT('',(-7.801527057049,19.3930319689));
#1212 = CARTESIAN_POINT('',(-7.220682135458,19.11428681439));
#1213 = CARTESIAN_POINT('',(-6.658084742527,18.802631307285));
#1214 = ( GEOMETRIC_REPRESENTATION_CONTEXT(2) 
PARAMETRIC_REPRESENTATION_CONTEXT() REPRESENTATION_CONTEXT('2D SPACE',''
  ) );
#1215 = PCURVE('',#1216,#1239);
#1216 = ( BOUNDED_SURFACE() B_SPLINE_SURFACE(1,6,(
    (#1217,#1218,#1219,#1220,#1221,#1222,#1223,#1224,#1225,#1226,#1227)
    ,(#1228,#1229,#1230,#1231,#1232,#1233,#1234,#1235,#1236,#1237,#1238
)),.UNSPECIFIED.,.F.,.F.,.F.) B_SPLINE_SURFACE_WITH_KNOTS((2,2),(7,4,7),
(2.,3.),(0.,0.5,1.),.UNSPECIFIED.) GEOMETRIC_REPRESENTATION_ITEM() 
RATIONAL_B_SPLINE_SURFACE((
    (1.,1.,1.,1.,1.,1.,1.,1.,1.,1.,1.)
,(1.,1.,1.,1.,1.,1.,1.,1.,1.,1.,1.
  ))) REPRESENTATION_ITEM('') SURFACE() );
#1217 = CARTESIAN_POINT('',(13.75,1.7763568394E-15,2.368612791856E-02));
#1218 = CARTESIAN_POINT('',(13.701445579737,7.197831642732,
    0.107019461252));
#1219 = CARTESIAN_POINT('',(9.369136897326,14.395663285458,
    0.190352794576));
#1220 = CARTESIAN_POINT('',(-8.16321190679E-02,18.087075014382,
    0.273686127922));
#1221 = CARTESIAN_POINT('',(-9.244513885317,14.39566328546,
    0.357019461256));
#1222 = CARTESIAN_POINT('',(-18.25548611468,5.06771514457E-13,
    0.523686127919));
#1223 = CARTESIAN_POINT('',(-9.244513885318,-14.39566328546,
    0.690352794581));
#1224 = CARTESIAN_POINT('',(-8.163211906721E-02,-18.08707501438,
    0.773686127915));
#1225 = CARTESIAN_POINT('',(9.369136897325,-14.39566328546,
    0.857019461261));
#1226 = CARTESIAN_POINT('',(13.701445579738,-7.197831642731,
    0.940352794585));
#1227 = CARTESIAN_POINT('',(13.75,7.004474440531E-15,1.023686127919));
#1228 = CARTESIAN_POINT('',(14.3,7.967026135827E-14,-0.123685927919));
#1229 = CARTESIAN_POINT('',(14.249503403065,7.485744908481,
    -4.035259458501E-02));
#1230 = CARTESIAN_POINT('',(9.743902372885,14.971489816958,
    4.298073873904E-02));
#1231 = CARTESIAN_POINT('',(-8.489740359846E-02,18.810558014815,
    0.126314072085));
#1232 = CARTESIAN_POINT('',(-9.614294440751,14.97148981696,
    0.209647405418));
#1233 = CARTESIAN_POINT('',(-18.98570555925,2.459951696351E-13,
    0.376314072081));
#1234 = CARTESIAN_POINT('',(-9.614294440751,-14.97148981696,
    0.542980738744));
#1235 = CARTESIAN_POINT('',(-8.489740359769E-02,-18.81055801481,
    0.626314072078));
#1236 = CARTESIAN_POINT('',(9.743902372885,-14.97148981696,
    0.709647405424));
#1237 = CARTESIAN_POINT('',(14.249503403065,-7.485744908481,
    0.792980738748));
#1238 = CARTESIAN_POINT('',(14.3,7.88477711463E-14,0.876314072081));
#1239 = DEFINITIONAL_REPRESENTATION('',(#1240),#1251);
#1240 = B_SPLINE_CURVE_WITH_KNOTS('',5,(#1241,#1242,#1243,#1244,#1245,
    #1246,#1247,#1248,#1249,#1250),.UNSPECIFIED.,.F.,.F.,(6,4,6),(0.,
    0.501761943066,1.),.UNSPECIFIED.);
#1241 = CARTESIAN_POINT('',(2.50135280221,0.250199365243));
#1242 = CARTESIAN_POINT('',(2.45151790192,0.242855093535));
#1243 = CARTESIAN_POINT('',(2.401565887103,0.235493562418));
#1244 = CARTESIAN_POINT('',(2.351497255597,0.22811484526));
#1245 = CARTESIAN_POINT('',(2.301309029493,0.220718503201));
#1246 = CARTESIAN_POINT('',(2.201044292026,0.205942282713));
#1247 = CARTESIAN_POINT('',(2.150968713544,0.198562541765));
#1248 = CARTESIAN_POINT('',(2.100772063993,0.191164958325));
#1249 = CARTESIAN_POINT('',(2.05044990184,0.183748877834));
#1250 = CARTESIAN_POINT('',(2.,0.176313972083));
#1251 = ( GEOMETRIC_REPRESENTATION_CONTEXT(2) 
PARAMETRIC_REPRESENTATION_CONTEXT() REPRESENTATION_CONTEXT('2D SPACE',''
  ) );
#1252 = ORIENTED_EDGE('',*,*,#1253,.T.);
#1253 = EDGE_CURVE('',#1187,#1254,#1256,.T.);
#1254 = VERTEX_POINT('',#1255);
#1255 = CARTESIAN_POINT('',(6.119332447009,12.257396558935,0.20000005));
#1256 = SURFACE_CURVE('',#1257,(#1263,#1272),.PCURVE_S1.);
#1257 = B_SPLINE_CURVE_WITH_KNOTS('',4,(#1258,#1259,#1260,#1261,#1262),
  .UNSPECIFIED.,.F.,.F.,(5,5),(0.,1.),.PIECEWISE_BEZIER_KNOTS.);
#1258 = CARTESIAN_POINT('',(6.141915257473,12.302631307285,0.2000001));
#1259 = CARTESIAN_POINT('',(6.119581020175,12.257894466167,0.2000001));
#1260 = CARTESIAN_POINT('',(6.097246782877,12.213157625048,0.2000001));
#1261 = CARTESIAN_POINT('',(6.07491254558,12.16842078393,0.2000001));
#1262 = CARTESIAN_POINT('',(6.052578308282,12.123683942811,0.2000001));
#1263 = PCURVE('',#784,#1264);
#1264 = DEFINITIONAL_REPRESENTATION('',(#1265),#1271);
#1265 = B_SPLINE_CURVE_WITH_KNOTS('',4,(#1266,#1267,#1268,#1269,#1270),
  .UNSPECIFIED.,.F.,.F.,(5,5),(0.,1.),.PIECEWISE_BEZIER_KNOTS.);
#1266 = CARTESIAN_POINT('',(-6.658084742527,18.802631307285));
#1267 = CARTESIAN_POINT('',(-6.680418979825,18.757894466167));
#1268 = CARTESIAN_POINT('',(-6.702753217123,18.713157625048));
#1269 = CARTESIAN_POINT('',(-6.72508745442,18.66842078393));
#1270 = CARTESIAN_POINT('',(-6.747421691718,18.623683942811));
#1271 = ( GEOMETRIC_REPRESENTATION_CONTEXT(2) 
PARAMETRIC_REPRESENTATION_CONTEXT() REPRESENTATION_CONTEXT('2D SPACE',''
  ) );
#1272 = PCURVE('',#1273,#1296);
#1273 = ( BOUNDED_SURFACE() B_SPLINE_SURFACE(1,6,(
    (#1274,#1275,#1276,#1277,#1278,#1279,#1280,#1281,#1282,#1283,#1284)
    ,(#1285,#1286,#1287,#1288,#1289,#1290,#1291,#1292,#1293,#1294,#1295
)),.UNSPECIFIED.,.F.,.F.,.F.) B_SPLINE_SURFACE_WITH_KNOTS((2,2),(7,4,7),
(1.,2.),(0.,0.5,1.),.UNSPECIFIED.) GEOMETRIC_REPRESENTATION_ITEM() 
RATIONAL_B_SPLINE_SURFACE((
    (1.,1.,1.,1.,1.,1.,1.,1.,1.,1.,1.)
,(1.,1.,1.,1.,1.,1.,1.,1.,1.,1.,1.
  ))) REPRESENTATION_ITEM('') SURFACE() );
#1274 = CARTESIAN_POINT('',(13.55,-2.654869934928E-14,2.368612791856E-02
    ));
#1275 = CARTESIAN_POINT('',(13.5021518258,7.093135909732,0.107019461252)
  );
#1276 = CARTESIAN_POINT('',(9.232858542578,14.186271819459,
    0.190352794576));
#1277 = CARTESIAN_POINT('',(-8.044474287552E-02,17.823990286951,
    0.273686127922));
#1278 = CARTESIAN_POINT('',(-9.110048228796,14.18627181946,
    0.357019461256));
#1279 = CARTESIAN_POINT('',(-17.9899517712,5.76792424008E-13,
    0.523686127919));
#1280 = CARTESIAN_POINT('',(-9.110048228796,-14.18627181946,
    0.690352794581));
#1281 = CARTESIAN_POINT('',(-8.044474287486E-02,-17.82399028694,
    0.773686127915));
#1282 = CARTESIAN_POINT('',(9.232858542577,-14.18627181946,
    0.857019461261));
#1283 = CARTESIAN_POINT('',(13.5021518258,-7.093135909731,0.940352794585
    ));
#1284 = CARTESIAN_POINT('',(13.55,-1.91203607252E-14,1.023686127919));
#1285 = CARTESIAN_POINT('',(13.75,1.7763568394E-15,2.368612791856E-02));
#1286 = CARTESIAN_POINT('',(13.701445579737,7.197831642732,
    0.107019461252));
#1287 = CARTESIAN_POINT('',(9.369136897326,14.395663285458,
    0.190352794576));
#1288 = CARTESIAN_POINT('',(-8.16321190679E-02,18.087075014382,
    0.273686127922));
#1289 = CARTESIAN_POINT('',(-9.244513885317,14.39566328546,
    0.357019461256));
#1290 = CARTESIAN_POINT('',(-18.25548611468,5.06771514457E-13,
    0.523686127919));
#1291 = CARTESIAN_POINT('',(-9.244513885318,-14.39566328546,
    0.690352794581));
#1292 = CARTESIAN_POINT('',(-8.163211906721E-02,-18.08707501438,
    0.773686127915));
#1293 = CARTESIAN_POINT('',(9.369136897325,-14.39566328546,
    0.857019461261));
#1294 = CARTESIAN_POINT('',(13.701445579738,-7.197831642731,
    0.940352794585));
#1295 = CARTESIAN_POINT('',(13.75,7.004474440531E-15,1.023686127919));
#1296 = DEFINITIONAL_REPRESENTATION('',(#1297),#1303);
#1297 = B_SPLINE_CURVE_WITH_KNOTS('',4,(#1298,#1299,#1300,#1301,#1302),
  .UNSPECIFIED.,.F.,.F.,(5,5),(0.,1.),.PIECEWISE_BEZIER_KNOTS.);
#1298 = CARTESIAN_POINT('',(2.,0.176313972083));
#1299 = CARTESIAN_POINT('',(1.75,0.176313972083));
#1300 = CARTESIAN_POINT('',(1.5,0.176313972083));
#1301 = CARTESIAN_POINT('',(1.25,0.176313972083));
#1302 = CARTESIAN_POINT('',(1.,0.176313972083));
#1303 = ( GEOMETRIC_REPRESENTATION_CONTEXT(2) 
PARAMETRIC_REPRESENTATION_CONTEXT() REPRESENTATION_CONTEXT('2D SPACE',''
  ) );
#1304 = ORIENTED_EDGE('',*,*,#1305,.T.);
#1305 = EDGE_CURVE('',#1254,#1001,#1306,.T.);
#1306 = SURFACE_CURVE('',#1307,(#1312,#1323),.PCURVE_S1.);
#1307 = CIRCLE('',#1308,13.7);
#1308 = AXIS2_PLACEMENT_3D('',#1309,#1310,#1311);
#1309 = CARTESIAN_POINT('',(0.,0.,0.2));
#1310 = DIRECTION('',(-1.922543640213E-09,5.038972459022E-09,-1.));
#1311 = DIRECTION('',(0.446666601971,0.894700478754,3.649635036601E-09)
  );
#1312 = PCURVE('',#784,#1313);
#1313 = DEFINITIONAL_REPRESENTATION('',(#1314),#1322);
#1314 = ( BOUNDED_CURVE() B_SPLINE_CURVE(2,(#1315,#1316,#1317,#1318,
#1319,#1320,#1321),.UNSPECIFIED.,.T.,.F.) B_SPLINE_CURVE_WITH_KNOTS((1,2
    ,2,2,2,1),(-2.094395102393,0.,2.094395102393,4.188790204786,
6.28318530718,8.377580409573),.UNSPECIFIED.) CURVE() 
GEOMETRIC_REPRESENTATION_ITEM() RATIONAL_B_SPLINE_CURVE((1.,0.5,1.,0.5,
1.,0.5,1.)) REPRESENTATION_ITEM('') );
#1315 = CARTESIAN_POINT('',(-6.680667552991,18.757396558935));
#1316 = CARTESIAN_POINT('',(14.549766055604,8.158401852311));
#1317 = CARTESIAN_POINT('',(-5.244449419207,-4.928195632779));
#1318 = CARTESIAN_POINT('',(-25.03866489401,-18.01479311787));
#1319 = CARTESIAN_POINT('',(-26.4748830278,5.670799073844));
#1320 = CARTESIAN_POINT('',(-27.91110116158,29.356391265558));
#1321 = CARTESIAN_POINT('',(-6.680667552991,18.757396558935));
#1322 = ( GEOMETRIC_REPRESENTATION_CONTEXT(2) 
PARAMETRIC_REPRESENTATION_CONTEXT() REPRESENTATION_CONTEXT('2D SPACE',''
  ) );
#1323 = PCURVE('',#1023,#1324);
#1324 = DEFINITIONAL_REPRESENTATION('',(#1325),#1328);
#1325 = B_SPLINE_CURVE_WITH_KNOTS('',1,(#1326,#1327),.UNSPECIFIED.,.F.,
  .F.,(2,2),(0.,1.107760181717),.PIECEWISE_BEZIER_KNOTS.);
#1326 = CARTESIAN_POINT('',(7.390945488896,0.));
#1327 = CARTESIAN_POINT('',(6.28318530718,0.));
#1328 = ( GEOMETRIC_REPRESENTATION_CONTEXT(2) 
PARAMETRIC_REPRESENTATION_CONTEXT() REPRESENTATION_CONTEXT('2D SPACE',''
  ) );
#1329 = ADVANCED_FACE('',(#1330),#1273,.T.);
#1330 = FACE_BOUND('',#1331,.T.);
#1331 = EDGE_LOOP('',(#1332,#1592,#1593,#1624));
#1332 = ORIENTED_EDGE('',*,*,#1333,.F.);
#1333 = EDGE_CURVE('',#1254,#1334,#1336,.T.);
#1334 = VERTEX_POINT('',#1335);
#1335 = CARTESIAN_POINT('',(-12.15524750652,-6.31980683765,0.6));
#1336 = SURFACE_CURVE('',#1337,(#1436,#1538),.PCURVE_S1.);
#1337 = B_SPLINE_CURVE_WITH_KNOTS('',7,(#1338,#1339,#1340,#1341,#1342,
    #1343,#1344,#1345,#1346,#1347,#1348,#1349,#1350,#1351,#1352,#1353,
    #1354,#1355,#1356,#1357,#1358,#1359,#1360,#1361,#1362,#1363,#1364,
    #1365,#1366,#1367,#1368,#1369,#1370,#1371,#1372,#1373,#1374,#1375,
    #1376,#1377,#1378,#1379,#1380,#1381,#1382,#1383,#1384,#1385,#1386,
    #1387,#1388,#1389,#1390,#1391,#1392,#1393,#1394,#1395,#1396,#1397,
    #1398,#1399,#1400,#1401,#1402,#1403,#1404,#1405,#1406,#1407,#1408,
    #1409,#1410,#1411,#1412,#1413,#1414,#1415,#1416,#1417,#1418,#1419,
    #1420,#1421,#1422,#1423,#1424,#1425,#1426,#1427,#1428,#1429,#1430,
    #1431,#1432,#1433,#1434,#1435),.UNSPECIFIED.,.F.,.F.,(8,6,6,6,6,6,6,
    6,6,6,6,6,6,6,6,6,8),(0.,6.935750247471E-02,0.150978178106,
    0.227741138318,0.333012164008,0.369885363648,0.392881784743,
    0.446356424707,0.558672303972,0.635685023332,0.717509797626,
    0.791051622059,0.840345694177,0.87330366734,0.92020565328,
    0.983760931649,1.),.UNSPECIFIED.);
#1338 = CARTESIAN_POINT('',(6.119517342895,12.257304250528,0.1999977));
#1339 = CARTESIAN_POINT('',(5.49098096069,12.571104023539,0.208156307714
    ));
#1340 = CARTESIAN_POINT('',(4.843650070347,12.847312340368,
    0.216314735134));
#1341 = CARTESIAN_POINT('',(4.18025935808,13.084558269938,0.224472822323
    ));
#1342 = CARTESIAN_POINT('',(3.503626425638,13.281748234919,
    0.232630990213));
#1343 = CARTESIAN_POINT('',(2.816642745006,13.438039509734,
    0.240789782121));
#1344 = CARTESIAN_POINT('',(2.122272436477,13.552840627377,0.24894944853
    ));
#1345 = CARTESIAN_POINT('',(0.601305021225,13.711743628036,
    0.266712502384));
#1346 = CARTESIAN_POINT('',(-0.227050045681,13.7397651531,0.276317064716
    ));
#1347 = CARTESIAN_POINT('',(-1.056522538126,13.709369411808,
    0.28592230497));
#1348 = CARTESIAN_POINT('',(-1.882183926143,13.620588572429,
    0.295528267261));
#1349 = CARTESIAN_POINT('',(-2.699156792231,13.473947101919,
    0.305135206473));
#1350 = CARTESIAN_POINT('',(-3.502618513806,13.270461354499,
    0.314742861906));
#1351 = CARTESIAN_POINT('',(-5.026275619959,12.768363231676,
    0.333384964434));
#1352 = CARTESIAN_POINT('',(-5.748663250248,12.476105977955,
    0.34242049365));
#1353 = CARTESIAN_POINT('',(-6.451021416712,12.136234140765,
    0.35145528347));
#1354 = CARTESIAN_POINT('',(-7.129610391654,11.750426040582,
    0.360489167085));
#1355 = CARTESIAN_POINT('',(-7.780881880129,11.320699044051,
    0.369522411069));
#1356 = CARTESIAN_POINT('',(-8.401481146422,10.849408335171,
    0.378555146644));
#1357 = CARTESIAN_POINT('',(-9.792989590929,9.639725726338,
    0.399972446567));
#1358 = CARTESIAN_POINT('',(-10.53432473995,8.86696675229,0.412359042508
    ));
#1359 = CARTESIAN_POINT('',(-11.20402361725,8.028112996906,0.42474295335
    ));
#1360 = CARTESIAN_POINT('',(-11.79519494849,7.131207323289,
    0.437126037932));
#1361 = CARTESIAN_POINT('',(-12.30205589857,6.185023651376,
    0.449510852506));
#1362 = CARTESIAN_POINT('',(-12.71993220276,5.199065480699,
    0.461898969225));
#1363 = CARTESIAN_POINT('',(-13.15960987311,3.828075179174,
    0.478625230547));
#1364 = CARTESIAN_POINT('',(-13.26235418831,3.468802199969,
    0.482964326206));
#1365 = CARTESIAN_POINT('',(-13.35364844131,3.106334089481,
    0.487303584128));
#1366 = CARTESIAN_POINT('',(-13.43337484782,2.741108945116,
    0.491642991609));
#1367 = CARTESIAN_POINT('',(-13.50143677587,2.37356947884,0.495982535798
    ));
#1368 = CARTESIAN_POINT('',(-13.55775874752,2.004162972682,
    0.500322191265));
#1369 = CARTESIAN_POINT('',(-13.63005667999,1.402073730132,
    0.507368424598));
#1370 = CARTESIAN_POINT('',(-13.65323955337,1.170255295085,
    0.510074970908));
#1371 = CARTESIAN_POINT('',(-13.67182193658,0.937995265933,
    0.512781537659));
#1372 = CARTESIAN_POINT('',(-13.68579396896,0.705403187744,
    0.515488118008));
#1373 = CARTESIAN_POINT('',(-13.69514905515,0.472588811616,
    0.518194706505));
#1374 = CARTESIAN_POINT('',(-13.69988386701,0.239662092475,
    0.520901298495));
#1375 = CARTESIAN_POINT('',(-13.70026454731,-0.534907154121,
    0.529901650661));
#1376 = CARTESIAN_POINT('',(-13.67554753783,-1.076566106485,
    0.536195485382));
#1377 = CARTESIAN_POINT('',(-13.62584559587,-1.616849567096,
    0.542489236333));
#1378 = CARTESIAN_POINT('',(-13.55125572877,-2.154376712919,
    0.548782818132));
#1379 = CARTESIAN_POINT('',(-13.45196776954,-2.687779453632,
    0.555076192262));
#1380 = CARTESIAN_POINT('',(-13.32826435127,-3.215702688553,0.5613693054
    ));
#1381 = CARTESIAN_POINT('',(-12.87022494865,-4.831307465507,
    0.580878883178));
#1382 = CARTESIAN_POINT('',(-12.45381712897,-5.895997532858,
    0.594097236701));
#1383 = CARTESIAN_POINT('',(-11.93484357142,-6.918074198627,
    0.607311261916));
#1384 = CARTESIAN_POINT('',(-11.31871953246,-7.885862786281,
    0.620522952652));
#1385 = CARTESIAN_POINT('',(-10.61229510234,-8.788602995707,
    0.633735602415));
#1386 = CARTESIAN_POINT('',(-9.823856761892,-9.616447356085,
    0.646951741119));
#1387 = CARTESIAN_POINT('',(-8.3735801416,-10.87113804717,0.669227351006
    ));
#1388 = CARTESIAN_POINT('',(-7.749721622845,-11.34234406005,
    0.678289513382));
#1389 = CARTESIAN_POINT('',(-7.095101400244,-11.77163266364,
    0.687352186483));
#1390 = CARTESIAN_POINT('',(-6.413113738763,-12.15663487207,
    0.696415497899));
#1391 = CARTESIAN_POINT('',(-5.707347826767,-12.49532450287,
    0.705479714818));
#1392 = CARTESIAN_POINT('',(-4.981585564793,-12.78601939961,
    0.714544667324));
#1393 = CARTESIAN_POINT('',(-3.451716455483,-13.28392100522,
    0.73324020392));
#1394 = CARTESIAN_POINT('',(-2.645453346622,-13.48480685136,
    0.74287188141));
#1395 = CARTESIAN_POINT('',(-1.825834094483,-13.62851003909,
    0.752502817097));
#1396 = CARTESIAN_POINT('',(-0.997721730793,-13.71402593815,
    0.762132750345));
#1397 = CARTESIAN_POINT('',(-0.166032483161,-13.74084686687,
    0.771761946899));
#1398 = CARTESIAN_POINT('',(0.66426797868,-13.70896247355,0.781390462244
    ));
#1399 = CARTESIAN_POINT('',(2.228652267975,-13.53801995041,
    0.799669704145));
#1400 = CARTESIAN_POINT('',(2.964043075369,-13.41012930856,
    0.808321617111));
#1401 = CARTESIAN_POINT('',(3.690700376218,-13.23565239739,
    0.816972520064));
#1402 = CARTESIAN_POINT('',(4.405097645668,-13.01533239041,
    0.825622737939));
#1403 = CARTESIAN_POINT('',(5.103804606981,-12.75022727611,
    0.834272976337));
#1404 = CARTESIAN_POINT('',(5.783489011819,-12.44170923548,
    0.842923761333));
#1405 = CARTESIAN_POINT('',(6.88160373226,-11.85676287224,0.857373504759
    ));
#1406 = CARTESIAN_POINT('',(7.312300314315,-11.60328471819,0.86317252806
    ));
#1407 = CARTESIAN_POINT('',(7.732056922388,-11.33157968624,
    0.868971913285));
#1408 = CARTESIAN_POINT('',(8.139951804418,-11.04221841981,
    0.874771772534));
#1409 = CARTESIAN_POINT('',(8.535102336789,-10.73582699864,
    0.880572221556));
#1410 = CARTESIAN_POINT('',(8.91666515134,-10.41308689942,0.886373298846
    ));
#1411 = CARTESIAN_POINT('',(9.529330089876,-9.848518143137,
    0.896053826205));
#1412 = CARTESIAN_POINT('',(9.768391126957,-9.615319070954,
    0.899933022026));
#1413 = CARTESIAN_POINT('',(10.000782625566,-9.37536091189,0.90381245557
    ));
#1414 = CARTESIAN_POINT('',(10.226275876744,-9.128873225542,
    0.907692108435));
#1415 = CARTESIAN_POINT('',(10.444652358536,-8.876094940944,
    0.911571955561));
#1416 = CARTESIAN_POINT('',(10.655703758545,-8.617274343383,
    0.915451956601));
#1417 = CARTESIAN_POINT('',(11.148869909251,-7.976113343935,
    0.92485374482));
#1418 = CARTESIAN_POINT('',(11.423274884137,-7.587838854576,
    0.930375677189));
#1419 = CARTESIAN_POINT('',(11.68187442226,-7.188590742236,
    0.935897629998));
#1420 = CARTESIAN_POINT('',(11.924145244669,-6.779142980931,
    0.941419421317));
#1421 = CARTESIAN_POINT('',(12.149613206996,-6.360297946883,
    0.946940881035));
#1422 = CARTESIAN_POINT('',(12.357853214099,-5.932885995792,
    0.952461830205));
#1423 = CARTESIAN_POINT('',(12.806813356101,-4.908147502475,
    0.965462335654));
#1424 = CARTESIAN_POINT('',(13.032815700083,-4.304369208199,
    0.972941364029));
#1425 = CARTESIAN_POINT('',(13.225565789293,-3.688553454925,
    0.980418796125));
#1426 = CARTESIAN_POINT('',(13.384311632309,-3.062890367592,
    0.987894553049));
#1427 = CARTESIAN_POINT('',(13.508473818944,-2.429634582715,
    0.995368867726));
#1428 = CARTESIAN_POINT('',(13.59765625993,-1.79110699811,1.002842430074
    ));
#1429 = CARTESIAN_POINT('',(13.665475458845,-0.985814239076,
    1.012226377305));
#1430 = CARTESIAN_POINT('',(13.676981614573,-0.821740938456,
    1.014136149094));
#1431 = CARTESIAN_POINT('',(13.686188775891,-0.657520954636,
    1.016045970207));
#1432 = CARTESIAN_POINT('',(13.693094802491,-0.493195140145,
    1.017955859579));
#1433 = CARTESIAN_POINT('',(13.697698576002,-0.328804931652,
    1.019865836234));
#1434 = CARTESIAN_POINT('',(13.7,-0.164392349958,1.021775919282));
#1435 = CARTESIAN_POINT('',(13.7,-1.7763568394E-15,1.023686127919));
#1436 = PCURVE('',#1273,#1437);
#1437 = DEFINITIONAL_REPRESENTATION('',(#1438),#1537);
#1438 = B_SPLINE_CURVE_WITH_KNOTS('',7,(#1439,#1440,#1441,#1442,#1443,
    #1444,#1445,#1446,#1447,#1448,#1449,#1450,#1451,#1452,#1453,#1454,
    #1455,#1456,#1457,#1458,#1459,#1460,#1461,#1462,#1463,#1464,#1465,
    #1466,#1467,#1468,#1469,#1470,#1471,#1472,#1473,#1474,#1475,#1476,
    #1477,#1478,#1479,#1480,#1481,#1482,#1483,#1484,#1485,#1486,#1487,
    #1488,#1489,#1490,#1491,#1492,#1493,#1494,#1495,#1496,#1497,#1498,
    #1499,#1500,#1501,#1502,#1503,#1504,#1505,#1506,#1507,#1508,#1509,
    #1510,#1511,#1512,#1513,#1514,#1515,#1516,#1517,#1518,#1519,#1520,
    #1521,#1522,#1523,#1524,#1525,#1526,#1527,#1528,#1529,#1530,#1531,
    #1532,#1533,#1534,#1535,#1536),.UNSPECIFIED.,.F.,.F.,(8,6,6,6,6,6,6,
    6,6,6,6,6,6,6,6,6,8),(0.,6.935750247471E-02,0.150978178106,
    0.227741138318,0.333012164008,0.369885363648,0.392881784743,
    0.446356424707,0.558672303972,0.635685023332,0.717509797626,
    0.791051622059,0.840345694177,0.87330366734,0.92020565328,
    0.983760931649,1.),.UNSPECIFIED.);
#1439 = CARTESIAN_POINT('',(1.747217249608,0.176311572083));
#1440 = CARTESIAN_POINT('',(1.748330788219,0.184470179797));
#1441 = CARTESIAN_POINT('',(1.749392863572,0.192628607217));
#1442 = CARTESIAN_POINT('',(1.750272081218,0.200786694405));
#1443 = CARTESIAN_POINT('',(1.750898789449,0.208944862296));
#1444 = CARTESIAN_POINT('',(1.751266167109,0.217103654203));
#1445 = CARTESIAN_POINT('',(1.751414832349,0.225263320612));
#1446 = CARTESIAN_POINT('',(1.751384661729,0.243026374466));
#1447 = CARTESIAN_POINT('',(1.751143716321,0.252630936797));
#1448 = CARTESIAN_POINT('',(1.750769756185,0.262236177052));
#1449 = CARTESIAN_POINT('',(1.750394639208,0.271842139342));
#1450 = CARTESIAN_POINT('',(1.750121848752,0.281449078554));
#1451 = CARTESIAN_POINT('',(1.749994521276,0.291056733986));
#1452 = CARTESIAN_POINT('',(1.750005373682,0.309698836514));
#1453 = CARTESIAN_POINT('',(1.750128132055,0.31873436573));
#1454 = CARTESIAN_POINT('',(1.750359932054,0.32776915555));
#1455 = CARTESIAN_POINT('',(1.750646960164,0.336803039164));
#1456 = CARTESIAN_POINT('',(1.750907546489,0.345836283149));
#1457 = CARTESIAN_POINT('',(1.751061138586,0.354869018724));
#1458 = CARTESIAN_POINT('',(1.751079185659,0.376286318646));
#1459 = CARTESIAN_POINT('',(1.750814443707,0.388672914587));
#1460 = CARTESIAN_POINT('',(1.750171424804,0.40105682543));
#1461 = CARTESIAN_POINT('',(1.749171734996,0.413439910012));
#1462 = CARTESIAN_POINT('',(1.7481142115,0.425824724586));
#1463 = CARTESIAN_POINT('',(1.747530866086,0.438212841305));
#1464 = CARTESIAN_POINT('',(1.74754044215,0.454939102627));
#1465 = CARTESIAN_POINT('',(1.747615446151,0.459278198286));
#1466 = CARTESIAN_POINT('',(1.747767861083,0.463617456209));
#1467 = CARTESIAN_POINT('',(1.74799692997,0.467956863689));
#1468 = CARTESIAN_POINT('',(1.748292302249,0.472296407879));
#1469 = CARTESIAN_POINT('',(1.748630088186,0.476636063346));
#1470 = CARTESIAN_POINT('',(1.749180225705,0.483682296679));
#1471 = CARTESIAN_POINT('',(1.749391925123,0.48638884299));
#1472 = CARTESIAN_POINT('',(1.749593930668,0.489095409741));
#1473 = CARTESIAN_POINT('',(1.749773466519,0.49180199009));
#1474 = CARTESIAN_POINT('',(1.749914628445,0.494508578586));
#1475 = CARTESIAN_POINT('',(1.749997950342,0.497215170577));
#1476 = CARTESIAN_POINT('',(1.75000466896,0.506215522743));
#1477 = CARTESIAN_POINT('',(1.749564543302,0.512509357464));
#1478 = CARTESIAN_POINT('',(1.748976306577,0.518803108415));
#1479 = CARTESIAN_POINT('',(1.748419010028,0.525096690214));
#1480 = CARTESIAN_POINT('',(1.74798524869,0.531390064344));
#1481 = CARTESIAN_POINT('',(1.74770904059,0.537683177483));
#1482 = CARTESIAN_POINT('',(1.74734114975,0.557192755261));
#1483 = CARTESIAN_POINT('',(1.747786189365,0.570411108784));
#1484 = CARTESIAN_POINT('',(1.748926715807,0.583625133999));
#1485 = CARTESIAN_POINT('',(1.750065401223,0.596836824735));
#1486 = CARTESIAN_POINT('',(1.750795259493,0.610049474498));
#1487 = CARTESIAN_POINT('',(1.751087152514,0.623265613203));
#1488 = CARTESIAN_POINT('',(1.751055401769,0.64554122309));
#1489 = CARTESIAN_POINT('',(1.75089679317,0.654603385466));
#1490 = CARTESIAN_POINT('',(1.75063273986,0.663666058566));
#1491 = CARTESIAN_POINT('',(1.750345112423,0.672729369983));
#1492 = CARTESIAN_POINT('',(1.750116045138,0.681793586901));
#1493 = CARTESIAN_POINT('',(1.749998676057,0.690858539407));
#1494 = CARTESIAN_POINT('',(1.750001376478,0.709554076003));
#1495 = CARTESIAN_POINT('',(1.750136815107,0.719185753492));
#1496 = CARTESIAN_POINT('',(1.750417114513,0.72881668918));
#1497 = CARTESIAN_POINT('',(1.750796448821,0.738446622427));
#1498 = CARTESIAN_POINT('',(1.751168721477,0.74807581898));
#1499 = CARTESIAN_POINT('',(1.751400662484,0.757704334325));
#1500 = CARTESIAN_POINT('',(1.7514025459,0.775983576226));
#1501 = CARTESIAN_POINT('',(1.751216449107,0.784635489192));
#1502 = CARTESIAN_POINT('',(1.750777847727,0.793286392144));
#1503 = CARTESIAN_POINT('',(1.750041408254,0.801936610019));
#1504 = CARTESIAN_POINT('',(1.749026002864,0.810586848417));
#1505 = CARTESIAN_POINT('',(1.747833166193,0.819237633413));
#1506 = CARTESIAN_POINT('',(1.74584021369,0.833687376838));
#1507 = CARTESIAN_POINT('',(1.745040141034,0.83948640014));
#1508 = CARTESIAN_POINT('',(1.74429272,0.845285785364));
#1509 = CARTESIAN_POINT('',(1.743665081959,0.851085644614));
#1510 = CARTESIAN_POINT('',(1.743236411249,0.856886093636));
#1511 = CARTESIAN_POINT('',(1.743090345203,0.862687170925));
#1512 = CARTESIAN_POINT('',(1.743443346323,0.872367698285));
#1513 = CARTESIAN_POINT('',(1.743744691309,0.876246894105));
#1514 = CARTESIAN_POINT('',(1.744228216624,0.880126327649));
#1515 = CARTESIAN_POINT('',(1.744914772348,0.884005980514));
#1516 = CARTESIAN_POINT('',(1.745821538459,0.88788582764));
#1517 = CARTESIAN_POINT('',(1.74695978574,0.891765828681));
#1518 = CARTESIAN_POINT('',(1.750286319803,0.9011676169));
#1519 = CARTESIAN_POINT('',(1.75271514882,0.906689549269));
#1520 = CARTESIAN_POINT('',(1.75562740256,0.912211502077));
#1521 = CARTESIAN_POINT('',(1.758997745152,0.917733293396));
#1522 = CARTESIAN_POINT('',(1.762750032256,0.923254753115));
#1523 = CARTESIAN_POINT('',(1.766740117279,0.928775702285));
#1524 = CARTESIAN_POINT('',(1.776156942951,0.941776207735));
#1525 = CARTESIAN_POINT('',(1.781591038507,0.949255236109));
#1526 = CARTESIAN_POINT('',(1.786468574246,0.956732668206));
#1527 = CARTESIAN_POINT('',(1.789935475587,0.96420842513));
#1528 = CARTESIAN_POINT('',(1.790765562521,0.971682739807));
#1529 = CARTESIAN_POINT('',(1.787313284731,0.979156302155));
#1530 = CARTESIAN_POINT('',(1.775004642209,0.988540249387));
#1531 = CARTESIAN_POINT('',(1.772085091998,0.990450021176));
#1532 = CARTESIAN_POINT('',(1.768716420215,0.992359842288));
#1533 = CARTESIAN_POINT('',(1.764862388431,0.994269731661));
#1534 = CARTESIAN_POINT('',(1.760485041631,0.996179708316));
#1535 = CARTESIAN_POINT('',(1.755544708216,0.998089791363));
#1536 = CARTESIAN_POINT('',(1.75,1.));
#1537 = ( GEOMETRIC_REPRESENTATION_CONTEXT(2) 
PARAMETRIC_REPRESENTATION_CONTEXT() REPRESENTATION_CONTEXT('2D SPACE',''
  ) );
#1538 = PCURVE('',#1023,#1539);
#1539 = DEFINITIONAL_REPRESENTATION('',(#1540),#1591);
#1540 = B_SPLINE_CURVE_WITH_KNOTS('',7,(#1541,#1542,#1543,#1544,#1545,
    #1546,#1547,#1548,#1549,#1550,#1551,#1552,#1553,#1554,#1555,#1556,
    #1557,#1558,#1559,#1560,#1561,#1562,#1563,#1564,#1565,#1566,#1567,
    #1568,#1569,#1570,#1571,#1572,#1573,#1574,#1575,#1576,#1577,#1578,
    #1579,#1580,#1581,#1582,#1583,#1584,#1585,#1586,#1587,#1588,#1589,
    #1590),.UNSPECIFIED.,.F.,.F.,(8,6,6,6,6,6,6,6,8),(2.914669907608E-06
    ,6.935750247471E-02,0.150978178106,0.227741138318,0.333012164008,
    0.369885363648,0.392881784743,0.446356424707,0.485616141891),
  .UNSPECIFIED.);
#1541 = CARTESIAN_POINT('',(7.390945488854,9.999325732512E-08));
#1542 = CARTESIAN_POINT('',(7.442221851193,8.158364805953E-03));
#1543 = CARTESIAN_POINT('',(7.493499949182,1.631644930562E-02));
#1544 = CARTESIAN_POINT('',(7.544776800408,2.447419367354E-02));
#1545 = CARTESIAN_POINT('',(7.59605286609,3.263201880517E-02));
#1546 = CARTESIAN_POINT('',(7.647329751693,4.079046792218E-02));
#1547 = CARTESIAN_POINT('',(7.698607906927,4.894979144978E-02));
#1548 = CARTESIAN_POINT('',(7.810229516918,6.671250238402E-02));
#1549 = CARTESIAN_POINT('',(7.870578576481,7.631706471561E-02));
#1550 = CARTESIAN_POINT('',(7.930924797948,8.592230497049E-02));
#1551 = CARTESIAN_POINT('',(7.991269211051,9.552826726073E-02));
#1552 = CARTESIAN_POINT('',(8.051615426861,0.105135206473));
#1553 = CARTESIAN_POINT('',(8.111964480474,0.114742861906));
#1554 = CARTESIAN_POINT('',(8.229063371867,0.133384964434));
#1555 = CARTESIAN_POINT('',(8.285819935417,0.14242049365));
#1556 = CARTESIAN_POINT('',(8.342574410292,0.15145528347));
#1557 = CARTESIAN_POINT('',(8.39932755247,0.160489167085));
#1558 = CARTESIAN_POINT('',(8.456082026609,0.169522411069));
#1559 = CARTESIAN_POINT('',(8.512838598936,0.178555146644));
#1560 = CARTESIAN_POINT('',(8.647423121007,0.199972446567));
#1561 = CARTESIAN_POINT('',(8.725267703944,0.212359042508));
#1562 = CARTESIAN_POINT('',(8.803101314385,0.22474295335));
#1563 = CARTESIAN_POINT('',(8.880930487729,0.237126037932));
#1564 = CARTESIAN_POINT('',(8.958764077005,0.249510852506));
#1565 = CARTESIAN_POINT('',(9.036608655875,0.261898969225));
#1566 = CARTESIAN_POINT('',(9.14170118443,0.278625230547));
#1567 = CARTESIAN_POINT('',(9.168962991877,0.282964326206));
#1568 = CARTESIAN_POINT('',(9.196224743844,0.287303584128));
#1569 = CARTESIAN_POINT('',(9.223486457646,0.291642991609));
#1570 = CARTESIAN_POINT('',(9.250748201177,0.295982535798));
#1571 = CARTESIAN_POINT('',(9.278009995322,0.300322191265));
#1572 = CARTESIAN_POINT('',(9.322273821494,0.307368424598));
#1573 = CARTESIAN_POINT('',(9.339275932956,0.310074970908));
#1574 = CARTESIAN_POINT('',(9.356278040194,0.312781537659));
#1575 = CARTESIAN_POINT('',(9.373280146,0.315488118008));
#1576 = CARTESIAN_POINT('',(9.390282257194,0.318194706505));
#1577 = CARTESIAN_POINT('',(9.407284375304,0.320901298495));
#1578 = CARTESIAN_POINT('',(9.463822283344,0.329901650661));
#1579 = CARTESIAN_POINT('',(9.50335853948,0.336195485382));
#1580 = CARTESIAN_POINT('',(9.542894444446,0.342489236333));
#1581 = CARTESIAN_POINT('',(9.582430129574,0.348782818132));
#1582 = CARTESIAN_POINT('',(9.621966039968,0.355076192262));
#1583 = CARTESIAN_POINT('',(9.661502304604,0.3613693054));
#1584 = CARTESIAN_POINT('',(9.730064282138,0.37228192068));
#1585 = CARTESIAN_POINT('',(9.759092776824,0.37690202873));
#1586 = CARTESIAN_POINT('',(9.788122126563,0.381522068078));
#1587 = CARTESIAN_POINT('',(9.817151522221,0.386141907648));
#1588 = CARTESIAN_POINT('',(9.846180590216,0.390761498728));
#1589 = CARTESIAN_POINT('',(9.875209243326,0.395380849198));
#1590 = CARTESIAN_POINT('',(9.904237552253,0.4));
#1591 = ( GEOMETRIC_REPRESENTATION_CONTEXT(2) 
PARAMETRIC_REPRESENTATION_CONTEXT() REPRESENTATION_CONTEXT('2D SPACE',''
  ) );
#1592 = ORIENTED_EDGE('',*,*,#1253,.F.);
#1593 = ORIENTED_EDGE('',*,*,#1594,.T.);
#1594 = EDGE_CURVE('',#1187,#1595,#1597,.T.);
#1595 = VERTEX_POINT('',#1596);
#1596 = CARTESIAN_POINT('',(-12.1998775753,-6.343011083788,0.6));
#1597 = SURFACE_CURVE('',#1598,(#1610,#1617),.PCURVE_S1.);
#1598 = ( BOUNDED_CURVE() B_SPLINE_CURVE(6,(#1599,#1600,#1601,#1602,
    #1603,#1604,#1605,#1606,#1607,#1608,#1609),.UNSPECIFIED.,.F.,.F.) 
B_SPLINE_CURVE_WITH_KNOTS((7,4,7),(0.,0.5,1.),.UNSPECIFIED.) CURVE() 
GEOMETRIC_REPRESENTATION_ITEM() RATIONAL_B_SPLINE_CURVE((1.,1.,1.,1.,1.,
1.,1.,1.,1.,1.,1.)) REPRESENTATION_ITEM('') );
#1599 = CARTESIAN_POINT('',(13.75,1.7763568394E-15,2.368612791856E-02));
#1600 = CARTESIAN_POINT('',(13.701445579737,7.197831642732,
    0.107019461252));
#1601 = CARTESIAN_POINT('',(9.369136897326,14.395663285458,
    0.190352794576));
#1602 = CARTESIAN_POINT('',(-8.16321190679E-02,18.087075014382,
    0.273686127922));
#1603 = CARTESIAN_POINT('',(-9.244513885317,14.39566328546,
    0.357019461256));
#1604 = CARTESIAN_POINT('',(-18.25548611468,5.06771514457E-13,
    0.523686127919));
#1605 = CARTESIAN_POINT('',(-9.244513885318,-14.39566328546,
    0.690352794581));
#1606 = CARTESIAN_POINT('',(-8.163211906721E-02,-18.08707501438,
    0.773686127915));
#1607 = CARTESIAN_POINT('',(9.369136897325,-14.39566328546,
    0.857019461261));
#1608 = CARTESIAN_POINT('',(13.701445579738,-7.197831642731,
    0.940352794585));
#1609 = CARTESIAN_POINT('',(13.75,7.004474440531E-15,1.023686127919));
#1610 = PCURVE('',#1273,#1611);
#1611 = DEFINITIONAL_REPRESENTATION('',(#1612),#1616);
#1612 = LINE('',#1613,#1614);
#1613 = CARTESIAN_POINT('',(2.,0.));
#1614 = VECTOR('',#1615,1.);
#1615 = DIRECTION('',(0.,1.));
#1616 = ( GEOMETRIC_REPRESENTATION_CONTEXT(2) 
PARAMETRIC_REPRESENTATION_CONTEXT() REPRESENTATION_CONTEXT('2D SPACE',''
  ) );
#1617 = PCURVE('',#1216,#1618);
#1618 = DEFINITIONAL_REPRESENTATION('',(#1619),#1623);
#1619 = LINE('',#1620,#1621);
#1620 = CARTESIAN_POINT('',(2.,0.));
#1621 = VECTOR('',#1622,1.);
#1622 = DIRECTION('',(0.,1.));
#1623 = ( GEOMETRIC_REPRESENTATION_CONTEXT(2) 
PARAMETRIC_REPRESENTATION_CONTEXT() REPRESENTATION_CONTEXT('2D SPACE',''
  ) );
#1624 = ORIENTED_EDGE('',*,*,#1625,.T.);
#1625 = EDGE_CURVE('',#1595,#1334,#1626,.T.);
#1626 = SURFACE_CURVE('',#1627,(#1633,#1642),.PCURVE_S1.);
#1627 = B_SPLINE_CURVE_WITH_KNOTS('',4,(#1628,#1629,#1630,#1631,#1632),
  .UNSPECIFIED.,.F.,.F.,(5,5),(0.,1.),.PIECEWISE_BEZIER_KNOTS.);
#1628 = CARTESIAN_POINT('',(-12.1998775753,-6.343011083788,0.6));
#1629 = CARTESIAN_POINT('',(-12.18848021655,-6.337085321629,0.6));
#1630 = CARTESIAN_POINT('',(-12.1770828578,-6.331159559469,0.6));
#1631 = CARTESIAN_POINT('',(-12.16568549904,-6.32523379731,0.6));
#1632 = CARTESIAN_POINT('',(-12.15428814029,-6.31930803515,0.6));
#1633 = PCURVE('',#1273,#1634);
#1634 = DEFINITIONAL_REPRESENTATION('',(#1635),#1641);
#1635 = B_SPLINE_CURVE_WITH_KNOTS('',4,(#1636,#1637,#1638,#1639,#1640),
  .UNSPECIFIED.,.F.,.F.,(5,5),(0.,1.),.PIECEWISE_BEZIER_KNOTS.);
#1636 = CARTESIAN_POINT('',(2.,0.576313872083));
#1637 = CARTESIAN_POINT('',(1.935772436301,0.576313872083));
#1638 = CARTESIAN_POINT('',(1.871544872601,0.576313872083));
#1639 = CARTESIAN_POINT('',(1.807317308902,0.576313872083));
#1640 = CARTESIAN_POINT('',(1.743089745203,0.576313872083));
#1641 = ( GEOMETRIC_REPRESENTATION_CONTEXT(2) 
PARAMETRIC_REPRESENTATION_CONTEXT() REPRESENTATION_CONTEXT('2D SPACE',''
  ) );
#1642 = PCURVE('',#1643,#1648);
#1643 = PLANE('',#1644);
#1644 = AXIS2_PLACEMENT_3D('',#1645,#1646,#1647);
#1645 = CARTESIAN_POINT('',(0.,0.,0.6));
#1646 = DIRECTION('',(0.,0.,1.));
#1647 = DIRECTION('',(1.,0.,-0.));
#1648 = DEFINITIONAL_REPRESENTATION('',(#1649),#1655);
#1649 = B_SPLINE_CURVE_WITH_KNOTS('',4,(#1650,#1651,#1652,#1653,#1654),
  .UNSPECIFIED.,.F.,.F.,(5,5),(0.,1.),.PIECEWISE_BEZIER_KNOTS.);
#1650 = CARTESIAN_POINT('',(-12.1998775753,-6.343011083788));
#1651 = CARTESIAN_POINT('',(-12.18848021655,-6.337085321629));
#1652 = CARTESIAN_POINT('',(-12.1770828578,-6.331159559469));
#1653 = CARTESIAN_POINT('',(-12.16568549904,-6.32523379731));
#1654 = CARTESIAN_POINT('',(-12.15428814029,-6.31930803515));
#1655 = ( GEOMETRIC_REPRESENTATION_CONTEXT(2) 
PARAMETRIC_REPRESENTATION_CONTEXT() REPRESENTATION_CONTEXT('2D SPACE',''
  ) );
#1656 = ADVANCED_FACE('',(#1657,#2165),#1643,.T.);
#1657 = FACE_BOUND('',#1658,.T.);
#1658 = EDGE_LOOP('',(#1659,#1713,#1734,#1735,#1803,#1894,#1927,#2018,
    #2076));
#1659 = ORIENTED_EDGE('',*,*,#1660,.F.);
#1660 = EDGE_CURVE('',#1661,#1663,#1665,.T.);
#1661 = VERTEX_POINT('',#1662);
#1662 = CARTESIAN_POINT('',(2.254189665751,13.513276025366,0.6));
#1663 = VERTEX_POINT('',#1664);
#1664 = CARTESIAN_POINT('',(2.262373390794,13.562335355198,0.6));
#1665 = SURFACE_CURVE('',#1666,(#1672,#1681),.PCURVE_S1.);
#1666 = B_SPLINE_CURVE_WITH_KNOTS('',4,(#1667,#1668,#1669,#1670,#1671),
  .UNSPECIFIED.,.F.,.F.,(5,5),(0.,1.),.PIECEWISE_BEZIER_KNOTS.);
#1667 = CARTESIAN_POINT('',(2.253908875158,13.511592802924,0.6));
#1668 = CARTESIAN_POINT('',(2.256025004067,13.524278440992,0.6));
#1669 = CARTESIAN_POINT('',(2.258141132976,13.536964079061,0.6));
#1670 = CARTESIAN_POINT('',(2.260257261885,13.549649717129,0.6));
#1671 = CARTESIAN_POINT('',(2.262373390794,13.562335355198,0.6));
#1672 = PCURVE('',#1643,#1673);
#1673 = DEFINITIONAL_REPRESENTATION('',(#1674),#1680);
#1674 = B_SPLINE_CURVE_WITH_KNOTS('',4,(#1675,#1676,#1677,#1678,#1679),
  .UNSPECIFIED.,.F.,.F.,(5,5),(0.,1.),.PIECEWISE_BEZIER_KNOTS.);
#1675 = CARTESIAN_POINT('',(2.253908875158,13.511592802924));
#1676 = CARTESIAN_POINT('',(2.256025004067,13.524278440992));
#1677 = CARTESIAN_POINT('',(2.258141132976,13.536964079061));
#1678 = CARTESIAN_POINT('',(2.260257261885,13.549649717129));
#1679 = CARTESIAN_POINT('',(2.262373390794,13.562335355198));
#1680 = ( GEOMETRIC_REPRESENTATION_CONTEXT(2) 
PARAMETRIC_REPRESENTATION_CONTEXT() REPRESENTATION_CONTEXT('2D SPACE',''
  ) );
#1681 = PCURVE('',#1682,#1705);
#1682 = ( BOUNDED_SURFACE() B_SPLINE_SURFACE(1,6,(
    (#1683,#1684,#1685,#1686,#1687,#1688,#1689,#1690,#1691,#1692,#1693)
    ,(#1694,#1695,#1696,#1697,#1698,#1699,#1700,#1701,#1702,#1703,#1704
)),.UNSPECIFIED.,.F.,.F.,.F.) B_SPLINE_SURFACE_WITH_KNOTS((2,2),(7,4,7),
(5.,6.),(0.,0.5,1.),.UNSPECIFIED.) GEOMETRIC_REPRESENTATION_ITEM() 
RATIONAL_B_SPLINE_SURFACE((
    (1.,1.,1.,1.,1.,1.,1.,1.,1.,1.,1.)
,(1.,1.,1.,1.,1.,1.,1.,1.,1.,1.,1.
  ))) REPRESENTATION_ITEM('') SURFACE() );
#1683 = CARTESIAN_POINT('',(13.749999999988,9.013227006196E-15,
    0.376314072081));
#1684 = CARTESIAN_POINT('',(13.701445579726,7.197831642732,
    0.459647405417));
#1685 = CARTESIAN_POINT('',(9.369136897315,14.395663285456,
    0.542980738895));
#1686 = CARTESIAN_POINT('',(-8.163211907779E-02,18.087075014376,
    0.626314072578));
#1687 = CARTESIAN_POINT('',(-9.244513885323,14.395663285451,
    0.709647406238));
#1688 = CARTESIAN_POINT('',(-18.25548611467,-1.234089265889E-11,
    0.876314073222));
#1689 = CARTESIAN_POINT('',(-9.2445138853,-14.39566328547,1.042980739564
    ));
#1690 = CARTESIAN_POINT('',(-8.163211904475E-02,-18.08707501438,
    1.126314072571));
#1691 = CARTESIAN_POINT('',(9.369136897349,-14.39566328546,1.20964740558
    ));
#1692 = CARTESIAN_POINT('',(13.701445579762,-7.197831642731,
    1.29298073875));
#1693 = CARTESIAN_POINT('',(13.750000000024,8.035477216074E-15,
    1.376314072081));
#1694 = CARTESIAN_POINT('',(13.549999999988,-9.962179894056E-14,
    0.376314072089));
#1695 = CARTESIAN_POINT('',(13.502151825788,7.093135909731,
    0.459647405424));
#1696 = CARTESIAN_POINT('',(9.232858542566,14.186271819457,0.5429807389)
  );
#1697 = CARTESIAN_POINT('',(-8.04447428853E-02,17.823990286945,
    0.626314072578));
#1698 = CARTESIAN_POINT('',(-9.110048228801,14.186271819451,
    0.709647406233));
#1699 = CARTESIAN_POINT('',(-17.98995177119,-1.216424647386E-11,
    0.876314073213));
#1700 = CARTESIAN_POINT('',(-9.110048228778,-14.18627181947,
    1.042980739559));
#1701 = CARTESIAN_POINT('',(-8.044474285251E-02,-17.82399028695,
    1.126314072571));
#1702 = CARTESIAN_POINT('',(9.232858542601,-14.18627181946,
    1.209647405585));
#1703 = CARTESIAN_POINT('',(13.502151825824,-7.093135909731,
    1.292980738757));
#1704 = CARTESIAN_POINT('',(13.550000000024,-9.839932770773E-14,
    1.376314072089));
#1705 = DEFINITIONAL_REPRESENTATION('',(#1706),#1712);
#1706 = B_SPLINE_CURVE_WITH_KNOTS('',4,(#1707,#1708,#1709,#1710,#1711),
  .UNSPECIFIED.,.F.,.F.,(5,5),(0.,1.),.PIECEWISE_BEZIER_KNOTS.);
#1707 = CARTESIAN_POINT('',(5.257223433662,0.223685927509));
#1708 = CARTESIAN_POINT('',(5.192917575246,0.223685927509));
#1709 = CARTESIAN_POINT('',(5.128611716831,0.22368592751));
#1710 = CARTESIAN_POINT('',(5.064305858415,0.22368592751));
#1711 = CARTESIAN_POINT('',(5.,0.22368592751));
#1712 = ( GEOMETRIC_REPRESENTATION_CONTEXT(2) 
PARAMETRIC_REPRESENTATION_CONTEXT() REPRESENTATION_CONTEXT('2D SPACE',''
  ) );
#1713 = ORIENTED_EDGE('',*,*,#1714,.T.);
#1714 = EDGE_CURVE('',#1661,#1334,#1715,.T.);
#1715 = SURFACE_CURVE('',#1716,(#1721,#1728),.PCURVE_S1.);
#1716 = CIRCLE('',#1717,13.7);
#1717 = AXIS2_PLACEMENT_3D('',#1718,#1719,#1720);
#1718 = CARTESIAN_POINT('',(0.,0.,0.6));
#1719 = DIRECTION('',(0.,0.,1.));
#1720 = DIRECTION('',(1.,0.,-0.));
#1721 = PCURVE('',#1643,#1722);
#1722 = DEFINITIONAL_REPRESENTATION('',(#1723),#1727);
#1723 = CIRCLE('',#1724,13.7);
#1724 = AXIS2_PLACEMENT_2D('',#1725,#1726);
#1725 = CARTESIAN_POINT('',(0.,0.));
#1726 = DIRECTION('',(1.,0.));
#1727 = ( GEOMETRIC_REPRESENTATION_CONTEXT(2) 
PARAMETRIC_REPRESENTATION_CONTEXT() REPRESENTATION_CONTEXT('2D SPACE',''
  ) );
#1728 = PCURVE('',#1023,#1729);
#1729 = DEFINITIONAL_REPRESENTATION('',(#1730),#1733);
#1730 = B_SPLINE_CURVE_WITH_KNOTS('',1,(#1731,#1732),.UNSPECIFIED.,.F.,
  .F.,(2,2),(1.405505306627,3.621052245234),.PIECEWISE_BEZIER_KNOTS.);
#1731 = CARTESIAN_POINT('',(7.688690613807,0.4));
#1732 = CARTESIAN_POINT('',(9.904237552413,0.4));
#1733 = ( GEOMETRIC_REPRESENTATION_CONTEXT(2) 
PARAMETRIC_REPRESENTATION_CONTEXT() REPRESENTATION_CONTEXT('2D SPACE',''
  ) );
#1734 = ORIENTED_EDGE('',*,*,#1625,.F.);
#1735 = ORIENTED_EDGE('',*,*,#1736,.F.);
#1736 = EDGE_CURVE('',#1737,#1595,#1739,.T.);
#1737 = VERTEX_POINT('',#1738);
#1738 = CARTESIAN_POINT('',(-2.354098576105,-14.10482877546,0.6));
#1739 = SURFACE_CURVE('',#1740,(#1759,#1781),.PCURVE_S1.);
#1740 = B_SPLINE_CURVE_WITH_KNOTS('',5,(#1741,#1742,#1743,#1744,#1745,
    #1746,#1747,#1748,#1749,#1750,#1751,#1752,#1753,#1754,#1755,#1756,
    #1757,#1758),.UNSPECIFIED.,.F.,.F.,(6,4,4,4,6),(0.,0.269730406367,
    0.535749753074,0.768439178351,1.),.UNSPECIFIED.);
#1741 = CARTESIAN_POINT('',(-2.354098576105,-14.10482877546,0.6));
#1742 = CARTESIAN_POINT('',(-3.040427685804,-13.96081121987,0.6));
#1743 = CARTESIAN_POINT('',(-3.717916045662,-13.77467137276,0.6));
#1744 = CARTESIAN_POINT('',(-4.383061975164,-13.54698959978,0.6));
#1745 = CARTESIAN_POINT('',(-5.032451754538,-13.27877473638,0.6));
#1746 = CARTESIAN_POINT('',(-6.284419884336,-12.66842436305,0.6));
#1747 = CARTESIAN_POINT('',(-6.88753309052,-12.32734996113,0.6));
#1748 = CARTESIAN_POINT('',(-7.468934052159,-11.94966340848,0.6));
#1749 = CARTESIAN_POINT('',(-8.025631703648,-11.53714655306,0.6));
#1750 = CARTESIAN_POINT('',(-9.017727700021,-10.70256969184,0.6));
#1751 = CARTESIAN_POINT('',(-9.459591904311,-10.28817519879,0.6));
#1752 = CARTESIAN_POINT('',(-9.878557866871,-9.850237530606,0.6));
#1753 = CARTESIAN_POINT('',(-10.27291409574,-9.39040160635,0.6));
#1754 = CARTESIAN_POINT('',(-11.00752471049,-8.432947742185,0.6));
#1755 = CARTESIAN_POINT('',(-11.34803661104,-7.935518111014,0.6));
#1756 = CARTESIAN_POINT('',(-11.66112287913,-7.420040267321,0.6));
#1757 = CARTESIAN_POINT('',(-11.9454464038,-6.888490302314,0.6));
#1758 = CARTESIAN_POINT('',(-12.1998775753,-6.343011083788,0.6));
#1759 = PCURVE('',#1643,#1760);
#1760 = DEFINITIONAL_REPRESENTATION('',(#1761),#1780);
#1761 = B_SPLINE_CURVE_WITH_KNOTS('',5,(#1762,#1763,#1764,#1765,#1766,
    #1767,#1768,#1769,#1770,#1771,#1772,#1773,#1774,#1775,#1776,#1777,
    #1778,#1779),.UNSPECIFIED.,.F.,.F.,(6,4,4,4,6),(0.,0.269730406367,
    0.535749753074,0.768439178351,1.),.UNSPECIFIED.);
#1762 = CARTESIAN_POINT('',(-2.354098576105,-14.10482877546));
#1763 = CARTESIAN_POINT('',(-3.040427685804,-13.96081121987));
#1764 = CARTESIAN_POINT('',(-3.717916045662,-13.77467137276));
#1765 = CARTESIAN_POINT('',(-4.383061975164,-13.54698959978));
#1766 = CARTESIAN_POINT('',(-5.032451754538,-13.27877473638));
#1767 = CARTESIAN_POINT('',(-6.284419884336,-12.66842436305));
#1768 = CARTESIAN_POINT('',(-6.88753309052,-12.32734996113));
#1769 = CARTESIAN_POINT('',(-7.468934052159,-11.94966340848));
#1770 = CARTESIAN_POINT('',(-8.025631703648,-11.53714655306));
#1771 = CARTESIAN_POINT('',(-9.017727700021,-10.70256969184));
#1772 = CARTESIAN_POINT('',(-9.459591904311,-10.28817519879));
#1773 = CARTESIAN_POINT('',(-9.878557866871,-9.850237530606));
#1774 = CARTESIAN_POINT('',(-10.27291409574,-9.39040160635));
#1775 = CARTESIAN_POINT('',(-11.00752471049,-8.432947742185));
#1776 = CARTESIAN_POINT('',(-11.34803661104,-7.935518111014));
#1777 = CARTESIAN_POINT('',(-11.66112287913,-7.420040267321));
#1778 = CARTESIAN_POINT('',(-11.9454464038,-6.888490302314));
#1779 = CARTESIAN_POINT('',(-12.1998775753,-6.343011083788));
#1780 = ( GEOMETRIC_REPRESENTATION_CONTEXT(2) 
PARAMETRIC_REPRESENTATION_CONTEXT() REPRESENTATION_CONTEXT('2D SPACE',''
  ) );
#1781 = PCURVE('',#1216,#1782);
#1782 = DEFINITIONAL_REPRESENTATION('',(#1783),#1802);
#1783 = B_SPLINE_CURVE_WITH_KNOTS('',5,(#1784,#1785,#1786,#1787,#1788,
    #1789,#1790,#1791,#1792,#1793,#1794,#1795,#1796,#1797,#1798,#1799,
    #1800,#1801),.UNSPECIFIED.,.F.,.F.,(6,4,4,4,6),(0.,0.269730406367,
    0.535749753074,0.768439178351,1.),.UNSPECIFIED.);
#1784 = CARTESIAN_POINT('',(3.,0.723685927919));
#1785 = CARTESIAN_POINT('',(2.947071949202,0.715885812262));
#1786 = CARTESIAN_POINT('',(2.89400711408,0.708065538417));
#1787 = CARTESIAN_POINT('',(2.840807474165,0.700225398114));
#1788 = CARTESIAN_POINT('',(2.78747119706,0.692365121306));
#1789 = CARTESIAN_POINT('',(2.681264481224,0.67671321925));
#1790 = CARTESIAN_POINT('',(2.628396561593,0.668921965246));
#1791 = CARTESIAN_POINT('',(2.57539790373,0.66111144408));
#1792 = CARTESIAN_POINT('',(2.52226573046,0.653281246474));
#1793 = CARTESIAN_POINT('',(2.422408004489,0.638565008107));
#1794 = CARTESIAN_POINT('',(2.375713112884,0.631683485934));
#1795 = CARTESIAN_POINT('',(2.328915054512,0.624786759863));
#1796 = CARTESIAN_POINT('',(2.282011097152,0.61787442724));
#1797 = CARTESIAN_POINT('',(2.188216918774,0.604051786346));
#1798 = CARTESIAN_POINT('',(2.141327167572,0.597141547314));
#1799 = CARTESIAN_POINT('',(2.094329627811,0.59021542326));
#1800 = CARTESIAN_POINT('',(2.047220963813,0.583272922599));
#1801 = CARTESIAN_POINT('',(2.,0.576313872083));
#1802 = ( GEOMETRIC_REPRESENTATION_CONTEXT(2) 
PARAMETRIC_REPRESENTATION_CONTEXT() REPRESENTATION_CONTEXT('2D SPACE',''
  ) );
#1803 = ORIENTED_EDGE('',*,*,#1804,.F.);
#1804 = EDGE_CURVE('',#1805,#1737,#1807,.T.);
#1805 = VERTEX_POINT('',#1806);
#1806 = CARTESIAN_POINT('',(7.550449059649,-12.14534149366,0.6));
#1807 = SURFACE_CURVE('',#1808,(#1827,#1849),.PCURVE_S1.);
#1808 = B_SPLINE_CURVE_WITH_KNOTS('',5,(#1809,#1810,#1811,#1812,#1813,
    #1814,#1815,#1816,#1817,#1818,#1819,#1820,#1821,#1822,#1823,#1824,
    #1825,#1826),.UNSPECIFIED.,.F.,.F.,(6,4,4,4,6),(0.,0.118820787943,
    0.408590746623,0.74415519982,1.),.UNSPECIFIED.);
#1809 = CARTESIAN_POINT('',(7.550494863925,-12.14531303703,0.6));
#1810 = CARTESIAN_POINT('',(7.342205061796,-12.27471687961,0.6));
#1811 = CARTESIAN_POINT('',(7.13113962624,-12.39965311244,0.6));
#1812 = CARTESIAN_POINT('',(6.917427372551,-12.52004385157,0.6));
#1813 = CARTESIAN_POINT('',(6.701199982317,-12.63581670568,0.6));
#1814 = CARTESIAN_POINT('',(5.949469591871,-13.01781684555,0.6));
#1815 = CARTESIAN_POINT('',(5.402186108461,-13.26086826589,0.6));
#1816 = CARTESIAN_POINT('',(4.842699433161,-13.47508576549,0.6));
#1817 = CARTESIAN_POINT('',(4.273042639786,-13.65970047523,0.6));
#1818 = CARTESIAN_POINT('',(3.026304192532,-13.99300385744,0.6));
#1819 = CARTESIAN_POINT('',(2.346462675128,-14.13140663868,0.6));
#1820 = CARTESIAN_POINT('',(1.659079716763,-14.22848037876,0.6));
#1821 = CARTESIAN_POINT('',(0.967495770212,-14.28373851099,0.6));
#1822 = CARTESIAN_POINT('',(-0.252786802404,-14.30728655094,0.6));
#1823 = CARTESIAN_POINT('',(-0.781155447607,-14.29311910934,0.6));
#1824 = CARTESIAN_POINT('',(-1.308492228379,-14.25456130644,0.6));
#1825 = CARTESIAN_POINT('',(-1.8333020444,-14.19171677567,0.6));
#1826 = CARTESIAN_POINT('',(-2.354098576105,-14.10482877546,0.6));
#1827 = PCURVE('',#1643,#1828);
#1828 = DEFINITIONAL_REPRESENTATION('',(#1829),#1848);
#1829 = B_SPLINE_CURVE_WITH_KNOTS('',5,(#1830,#1831,#1832,#1833,#1834,
    #1835,#1836,#1837,#1838,#1839,#1840,#1841,#1842,#1843,#1844,#1845,
    #1846,#1847),.UNSPECIFIED.,.F.,.F.,(6,4,4,4,6),(0.,0.118820787943,
    0.408590746623,0.74415519982,1.),.UNSPECIFIED.);
#1830 = CARTESIAN_POINT('',(7.550494863925,-12.14531303703));
#1831 = CARTESIAN_POINT('',(7.342205061796,-12.27471687961));
#1832 = CARTESIAN_POINT('',(7.13113962624,-12.39965311244));
#1833 = CARTESIAN_POINT('',(6.917427372551,-12.52004385157));
#1834 = CARTESIAN_POINT('',(6.701199982317,-12.63581670568));
#1835 = CARTESIAN_POINT('',(5.949469591871,-13.01781684555));
#1836 = CARTESIAN_POINT('',(5.402186108461,-13.26086826589));
#1837 = CARTESIAN_POINT('',(4.842699433161,-13.47508576549));
#1838 = CARTESIAN_POINT('',(4.273042639786,-13.65970047523));
#1839 = CARTESIAN_POINT('',(3.026304192532,-13.99300385744));
#1840 = CARTESIAN_POINT('',(2.346462675128,-14.13140663868));
#1841 = CARTESIAN_POINT('',(1.659079716763,-14.22848037876));
#1842 = CARTESIAN_POINT('',(0.967495770212,-14.28373851099));
#1843 = CARTESIAN_POINT('',(-0.252786802404,-14.30728655094));
#1844 = CARTESIAN_POINT('',(-0.781155447607,-14.29311910934));
#1845 = CARTESIAN_POINT('',(-1.308492228379,-14.25456130644));
#1846 = CARTESIAN_POINT('',(-1.8333020444,-14.19171677567));
#1847 = CARTESIAN_POINT('',(-2.354098576105,-14.10482877546));
#1848 = ( GEOMETRIC_REPRESENTATION_CONTEXT(2) 
PARAMETRIC_REPRESENTATION_CONTEXT() REPRESENTATION_CONTEXT('2D SPACE',''
  ) );
#1849 = PCURVE('',#1850,#1873);
#1850 = ( BOUNDED_SURFACE() B_SPLINE_SURFACE(1,6,(
    (#1851,#1852,#1853,#1854,#1855,#1856,#1857,#1858,#1859,#1860,#1861)
    ,(#1862,#1863,#1864,#1865,#1866,#1867,#1868,#1869,#1870,#1871,#1872
)),.UNSPECIFIED.,.F.,.F.,.F.) B_SPLINE_SURFACE_WITH_KNOTS((2,2),(7,4,7),
(3.,4.),(0.,0.5,1.),.UNSPECIFIED.) GEOMETRIC_REPRESENTATION_ITEM() 
RATIONAL_B_SPLINE_SURFACE((
    (1.,1.,1.,1.,1.,1.,1.,1.,1.,1.,1.)
,(1.,1.,1.,1.,1.,1.,1.,1.,1.,1.,1.
  ))) REPRESENTATION_ITEM('') SURFACE() );
#1851 = CARTESIAN_POINT('',(14.3,7.967026135827E-14,-0.123685927919));
#1852 = CARTESIAN_POINT('',(14.249503403065,7.485744908481,
    -4.035259458501E-02));
#1853 = CARTESIAN_POINT('',(9.743902372885,14.971489816958,
    4.298073873904E-02));
#1854 = CARTESIAN_POINT('',(-8.489740359846E-02,18.810558014815,
    0.126314072085));
#1855 = CARTESIAN_POINT('',(-9.614294440751,14.97148981696,
    0.209647405418));
#1856 = CARTESIAN_POINT('',(-18.98570555925,2.459951696351E-13,
    0.376314072081));
#1857 = CARTESIAN_POINT('',(-9.614294440751,-14.97148981696,
    0.542980738744));
#1858 = CARTESIAN_POINT('',(-8.489740359769E-02,-18.81055801481,
    0.626314072078));
#1859 = CARTESIAN_POINT('',(9.743902372885,-14.97148981696,
    0.709647405424));
#1860 = CARTESIAN_POINT('',(14.249503403065,-7.485744908481,
    0.792980738748));
#1861 = CARTESIAN_POINT('',(14.3,7.88477711463E-14,0.876314072081));
#1862 = CARTESIAN_POINT('',(14.3,7.967026135827E-14,-0.476313872081));
#1863 = CARTESIAN_POINT('',(14.249503403065,7.485744908481,
    -0.392980538748));
#1864 = CARTESIAN_POINT('',(9.743902372885,14.971489816958,
    -0.309647205424));
#1865 = CARTESIAN_POINT('',(-8.489740359846E-02,18.810558014815,
    -0.226313872078));
#1866 = CARTESIAN_POINT('',(-9.614294440751,14.97148981696,
    -0.142980538744));
#1867 = CARTESIAN_POINT('',(-18.98570555925,2.459951696351E-13,
    2.368612791852E-02));
#1868 = CARTESIAN_POINT('',(-9.614294440751,-14.97148981696,
    0.190352794582));
#1869 = CARTESIAN_POINT('',(-8.489740359769E-02,-18.81055801481,
    0.273686127915));
#1870 = CARTESIAN_POINT('',(9.743902372885,-14.97148981696,
    0.357019461261));
#1871 = CARTESIAN_POINT('',(14.249503403065,-7.485744908481,
    0.440352794585));
#1872 = CARTESIAN_POINT('',(14.3,7.88477711463E-14,0.523686127919));
#1873 = DEFINITIONAL_REPRESENTATION('',(#1874),#1893);
#1874 = B_SPLINE_CURVE_WITH_KNOTS('',5,(#1875,#1876,#1877,#1878,#1879,
    #1880,#1881,#1882,#1883,#1884,#1885,#1886,#1887,#1888,#1889,#1890,
    #1891,#1892),.UNSPECIFIED.,.F.,.F.,(6,4,4,4,6),(0.,0.118820787943,
    0.408590746623,0.74415519982,1.),.UNSPECIFIED.);
#1875 = CARTESIAN_POINT('',(3.325626354673,0.83851087993));
#1876 = CARTESIAN_POINT('',(3.317888919656,0.835782444127));
#1877 = CARTESIAN_POINT('',(3.310151717654,0.833054090492));
#1878 = CARTESIAN_POINT('',(3.302414710759,0.830325805656));
#1879 = CARTESIAN_POINT('',(3.294677859129,0.827597575572));
#1880 = CARTESIAN_POINT('',(3.268073426782,0.818216109288));
#1881 = CARTESIAN_POINT('',(3.249206384901,0.811563063097));
#1882 = CARTESIAN_POINT('',(3.230339371847,0.804910027071));
#1883 = CARTESIAN_POINT('',(3.211471865647,0.798256817149));
#1884 = CARTESIAN_POINT('',(3.170753109816,0.783898245991));
#1885 = CARTESIAN_POINT('',(3.148901306234,0.776192689418));
#1886 = CARTESIAN_POINT('',(3.127048015961,0.768486608597));
#1887 = CARTESIAN_POINT('',(3.105192200606,0.76077963736));
#1888 = CARTESIAN_POINT('',(3.066669733059,0.747195538825));
#1889 = CARTESIAN_POINT('',(3.050003671315,0.741318619735));
#1890 = CARTESIAN_POINT('',(3.033336547922,0.735441326278));
#1891 = CARTESIAN_POINT('',(3.016668560695,0.729563728209));
#1892 = CARTESIAN_POINT('',(3.,0.723685927919));
#1893 = ( GEOMETRIC_REPRESENTATION_CONTEXT(2) 
PARAMETRIC_REPRESENTATION_CONTEXT() REPRESENTATION_CONTEXT('2D SPACE',''
  ) );
#1894 = ORIENTED_EDGE('',*,*,#1895,.F.);
#1895 = EDGE_CURVE('',#1896,#1805,#1898,.T.);
#1896 = VERTEX_POINT('',#1897);
#1897 = CARTESIAN_POINT('',(10.699907955177,-9.48844406374,0.6));
#1898 = SURFACE_CURVE('',#1899,(#1904,#1915),.PCURVE_S1.);
#1899 = CIRCLE('',#1900,14.301);
#1900 = AXIS2_PLACEMENT_3D('',#1901,#1902,#1903);
#1901 = CARTESIAN_POINT('',(0.,0.,0.6));
#1902 = DIRECTION('',(0.,-0.,-1.));
#1903 = DIRECTION('',(1.,0.,-0.));
#1904 = PCURVE('',#1643,#1905);
#1905 = DEFINITIONAL_REPRESENTATION('',(#1906),#1914);
#1906 = ( BOUNDED_CURVE() B_SPLINE_CURVE(2,(#1907,#1908,#1909,#1910,
#1911,#1912,#1913),.UNSPECIFIED.,.T.,.F.) B_SPLINE_CURVE_WITH_KNOTS((1,2
    ,2,2,2,1),(-2.094395102393,0.,2.094395102393,4.188790204786,
6.28318530718,8.377580409573),.UNSPECIFIED.) CURVE() 
GEOMETRIC_REPRESENTATION_ITEM() RATIONAL_B_SPLINE_CURVE((1.,0.5,1.,0.5,
1.,0.5,1.)) REPRESENTATION_ITEM('') );
#1907 = CARTESIAN_POINT('',(14.301,0.));
#1908 = CARTESIAN_POINT('',(14.301,-24.77005859904));
#1909 = CARTESIAN_POINT('',(-7.1505,-12.38502929952));
#1910 = CARTESIAN_POINT('',(-28.602,-3.502734774921E-15));
#1911 = CARTESIAN_POINT('',(-7.1505,12.385029299521));
#1912 = CARTESIAN_POINT('',(14.301,24.770058599043));
#1913 = CARTESIAN_POINT('',(14.301,0.));
#1914 = ( GEOMETRIC_REPRESENTATION_CONTEXT(2) 
PARAMETRIC_REPRESENTATION_CONTEXT() REPRESENTATION_CONTEXT('2D SPACE',''
  ) );
#1915 = PCURVE('',#1916,#1921);
#1916 = CYLINDRICAL_SURFACE('',#1917,14.301);
#1917 = AXIS2_PLACEMENT_3D('',#1918,#1919,#1920);
#1918 = CARTESIAN_POINT('',(0.,0.,0.2000001));
#1919 = DIRECTION('',(-0.,-0.,-1.));
#1920 = DIRECTION('',(1.,0.,-0.));
#1921 = DEFINITIONAL_REPRESENTATION('',(#1922),#1926);
#1922 = LINE('',#1923,#1924);
#1923 = CARTESIAN_POINT('',(-6.28318530718,-0.3999999));
#1924 = VECTOR('',#1925,1.);
#1925 = DIRECTION('',(1.,-0.));
#1926 = ( GEOMETRIC_REPRESENTATION_CONTEXT(2) 
PARAMETRIC_REPRESENTATION_CONTEXT() REPRESENTATION_CONTEXT('2D SPACE',''
  ) );
#1927 = ORIENTED_EDGE('',*,*,#1928,.T.);
#1928 = EDGE_CURVE('',#1896,#1929,#1931,.T.);
#1929 = VERTEX_POINT('',#1930);
#1930 = CARTESIAN_POINT('',(14.3,7.88477711463E-14,0.6));
#1931 = SURFACE_CURVE('',#1932,(#1951,#1973),.PCURVE_S1.);
#1932 = B_SPLINE_CURVE_WITH_KNOTS('',5,(#1933,#1934,#1935,#1936,#1937,
    #1938,#1939,#1940,#1941,#1942,#1943,#1944,#1945,#1946,#1947,#1948,
    #1949,#1950),.UNSPECIFIED.,.F.,.F.,(6,4,4,4,6),(0.,0.125987995188,
    0.455901618433,0.78492386365,1.),.UNSPECIFIED.);
#1933 = CARTESIAN_POINT('',(10.699872219039,-9.488484402095,0.6));
#1934 = CARTESIAN_POINT('',(10.873165631311,-9.292874447218,0.6));
#1935 = CARTESIAN_POINT('',(11.041970635862,-9.093288054732,0.6));
#1936 = CARTESIAN_POINT('',(11.206164080914,-8.889861550892,0.6));
#1937 = CARTESIAN_POINT('',(11.365629956223,-8.682737175455,0.6));
#1938 = CARTESIAN_POINT('',(11.92517382716,-7.920389459958,0.6));
#1939 = CARTESIAN_POINT('',(12.29693202334,-7.344363462129,0.6));
#1940 = CARTESIAN_POINT('',(12.633562275078,-6.746673437458,0.6));
#1941 = CARTESIAN_POINT('',(12.933499243353,-6.130208642483,0.6));
#1942 = CARTESIAN_POINT('',(13.457068202094,-4.867664020196,0.6));
#1943 = CARTESIAN_POINT('',(13.680915276194,-4.22164191587,0.6));
#1944 = CARTESIAN_POINT('',(13.866080760675,-3.563114603944,0.6));
#1945 = CARTESIAN_POINT('',(14.012002695847,-2.895219740209,0.6));
#1946 = CARTESIAN_POINT('',(14.188384775217,-1.780488803411,0.6));
#1947 = CARTESIAN_POINT('',(14.241331789226,-1.337191467666,0.6));
#1948 = CARTESIAN_POINT('',(14.277500170425,-0.892116193445,0.6));
#1949 = CARTESIAN_POINT('',(14.29699065843,-0.446112504598,0.6));
#1950 = CARTESIAN_POINT('',(14.3,6.927791673661E-14,0.6));
#1951 = PCURVE('',#1643,#1952);
#1952 = DEFINITIONAL_REPRESENTATION('',(#1953),#1972);
#1953 = B_SPLINE_CURVE_WITH_KNOTS('',5,(#1954,#1955,#1956,#1957,#1958,
    #1959,#1960,#1961,#1962,#1963,#1964,#1965,#1966,#1967,#1968,#1969,
    #1970,#1971),.UNSPECIFIED.,.F.,.F.,(6,4,4,4,6),(0.,0.125987995188,
    0.455901618433,0.78492386365,1.),.UNSPECIFIED.);
#1954 = CARTESIAN_POINT('',(10.699872219039,-9.488484402095));
#1955 = CARTESIAN_POINT('',(10.873165631311,-9.292874447218));
#1956 = CARTESIAN_POINT('',(11.041970635862,-9.093288054732));
#1957 = CARTESIAN_POINT('',(11.206164080914,-8.889861550892));
#1958 = CARTESIAN_POINT('',(11.365629956223,-8.682737175455));
#1959 = CARTESIAN_POINT('',(11.92517382716,-7.920389459958));
#1960 = CARTESIAN_POINT('',(12.29693202334,-7.344363462129));
#1961 = CARTESIAN_POINT('',(12.633562275078,-6.746673437458));
#1962 = CARTESIAN_POINT('',(12.933499243353,-6.130208642483));
#1963 = CARTESIAN_POINT('',(13.457068202094,-4.867664020196));
#1964 = CARTESIAN_POINT('',(13.680915276194,-4.22164191587));
#1965 = CARTESIAN_POINT('',(13.866080760675,-3.563114603944));
#1966 = CARTESIAN_POINT('',(14.012002695847,-2.895219740209));
#1967 = CARTESIAN_POINT('',(14.188384775217,-1.780488803411));
#1968 = CARTESIAN_POINT('',(14.241331789226,-1.337191467666));
#1969 = CARTESIAN_POINT('',(14.277500170425,-0.892116193445));
#1970 = CARTESIAN_POINT('',(14.29699065843,-0.446112504598));
#1971 = CARTESIAN_POINT('',(14.3,6.927791673661E-14));
#1972 = ( GEOMETRIC_REPRESENTATION_CONTEXT(2) 
PARAMETRIC_REPRESENTATION_CONTEXT() REPRESENTATION_CONTEXT('2D SPACE',''
  ) );
#1973 = PCURVE('',#1974,#1997);
#1974 = ( BOUNDED_SURFACE() B_SPLINE_SURFACE(1,6,(
    (#1975,#1976,#1977,#1978,#1979,#1980,#1981,#1982,#1983,#1984,#1985)
    ,(#1986,#1987,#1988,#1989,#1990,#1991,#1992,#1993,#1994,#1995,#1996
)),.UNSPECIFIED.,.F.,.F.,.F.) B_SPLINE_SURFACE_WITH_KNOTS((2,2),(7,4,7),
(3.,4.),(0.,0.5,1.),.UNSPECIFIED.) GEOMETRIC_REPRESENTATION_ITEM() 
RATIONAL_B_SPLINE_SURFACE((
    (1.,1.,1.,1.,1.,1.,1.,1.,1.,1.,1.)
,(1.,1.,1.,1.,1.,1.,1.,1.,1.,1.,1.
  ))) REPRESENTATION_ITEM('') SURFACE() );
#1975 = CARTESIAN_POINT('',(14.3,7.967026135827E-14,-0.123685927919));
#1976 = CARTESIAN_POINT('',(14.249503403065,7.485744908481,
    -4.035259458501E-02));
#1977 = CARTESIAN_POINT('',(9.743902372885,14.971489816958,
    4.298073873904E-02));
#1978 = CARTESIAN_POINT('',(-8.489740359846E-02,18.810558014815,
    0.126314072085));
#1979 = CARTESIAN_POINT('',(-9.614294440751,14.97148981696,
    0.209647405418));
#1980 = CARTESIAN_POINT('',(-18.98570555925,2.459951696351E-13,
    0.376314072081));
#1981 = CARTESIAN_POINT('',(-9.614294440751,-14.97148981696,
    0.542980738744));
#1982 = CARTESIAN_POINT('',(-8.489740359769E-02,-18.81055801481,
    0.626314072078));
#1983 = CARTESIAN_POINT('',(9.743902372885,-14.97148981696,
    0.709647405424));
#1984 = CARTESIAN_POINT('',(14.249503403065,-7.485744908481,
    0.792980738748));
#1985 = CARTESIAN_POINT('',(14.3,7.88477711463E-14,0.876314072081));
#1986 = CARTESIAN_POINT('',(14.3,7.967026135827E-14,-0.476313872081));
#1987 = CARTESIAN_POINT('',(14.249503403065,7.485744908481,
    -0.392980538748));
#1988 = CARTESIAN_POINT('',(9.743902372885,14.971489816958,
    -0.309647205424));
#1989 = CARTESIAN_POINT('',(-8.489740359846E-02,18.810558014815,
    -0.226313872078));
#1990 = CARTESIAN_POINT('',(-9.614294440751,14.97148981696,
    -0.142980538744));
#1991 = CARTESIAN_POINT('',(-18.98570555925,2.459951696351E-13,
    2.368612791852E-02));
#1992 = CARTESIAN_POINT('',(-9.614294440751,-14.97148981696,
    0.190352794582));
#1993 = CARTESIAN_POINT('',(-8.489740359769E-02,-18.81055801481,
    0.273686127915));
#1994 = CARTESIAN_POINT('',(9.743902372885,-14.97148981696,
    0.357019461261));
#1995 = CARTESIAN_POINT('',(14.249503403065,-7.485744908481,
    0.440352794585));
#1996 = CARTESIAN_POINT('',(14.3,7.88477711463E-14,0.523686127919));
#1997 = DEFINITIONAL_REPRESENTATION('',(#1998),#2017);
#1998 = B_SPLINE_CURVE_WITH_KNOTS('',5,(#1999,#2000,#2001,#2002,#2003,
    #2004,#2005,#2006,#2007,#2008,#2009,#2010,#2011,#2012,#2013,#2014,
    #2015,#2016),.UNSPECIFIED.,.F.,.F.,(6,4,4,4,6),(0.,0.125987995188,
    0.455901618433,0.78492386365,1.),.UNSPECIFIED.);
#1999 = CARTESIAN_POINT('',(3.456132689693,0.884531060549));
#2000 = CARTESIAN_POINT('',(3.464383718202,0.887440603769));
#2001 = CARTESIAN_POINT('',(3.472635167838,0.89035029549));
#2002 = CARTESIAN_POINT('',(3.480887013351,0.893260126809));
#2003 = CARTESIAN_POINT('',(3.489139214912,0.896170083681));
#2004 = CARTESIAN_POINT('',(3.519001818574,0.906700472217));
#2005 = CARTESIAN_POINT('',(3.540614420025,0.914321679435));
#2006 = CARTESIAN_POINT('',(3.56222737282,0.921943010547));
#2007 = CARTESIAN_POINT('',(3.583840456929,0.929564387963));
#2008 = CARTESIAN_POINT('',(3.627003310891,0.94478481642));
#2009 = CARTESIAN_POINT('',(3.648554006402,0.952384193874));
#2010 = CARTESIAN_POINT('',(3.670100264898,0.959982006712));
#2011 = CARTESIAN_POINT('',(3.691643017676,0.967578583336));
#2012 = CARTESIAN_POINT('',(3.727263289476,0.980139286552));
#2013 = CARTESIAN_POINT('',(3.741342699878,0.985104080097));
#2014 = CARTESIAN_POINT('',(3.755421678206,0.990068721281));
#2015 = CARTESIAN_POINT('',(3.769501770151,0.995033755157));
#2016 = CARTESIAN_POINT('',(3.783585296218,1.));
#2017 = ( GEOMETRIC_REPRESENTATION_CONTEXT(2) 
PARAMETRIC_REPRESENTATION_CONTEXT() REPRESENTATION_CONTEXT('2D SPACE',''
  ) );
#2018 = ORIENTED_EDGE('',*,*,#2019,.T.);
#2019 = EDGE_CURVE('',#1929,#2020,#2022,.T.);
#2020 = VERTEX_POINT('',#2021);
#2021 = CARTESIAN_POINT('',(12.684409396336,6.596731524122,0.6));
#2022 = SURFACE_CURVE('',#2023,(#2031,#2042),.PCURVE_S1.);
#2023 = B_SPLINE_CURVE_WITH_KNOTS('',6,(#2024,#2025,#2026,#2027,#2028,
    #2029,#2030),.UNSPECIFIED.,.F.,.F.,(7,7),(0.,1.),
  .PIECEWISE_BEZIER_KNOTS.);
#2024 = CARTESIAN_POINT('',(14.299999999996,3.04377606897E-13,0.6));
#2025 = CARTESIAN_POINT('',(14.292293772902,1.142390848763,0.6));
#2026 = CARTESIAN_POINT('',(14.180832967815,2.284473277608,0.6));
#2027 = CARTESIAN_POINT('',(13.962633887536,3.413582020745,0.6));
#2028 = CARTESIAN_POINT('',(13.638062325381,4.517115438657,0.6));
#2029 = CARTESIAN_POINT('',(13.209918583624,5.58234764117,0.6));
#2030 = CARTESIAN_POINT('',(12.684409396336,6.596731524122,0.6));
#2031 = PCURVE('',#1643,#2032);
#2032 = DEFINITIONAL_REPRESENTATION('',(#2033),#2041);
#2033 = B_SPLINE_CURVE_WITH_KNOTS('',6,(#2034,#2035,#2036,#2037,#2038,
    #2039,#2040),.UNSPECIFIED.,.F.,.F.,(7,7),(0.,1.),
  .PIECEWISE_BEZIER_KNOTS.);
#2034 = CARTESIAN_POINT('',(14.299999999996,3.04377606897E-13));
#2035 = CARTESIAN_POINT('',(14.292293772902,1.142390848763));
#2036 = CARTESIAN_POINT('',(14.180832967815,2.284473277608));
#2037 = CARTESIAN_POINT('',(13.962633887536,3.413582020745));
#2038 = CARTESIAN_POINT('',(13.638062325381,4.517115438657));
#2039 = CARTESIAN_POINT('',(13.209918583624,5.58234764117));
#2040 = CARTESIAN_POINT('',(12.684409396336,6.596731524122));
#2041 = ( GEOMETRIC_REPRESENTATION_CONTEXT(2) 
PARAMETRIC_REPRESENTATION_CONTEXT() REPRESENTATION_CONTEXT('2D SPACE',''
  ) );
#2042 = PCURVE('',#2043,#2066);
#2043 = ( BOUNDED_SURFACE() B_SPLINE_SURFACE(1,6,(
    (#2044,#2045,#2046,#2047,#2048,#2049,#2050,#2051,#2052,#2053,#2054)
    ,(#2055,#2056,#2057,#2058,#2059,#2060,#2061,#2062,#2063,#2064,#2065
)),.UNSPECIFIED.,.F.,.F.,.F.) B_SPLINE_SURFACE_WITH_KNOTS((2,2),(7,4,7),
(3.,4.),(0.,0.5,1.),.UNSPECIFIED.) GEOMETRIC_REPRESENTATION_ITEM() 
RATIONAL_B_SPLINE_SURFACE((
    (1.,1.,1.,1.,1.,1.,1.,1.,1.,1.,1.)
,(1.,1.,1.,1.,1.,1.,1.,1.,1.,1.,1.
  ))) REPRESENTATION_ITEM('') SURFACE() );
#2044 = CARTESIAN_POINT('',(14.300000000006,3.046566146641E-13,
    0.876314072062));
#2045 = CARTESIAN_POINT('',(14.249503403071,7.485744908481,
    0.959647405397));
#2046 = CARTESIAN_POINT('',(9.743902372892,14.971489816957,
    1.042980738882));
#2047 = CARTESIAN_POINT('',(-8.489740359082E-02,18.81055801481,
    1.126314072578));
#2048 = CARTESIAN_POINT('',(-9.614294440739,14.97148981695,
    1.209647406251));
#2049 = CARTESIAN_POINT('',(-18.98570555922,-1.289799144495E-11,
    1.376314073248));
#2050 = CARTESIAN_POINT('',(-9.614294440715,-14.97148981697,
    1.542980739577));
#2051 = CARTESIAN_POINT('',(-8.489740355713E-02,-18.81055801482,
    1.626314072571));
#2052 = CARTESIAN_POINT('',(9.743902372927,-14.97148981696,
    1.709647405566));
#2053 = CARTESIAN_POINT('',(14.249503403107,-7.48574490848,1.79298073873
    ));
#2054 = CARTESIAN_POINT('',(14.300000000042,2.976282570609E-13,
    1.876314072062));
#2055 = CARTESIAN_POINT('',(14.299999999994,3.068449769241E-13,
    0.523686127899));
#2056 = CARTESIAN_POINT('',(14.249503403059,7.485744908481,
    0.607019461234));
#2057 = CARTESIAN_POINT('',(9.743902372879,14.971489816957,
    0.690352794719));
#2058 = CARTESIAN_POINT('',(-8.489740360339E-02,18.81055801481,
    0.773686128415));
#2059 = CARTESIAN_POINT('',(-9.614294440751,14.97148981695,
    0.857019462088));
#2060 = CARTESIAN_POINT('',(-18.98570555923,-1.289580308269E-11,
    1.023686129085));
#2061 = CARTESIAN_POINT('',(-9.614294440728,-14.97148981697,
    1.190352795414));
#2062 = CARTESIAN_POINT('',(-8.48974035697E-02,-18.81055801482,
    1.273686128408));
#2063 = CARTESIAN_POINT('',(9.743902372914,-14.97148981696,
    1.357019461404));
#2064 = CARTESIAN_POINT('',(14.249503403095,-7.48574490848,
    1.440352794567));
#2065 = CARTESIAN_POINT('',(14.300000000029,2.998166193208E-13,
    1.523686127899));
#2066 = DEFINITIONAL_REPRESENTATION('',(#2067),#2075);
#2067 = B_SPLINE_CURVE_WITH_KNOTS('',6,(#2068,#2069,#2070,#2071,#2072,
    #2073,#2074),.UNSPECIFIED.,.F.,.F.,(7,7),(0.,1.),
  .PIECEWISE_BEZIER_KNOTS.);
#2068 = CARTESIAN_POINT('',(3.783585296162,0.));
#2069 = CARTESIAN_POINT('',(3.819649946067,1.271740335274E-02));
#2070 = CARTESIAN_POINT('',(3.855704765875,2.543134033494E-02));
#2071 = CARTESIAN_POINT('',(3.891759727269,3.814532724084E-02));
#2072 = CARTESIAN_POINT('',(3.927829466991,5.086452539422E-02));
#2073 = CARTESIAN_POINT('',(3.963919775604,6.359097670942E-02));
#2074 = CARTESIAN_POINT('',(4.,7.63138720448E-02));
#2075 = ( GEOMETRIC_REPRESENTATION_CONTEXT(2) 
PARAMETRIC_REPRESENTATION_CONTEXT() REPRESENTATION_CONTEXT('2D SPACE',''
  ) );
#2076 = ORIENTED_EDGE('',*,*,#2077,.F.);
#2077 = EDGE_CURVE('',#1663,#2020,#2078,.T.);
#2078 = SURFACE_CURVE('',#2079,(#2098,#2120),.PCURVE_S1.);
#2079 = B_SPLINE_CURVE_WITH_KNOTS('',5,(#2080,#2081,#2082,#2083,#2084,
    #2085,#2086,#2087,#2088,#2089,#2090,#2091,#2092,#2093,#2094,#2095,
    #2096,#2097),.UNSPECIFIED.,.F.,.F.,(6,4,4,4,6),(0.,0.248419682241,
    0.498306026368,0.748516674634,1.),.UNSPECIFIED.);
#2080 = CARTESIAN_POINT('',(2.262373390794,13.562335355198,0.6));
#2081 = CARTESIAN_POINT('',(2.903282878968,13.483702319727,0.6));
#2082 = CARTESIAN_POINT('',(3.539591125494,13.367443622286,0.6));
#2083 = CARTESIAN_POINT('',(4.168356270552,13.214056804313,0.6));
#2084 = CARTESIAN_POINT('',(4.78675719433,13.024363177995,0.6));
#2085 = CARTESIAN_POINT('',(6.000997392935,12.573270620149,0.6));
#2086 = CARTESIAN_POINT('',(6.596691019913,12.311451534807,0.6));
#2087 = CARTESIAN_POINT('',(7.176421457003,12.015163110097,0.6));
#2088 = CARTESIAN_POINT('',(7.737617036429,11.685825804426,0.6));
#2089 = CARTESIAN_POINT('',(8.818853097056,10.963972811776,0.6));
#2090 = CARTESIAN_POINT('',(9.338848247454,10.571369601232,0.6));
#2091 = CARTESIAN_POINT('',(9.835466359895,10.149027837283,0.6));
#2092 = CARTESIAN_POINT('',(10.306540419116,9.698888381671,0.6));
#2093 = CARTESIAN_POINT('',(11.196027138232,8.744973130283,0.6));
#2094 = CARTESIAN_POINT('',(11.614169935039,8.240925159565,0.6));
#2095 = CARTESIAN_POINT('',(12.002636579166,7.713226895244,0.6));
#2096 = CARTESIAN_POINT('',(12.359805606544,7.16429187587,0.6));
#2097 = CARTESIAN_POINT('',(12.684409396336,6.596731524122,0.6));
#2098 = PCURVE('',#1643,#2099);
#2099 = DEFINITIONAL_REPRESENTATION('',(#2100),#2119);
#2100 = B_SPLINE_CURVE_WITH_KNOTS('',5,(#2101,#2102,#2103,#2104,#2105,
    #2106,#2107,#2108,#2109,#2110,#2111,#2112,#2113,#2114,#2115,#2116,
    #2117,#2118),.UNSPECIFIED.,.F.,.F.,(6,4,4,4,6),(0.,0.248419682241,
    0.498306026368,0.748516674634,1.),.UNSPECIFIED.);
#2101 = CARTESIAN_POINT('',(2.262373390794,13.562335355198));
#2102 = CARTESIAN_POINT('',(2.903282878968,13.483702319727));
#2103 = CARTESIAN_POINT('',(3.539591125494,13.367443622286));
#2104 = CARTESIAN_POINT('',(4.168356270552,13.214056804313));
#2105 = CARTESIAN_POINT('',(4.78675719433,13.024363177995));
#2106 = CARTESIAN_POINT('',(6.000997392935,12.573270620149));
#2107 = CARTESIAN_POINT('',(6.596691019913,12.311451534807));
#2108 = CARTESIAN_POINT('',(7.176421457003,12.015163110097));
#2109 = CARTESIAN_POINT('',(7.737617036429,11.685825804426));
#2110 = CARTESIAN_POINT('',(8.818853097056,10.963972811776));
#2111 = CARTESIAN_POINT('',(9.338848247454,10.571369601232));
#2112 = CARTESIAN_POINT('',(9.835466359895,10.149027837283));
#2113 = CARTESIAN_POINT('',(10.306540419116,9.698888381671));
#2114 = CARTESIAN_POINT('',(11.196027138232,8.744973130283));
#2115 = CARTESIAN_POINT('',(11.614169935039,8.240925159565));
#2116 = CARTESIAN_POINT('',(12.002636579166,7.713226895244));
#2117 = CARTESIAN_POINT('',(12.359805606544,7.16429187587));
#2118 = CARTESIAN_POINT('',(12.684409396336,6.596731524122));
#2119 = ( GEOMETRIC_REPRESENTATION_CONTEXT(2) 
PARAMETRIC_REPRESENTATION_CONTEXT() REPRESENTATION_CONTEXT('2D SPACE',''
  ) );
#2120 = PCURVE('',#2121,#2144);
#2121 = ( BOUNDED_SURFACE() B_SPLINE_SURFACE(1,6,(
    (#2122,#2123,#2124,#2125,#2126,#2127,#2128,#2129,#2130,#2131,#2132)
    ,(#2133,#2134,#2135,#2136,#2137,#2138,#2139,#2140,#2141,#2142,#2143
)),.UNSPECIFIED.,.F.,.F.,.F.) B_SPLINE_SURFACE_WITH_KNOTS((2,2),(7,4,7),
(4.,5.),(0.,0.5,1.),.UNSPECIFIED.) GEOMETRIC_REPRESENTATION_ITEM() 
RATIONAL_B_SPLINE_SURFACE((
    (1.,1.,1.,1.,1.,1.,1.,1.,1.,1.,1.)
,(1.,1.,1.,1.,1.,1.,1.,1.,1.,1.,1.
  ))) REPRESENTATION_ITEM('') SURFACE() );
#2122 = CARTESIAN_POINT('',(14.299999999994,3.068449769241E-13,
    0.523686127899));
#2123 = CARTESIAN_POINT('',(14.249503403059,7.485744908481,
    0.607019461234));
#2124 = CARTESIAN_POINT('',(9.743902372879,14.971489816957,
    0.690352794719));
#2125 = CARTESIAN_POINT('',(-8.489740360339E-02,18.81055801481,
    0.773686128415));
#2126 = CARTESIAN_POINT('',(-9.614294440751,14.97148981695,
    0.857019462088));
#2127 = CARTESIAN_POINT('',(-18.98570555923,-1.289580308269E-11,
    1.023686129085));
#2128 = CARTESIAN_POINT('',(-9.614294440728,-14.97148981697,
    1.190352795414));
#2129 = CARTESIAN_POINT('',(-8.48974035697E-02,-18.81055801482,
    1.273686128408));
#2130 = CARTESIAN_POINT('',(9.743902372914,-14.97148981696,
    1.357019461404));
#2131 = CARTESIAN_POINT('',(14.249503403095,-7.48574490848,
    1.440352794567));
#2132 = CARTESIAN_POINT('',(14.300000000029,2.998166193208E-13,
    1.523686127899));
#2133 = CARTESIAN_POINT('',(13.749999999988,9.013227006196E-15,
    0.376314072081));
#2134 = CARTESIAN_POINT('',(13.701445579726,7.197831642732,
    0.459647405417));
#2135 = CARTESIAN_POINT('',(9.369136897315,14.395663285456,
    0.542980738895));
#2136 = CARTESIAN_POINT('',(-8.163211907779E-02,18.087075014376,
    0.626314072578));
#2137 = CARTESIAN_POINT('',(-9.244513885323,14.395663285451,
    0.709647406238));
#2138 = CARTESIAN_POINT('',(-18.25548611467,-1.234089265889E-11,
    0.876314073222));
#2139 = CARTESIAN_POINT('',(-9.2445138853,-14.39566328547,1.042980739564
    ));
#2140 = CARTESIAN_POINT('',(-8.163211904475E-02,-18.08707501438,
    1.126314072571));
#2141 = CARTESIAN_POINT('',(9.369136897349,-14.39566328546,1.20964740558
    ));
#2142 = CARTESIAN_POINT('',(13.701445579762,-7.197831642731,
    1.29298073875));
#2143 = CARTESIAN_POINT('',(13.750000000024,8.035477216074E-15,
    1.376314072081));
#2144 = DEFINITIONAL_REPRESENTATION('',(#2145),#2164);
#2145 = B_SPLINE_CURVE_WITH_KNOTS('',5,(#2146,#2147,#2148,#2149,#2150,
    #2151,#2152,#2153,#2154,#2155,#2156,#2157,#2158,#2159,#2160,#2161,
    #2162,#2163),.UNSPECIFIED.,.F.,.F.,(6,4,4,4,6),(0.,0.248419682241,
    0.498306026368,0.748516674634,1.),.UNSPECIFIED.);
#2146 = CARTESIAN_POINT('',(5.,0.22368592751));
#2147 = CARTESIAN_POINT('',(4.949341906894,0.216220340207));
#2148 = CARTESIAN_POINT('',(4.89881493228,0.208774076106));
#2149 = CARTESIAN_POINT('',(4.848418116231,0.20134699374));
#2150 = CARTESIAN_POINT('',(4.798147152718,0.19393845852));
#2151 = CARTESIAN_POINT('',(4.697556780091,0.179114248552));
#2152 = CARTESIAN_POINT('',(4.647238074483,0.171698677481));
#2153 = CARTESIAN_POINT('',(4.59704170383,0.164301135163));
#2154 = CARTESIAN_POINT('',(4.546962847406,0.156920911158));
#2155 = CARTESIAN_POINT('',(4.446972310482,0.142185100206));
#2156 = CARTESIAN_POINT('',(4.397060086779,0.134829433206));
#2157 = CARTESIAN_POINT('',(4.347262079761,0.127490598553));
#2158 = CARTESIAN_POINT('',(4.297574944135,0.120168103244));
#2159 = CARTESIAN_POINT('',(4.198172896747,0.105519019197));
#2160 = CARTESIAN_POINT('',(4.148457982583,9.819243010577E-02));
#2161 = CARTESIAN_POINT('',(4.098857218382,9.088266352805E-02));
#2162 = CARTESIAN_POINT('',(4.049369782344,8.358959835363E-02));
#2163 = CARTESIAN_POINT('',(4.,7.63138720448E-02));
#2164 = ( GEOMETRIC_REPRESENTATION_CONTEXT(2) 
PARAMETRIC_REPRESENTATION_CONTEXT() REPRESENTATION_CONTEXT('2D SPACE',''
  ) );
#2165 = FACE_BOUND('',#2166,.T.);
#2166 = EDGE_LOOP('',(#2167,#2193));
#2167 = ORIENTED_EDGE('',*,*,#2168,.F.);
#2168 = EDGE_CURVE('',#2169,#2171,#2173,.T.);
#2169 = VERTEX_POINT('',#2170);
#2170 = CARTESIAN_POINT('',(8.109375,8.845226798074,0.6));
#2171 = VERTEX_POINT('',#2172);
#2172 = CARTESIAN_POINT('',(8.109375,-8.845226798074,0.6));
#2173 = SURFACE_CURVE('',#2174,(#2179,#2186),.PCURVE_S1.);
#2174 = CIRCLE('',#2175,12.);
#2175 = AXIS2_PLACEMENT_3D('',#2176,#2177,#2178);
#2176 = CARTESIAN_POINT('',(0.,0.,0.6));
#2177 = DIRECTION('',(0.,0.,1.));
#2178 = DIRECTION('',(1.,0.,-0.));
#2179 = PCURVE('',#1643,#2180);
#2180 = DEFINITIONAL_REPRESENTATION('',(#2181),#2185);
#2181 = CIRCLE('',#2182,12.);
#2182 = AXIS2_PLACEMENT_2D('',#2183,#2184);
#2183 = CARTESIAN_POINT('',(0.,0.));
#2184 = DIRECTION('',(1.,0.));
#2185 = ( GEOMETRIC_REPRESENTATION_CONTEXT(2) 
PARAMETRIC_REPRESENTATION_CONTEXT() REPRESENTATION_CONTEXT('2D SPACE',''
  ) );
#2186 = PCURVE('',#387,#2187);
#2187 = DEFINITIONAL_REPRESENTATION('',(#2188),#2192);
#2188 = LINE('',#2189,#2190);
#2189 = CARTESIAN_POINT('',(0.,1.6));
#2190 = VECTOR('',#2191,1.);
#2191 = DIRECTION('',(1.,0.));
#2192 = ( GEOMETRIC_REPRESENTATION_CONTEXT(2) 
PARAMETRIC_REPRESENTATION_CONTEXT() REPRESENTATION_CONTEXT('2D SPACE',''
  ) );
#2193 = ORIENTED_EDGE('',*,*,#2194,.T.);
#2194 = EDGE_CURVE('',#2169,#2171,#2195,.T.);
#2195 = SURFACE_CURVE('',#2196,(#2201,#2212),.PCURVE_S1.);
#2196 = CIRCLE('',#2197,10.75);
#2197 = AXIS2_PLACEMENT_3D('',#2198,#2199,#2200);
#2198 = CARTESIAN_POINT('',(2.,0.,0.6));
#2199 = DIRECTION('',(0.,0.,-1.));
#2200 = DIRECTION('',(0.568313953488,0.82281179517,0.));
#2201 = PCURVE('',#1643,#2202);
#2202 = DEFINITIONAL_REPRESENTATION('',(#2203),#2211);
#2203 = ( BOUNDED_CURVE() B_SPLINE_CURVE(2,(#2204,#2205,#2206,#2207,
#2208,#2209,#2210),.UNSPECIFIED.,.T.,.F.) B_SPLINE_CURVE_WITH_KNOTS((1,2
    ,2,2,2,1),(-2.094395102393,0.,2.094395102393,4.188790204786,
6.28318530718,8.377580409573),.UNSPECIFIED.) CURVE() 
GEOMETRIC_REPRESENTATION_ITEM() RATIONAL_B_SPLINE_CURVE((1.,0.5,1.,0.5,
1.,0.5,1.)) REPRESENTATION_ITEM('') );
#2204 = CARTESIAN_POINT('',(8.109375,8.845226798074));
#2205 = CARTESIAN_POINT('',(23.429757218735,-1.736521104417));
#2206 = CARTESIAN_POINT('',(6.605503609367,-9.713487350283));
#2207 = CARTESIAN_POINT('',(-10.21875,-17.69045359614));
#2208 = CARTESIAN_POINT('',(-8.714878609367,0.868260552208));
#2209 = CARTESIAN_POINT('',(-7.211007218735,19.426974700566));
#2210 = CARTESIAN_POINT('',(8.109375,8.845226798074));
#2211 = ( GEOMETRIC_REPRESENTATION_CONTEXT(2) 
PARAMETRIC_REPRESENTATION_CONTEXT() REPRESENTATION_CONTEXT('2D SPACE',''
  ) );
#2212 = PCURVE('',#2213,#2218);
#2213 = CYLINDRICAL_SURFACE('',#2214,10.75);
#2214 = AXIS2_PLACEMENT_3D('',#2215,#2216,#2217);
#2215 = CARTESIAN_POINT('',(2.,0.,0.));
#2216 = DIRECTION('',(0.,0.,1.));
#2217 = DIRECTION('',(1.,0.,-0.));
#2218 = DEFINITIONAL_REPRESENTATION('',(#2219),#2223);
#2219 = LINE('',#2220,#2221);
#2220 = CARTESIAN_POINT('',(7.249526360135,0.6));
#2221 = VECTOR('',#2222,1.);
#2222 = DIRECTION('',(-1.,-0.));
#2223 = ( GEOMETRIC_REPRESENTATION_CONTEXT(2) 
PARAMETRIC_REPRESENTATION_CONTEXT() REPRESENTATION_CONTEXT('2D SPACE',''
  ) );
#2224 = ADVANCED_FACE('',(#2225),#2213,.F.);
#2225 = FACE_BOUND('',#2226,.F.);
#2226 = EDGE_LOOP('',(#2227,#2262,#2281,#2282));
#2227 = ORIENTED_EDGE('',*,*,#2228,.F.);
#2228 = EDGE_CURVE('',#2229,#2231,#2233,.T.);
#2229 = VERTEX_POINT('',#2230);
#2230 = CARTESIAN_POINT('',(8.109375,8.845226798074,0.));
#2231 = VERTEX_POINT('',#2232);
#2232 = CARTESIAN_POINT('',(8.109375,-8.845226798074,0.));
#2233 = SURFACE_CURVE('',#2234,(#2239,#2246),.PCURVE_S1.);
#2234 = CIRCLE('',#2235,10.75);
#2235 = AXIS2_PLACEMENT_3D('',#2236,#2237,#2238);
#2236 = CARTESIAN_POINT('',(2.,0.,0.));
#2237 = DIRECTION('',(0.,0.,-1.));
#2238 = DIRECTION('',(0.568313953488,0.82281179517,0.));
#2239 = PCURVE('',#2213,#2240);
#2240 = DEFINITIONAL_REPRESENTATION('',(#2241),#2245);
#2241 = LINE('',#2242,#2243);
#2242 = CARTESIAN_POINT('',(7.249526360135,0.));
#2243 = VECTOR('',#2244,1.);
#2244 = DIRECTION('',(-1.,-0.));
#2245 = ( GEOMETRIC_REPRESENTATION_CONTEXT(2) 
PARAMETRIC_REPRESENTATION_CONTEXT() REPRESENTATION_CONTEXT('2D SPACE',''
  ) );
#2246 = PCURVE('',#2247,#2252);
#2247 = PLANE('',#2248);
#2248 = AXIS2_PLACEMENT_3D('',#2249,#2250,#2251);
#2249 = CARTESIAN_POINT('',(0.,0.,0.));
#2250 = DIRECTION('',(0.,0.,1.));
#2251 = DIRECTION('',(1.,0.,-0.));
#2252 = DEFINITIONAL_REPRESENTATION('',(#2253),#2261);
#2253 = ( BOUNDED_CURVE() B_SPLINE_CURVE(2,(#2254,#2255,#2256,#2257,
#2258,#2259,#2260),.UNSPECIFIED.,.T.,.F.) B_SPLINE_CURVE_WITH_KNOTS((1,2
    ,2,2,2,1),(-2.094395102393,0.,2.094395102393,4.188790204786,
6.28318530718,8.377580409573),.UNSPECIFIED.) CURVE() 
GEOMETRIC_REPRESENTATION_ITEM() RATIONAL_B_SPLINE_CURVE((1.,0.5,1.,0.5,
1.,0.5,1.)) REPRESENTATION_ITEM('') );
#2254 = CARTESIAN_POINT('',(8.109375,8.845226798074));
#2255 = CARTESIAN_POINT('',(23.429757218735,-1.736521104417));
#2256 = CARTESIAN_POINT('',(6.605503609367,-9.713487350283));
#2257 = CARTESIAN_POINT('',(-10.21875,-17.69045359614));
#2258 = CARTESIAN_POINT('',(-8.714878609367,0.868260552208));
#2259 = CARTESIAN_POINT('',(-7.211007218735,19.426974700566));
#2260 = CARTESIAN_POINT('',(8.109375,8.845226798074));
#2261 = ( GEOMETRIC_REPRESENTATION_CONTEXT(2) 
PARAMETRIC_REPRESENTATION_CONTEXT() REPRESENTATION_CONTEXT('2D SPACE',''
  ) );
#2262 = ORIENTED_EDGE('',*,*,#2263,.T.);
#2263 = EDGE_CURVE('',#2229,#2169,#2264,.T.);
#2264 = SURFACE_CURVE('',#2265,(#2269,#2275),.PCURVE_S1.);
#2265 = LINE('',#2266,#2267);
#2266 = CARTESIAN_POINT('',(8.109375,8.845226798074,0.));
#2267 = VECTOR('',#2268,1.);
#2268 = DIRECTION('',(0.,0.,1.));
#2269 = PCURVE('',#2213,#2270);
#2270 = DEFINITIONAL_REPRESENTATION('',(#2271),#2274);
#2271 = B_SPLINE_CURVE_WITH_KNOTS('',1,(#2272,#2273),.UNSPECIFIED.,.F.,
  .F.,(2,2),(0.,0.6),.PIECEWISE_BEZIER_KNOTS.);
#2272 = CARTESIAN_POINT('',(7.249526360135,0.));
#2273 = CARTESIAN_POINT('',(7.249526360135,0.6));
#2274 = ( GEOMETRIC_REPRESENTATION_CONTEXT(2) 
PARAMETRIC_REPRESENTATION_CONTEXT() REPRESENTATION_CONTEXT('2D SPACE',''
  ) );
#2275 = PCURVE('',#387,#2276);
#2276 = DEFINITIONAL_REPRESENTATION('',(#2277),#2280);
#2277 = B_SPLINE_CURVE_WITH_KNOTS('',1,(#2278,#2279),.UNSPECIFIED.,.F.,
  .F.,(2,2),(-6.E-07,0.6000006),.PIECEWISE_BEZIER_KNOTS.);
#2278 = CARTESIAN_POINT('',(0.828772245171,0.9999994));
#2279 = CARTESIAN_POINT('',(0.828772245171,1.6000006));
#2280 = ( GEOMETRIC_REPRESENTATION_CONTEXT(2) 
PARAMETRIC_REPRESENTATION_CONTEXT() REPRESENTATION_CONTEXT('2D SPACE',''
  ) );
#2281 = ORIENTED_EDGE('',*,*,#2194,.T.);
#2282 = ORIENTED_EDGE('',*,*,#2283,.F.);
#2283 = EDGE_CURVE('',#2231,#2171,#2284,.T.);
#2284 = SURFACE_CURVE('',#2285,(#2289,#2295),.PCURVE_S1.);
#2285 = LINE('',#2286,#2287);
#2286 = CARTESIAN_POINT('',(8.109375,-8.845226798074,0.));
#2287 = VECTOR('',#2288,1.);
#2288 = DIRECTION('',(0.,0.,1.));
#2289 = PCURVE('',#2213,#2290);
#2290 = DEFINITIONAL_REPRESENTATION('',(#2291),#2294);
#2291 = B_SPLINE_CURVE_WITH_KNOTS('',1,(#2292,#2293),.UNSPECIFIED.,.F.,
  .F.,(2,2),(0.,0.6),.PIECEWISE_BEZIER_KNOTS.);
#2292 = CARTESIAN_POINT('',(5.316844254225,0.));
#2293 = CARTESIAN_POINT('',(5.316844254225,0.6));
#2294 = ( GEOMETRIC_REPRESENTATION_CONTEXT(2) 
PARAMETRIC_REPRESENTATION_CONTEXT() REPRESENTATION_CONTEXT('2D SPACE',''
  ) );
#2295 = PCURVE('',#387,#2296);
#2296 = DEFINITIONAL_REPRESENTATION('',(#2297),#2300);
#2297 = B_SPLINE_CURVE_WITH_KNOTS('',1,(#2298,#2299),.UNSPECIFIED.,.F.,
  .F.,(2,2),(-6.E-07,0.6000006),.PIECEWISE_BEZIER_KNOTS.);
#2298 = CARTESIAN_POINT('',(5.454413062008,0.9999994));
#2299 = CARTESIAN_POINT('',(5.454413062008,1.6000006));
#2300 = ( GEOMETRIC_REPRESENTATION_CONTEXT(2) 
PARAMETRIC_REPRESENTATION_CONTEXT() REPRESENTATION_CONTEXT('2D SPACE',''
  ) );
#2301 = ADVANCED_FACE('',(#2302),#2247,.T.);
#2302 = FACE_BOUND('',#2303,.T.);
#2303 = EDGE_LOOP('',(#2304,#2328,#2329));
#2304 = ORIENTED_EDGE('',*,*,#2305,.F.);
#2305 = EDGE_CURVE('',#2231,#2306,#2308,.T.);
#2306 = VERTEX_POINT('',#2307);
#2307 = CARTESIAN_POINT('',(12.,-2.939152317954E-15,0.));
#2308 = SURFACE_CURVE('',#2309,(#2314,#2321),.PCURVE_S1.);
#2309 = CIRCLE('',#2310,12.);
#2310 = AXIS2_PLACEMENT_3D('',#2311,#2312,#2313);
#2311 = CARTESIAN_POINT('',(0.,0.,0.));
#2312 = DIRECTION('',(0.,0.,1.));
#2313 = DIRECTION('',(1.,0.,-0.));
#2314 = PCURVE('',#2247,#2315);
#2315 = DEFINITIONAL_REPRESENTATION('',(#2316),#2320);
#2316 = CIRCLE('',#2317,12.);
#2317 = AXIS2_PLACEMENT_2D('',#2318,#2319);
#2318 = CARTESIAN_POINT('',(0.,0.));
#2319 = DIRECTION('',(1.,0.));
#2320 = ( GEOMETRIC_REPRESENTATION_CONTEXT(2) 
PARAMETRIC_REPRESENTATION_CONTEXT() REPRESENTATION_CONTEXT('2D SPACE',''
  ) );
#2321 = PCURVE('',#387,#2322);
#2322 = DEFINITIONAL_REPRESENTATION('',(#2323),#2327);
#2323 = LINE('',#2324,#2325);
#2324 = CARTESIAN_POINT('',(0.,1.));
#2325 = VECTOR('',#2326,1.);
#2326 = DIRECTION('',(1.,0.));
#2327 = ( GEOMETRIC_REPRESENTATION_CONTEXT(2) 
PARAMETRIC_REPRESENTATION_CONTEXT() REPRESENTATION_CONTEXT('2D SPACE',''
  ) );
#2328 = ORIENTED_EDGE('',*,*,#2228,.F.);
#2329 = ORIENTED_EDGE('',*,*,#2330,.F.);
#2330 = EDGE_CURVE('',#2306,#2229,#2331,.T.);
#2331 = SURFACE_CURVE('',#2332,(#2337,#2344),.PCURVE_S1.);
#2332 = CIRCLE('',#2333,12.);
#2333 = AXIS2_PLACEMENT_3D('',#2334,#2335,#2336);
#2334 = CARTESIAN_POINT('',(0.,0.,0.));
#2335 = DIRECTION('',(0.,0.,1.));
#2336 = DIRECTION('',(1.,0.,-0.));
#2337 = PCURVE('',#2247,#2338);
#2338 = DEFINITIONAL_REPRESENTATION('',(#2339),#2343);
#2339 = CIRCLE('',#2340,12.);
#2340 = AXIS2_PLACEMENT_2D('',#2341,#2342);
#2341 = CARTESIAN_POINT('',(0.,0.));
#2342 = DIRECTION('',(1.,0.));
#2343 = ( GEOMETRIC_REPRESENTATION_CONTEXT(2) 
PARAMETRIC_REPRESENTATION_CONTEXT() REPRESENTATION_CONTEXT('2D SPACE',''
  ) );
#2344 = PCURVE('',#387,#2345);
#2345 = DEFINITIONAL_REPRESENTATION('',(#2346),#2350);
#2346 = LINE('',#2347,#2348);
#2347 = CARTESIAN_POINT('',(0.,1.));
#2348 = VECTOR('',#2349,1.);
#2349 = DIRECTION('',(1.,0.));
#2350 = ( GEOMETRIC_REPRESENTATION_CONTEXT(2) 
PARAMETRIC_REPRESENTATION_CONTEXT() REPRESENTATION_CONTEXT('2D SPACE',''
  ) );
#2351 = ADVANCED_FACE('',(#2352),#2121,.T.);
#2352 = FACE_BOUND('',#2353,.T.);
#2353 = EDGE_LOOP('',(#2354,#2385,#2406,#2435));
#2354 = ORIENTED_EDGE('',*,*,#2355,.F.);
#2355 = EDGE_CURVE('',#2356,#2020,#2358,.T.);
#2356 = VERTEX_POINT('',#2357);
#2357 = CARTESIAN_POINT('',(14.299999999997,1.928463740352E-13,
    0.523686127909));
#2358 = SURFACE_CURVE('',#2359,(#2371,#2378),.PCURVE_S1.);
#2359 = ( BOUNDED_CURVE() B_SPLINE_CURVE(6,(#2360,#2361,#2362,#2363,
    #2364,#2365,#2366,#2367,#2368,#2369,#2370),.UNSPECIFIED.,.F.,.F.) 
B_SPLINE_CURVE_WITH_KNOTS((7,4,7),(0.,0.5,1.),.UNSPECIFIED.) CURVE() 
GEOMETRIC_REPRESENTATION_ITEM() RATIONAL_B_SPLINE_CURVE((1.,1.,1.,1.,1.,
1.,1.,1.,1.,1.,1.)) REPRESENTATION_ITEM('') );
#2360 = CARTESIAN_POINT('',(14.299999999994,3.068449769241E-13,
    0.523686127899));
#2361 = CARTESIAN_POINT('',(14.249503403059,7.485744908481,
    0.607019461234));
#2362 = CARTESIAN_POINT('',(9.743902372879,14.971489816957,
    0.690352794719));
#2363 = CARTESIAN_POINT('',(-8.489740360339E-02,18.81055801481,
    0.773686128415));
#2364 = CARTESIAN_POINT('',(-9.614294440751,14.97148981695,
    0.857019462088));
#2365 = CARTESIAN_POINT('',(-18.98570555923,-1.289580308269E-11,
    1.023686129085));
#2366 = CARTESIAN_POINT('',(-9.614294440728,-14.97148981697,
    1.190352795414));
#2367 = CARTESIAN_POINT('',(-8.48974035697E-02,-18.81055801482,
    1.273686128408));
#2368 = CARTESIAN_POINT('',(9.743902372914,-14.97148981696,
    1.357019461404));
#2369 = CARTESIAN_POINT('',(14.249503403095,-7.48574490848,
    1.440352794567));
#2370 = CARTESIAN_POINT('',(14.300000000029,2.998166193208E-13,
    1.523686127899));
#2371 = PCURVE('',#2121,#2372);
#2372 = DEFINITIONAL_REPRESENTATION('',(#2373),#2377);
#2373 = LINE('',#2374,#2375);
#2374 = CARTESIAN_POINT('',(4.,0.));
#2375 = VECTOR('',#2376,1.);
#2376 = DIRECTION('',(0.,1.));
#2377 = ( GEOMETRIC_REPRESENTATION_CONTEXT(2) 
PARAMETRIC_REPRESENTATION_CONTEXT() REPRESENTATION_CONTEXT('2D SPACE',''
  ) );
#2378 = PCURVE('',#2043,#2379);
#2379 = DEFINITIONAL_REPRESENTATION('',(#2380),#2384);
#2380 = LINE('',#2381,#2382);
#2381 = CARTESIAN_POINT('',(4.,0.));
#2382 = VECTOR('',#2383,1.);
#2383 = DIRECTION('',(0.,1.));
#2384 = ( GEOMETRIC_REPRESENTATION_CONTEXT(2) 
PARAMETRIC_REPRESENTATION_CONTEXT() REPRESENTATION_CONTEXT('2D SPACE',''
  ) );
#2385 = ORIENTED_EDGE('',*,*,#2386,.T.);
#2386 = EDGE_CURVE('',#2356,#2387,#2389,.T.);
#2387 = VERTEX_POINT('',#2388);
#2388 = CARTESIAN_POINT('',(13.749999999994,8.008850723364E-15,
    0.376314072081));
#2389 = SURFACE_CURVE('',#2390,(#2393,#2399),.PCURVE_S1.);
#2390 = B_SPLINE_CURVE_WITH_KNOTS('',1,(#2391,#2392),.UNSPECIFIED.,.F.,
  .F.,(2,2),(4.,5.),.PIECEWISE_BEZIER_KNOTS.);
#2391 = CARTESIAN_POINT('',(14.3,7.88477711463E-14,0.523686127919));
#2392 = CARTESIAN_POINT('',(13.75,7.004474440531E-15,0.376314072081));
#2393 = PCURVE('',#2121,#2394);
#2394 = DEFINITIONAL_REPRESENTATION('',(#2395),#2398);
#2395 = B_SPLINE_CURVE_WITH_KNOTS('',1,(#2396,#2397),.UNSPECIFIED.,.F.,
  .F.,(2,2),(4.,5.),.PIECEWISE_BEZIER_KNOTS.);
#2396 = CARTESIAN_POINT('',(4.,0.));
#2397 = CARTESIAN_POINT('',(5.,0.));
#2398 = ( GEOMETRIC_REPRESENTATION_CONTEXT(2) 
PARAMETRIC_REPRESENTATION_CONTEXT() REPRESENTATION_CONTEXT('2D SPACE',''
  ) );
#2399 = PCURVE('',#1116,#2400);
#2400 = DEFINITIONAL_REPRESENTATION('',(#2401),#2405);
#2401 = LINE('',#2402,#2403);
#2402 = CARTESIAN_POINT('',(0.,1.));
#2403 = VECTOR('',#2404,1.);
#2404 = DIRECTION('',(1.,0.));
#2405 = ( GEOMETRIC_REPRESENTATION_CONTEXT(2) 
PARAMETRIC_REPRESENTATION_CONTEXT() REPRESENTATION_CONTEXT('2D SPACE',''
  ) );
#2406 = ORIENTED_EDGE('',*,*,#2407,.T.);
#2407 = EDGE_CURVE('',#2387,#1663,#2408,.T.);
#2408 = SURFACE_CURVE('',#2409,(#2421,#2428),.PCURVE_S1.);
#2409 = ( BOUNDED_CURVE() B_SPLINE_CURVE(6,(#2410,#2411,#2412,#2413,
    #2414,#2415,#2416,#2417,#2418,#2419,#2420),.UNSPECIFIED.,.F.,.F.) 
B_SPLINE_CURVE_WITH_KNOTS((7,4,7),(0.,0.5,1.),.UNSPECIFIED.) CURVE() 
GEOMETRIC_REPRESENTATION_ITEM() RATIONAL_B_SPLINE_CURVE((1.,1.,1.,1.,1.,
1.,1.,1.,1.,1.,1.)) REPRESENTATION_ITEM('') );
#2410 = CARTESIAN_POINT('',(13.749999999988,9.013227006196E-15,
    0.376314072081));
#2411 = CARTESIAN_POINT('',(13.701445579726,7.197831642732,
    0.459647405417));
#2412 = CARTESIAN_POINT('',(9.369136897315,14.395663285456,
    0.542980738895));
#2413 = CARTESIAN_POINT('',(-8.163211907779E-02,18.087075014376,
    0.626314072578));
#2414 = CARTESIAN_POINT('',(-9.244513885323,14.395663285451,
    0.709647406238));
#2415 = CARTESIAN_POINT('',(-18.25548611467,-1.234089265889E-11,
    0.876314073222));
#2416 = CARTESIAN_POINT('',(-9.2445138853,-14.39566328547,1.042980739564
    ));
#2417 = CARTESIAN_POINT('',(-8.163211904475E-02,-18.08707501438,
    1.126314072571));
#2418 = CARTESIAN_POINT('',(9.369136897349,-14.39566328546,1.20964740558
    ));
#2419 = CARTESIAN_POINT('',(13.701445579762,-7.197831642731,
    1.29298073875));
#2420 = CARTESIAN_POINT('',(13.750000000024,8.035477216074E-15,
    1.376314072081));
#2421 = PCURVE('',#2121,#2422);
#2422 = DEFINITIONAL_REPRESENTATION('',(#2423),#2427);
#2423 = LINE('',#2424,#2425);
#2424 = CARTESIAN_POINT('',(5.,0.));
#2425 = VECTOR('',#2426,1.);
#2426 = DIRECTION('',(0.,1.));
#2427 = ( GEOMETRIC_REPRESENTATION_CONTEXT(2) 
PARAMETRIC_REPRESENTATION_CONTEXT() REPRESENTATION_CONTEXT('2D SPACE',''
  ) );
#2428 = PCURVE('',#1682,#2429);
#2429 = DEFINITIONAL_REPRESENTATION('',(#2430),#2434);
#2430 = LINE('',#2431,#2432);
#2431 = CARTESIAN_POINT('',(5.,0.));
#2432 = VECTOR('',#2433,1.);
#2433 = DIRECTION('',(0.,1.));
#2434 = ( GEOMETRIC_REPRESENTATION_CONTEXT(2) 
PARAMETRIC_REPRESENTATION_CONTEXT() REPRESENTATION_CONTEXT('2D SPACE',''
  ) );
#2435 = ORIENTED_EDGE('',*,*,#2077,.T.);
#2436 = ADVANCED_FACE('',(#2437),#2043,.T.);
#2437 = FACE_BOUND('',#2438,.T.);
#2438 = EDGE_LOOP('',(#2439,#2440,#2459));
#2439 = ORIENTED_EDGE('',*,*,#2019,.F.);
#2440 = ORIENTED_EDGE('',*,*,#2441,.T.);
#2441 = EDGE_CURVE('',#1929,#2356,#2442,.T.);
#2442 = SURFACE_CURVE('',#2443,(#2446,#2452),.PCURVE_S1.);
#2443 = B_SPLINE_CURVE_WITH_KNOTS('',1,(#2444,#2445),.UNSPECIFIED.,.F.,
  .F.,(2,2),(3.,4.),.PIECEWISE_BEZIER_KNOTS.);
#2444 = CARTESIAN_POINT('',(14.3,7.88477711463E-14,0.876314072081));
#2445 = CARTESIAN_POINT('',(14.3,7.88477711463E-14,0.523686127919));
#2446 = PCURVE('',#2043,#2447);
#2447 = DEFINITIONAL_REPRESENTATION('',(#2448),#2451);
#2448 = B_SPLINE_CURVE_WITH_KNOTS('',1,(#2449,#2450),.UNSPECIFIED.,.F.,
  .F.,(2,2),(3.,4.),.PIECEWISE_BEZIER_KNOTS.);
#2449 = CARTESIAN_POINT('',(3.,0.));
#2450 = CARTESIAN_POINT('',(4.,0.));
#2451 = ( GEOMETRIC_REPRESENTATION_CONTEXT(2) 
PARAMETRIC_REPRESENTATION_CONTEXT() REPRESENTATION_CONTEXT('2D SPACE',''
  ) );
#2452 = PCURVE('',#1974,#2453);
#2453 = DEFINITIONAL_REPRESENTATION('',(#2454),#2458);
#2454 = LINE('',#2455,#2456);
#2455 = CARTESIAN_POINT('',(0.,1.));
#2456 = VECTOR('',#2457,1.);
#2457 = DIRECTION('',(1.,0.));
#2458 = ( GEOMETRIC_REPRESENTATION_CONTEXT(2) 
PARAMETRIC_REPRESENTATION_CONTEXT() REPRESENTATION_CONTEXT('2D SPACE',''
  ) );
#2459 = ORIENTED_EDGE('',*,*,#2355,.T.);
#2460 = ADVANCED_FACE('',(#2461),#1974,.T.);
#2461 = FACE_BOUND('',#2462,.T.);
#2462 = EDGE_LOOP('',(#2463,#2515,#2544,#2545,#2546));
#2463 = ORIENTED_EDGE('',*,*,#2464,.F.);
#2464 = EDGE_CURVE('',#2465,#2467,#2469,.T.);
#2465 = VERTEX_POINT('',#2466);
#2466 = CARTESIAN_POINT('',(13.445961807953,-4.850513316655,
    0.468602673299));
#2467 = VERTEX_POINT('',#2468);
#2468 = CARTESIAN_POINT('',(10.699907955179,-9.488444063739,0.4755001));
#2469 = SURFACE_CURVE('',#2470,(#2483,#2499),.PCURVE_S1.);
#2470 = B_SPLINE_CURVE_WITH_KNOTS('',6,(#2471,#2472,#2473,#2474,#2475,
    #2476,#2477,#2478,#2479,#2480,#2481,#2482),.UNSPECIFIED.,.F.,.F.,(7,
    5,7),(0.,0.781014587458,1.),.UNSPECIFIED.);
#2471 = CARTESIAN_POINT('',(13.445961807953,-4.850513316655,
    0.468602673299));
#2472 = CARTESIAN_POINT('',(13.207488047619,-5.514831742935,
    0.469706366198));
#2473 = CARTESIAN_POINT('',(12.929801430605,-6.165081651927,
    0.470973178346));
#2474 = CARTESIAN_POINT('',(12.613748533252,-6.7982656521,0.472183539069
    ));
#2475 = CARTESIAN_POINT('',(12.260566082508,-7.411548773756,
    0.473225242847));
#2476 = CARTESIAN_POINT('',(11.871814213843,-8.002229704342,
    0.474059385666));
#2477 = CARTESIAN_POINT('',(11.330963292552,-8.726327575477,
    0.474862018521));
#2478 = CARTESIAN_POINT('',(11.20987726628,-8.882918971965,
    0.475021482358));
#2479 = CARTESIAN_POINT('',(11.086184973101,-9.037479605314,
    0.475164687077));
#2480 = CARTESIAN_POINT('',(10.959929342968,-9.189955521805,
    0.475291870221));
#2481 = CARTESIAN_POINT('',(10.831154938538,-9.3402941026,0.475403464941
    ));
#2482 = CARTESIAN_POINT('',(10.699907955178,-9.48844406374,0.4755001));
#2483 = PCURVE('',#1974,#2484);
#2484 = DEFINITIONAL_REPRESENTATION('',(#2485),#2498);
#2485 = B_SPLINE_CURVE_WITH_KNOTS('',6,(#2486,#2487,#2488,#2489,#2490,
    #2491,#2492,#2493,#2494,#2495,#2496,#2497),.UNSPECIFIED.,.F.,.F.,(7,
    5,7),(0.,0.781014587458,1.),.UNSPECIFIED.);
#2486 = CARTESIAN_POINT('',(4.,0.944916545379));
#2487 = CARTESIAN_POINT('',(3.974582586862,0.937057348138));
#2488 = CARTESIAN_POINT('',(3.948699437482,0.929197038531));
#2489 = CARTESIAN_POINT('',(3.922975324244,0.921336358087));
#2490 = CARTESIAN_POINT('',(3.897728726347,0.913475405952));
#2491 = CARTESIAN_POINT('',(3.873070504749,0.905614370782));
#2492 = CARTESIAN_POINT('',(3.842254170892,0.895550303182));
#2493 = CARTESIAN_POINT('',(3.835552193481,0.893346462502));
#2494 = CARTESIAN_POINT('',(3.828896467463,0.891142672239));
#2495 = CARTESIAN_POINT('',(3.82228633662,0.888938938533));
#2496 = CARTESIAN_POINT('',(3.815720587284,0.886735266563));
#2497 = CARTESIAN_POINT('',(3.809197448346,0.884531660549));
#2498 = ( GEOMETRIC_REPRESENTATION_CONTEXT(2) 
PARAMETRIC_REPRESENTATION_CONTEXT() REPRESENTATION_CONTEXT('2D SPACE',''
  ) );
#2499 = PCURVE('',#1174,#2500);
#2500 = DEFINITIONAL_REPRESENTATION('',(#2501),#2514);
#2501 = B_SPLINE_CURVE_WITH_KNOTS('',6,(#2502,#2503,#2504,#2505,#2506,
    #2507,#2508,#2509,#2510,#2511,#2512,#2513),.UNSPECIFIED.,.F.,.F.,(7,
    5,7),(0.,0.781014587458,1.),.UNSPECIFIED.);
#2502 = CARTESIAN_POINT('',(5.936973659709,-6.897426701307E-03));
#2503 = CARTESIAN_POINT('',(5.887594975441,-5.793733802022E-03));
#2504 = CARTESIAN_POINT('',(5.838220371092,-4.526921653842E-03));
#2505 = CARTESIAN_POINT('',(5.788852955757,-3.316560931002E-03));
#2506 = CARTESIAN_POINT('',(5.739488653763,-2.274857152762E-03));
#2507 = CARTESIAN_POINT('',(5.690124510675,-1.440714333834E-03));
#2508 = CARTESIAN_POINT('',(5.626923218576,-6.380814790929E-04));
#2509 = CARTESIAN_POINT('',(5.613083146235,-4.786176421421E-04));
#2510 = CARTESIAN_POINT('',(5.59924314038,-3.35412922798E-04));
#2511 = CARTESIAN_POINT('',(5.585403181,-2.082297789476E-04));
#2512 = CARTESIAN_POINT('',(5.571563250273,-9.663505862276E-05));
#2513 = CARTESIAN_POINT('',(5.557723332563,0.));
#2514 = ( GEOMETRIC_REPRESENTATION_CONTEXT(2) 
PARAMETRIC_REPRESENTATION_CONTEXT() REPRESENTATION_CONTEXT('2D SPACE',''
  ) );
#2515 = ORIENTED_EDGE('',*,*,#2516,.T.);
#2516 = EDGE_CURVE('',#2465,#2356,#2517,.T.);
#2517 = SURFACE_CURVE('',#2518,(#2530,#2537),.PCURVE_S1.);
#2518 = ( BOUNDED_CURVE() B_SPLINE_CURVE(6,(#2519,#2520,#2521,#2522,
    #2523,#2524,#2525,#2526,#2527,#2528,#2529),.UNSPECIFIED.,.F.,.F.) 
B_SPLINE_CURVE_WITH_KNOTS((7,4,7),(0.,0.5,1.),.UNSPECIFIED.) CURVE() 
GEOMETRIC_REPRESENTATION_ITEM() RATIONAL_B_SPLINE_CURVE((1.,1.,1.,1.,1.,
1.,1.,1.,1.,1.,1.)) REPRESENTATION_ITEM('') );
#2519 = CARTESIAN_POINT('',(14.3,7.967026135827E-14,-0.476313872081));
#2520 = CARTESIAN_POINT('',(14.249503403065,7.485744908481,
    -0.392980538748));
#2521 = CARTESIAN_POINT('',(9.743902372885,14.971489816958,
    -0.309647205424));
#2522 = CARTESIAN_POINT('',(-8.489740359846E-02,18.810558014815,
    -0.226313872078));
#2523 = CARTESIAN_POINT('',(-9.614294440751,14.97148981696,
    -0.142980538744));
#2524 = CARTESIAN_POINT('',(-18.98570555925,2.459951696351E-13,
    2.368612791852E-02));
#2525 = CARTESIAN_POINT('',(-9.614294440751,-14.97148981696,
    0.190352794582));
#2526 = CARTESIAN_POINT('',(-8.489740359769E-02,-18.81055801481,
    0.273686127915));
#2527 = CARTESIAN_POINT('',(9.743902372885,-14.97148981696,
    0.357019461261));
#2528 = CARTESIAN_POINT('',(14.249503403065,-7.485744908481,
    0.440352794585));
#2529 = CARTESIAN_POINT('',(14.3,7.88477711463E-14,0.523686127919));
#2530 = PCURVE('',#1974,#2531);
#2531 = DEFINITIONAL_REPRESENTATION('',(#2532),#2536);
#2532 = LINE('',#2533,#2534);
#2533 = CARTESIAN_POINT('',(4.,0.));
#2534 = VECTOR('',#2535,1.);
#2535 = DIRECTION('',(0.,1.));
#2536 = ( GEOMETRIC_REPRESENTATION_CONTEXT(2) 
PARAMETRIC_REPRESENTATION_CONTEXT() REPRESENTATION_CONTEXT('2D SPACE',''
  ) );
#2537 = PCURVE('',#1116,#2538);
#2538 = DEFINITIONAL_REPRESENTATION('',(#2539),#2543);
#2539 = LINE('',#2540,#2541);
#2540 = CARTESIAN_POINT('',(4.,0.));
#2541 = VECTOR('',#2542,1.);
#2542 = DIRECTION('',(0.,1.));
#2543 = ( GEOMETRIC_REPRESENTATION_CONTEXT(2) 
PARAMETRIC_REPRESENTATION_CONTEXT() REPRESENTATION_CONTEXT('2D SPACE',''
  ) );
#2544 = ORIENTED_EDGE('',*,*,#2441,.F.);
#2545 = ORIENTED_EDGE('',*,*,#1928,.F.);
#2546 = ORIENTED_EDGE('',*,*,#2547,.F.);
#2547 = EDGE_CURVE('',#2467,#1896,#2548,.T.);
#2548 = SURFACE_CURVE('',#2549,(#2556,#2566),.PCURVE_S1.);
#2549 = B_SPLINE_CURVE_WITH_KNOTS('',5,(#2550,#2551,#2552,#2553,#2554,
    #2555),.UNSPECIFIED.,.F.,.F.,(6,6),(0.,1.),
  .PIECEWISE_BEZIER_KNOTS.);
#2550 = CARTESIAN_POINT('',(10.699907955178,-9.48844406374,0.4754995));
#2551 = CARTESIAN_POINT('',(10.699907955178,-9.48844406374,
    0.523371837967));
#2552 = CARTESIAN_POINT('',(10.699907955181,-9.488444063737,
    0.587725936294));
#2553 = CARTESIAN_POINT('',(10.699907955172,-9.488444063746,
    0.649610044226));
#2554 = CARTESIAN_POINT('',(10.69990795518,-9.488444063738,
    0.704354862344));
#2555 = CARTESIAN_POINT('',(10.69990795518,-9.488444063738,
    0.760845732632));
#2556 = PCURVE('',#1974,#2557);
#2557 = DEFINITIONAL_REPRESENTATION('',(#2558),#2565);
#2558 = B_SPLINE_CURVE_WITH_KNOTS('',5,(#2559,#2560,#2561,#2562,#2563,
    #2564),.UNSPECIFIED.,.F.,.F.,(6,6),(0.,1.),
  .PIECEWISE_BEZIER_KNOTS.);
#2559 = CARTESIAN_POINT('',(3.809199149856,0.884531660549));
#2560 = CARTESIAN_POINT('',(3.673440374183,0.884531660549));
#2561 = CARTESIAN_POINT('',(3.490941796314,0.884531660549));
#2562 = CARTESIAN_POINT('',(3.315447741018,0.884531660549));
#2563 = CARTESIAN_POINT('',(3.160199641644,0.884531660549));
#2564 = CARTESIAN_POINT('',(3.,0.884531660549));
#2565 = ( GEOMETRIC_REPRESENTATION_CONTEXT(2) 
PARAMETRIC_REPRESENTATION_CONTEXT() REPRESENTATION_CONTEXT('2D SPACE',''
  ) );
#2566 = PCURVE('',#1916,#2567);
#2567 = DEFINITIONAL_REPRESENTATION('',(#2568),#2575);
#2568 = B_SPLINE_CURVE_WITH_KNOTS('',5,(#2569,#2570,#2571,#2572,#2573,
    #2574),.UNSPECIFIED.,.F.,.F.,(6,6),(0.,1.),
  .PIECEWISE_BEZIER_KNOTS.);
#2569 = CARTESIAN_POINT('',(-5.557723332563,-0.2754994));
#2570 = CARTESIAN_POINT('',(-5.557723332563,-0.323371737967));
#2571 = CARTESIAN_POINT('',(-5.557723332564,-0.387725836294));
#2572 = CARTESIAN_POINT('',(-5.557723332563,-0.449609944226));
#2573 = CARTESIAN_POINT('',(-5.557723332563,-0.504354762344));
#2574 = CARTESIAN_POINT('',(-5.557723332563,-0.560845632632));
#2575 = ( GEOMETRIC_REPRESENTATION_CONTEXT(2) 
PARAMETRIC_REPRESENTATION_CONTEXT() REPRESENTATION_CONTEXT('2D SPACE',''
  ) );
#2576 = ADVANCED_FACE('',(#2577),#1916,.T.);
#2577 = FACE_BOUND('',#2578,.F.);
#2578 = EDGE_LOOP('',(#2579,#2603,#2630,#2631));
#2579 = ORIENTED_EDGE('',*,*,#2580,.F.);
#2580 = EDGE_CURVE('',#2581,#2467,#2583,.T.);
#2581 = VERTEX_POINT('',#2582);
#2582 = CARTESIAN_POINT('',(7.550449059645,-12.14534149366,0.4755001));
#2583 = SURFACE_CURVE('',#2584,(#2589,#2596),.PCURVE_S1.);
#2584 = CIRCLE('',#2585,14.301);
#2585 = AXIS2_PLACEMENT_3D('',#2586,#2587,#2588);
#2586 = CARTESIAN_POINT('',(0.,0.,0.4755001));
#2587 = DIRECTION('',(0.,0.,1.));
#2588 = DIRECTION('',(1.,0.,-0.));
#2589 = PCURVE('',#1916,#2590);
#2590 = DEFINITIONAL_REPRESENTATION('',(#2591),#2595);
#2591 = LINE('',#2592,#2593);
#2592 = CARTESIAN_POINT('',(-0.,-0.2755));
#2593 = VECTOR('',#2594,1.);
#2594 = DIRECTION('',(-1.,0.));
#2595 = ( GEOMETRIC_REPRESENTATION_CONTEXT(2) 
PARAMETRIC_REPRESENTATION_CONTEXT() REPRESENTATION_CONTEXT('2D SPACE',''
  ) );
#2596 = PCURVE('',#1174,#2597);
#2597 = DEFINITIONAL_REPRESENTATION('',(#2598),#2602);
#2598 = LINE('',#2599,#2600);
#2599 = CARTESIAN_POINT('',(0.,-0.));
#2600 = VECTOR('',#2601,1.);
#2601 = DIRECTION('',(1.,-0.));
#2602 = ( GEOMETRIC_REPRESENTATION_CONTEXT(2) 
PARAMETRIC_REPRESENTATION_CONTEXT() REPRESENTATION_CONTEXT('2D SPACE',''
  ) );
#2603 = ORIENTED_EDGE('',*,*,#2604,.T.);
#2604 = EDGE_CURVE('',#2581,#1805,#2605,.T.);
#2605 = SURFACE_CURVE('',#2606,(#2612,#2621),.PCURVE_S1.);
#2606 = B_SPLINE_CURVE_WITH_KNOTS('',4,(#2607,#2608,#2609,#2610,#2611),
  .UNSPECIFIED.,.F.,.F.,(5,5),(0.,1.),.PIECEWISE_BEZIER_KNOTS.);
#2607 = CARTESIAN_POINT('',(7.550449059646,-12.14534149366,0.4754995));
#2608 = CARTESIAN_POINT('',(7.550449059646,-12.14534149366,
    0.535330713003));
#2609 = CARTESIAN_POINT('',(7.550449059652,-12.14534149365,
    0.595161926007));
#2610 = CARTESIAN_POINT('',(7.550449059649,-12.14534149366,0.65499313901
    ));
#2611 = CARTESIAN_POINT('',(7.550449059649,-12.14534149366,
    0.714824352014));
#2612 = PCURVE('',#1916,#2613);
#2613 = DEFINITIONAL_REPRESENTATION('',(#2614),#2620);
#2614 = B_SPLINE_CURVE_WITH_KNOTS('',4,(#2615,#2616,#2617,#2618,#2619),
  .UNSPECIFIED.,.F.,.F.,(5,5),(0.,1.),.PIECEWISE_BEZIER_KNOTS.);
#2615 = CARTESIAN_POINT('',(-5.268593347592,-0.2754994));
#2616 = CARTESIAN_POINT('',(-5.268593347592,-0.335330613003));
#2617 = CARTESIAN_POINT('',(-5.268593347592,-0.395161826007));
#2618 = CARTESIAN_POINT('',(-5.268593347592,-0.45499303901));
#2619 = CARTESIAN_POINT('',(-5.268593347592,-0.514824252014));
#2620 = ( GEOMETRIC_REPRESENTATION_CONTEXT(2) 
PARAMETRIC_REPRESENTATION_CONTEXT() REPRESENTATION_CONTEXT('2D SPACE',''
  ) );
#2621 = PCURVE('',#1850,#2622);
#2622 = DEFINITIONAL_REPRESENTATION('',(#2623),#2629);
#2623 = B_SPLINE_CURVE_WITH_KNOTS('',4,(#2624,#2625,#2626,#2627,#2628),
  .UNSPECIFIED.,.F.,.F.,(5,5),(0.,1.),.PIECEWISE_BEZIER_KNOTS.);
#2624 = CARTESIAN_POINT('',(3.678689411816,0.83851027993));
#2625 = CARTESIAN_POINT('',(3.509017058862,0.83851027993));
#2626 = CARTESIAN_POINT('',(3.339344705908,0.83851027993));
#2627 = CARTESIAN_POINT('',(3.169672352954,0.83851027993));
#2628 = CARTESIAN_POINT('',(3.,0.83851027993));
#2629 = ( GEOMETRIC_REPRESENTATION_CONTEXT(2) 
PARAMETRIC_REPRESENTATION_CONTEXT() REPRESENTATION_CONTEXT('2D SPACE',''
  ) );
#2630 = ORIENTED_EDGE('',*,*,#1895,.F.);
#2631 = ORIENTED_EDGE('',*,*,#2547,.F.);
#2632 = ADVANCED_FACE('',(#2633),#1850,.T.);
#2633 = FACE_BOUND('',#2634,.T.);
#2634 = EDGE_LOOP('',(#2635,#2666,#2789,#2790));
#2635 = ORIENTED_EDGE('',*,*,#2636,.F.);
#2636 = EDGE_CURVE('',#2637,#1737,#2639,.T.);
#2637 = VERTEX_POINT('',#2638);
#2638 = CARTESIAN_POINT('',(-11.66289280772,-8.274512540771,
    0.474522003191));
#2639 = SURFACE_CURVE('',#2640,(#2652,#2659),.PCURVE_S1.);
#2640 = ( BOUNDED_CURVE() B_SPLINE_CURVE(6,(#2641,#2642,#2643,#2644,
    #2645,#2646,#2647,#2648,#2649,#2650,#2651),.UNSPECIFIED.,.F.,.F.) 
B_SPLINE_CURVE_WITH_KNOTS((7,4,7),(0.,0.5,1.),.UNSPECIFIED.) CURVE() 
GEOMETRIC_REPRESENTATION_ITEM() RATIONAL_B_SPLINE_CURVE((1.,1.,1.,1.,1.,
1.,1.,1.,1.,1.,1.)) REPRESENTATION_ITEM('') );
#2641 = CARTESIAN_POINT('',(14.3,7.967026135827E-14,-0.123685927919));
#2642 = CARTESIAN_POINT('',(14.249503403065,7.485744908481,
    -4.035259458501E-02));
#2643 = CARTESIAN_POINT('',(9.743902372885,14.971489816958,
    4.298073873904E-02));
#2644 = CARTESIAN_POINT('',(-8.489740359846E-02,18.810558014815,
    0.126314072085));
#2645 = CARTESIAN_POINT('',(-9.614294440751,14.97148981696,
    0.209647405418));
#2646 = CARTESIAN_POINT('',(-18.98570555925,2.459951696351E-13,
    0.376314072081));
#2647 = CARTESIAN_POINT('',(-9.614294440751,-14.97148981696,
    0.542980738744));
#2648 = CARTESIAN_POINT('',(-8.489740359769E-02,-18.81055801481,
    0.626314072078));
#2649 = CARTESIAN_POINT('',(9.743902372885,-14.97148981696,
    0.709647405424));
#2650 = CARTESIAN_POINT('',(14.249503403065,-7.485744908481,
    0.792980738748));
#2651 = CARTESIAN_POINT('',(14.3,7.88477711463E-14,0.876314072081));
#2652 = PCURVE('',#1850,#2653);
#2653 = DEFINITIONAL_REPRESENTATION('',(#2654),#2658);
#2654 = LINE('',#2655,#2656);
#2655 = CARTESIAN_POINT('',(3.,0.));
#2656 = VECTOR('',#2657,1.);
#2657 = DIRECTION('',(0.,1.));
#2658 = ( GEOMETRIC_REPRESENTATION_CONTEXT(2) 
PARAMETRIC_REPRESENTATION_CONTEXT() REPRESENTATION_CONTEXT('2D SPACE',''
  ) );
#2659 = PCURVE('',#1216,#2660);
#2660 = DEFINITIONAL_REPRESENTATION('',(#2661),#2665);
#2661 = LINE('',#2662,#2663);
#2662 = CARTESIAN_POINT('',(3.,0.));
#2663 = VECTOR('',#2664,1.);
#2664 = DIRECTION('',(0.,1.));
#2665 = ( GEOMETRIC_REPRESENTATION_CONTEXT(2) 
PARAMETRIC_REPRESENTATION_CONTEXT() REPRESENTATION_CONTEXT('2D SPACE',''
  ) );
#2666 = ORIENTED_EDGE('',*,*,#2667,.F.);
#2667 = EDGE_CURVE('',#2581,#2637,#2668,.T.);
#2668 = SURFACE_CURVE('',#2669,(#2707,#2748),.PCURVE_S1.);
#2669 = B_SPLINE_CURVE_WITH_KNOTS('',8,(#2670,#2671,#2672,#2673,#2674,
    #2675,#2676,#2677,#2678,#2679,#2680,#2681,#2682,#2683,#2684,#2685,
    #2686,#2687,#2688,#2689,#2690,#2691,#2692,#2693,#2694,#2695,#2696,
    #2697,#2698,#2699,#2700,#2701,#2702,#2703,#2704,#2705,#2706),
  .UNSPECIFIED.,.F.,.F.,(9,7,7,7,7,9),(0.,0.199555262057,0.302892338705,
    0.343878977137,0.801331752431,1.),.UNSPECIFIED.);
#2670 = CARTESIAN_POINT('',(7.550449059644,-12.14534149366,0.4755001));
#2671 = CARTESIAN_POINT('',(7.09297054725,-12.42955597969,0.475340236113
    ));
#2672 = CARTESIAN_POINT('',(6.62324374905,-12.69407019934,0.475163292106
    ));
#2673 = CARTESIAN_POINT('',(6.142274657126,-12.93827426266,
    0.474983601247));
#2674 = CARTESIAN_POINT('',(5.651096394585,-13.1616242373,0.474813102715
    ));
#2675 = CARTESIAN_POINT('',(5.150767271379,-13.36363823815,
    0.474660587036));
#2676 = CARTESIAN_POINT('',(4.642369978026,-13.54389502717,
    0.474531453633));
#2677 = CARTESIAN_POINT('',(4.127011917194,-13.70203512318,
    0.474427980471));
#2678 = CARTESIAN_POINT('',(3.335937726362,-13.90805005985,
    0.474309779455));
#2679 = CARTESIAN_POINT('',(3.064484224155,-13.9723266572,0.474276342602
    ));
#2680 = CARTESIAN_POINT('',(2.791622623188,-14.03055343979,
    0.474249728418));
#2681 = CARTESIAN_POINT('',(2.517510260899,-14.08269446416,
    0.474229747559));
#2682 = CARTESIAN_POINT('',(2.242305355534,-14.12871861742,
    0.474216088183));
#2683 = CARTESIAN_POINT('',(1.966167006148,-14.16859961729,0.47420831595
    ));
#2684 = CARTESIAN_POINT('',(1.689255192604,-14.20231601202,
    0.474205874022));
#2685 = CARTESIAN_POINT('',(1.301656121776,-14.24077246863,
    0.474208959234));
#2686 = CARTESIAN_POINT('',(1.191485054539,-14.25072136282,
    0.474210571808));
#2687 = CARTESIAN_POINT('',(1.081227592423,-14.25969683157,
    0.474212881379));
#2688 = CARTESIAN_POINT('',(0.970893763743,-14.26769796653,0.47421584751
    ));
#2689 = CARTESIAN_POINT('',(0.860493606578,-14.27472398244,
    0.474219428734));
#2690 = CARTESIAN_POINT('',(0.750037168767,-14.28077421712,
    0.474223582555));
#2691 = CARTESIAN_POINT('',(0.639534507909,-14.28584813147,
    0.474228265446));
#2692 = CARTESIAN_POINT('',(-0.704730477448,-14.335674004,0.47429110634)
  );
#2693 = CARTESIAN_POINT('',(-1.943473115471,-14.25975119489,
    0.474409190613));
#2694 = CARTESIAN_POINT('',(-3.172464941419,-14.06139440186,
    0.474526600937));
#2695 = CARTESIAN_POINT('',(-4.37761042833,-13.74220102926,
    0.474574468508));
#2696 = CARTESIAN_POINT('',(-5.545338861843,-13.30551265566,
    0.474525439651));
#2697 = CARTESIAN_POINT('',(-6.662642381407,-12.75646151562,
    0.474424273705));
#2698 = CARTESIAN_POINT('',(-7.717084297461,-12.10190168275,
    0.474333307664));
#2699 = CARTESIAN_POINT('',(-9.122646945567,-11.02489750025,
    0.474275480698));
#2700 = CARTESIAN_POINT('',(-9.534276603439,-10.68055591471,
    0.474267526609));
#2701 = CARTESIAN_POINT('',(-9.931024901636,-10.31868732139,
    0.474272412532));
#2702 = CARTESIAN_POINT('',(-10.31202520647,-9.940047647638,0.4742927318
    ));
#2703 = CARTESIAN_POINT('',(-10.67645910547,-9.545439383712,
    0.47432961306));
#2704 = CARTESIAN_POINT('',(-11.02355536262,-9.135710307793,
    0.474382278988));
#2705 = CARTESIAN_POINT('',(-11.35259075748,-8.711754056414,
    0.474447937175));
#2706 = CARTESIAN_POINT('',(-11.66289280798,-8.274512540404,
    0.474522003186));
#2707 = PCURVE('',#1850,#2708);
#2708 = DEFINITIONAL_REPRESENTATION('',(#2709),#2747);
#2709 = B_SPLINE_CURVE_WITH_KNOTS('',8,(#2710,#2711,#2712,#2713,#2714,
    #2715,#2716,#2717,#2718,#2719,#2720,#2721,#2722,#2723,#2724,#2725,
    #2726,#2727,#2728,#2729,#2730,#2731,#2732,#2733,#2734,#2735,#2736,
    #2737,#2738,#2739,#2740,#2741,#2742,#2743,#2744,#2745,#2746),
  .UNSPECIFIED.,.F.,.F.,(9,7,7,7,7,9),(0.,0.199555262057,0.302892338705,
    0.343878977137,0.801331752431,1.),.UNSPECIFIED.);
#2710 = CARTESIAN_POINT('',(3.678687710305,0.83851027993));
#2711 = CARTESIAN_POINT('',(3.662146940079,0.832517678244));
#2712 = CARTESIAN_POINT('',(3.645655389863,0.826525352788));
#2713 = CARTESIAN_POINT('',(3.629172452786,0.820533317714));
#2714 = CARTESIAN_POINT('',(3.612663993082,0.814541474975));
#2715 = CARTESIAN_POINT('',(3.596104655663,0.808549674185));
#2716 = CARTESIAN_POINT('',(3.579478717427,0.802557770362));
#2717 = CARTESIAN_POINT('',(3.562779480342,0.796565679559));
#2718 = CARTESIAN_POINT('',(3.537321904,0.787470425734));
#2719 = CARTESIAN_POINT('',(3.528616887184,0.784367356697));
#2720 = CARTESIAN_POINT('',(3.519892317005,0.781264215267));
#2721 = CARTESIAN_POINT('',(3.511148706464,0.778160992999));
#2722 = CARTESIAN_POINT('',(3.502386920384,0.775057683011));
#2723 = CARTESIAN_POINT('',(3.493608175411,0.771954279986));
#2724 = CARTESIAN_POINT('',(3.48481404001,0.76885078017));
#2725 = CARTESIAN_POINT('',(3.472513069304,0.764516199371));
#2726 = CARTESIAN_POINT('',(3.469017571288,0.763285201666));
#2727 = CARTESIAN_POINT('',(3.465520051783,0.762054188124));
#2728 = CARTESIAN_POINT('',(3.462020625196,0.760823158652));
#2729 = CARTESIAN_POINT('',(3.458519408972,0.759592113197));
#2730 = CARTESIAN_POINT('',(3.455016523599,0.75836105175));
#2731 = CARTESIAN_POINT('',(3.451512092605,0.757129974344));
#2732 = CARTESIAN_POINT('',(3.408877372919,0.742158621686));
#2733 = CARTESIAN_POINT('',(3.369555404917,0.728410681223));
#2734 = CARTESIAN_POINT('',(3.330238454004,0.714663835975));
#2735 = CARTESIAN_POINT('',(3.291122767681,0.700918419494));
#2736 = CARTESIAN_POINT('',(3.252282122222,0.687173093679));
#2737 = CARTESIAN_POINT('',(3.213585716504,0.673426493739));
#2738 = CARTESIAN_POINT('',(3.1748573539,0.659678824812));
#2739 = CARTESIAN_POINT('',(3.11913406607,0.639971409416));
#2740 = CARTESIAN_POINT('',(3.102235127967,0.634004417526));
#2741 = CARTESIAN_POINT('',(3.085300800789,0.628037786471));
#2742 = CARTESIAN_POINT('',(3.068323668029,0.622071494315));
#2743 = CARTESIAN_POINT('',(3.051300263651,0.616105447486));
#2744 = CARTESIAN_POINT('',(3.034232479378,0.610139535735));
#2745 = CARTESIAN_POINT('',(3.017128033327,0.604173688275));
#2746 = CARTESIAN_POINT('',(3.,0.598207931107));
#2747 = ( GEOMETRIC_REPRESENTATION_CONTEXT(2) 
PARAMETRIC_REPRESENTATION_CONTEXT() REPRESENTATION_CONTEXT('2D SPACE',''
  ) );
#2748 = PCURVE('',#1174,#2749);
#2749 = DEFINITIONAL_REPRESENTATION('',(#2750),#2788);
#2750 = B_SPLINE_CURVE_WITH_KNOTS('',8,(#2751,#2752,#2753,#2754,#2755,
    #2756,#2757,#2758,#2759,#2760,#2761,#2762,#2763,#2764,#2765,#2766,
    #2767,#2768,#2769,#2770,#2771,#2772,#2773,#2774,#2775,#2776,#2777,
    #2778,#2779,#2780,#2781,#2782,#2783,#2784,#2785,#2786,#2787),
  .UNSPECIFIED.,.F.,.F.,(9,7,7,7,7,9),(0.,0.199555262057,0.302892338705,
    0.343878977137,0.801331752431,1.),.UNSPECIFIED.);
#2751 = CARTESIAN_POINT('',(5.268593347591,0.));
#2752 = CARTESIAN_POINT('',(5.230933302392,-1.598638869087E-04));
#2753 = CARTESIAN_POINT('',(5.193272231252,-3.368078936273E-04));
#2754 = CARTESIAN_POINT('',(5.155610804257,-5.164987525797E-04));
#2755 = CARTESIAN_POINT('',(5.11794914075,-6.86997285247E-04));
#2756 = CARTESIAN_POINT('',(5.080287090458,-8.39512963971E-04));
#2757 = CARTESIAN_POINT('',(5.042624516207,-9.686463672524E-04));
#2758 = CARTESIAN_POINT('',(5.004961578232,-1.072119528548E-03));
#2759 = CARTESIAN_POINT('',(4.947795958025,-1.190320545274E-03));
#2760 = CARTESIAN_POINT('',(4.928292868464,-1.223757397885E-03));
#2761 = CARTESIAN_POINT('',(4.908789767222,-1.250371581814E-03));
#2762 = CARTESIAN_POINT('',(4.889286668212,-1.270352440736E-03));
#2763 = CARTESIAN_POINT('',(4.869783583429,-1.284011816582E-03));
#2764 = CARTESIAN_POINT('',(4.850280522954,-1.291784049541E-03));
#2765 = CARTESIAN_POINT('',(4.830777494949,-1.294225978057E-03));
#2766 = CARTESIAN_POINT('',(4.803539024884,-1.291140766454E-03));
#2767 = CARTESIAN_POINT('',(4.795803549277,-1.289528191892E-03));
#2768 = CARTESIAN_POINT('',(4.788068079157,-1.287218621064E-03));
#2769 = CARTESIAN_POINT('',(4.780332614797,-1.284252490204E-03));
#2770 = CARTESIAN_POINT('',(4.77259715642,-1.280671265856E-03));
#2771 = CARTESIAN_POINT('',(4.764861704209,-1.276517444877E-03));
#2772 = CARTESIAN_POINT('',(4.757126258298,-1.271834554434E-03));
#2773 = CARTESIAN_POINT('',(4.663055407714,-1.208993659597E-03));
#2774 = CARTESIAN_POINT('',(4.576684964161,-1.090909362219E-03));
#2775 = CARTESIAN_POINT('',(4.490334126694,-9.734991505498E-04));
#2776 = CARTESIAN_POINT('',(4.403999802061,-9.256313676884E-04));
#2777 = CARTESIAN_POINT('',(4.317664553166,-9.746604386749E-04));
#2778 = CARTESIAN_POINT('',(4.231312000297,-1.075826269987E-03));
#2779 = CARTESIAN_POINT('',(4.144940488058,-1.166792335633E-03));
#2780 = CARTESIAN_POINT('',(4.021110244405,-1.22461930241E-03));
#2781 = CARTESIAN_POINT('',(3.983614959595,-1.232573393152E-03));
#2782 = CARTESIAN_POINT('',(3.946119952224,-1.227687465997E-03));
#2783 = CARTESIAN_POINT('',(3.908625329935,-1.20736819714E-03));
#2784 = CARTESIAN_POINT('',(3.87113088666,-1.170486941764E-03));
#2785 = CARTESIAN_POINT('',(3.833636415903,-1.117821016489E-03));
#2786 = CARTESIAN_POINT('',(3.796142013118,-1.052162822748E-03));
#2787 = CARTESIAN_POINT('',(3.758648367203,-9.780968110655E-04));
#2788 = ( GEOMETRIC_REPRESENTATION_CONTEXT(2) 
PARAMETRIC_REPRESENTATION_CONTEXT() REPRESENTATION_CONTEXT('2D SPACE',''
  ) );
#2789 = ORIENTED_EDGE('',*,*,#2604,.T.);
#2790 = ORIENTED_EDGE('',*,*,#1804,.T.);
#2791 = ADVANCED_FACE('',(#2792),#1682,.T.);
#2792 = FACE_BOUND('',#2793,.T.);
#2793 = EDGE_LOOP('',(#2794,#2795,#2816,#3177));
#2794 = ORIENTED_EDGE('',*,*,#2407,.F.);
#2795 = ORIENTED_EDGE('',*,*,#2796,.T.);
#2796 = EDGE_CURVE('',#2387,#2797,#2799,.T.);
#2797 = VERTEX_POINT('',#2798);
#2798 = CARTESIAN_POINT('',(13.7,-6.108691004462E-15,0.376314072082));
#2799 = SURFACE_CURVE('',#2800,(#2803,#2809),.PCURVE_S1.);
#2800 = B_SPLINE_CURVE_WITH_KNOTS('',1,(#2801,#2802),.UNSPECIFIED.,.F.,
  .F.,(2,2),(5.,6.),.PIECEWISE_BEZIER_KNOTS.);
#2801 = CARTESIAN_POINT('',(13.75,7.004474440531E-15,0.376314072081));
#2802 = CARTESIAN_POINT('',(13.55,-1.91203607252E-14,0.376314072081));
#2803 = PCURVE('',#1682,#2804);
#2804 = DEFINITIONAL_REPRESENTATION('',(#2805),#2808);
#2805 = B_SPLINE_CURVE_WITH_KNOTS('',1,(#2806,#2807),.UNSPECIFIED.,.F.,
  .F.,(2,2),(5.,5.249999999942),.PIECEWISE_BEZIER_KNOTS.);
#2806 = CARTESIAN_POINT('',(5.,0.));
#2807 = CARTESIAN_POINT('',(5.249999999942,0.));
#2808 = ( GEOMETRIC_REPRESENTATION_CONTEXT(2) 
PARAMETRIC_REPRESENTATION_CONTEXT() REPRESENTATION_CONTEXT('2D SPACE',''
  ) );
#2809 = PCURVE('',#1054,#2810);
#2810 = DEFINITIONAL_REPRESENTATION('',(#2811),#2815);
#2811 = LINE('',#2812,#2813);
#2812 = CARTESIAN_POINT('',(0.,1.));
#2813 = VECTOR('',#2814,1.);
#2814 = DIRECTION('',(1.,0.));
#2815 = ( GEOMETRIC_REPRESENTATION_CONTEXT(2) 
PARAMETRIC_REPRESENTATION_CONTEXT() REPRESENTATION_CONTEXT('2D SPACE',''
  ) );
#2816 = ORIENTED_EDGE('',*,*,#2817,.T.);
#2817 = EDGE_CURVE('',#2797,#1661,#2818,.T.);
#2818 = SURFACE_CURVE('',#2819,(#2976,#3136),.PCURVE_S1.);
#2819 = B_SPLINE_CURVE_WITH_KNOTS('',8,(#2820,#2821,#2822,#2823,#2824,
    #2825,#2826,#2827,#2828,#2829,#2830,#2831,#2832,#2833,#2834,#2835,
    #2836,#2837,#2838,#2839,#2840,#2841,#2842,#2843,#2844,#2845,#2846,
    #2847,#2848,#2849,#2850,#2851,#2852,#2853,#2854,#2855,#2856,#2857,
    #2858,#2859,#2860,#2861,#2862,#2863,#2864,#2865,#2866,#2867,#2868,
    #2869,#2870,#2871,#2872,#2873,#2874,#2875,#2876,#2877,#2878,#2879,
    #2880,#2881,#2882,#2883,#2884,#2885,#2886,#2887,#2888,#2889,#2890,
    #2891,#2892,#2893,#2894,#2895,#2896,#2897,#2898,#2899,#2900,#2901,
    #2902,#2903,#2904,#2905,#2906,#2907,#2908,#2909,#2910,#2911,#2912,
    #2913,#2914,#2915,#2916,#2917,#2918,#2919,#2920,#2921,#2922,#2923,
    #2924,#2925,#2926,#2927,#2928,#2929,#2930,#2931,#2932,#2933,#2934,
    #2935,#2936,#2937,#2938,#2939,#2940,#2941,#2942,#2943,#2944,#2945,
    #2946,#2947,#2948,#2949,#2950,#2951,#2952,#2953,#2954,#2955,#2956,
    #2957,#2958,#2959,#2960,#2961,#2962,#2963,#2964,#2965,#2966,#2967,
    #2968,#2969,#2970,#2971,#2972,#2973,#2974,#2975),.UNSPECIFIED.,.F.,
  .F.,(9,7,7,7,7,7,7,7,7,7,7,7,7,7,7,7,7,7,7,7,7,7,9),(0.,
    1.29332205823E-02,6.576961943308E-02,0.103826448876,0.13084578174,
    0.234430725194,0.302186880773,0.364179686664,0.413965276839,
    0.449971101102,0.481139650722,0.500137016646,0.518985537699,
    0.54398368411,0.636710331826,0.699809458462,0.767450073442,
    0.828218180384,0.857226632238,0.895761081081,0.934667184643,
    0.986920179045,1.),.UNSPECIFIED.);
#2820 = CARTESIAN_POINT('',(13.7,-2.13162820728E-14,0.376314072083));
#2821 = CARTESIAN_POINT('',(13.7,0.139081491692,0.377930173238));
#2822 = CARTESIAN_POINT('',(13.698386322962,0.278177169694,
    0.379546186333));
#2823 = CARTESIAN_POINT('',(13.695158442794,0.417262962624,
    0.381162122208));
#2824 = CARTESIAN_POINT('',(13.690316281609,0.556315054956,0.38277799167
    ));
#2825 = CARTESIAN_POINT('',(13.683860209726,0.695309887021,
    0.384393805487));
#2826 = CARTESIAN_POINT('',(13.675791045669,0.834224155009,
    0.386009574391));
#2827 = CARTESIAN_POINT('',(13.666110056168,0.973034810966,
    0.387625309079));
#2828 = CARTESIAN_POINT('',(13.608691152192,1.678289191045,
    0.395841723978));
#2829 = CARTESIAN_POINT('',(13.535691287688,2.24273808922,0.402441900366
    ));
#2830 = CARTESIAN_POINT('',(13.435933847547,2.803526029943,
    0.409042455825));
#2831 = CARTESIAN_POINT('',(13.309643097856,3.359150833475,
    0.415643928753));
#2832 = CARTESIAN_POINT('',(13.15714218267,3.908145661881,0.422246588296
    ));
#2833 = CARTESIAN_POINT('',(12.978846576355,4.44907784206,0.428850505901
    ));
#2834 = CARTESIAN_POINT('',(12.775261891492,4.98054871763,0.4354555996)
  );
#2835 = CARTESIAN_POINT('',(12.382564256496,5.876203601054,
    0.446819836277));
#2836 = CARTESIAN_POINT('',(12.205331776609,6.245598461421,
    0.451578542933));
#2837 = CARTESIAN_POINT('',(12.015513418904,6.608866693609,
    0.456337647662));
#2838 = CARTESIAN_POINT('',(11.813357070868,6.965508821731,
    0.461097040364));
#2839 = CARTESIAN_POINT('',(11.59913372281,7.315038457337,0.465856617081
    ));
#2840 = CARTESIAN_POINT('',(11.373137499412,7.656982445579,
    0.470616272879));
#2841 = CARTESIAN_POINT('',(11.135685691278,7.99088101138,0.475375894743
    ));
#2842 = CARTESIAN_POINT('',(10.710642920324,8.547318112793,
    0.483514443798));
#2843 = CARTESIAN_POINT('',(10.528563387605,8.774069337786,
    0.486893470265));
#2844 = CARTESIAN_POINT('',(10.341001709579,8.996382425016,
    0.490272393892));
#2845 = CARTESIAN_POINT('',(10.148084445321,9.214102783523,
    0.493651186345));
#2846 = CARTESIAN_POINT('',(9.949943183581,9.427080391937,0.497029827796
    ));
#2847 = CARTESIAN_POINT('',(9.746714534631,9.635169803468,0.500408303783
    ));
#2848 = CARTESIAN_POINT('',(9.538540122113,9.838230150893,0.503786602072
    ));
#2849 = CARTESIAN_POINT('',(8.509082579592,10.794802005452,
    0.520115475929));
#2850 = CARTESIAN_POINT('',(7.621809526699,11.477797117262,0.53306746042
    ));
#2851 = CARTESIAN_POINT('',(6.672288850903,12.077022709538,0.54601431493
    ));
#2852 = CARTESIAN_POINT('',(5.669855360738,12.586019172378,
    0.558957154792));
#2853 = CARTESIAN_POINT('',(4.624421013021,12.999563624714,
    0.571899368685));
#2854 = CARTESIAN_POINT('',(3.54646549247,13.313692070184,0.584844148269
    ));
#2855 = CARTESIAN_POINT('',(2.44701347445,13.525692582844,0.597792625778
    ));
#2856 = CARTESIAN_POINT('',(0.612223846514,13.705717335168,0.61920729147
    ));
#2857 = CARTESIAN_POINT('',(-0.117707454228,13.732784991252,
    0.627676896866));
#2858 = CARTESIAN_POINT('',(-0.848818316892,13.715408495195,
    0.63614713304));
#2859 = CARTESIAN_POINT('',(-1.577948059795,13.653558208251,
    0.644617890405));
#2860 = CARTESIAN_POINT('',(-2.30196493196,13.547467665276,
    0.653089273821));
#2861 = CARTESIAN_POINT('',(-3.017766460777,13.397623823883,
    0.661561312419));
#2862 = CARTESIAN_POINT('',(-3.722282018861,13.204776486908,
    0.670033685524));
#2863 = CARTESIAN_POINT('',(-5.043965051364,12.755130251543,
    0.686256632932));
#2864 = CARTESIAN_POINT('',(-5.663523513829,12.505146501999,
    0.694008013753));
#2865 = CARTESIAN_POINT('',(-6.268832839649,12.220799632024,
    0.701758979565));
#2866 = CARTESIAN_POINT('',(-6.857672773866,11.903050299031,
    0.709509328959));
#2867 = CARTESIAN_POINT('',(-7.427915142886,11.553020625495,
    0.717259115813));
#2868 = CARTESIAN_POINT('',(-7.977521718483,11.171988858155,
    0.725008463023));
#2869 = CARTESIAN_POINT('',(-8.504547767373,10.761393896302,
    0.732757360842));
#2870 = CARTESIAN_POINT('',(-9.410785425104,9.970660723743,
    0.746727836098));
#2871 = CARTESIAN_POINT('',(-9.798688222682,9.600428580643,
    0.752950005226));
#2872 = CARTESIAN_POINT('',(-10.16990839214,9.212981434954,
    0.759171850035));
#2873 = CARTESIAN_POINT('',(-10.52355747667,8.809200538955,
    0.765393428346));
#2874 = CARTESIAN_POINT('',(-10.85880641876,8.390017075698,
    0.771614887427));
#2875 = CARTESIAN_POINT('',(-11.17488449224,7.956411009235,
    0.777836385712));
#2876 = CARTESIAN_POINT('',(-11.471080597,7.509411931468,0.784058011802)
  );
#2877 = CARTESIAN_POINT('',(-11.94611370151,6.717920726049,
    0.794779336847));
#2878 = CARTESIAN_POINT('',(-12.13474574382,6.379294797794,
    0.799279080378));
#2879 = CARTESIAN_POINT('',(-12.31239891882,6.034631108688,
    0.803778934987));
#2880 = CARTESIAN_POINT('',(-12.47884851477,5.684345599387,
    0.808278926763));
#2881 = CARTESIAN_POINT('',(-12.63388925378,5.328863121092,
    0.812779089193));
#2882 = CARTESIAN_POINT('',(-12.77733531278,4.968617393247,
    0.817279448107));
#2883 = CARTESIAN_POINT('',(-12.90902034459,4.604050961231,0.82178000663
    ));
#2884 = CARTESIAN_POINT('',(-13.13248295125,3.916677593998,
    0.830176794895));
#2885 = CARTESIAN_POINT('',(-13.2272459335,3.594838268327,0.834073010668
    ));
#2886 = CARTESIAN_POINT('',(-13.31299137719,3.270389710469,
    0.837969359384));
#2887 = CARTESIAN_POINT('',(-13.3896359602,2.94362703363,0.841865830409)
  );
#2888 = CARTESIAN_POINT('',(-13.45710810137,2.614847912244,
    0.845762415173));
#2889 = CARTESIAN_POINT('',(-13.51534795507,2.284352563429,
    0.849659101817));
#2890 = CARTESIAN_POINT('',(-13.56430740581,1.952443728441,
    0.853555869832));
#2891 = CARTESIAN_POINT('',(-13.62811243389,1.416451305687,
    0.859827810233));
#2892 = CARTESIAN_POINT('',(-13.64881371569,1.21306387947,0.862202957619
    ));
#2893 = CARTESIAN_POINT('',(-13.66604570397,1.009333320662,
    0.864578121291));
#2894 = CARTESIAN_POINT('',(-13.6798018455,0.805328678072,0.866953296693
    ));
#2895 = CARTESIAN_POINT('',(-13.6900772387,0.601119103264,0.869328480059
    ));
#2896 = CARTESIAN_POINT('',(-13.69686863449,0.396773849672,
    0.871703668187));
#2897 = CARTESIAN_POINT('',(-13.70017443692,0.192362271729,
    0.874078858218));
#2898 = CARTESIAN_POINT('',(-13.69981637928,-0.214853078095,
    0.878810626932));
#2899 = CARTESIAN_POINT('',(-13.69620692369,-0.417657055525,
    0.881167207479));
#2900 = CARTESIAN_POINT('',(-13.68916639809,-0.62039025766,
    0.883523786092));
#2901 = CARTESIAN_POINT('',(-13.67869646753,-0.82298493882,
    0.885880359781));
#2902 = CARTESIAN_POINT('',(-13.66480039969,-1.025373459028,
    0.888236925306));
#2903 = CARTESIAN_POINT('',(-13.64748306333,-1.227488284747,
    0.89059347896));
#2904 = CARTESIAN_POINT('',(-13.62675092677,-1.42926198962,0.89295001635
    ));
#2905 = CARTESIAN_POINT('',(-13.5705975011,-1.897691094175,
    0.898431898224));
#2906 = CARTESIAN_POINT('',(-13.53259051401,-2.16403687431,
    0.901557230821));
#2907 = CARTESIAN_POINT('',(-13.48860996048,-2.429507333653,
    0.904682514739));
#2908 = CARTESIAN_POINT('',(-13.43867957535,-2.693946171845,
    0.907807739428));
#2909 = CARTESIAN_POINT('',(-13.38282796288,-2.957198055,0.910932897318)
  );
#2910 = CARTESIAN_POINT('',(-13.32108859666,-3.219108620559,
    0.914057982129));
#2911 = CARTESIAN_POINT('',(-13.25349981958,-3.479524482155,
    0.917182987175));
#2912 = CARTESIAN_POINT('',(-12.9078578558,-4.698154759482,
    0.931899284317));
#2913 = CARTESIAN_POINT('',(-12.5556679846,-5.635543128001,
    0.943491740247));
#2914 = CARTESIAN_POINT('',(-12.12576434651,-6.542403827956,
    0.955081643079));
#2915 = CARTESIAN_POINT('',(-11.6213217595,-7.411250346458,
    0.966669285858));
#2916 = CARTESIAN_POINT('',(-11.04629391119,-8.235084369851,
    0.978256429497));
#2917 = CARTESIAN_POINT('',(-10.40535816967,-9.007368165845,
    0.989844964524));
#2918 = CARTESIAN_POINT('',(-9.703964914017,-9.722062960787,
    1.001435523285));
#2919 = CARTESIAN_POINT('',(-8.434390735048,-10.81720866104,
    1.020911263861));
#2920 = CARTESIAN_POINT('',(-7.895158700482,-11.23157278629,
    1.028798514311));
#2921 = CARTESIAN_POINT('',(-7.332741152016,-11.61514736871,
    1.036686227967));
#2922 = CARTESIAN_POINT('',(-6.749199975346,-11.96642965421,
    1.044574385753));
#2923 = CARTESIAN_POINT('',(-6.146695807898,-12.28409017917,
    1.052463115035));
#2924 = CARTESIAN_POINT('',(-5.527484123383,-12.56696769894,
    1.060352470672));
#2925 = CARTESIAN_POINT('',(-4.893917540959,-12.81407513239,
    1.068242232747));
#2926 = CARTESIAN_POINT('',(-3.556534693814,-13.25031139138,
    1.084589046229));
#2927 = CARTESIAN_POINT('',(-2.850873006199,-13.43401043948,
    1.093046918572));
#2928 = CARTESIAN_POINT('',(-2.134500407709,-13.57471602672,
    1.101504413435));
#2929 = CARTESIAN_POINT('',(-1.410480833825,-13.67172031151,
    1.109961214289));
#2930 = CARTESIAN_POINT('',(-0.681906633765,-13.72457688407,
    1.11841735754));
#2931 = CARTESIAN_POINT('',(4.810385821558E-02,-13.73309140734,
    1.126872959993));
#2932 = CARTESIAN_POINT('',(0.776406770036,-13.69733126573,
    1.135327928895));
#2933 = CARTESIAN_POINT('',(2.149753257694,-13.54607262612,
    1.151376454015));
#2934 = CARTESIAN_POINT('',(2.795795269135,-13.43903865901,
    1.158970914385));
#2935 = CARTESIAN_POINT('',(3.435665122749,-13.29680020316,
    1.166564682934));
#2936 = CARTESIAN_POINT('',(4.067124756167,-13.11978409336,
    1.174157854316));
#2937 = CARTESIAN_POINT('',(4.687986325213,-12.90858138008,
    1.181750779714));
#2938 = CARTESIAN_POINT('',(5.296111395289,-12.66394225677,
    1.189343860852));
#2939 = CARTESIAN_POINT('',(5.889413112679,-12.38678065091,
    1.196937328867));
#2940 = CARTESIAN_POINT('',(6.741036475555,-11.93087796307,
    1.208155950291));
#2941 = CARTESIAN_POINT('',(7.012376502426,-11.77640227344,
    1.211781011425));
#2942 = CARTESIAN_POINT('',(7.279663069754,-11.61487834756,
    1.215406206604));
#2943 = CARTESIAN_POINT('',(7.542682737921,-11.44643065452,
    1.219031558478));
#2944 = CARTESIAN_POINT('',(7.80122700451,-11.27119119014,1.222657091536
    ));
#2945 = CARTESIAN_POINT('',(8.055092314494,-11.08929947231,
    1.226282826427));
#2946 = CARTESIAN_POINT('',(8.304080070417,-10.9009025364,1.229908774288
    ));
#2947 = CARTESIAN_POINT('',(8.872012233601,-10.44745475281,
    1.238351870415));
#2948 = CARTESIAN_POINT('',(9.187081815537,-10.17754585766,
    1.243169218569));
#2949 = CARTESIAN_POINT('',(9.492750467214,-9.896791668029,
    1.247986949918));
#2950 = CARTESIAN_POINT('',(9.788583121046,-9.605575435206,
    1.252805055387));
#2951 = CARTESIAN_POINT('',(10.074164638981,-9.304300195235,
    1.257623523005));
#2952 = CARTESIAN_POINT('',(10.349099888475,-8.993388725206,
    1.262442318472));
#2953 = CARTESIAN_POINT('',(10.613013818448,-8.673283499565,
    1.267261365722));
#2954 = CARTESIAN_POINT('',(11.120524912521,-8.012438247504,
    1.276946168818));
#2955 = CARTESIAN_POINT('',(11.363904779467,-7.671524810625,
    1.281811987568));
#2956 = CARTESIAN_POINT('',(11.595326016538,-7.32218231767,
    1.286677846099));
#2957 = CARTESIAN_POINT('',(11.814448841815,-6.96490153569,
    1.291543623689));
#2958 = CARTESIAN_POINT('',(12.020958777393,-6.600187851311,
    1.296409208634));
#2959 = CARTESIAN_POINT('',(12.214566615767,-6.228561105136,
    1.301274490346));
#2960 = CARTESIAN_POINT('',(12.395008386218,-5.850555426153,
    1.30613935145));
#2961 = CARTESIAN_POINT('',(12.786384929366,-4.951206143121,
    1.31753668833));
#2962 = CARTESIAN_POINT('',(12.986546877266,-4.425172241423,
    1.324068769091));
#2963 = CARTESIAN_POINT('',(13.161956547341,-3.889937795213,
    1.330599697029));
#2964 = CARTESIAN_POINT('',(13.312127540615,-3.346856606983,
    1.337129397495));
#2965 = CARTESIAN_POINT('',(13.436659732478,-2.79731503222,
    1.343657943462));
#2966 = CARTESIAN_POINT('',(13.535241404747,-2.242732130073,
    1.350185597956));
#2967 = CARTESIAN_POINT('',(13.607655454021,-1.684560780056,
    1.356712881768));
#2968 = CARTESIAN_POINT('',(13.665337863628,-0.984044317588,
    1.364874682958));
#2969 = CARTESIAN_POINT('',(13.675239363606,-0.843668001804,
    1.366508722795));
#2970 = CARTESIAN_POINT('',(13.683492377854,-0.703184378296,
    1.368142796996));
#2971 = CARTESIAN_POINT('',(13.690095576274,-0.562617275438,
    1.369776916626));
#2972 = CARTESIAN_POINT('',(13.695048097064,-0.421990789089,
    1.371411092789));
#2973 = CARTESIAN_POINT('',(13.698349546713,-0.281329282595,
    1.373045336627));
#2974 = CARTESIAN_POINT('',(13.7,-0.140657386792,1.374679659319));
#2975 = CARTESIAN_POINT('',(13.7,-1.95399252334E-14,1.376314072083));
#2976 = PCURVE('',#1682,#2977);
#2977 = DEFINITIONAL_REPRESENTATION('',(#2978),#3135);
#2978 = B_SPLINE_CURVE_WITH_KNOTS('',8,(#2979,#2980,#2981,#2982,#2983,
    #2984,#2985,#2986,#2987,#2988,#2989,#2990,#2991,#2992,#2993,#2994,
    #2995,#2996,#2997,#2998,#2999,#3000,#3001,#3002,#3003,#3004,#3005,
    #3006,#3007,#3008,#3009,#3010,#3011,#3012,#3013,#3014,#3015,#3016,
    #3017,#3018,#3019,#3020,#3021,#3022,#3023,#3024,#3025,#3026,#3027,
    #3028,#3029,#3030,#3031,#3032,#3033,#3034,#3035,#3036,#3037,#3038,
    #3039,#3040,#3041,#3042,#3043,#3044,#3045,#3046,#3047,#3048,#3049,
    #3050,#3051,#3052,#3053,#3054,#3055,#3056,#3057,#3058,#3059,#3060,
    #3061,#3062,#3063,#3064,#3065,#3066,#3067,#3068,#3069,#3070,#3071,
    #3072,#3073,#3074,#3075,#3076,#3077,#3078,#3079,#3080,#3081,#3082,
    #3083,#3084,#3085,#3086,#3087,#3088,#3089,#3090,#3091,#3092,#3093,
    #3094,#3095,#3096,#3097,#3098,#3099,#3100,#3101,#3102,#3103,#3104,
    #3105,#3106,#3107,#3108,#3109,#3110,#3111,#3112,#3113,#3114,#3115,
    #3116,#3117,#3118,#3119,#3120,#3121,#3122,#3123,#3124,#3125,#3126,
    #3127,#3128,#3129,#3130,#3131,#3132,#3133,#3134),.UNSPECIFIED.,.F.,
  .F.,(9,7,7,7,7,7,7,7,7,7,7,7,7,7,7,7,7,7,7,7,7,7,9),(0.,
    1.29332205823E-02,6.576961943308E-02,0.103826448876,0.13084578174,
    0.234430725194,0.302186880773,0.364179686664,0.413965276839,
    0.449971101102,0.481139650722,0.500137016646,0.518985537699,
    0.54398368411,0.636710331826,0.699809458462,0.767450073442,
    0.828218180384,0.857226632238,0.895761081081,0.934667184643,
    0.986920179045,1.),.UNSPECIFIED.);
#2979 = CARTESIAN_POINT('',(5.249999999942,0.));
#2980 = CARTESIAN_POINT('',(5.245308989138,1.616101155014E-03));
#2981 = CARTESIAN_POINT('',(5.241041743771,3.23211424954E-03));
#2982 = CARTESIAN_POINT('',(5.237174882999,4.848050125008E-03));
#2983 = CARTESIAN_POINT('',(5.233685775194,6.463919586567E-03));
#2984 = CARTESIAN_POINT('',(5.230552537941,8.079733403079E-03));
#2985 = CARTESIAN_POINT('',(5.22775403804,9.695502307127E-03));
#2986 = CARTESIAN_POINT('',(5.225269891503,1.131123699501E-02));
#2987 = CARTESIAN_POINT('',(5.214135940617,1.952765189115E-02));
#2988 = CARTESIAN_POINT('',(5.210110895286,2.612782827669E-02));
#2989 = CARTESIAN_POINT('',(5.209666730715,3.272838373278E-02));
#2990 = CARTESIAN_POINT('',(5.211684449686,3.932985665588E-02));
#2991 = CARTESIAN_POINT('',(5.215263482518,4.593251619396E-02));
#2992 = CARTESIAN_POINT('',(5.219709025431,5.253643379282E-02));
#2993 = CARTESIAN_POINT('',(5.224507889367,5.91415274844E-02));
#2994 = CARTESIAN_POINT('',(5.232739361806,7.050576414768E-02));
#2995 = CARTESIAN_POINT('',(5.236178773427,7.526447079811E-02));
#2996 = CARTESIAN_POINT('',(5.239474295045,8.002357552014E-02));
#2997 = CARTESIAN_POINT('',(5.242529221356,8.478296821537E-02));
#2998 = CARTESIAN_POINT('',(5.245280955174,8.954254492406E-02));
#2999 = CARTESIAN_POINT('',(5.247695021779,9.430220071414E-02));
#3000 = CARTESIAN_POINT('',(5.249759083265,9.906182257016E-02));
#3001 = CARTESIAN_POINT('',(5.252696594444,0.10720037161));
#3002 = CARTESIAN_POINT('',(5.253741744037,0.110579398071));
#3003 = CARTESIAN_POINT('',(5.254613913162,0.113958321691));
#3004 = CARTESIAN_POINT('',(5.255318690227,0.117337114137));
#3005 = CARTESIAN_POINT('',(5.255864913308,0.120715755581));
#3006 = CARTESIAN_POINT('',(5.256263842896,0.124094231561));
#3007 = CARTESIAN_POINT('',(5.256528334658,0.127472529842));
#3008 = CARTESIAN_POINT('',(5.257222833662,0.143801403663));
#3009 = CARTESIAN_POINT('',(5.255998616744,0.156753388122));
#3010 = CARTESIAN_POINT('',(5.253768729835,0.169700242598));
#3011 = CARTESIAN_POINT('',(5.251510583629,0.182643082424));
#3012 = CARTESIAN_POINT('',(5.249837284257,0.19558529628));
#3013 = CARTESIAN_POINT('',(5.248892231026,0.208530075825));
#3014 = CARTESIAN_POINT('',(5.248553100257,0.221478553295));
#3015 = CARTESIAN_POINT('',(5.248633598403,0.24289321892));
#3016 = CARTESIAN_POINT('',(5.24883122115,0.25136282429));
#3017 = CARTESIAN_POINT('',(5.249134701174,0.259833060438));
#3018 = CARTESIAN_POINT('',(5.249464656724,0.268303817777));
#3019 = CARTESIAN_POINT('',(5.249748886431,0.276775201167));
#3020 = CARTESIAN_POINT('',(5.249939192608,0.285247239739));
#3021 = CARTESIAN_POINT('',(5.250018398513,0.293719612819));
#3022 = CARTESIAN_POINT('',(5.249978493175,0.309942560179));
#3023 = CARTESIAN_POINT('',(5.249875718313,0.317693940978));
#3024 = CARTESIAN_POINT('',(5.249696597665,0.325444906768));
#3025 = CARTESIAN_POINT('',(5.249469096966,0.333195256141));
#3026 = CARTESIAN_POINT('',(5.249235395079,0.340945042975));
#3027 = CARTESIAN_POINT('',(5.249043108061,0.348694390165));
#3028 = CARTESIAN_POINT('',(5.248934127211,0.356443287966));
#3029 = CARTESIAN_POINT('',(5.248928616764,0.370413763189));
#3030 = CARTESIAN_POINT('',(5.248994623631,0.376635932304));
#3031 = CARTESIAN_POINT('',(5.249141023797,0.382857777099));
#3032 = CARTESIAN_POINT('',(5.249373120901,0.389079355397));
#3033 = CARTESIAN_POINT('',(5.249685501656,0.395300814466));
#3034 = CARTESIAN_POINT('',(5.250060667358,0.40152231274));
#3035 = CARTESIAN_POINT('',(5.250470385348,0.40774393882));
#3036 = CARTESIAN_POINT('',(5.251175827781,0.418465263848));
#3037 = CARTESIAN_POINT('',(5.251471602338,0.422965007373));
#3038 = CARTESIAN_POINT('',(5.251754396732,0.427464861975));
#3039 = CARTESIAN_POINT('',(5.252009051845,0.431964853745));
#3040 = CARTESIAN_POINT('',(5.252219814637,0.436465016169));
#3041 = CARTESIAN_POINT('',(5.252372215968,0.440965375079));
#3042 = CARTESIAN_POINT('',(5.252454948422,0.445465933597));
#3043 = CARTESIAN_POINT('',(5.252467626859,0.453862721854));
#3044 = CARTESIAN_POINT('',(5.25241666601,0.457758937624));
#3045 = CARTESIAN_POINT('',(5.252305230549,0.461655286337));
#3046 = CARTESIAN_POINT('',(5.252132696532,0.465551757359));
#3047 = CARTESIAN_POINT('',(5.251903126196,0.469448342121));
#3048 = CARTESIAN_POINT('',(5.251626947044,0.473345028763));
#3049 = CARTESIAN_POINT('',(5.251322630927,0.477241796776));
#3050 = CARTESIAN_POINT('',(5.250832926687,0.483513737176));
#3051 = CARTESIAN_POINT('',(5.250647530693,0.485888884561));
#3052 = CARTESIAN_POINT('',(5.25046856431,0.488264048232));
#3053 = CARTESIAN_POINT('',(5.250303819077,0.490639223634));
#3054 = CARTESIAN_POINT('',(5.25016263783,0.493014406999));
#3055 = CARTESIAN_POINT('',(5.250056053636,0.495389595127));
#3056 = CARTESIAN_POINT('',(5.249996928718,0.497764785158));
#3057 = CARTESIAN_POINT('',(5.250003233256,0.502496553872));
#3058 = CARTESIAN_POINT('',(5.250066465321,0.504853134419));
#3059 = CARTESIAN_POINT('',(5.250175374278,0.507209713032));
#3060 = CARTESIAN_POINT('',(5.25031750125,0.509566286722));
#3061 = CARTESIAN_POINT('',(5.250482185219,0.511922852248));
#3062 = CARTESIAN_POINT('',(5.250660404458,0.514279405903));
#3063 = CARTESIAN_POINT('',(5.250844617963,0.516635943293));
#3064 = CARTESIAN_POINT('',(5.251272625075,0.52211782517));
#3065 = CARTESIAN_POINT('',(5.251516239083,0.525243157768));
#3066 = CARTESIAN_POINT('',(5.251744975866,0.528368441688));
#3067 = CARTESIAN_POINT('',(5.251948408497,0.531493666378));
#3068 = CARTESIAN_POINT('',(5.252119580899,0.53461882427));
#3069 = CARTESIAN_POINT('',(5.252254432598,0.537743909084));
#3070 = CARTESIAN_POINT('',(5.252351223453,0.540868914132));
#3071 = CARTESIAN_POINT('',(5.252627826369,0.555585211287));
#3072 = CARTESIAN_POINT('',(5.252322588807,0.567177667229));
#3073 = CARTESIAN_POINT('',(5.25149384159,0.578767570077));
#3074 = CARTESIAN_POINT('',(5.250493347581,0.590355212874));
#3075 = CARTESIAN_POINT('',(5.249650099425,0.601942356533));
#3076 = CARTESIAN_POINT('',(5.249123794935,0.613530891584));
#3077 = CARTESIAN_POINT('',(5.248911472278,0.625121450369));
#3078 = CARTESIAN_POINT('',(5.248946056418,0.644597190991));
#3079 = CARTESIAN_POINT('',(5.249067615695,0.65248444146));
#3080 = CARTESIAN_POINT('',(5.249271625723,0.660372155136));
#3081 = CARTESIAN_POINT('',(5.249512799524,0.668260312943));
#3082 = CARTESIAN_POINT('',(5.249740764753,0.676149042246));
#3083 = CARTESIAN_POINT('',(5.249912217252,0.684038397905));
#3084 = CARTESIAN_POINT('',(5.250000130789,0.691928160002));
#3085 = CARTESIAN_POINT('',(5.249999907411,0.708274973532));
#3086 = CARTESIAN_POINT('',(5.249898595256,0.716732845899));
#3087 = CARTESIAN_POINT('',(5.249689034305,0.725190340788));
#3088 = CARTESIAN_POINT('',(5.249392891922,0.733647141667));
#3089 = CARTESIAN_POINT('',(5.249061980957,0.742103284945));
#3090 = CARTESIAN_POINT('',(5.248770309227,0.750558887423));
#3091 = CARTESIAN_POINT('',(5.248596752577,0.759013856351));
#3092 = CARTESIAN_POINT('',(5.248599787962,0.77506238152));
#3093 = CARTESIAN_POINT('',(5.248742925481,0.782656841913));
#3094 = CARTESIAN_POINT('',(5.249068951521,0.790250610484));
#3095 = CARTESIAN_POINT('',(5.249608743797,0.797843781888));
#3096 = CARTESIAN_POINT('',(5.250366069807,0.805436707308));
#3097 = CARTESIAN_POINT('',(5.251307351503,0.813029788468));
#3098 = CARTESIAN_POINT('',(5.252357995076,0.820623256504));
#3099 = CARTESIAN_POINT('',(5.253905223861,0.831841877958));
#3100 = CARTESIAN_POINT('',(5.254404410653,0.835466939102));
#3101 = CARTESIAN_POINT('',(5.25489080811,0.83909213429));
#3102 = CARTESIAN_POINT('',(5.255350301203,0.842717486173));
#3103 = CARTESIAN_POINT('',(5.255767126392,0.84634301924));
#3104 = CARTESIAN_POINT('',(5.2561243,0.84996875414));
#3105 = CARTESIAN_POINT('',(5.256404046578,0.85359470201));
#3106 = CARTESIAN_POINT('',(5.256832890526,0.862037798158));
#3107 = CARTESIAN_POINT('',(5.256908766872,0.866855146323));
#3108 = CARTESIAN_POINT('',(5.256774360287,0.871672877683));
#3109 = CARTESIAN_POINT('',(5.256386479706,0.876490983162));
#3110 = CARTESIAN_POINT('',(5.255704659545,0.881309450791));
#3111 = CARTESIAN_POINT('',(5.254695580198,0.886128246267));
#3112 = CARTESIAN_POINT('',(5.253337488546,0.890947293527));
#3113 = CARTESIAN_POINT('',(5.249895228189,0.900632096641));
#3114 = CARTESIAN_POINT('',(5.247804322417,0.9054979154));
#3115 = CARTESIAN_POINT('',(5.245346891223,0.91036377394));
#3116 = CARTESIAN_POINT('',(5.242535289076,0.915229551537));
#3117 = CARTESIAN_POINT('',(5.239405916551,0.92009513649));
#3118 = CARTESIAN_POINT('',(5.236025902043,0.924960418209));
#3119 = CARTESIAN_POINT('',(5.232499783487,0.929825279319));
#3120 = CARTESIAN_POINT('',(5.224243814155,0.941222616214));
#3121 = CARTESIAN_POINT('',(5.21951578501,0.947754696982));
#3122 = CARTESIAN_POINT('',(5.215153213825,0.954285624926));
#3123 = CARTESIAN_POINT('',(5.211657877848,0.960815325397));
#3124 = CARTESIAN_POINT('',(5.209705748612,0.967343871369));
#3125 = CARTESIAN_POINT('',(5.210169724998,0.973871525867));
#3126 = CARTESIAN_POINT('',(5.21413157111,0.980398809681));
#3127 = CARTESIAN_POINT('',(5.225073706544,0.988560610874));
#3128 = CARTESIAN_POINT('',(5.227564426999,0.990194650711));
#3129 = CARTESIAN_POINT('',(5.230375485241,0.991828724912));
#3130 = CARTESIAN_POINT('',(5.233527930241,0.993462844542));
#3131 = CARTESIAN_POINT('',(5.237043595051,0.995097020706));
#3132 = CARTESIAN_POINT('',(5.240945096808,0.996731264544));
#3133 = CARTESIAN_POINT('',(5.245255836731,0.998365587236));
#3134 = CARTESIAN_POINT('',(5.250000000121,1.));
#3135 = ( GEOMETRIC_REPRESENTATION_CONTEXT(2) 
PARAMETRIC_REPRESENTATION_CONTEXT() REPRESENTATION_CONTEXT('2D SPACE',''
  ) );
#3136 = PCURVE('',#1023,#3137);
#3137 = DEFINITIONAL_REPRESENTATION('',(#3138),#3176);
#3138 = B_SPLINE_CURVE_WITH_KNOTS('',8,(#3139,#3140,#3141,#3142,#3143,
    #3144,#3145,#3146,#3147,#3148,#3149,#3150,#3151,#3152,#3153,#3154,
    #3155,#3156,#3157,#3158,#3159,#3160,#3161,#3162,#3163,#3164,#3165,
    #3166,#3167,#3168,#3169,#3170,#3171,#3172,#3173,#3174,#3175),
  .UNSPECIFIED.,.F.,.F.,(9,7,7,7,7,9),(0.,1.29332205823E-02,
    6.576961943308E-02,0.103826448876,0.13084578174,0.223690624767),
  .UNSPECIFIED.);
#3139 = CARTESIAN_POINT('',(6.28318530718,0.176314072083));
#3140 = CARTESIAN_POINT('',(6.29333724088,0.177930173238));
#3141 = CARTESIAN_POINT('',(6.303490209238,0.179546186333));
#3142 = CARTESIAN_POINT('',(6.313644051292,0.181162122208));
#3143 = CARTESIAN_POINT('',(6.32379862427,0.18277799167));
#3144 = CARTESIAN_POINT('',(6.333953803597,0.184393805487));
#3145 = CARTESIAN_POINT('',(6.34410948289,0.186009574391));
#3146 = CARTESIAN_POINT('',(6.35426557396,0.187625309079));
#3147 = CARTESIAN_POINT('',(6.405914327586,0.195841723978));
#3148 = CARTESIAN_POINT('',(6.447411486505,0.202441900366));
#3149 = CARTESIAN_POINT('',(6.488909665735,0.209042455825));
#3150 = CARTESIAN_POINT('',(6.53040716119,0.215643928753));
#3151 = CARTESIAN_POINT('',(6.571903626783,0.222246588296));
#3152 = CARTESIAN_POINT('',(6.61339942078,0.228850505901));
#3153 = CARTESIAN_POINT('',(6.654895054277,0.2354555996));
#3154 = CARTESIAN_POINT('',(6.72627912057,0.246819836277));
#3155 = CARTESIAN_POINT('',(6.756167674522,0.251578542933));
#3156 = CARTESIAN_POINT('',(6.786056242394,0.256337647662));
#3157 = CARTESIAN_POINT('',(6.81594485565,0.261097040364));
#3158 = CARTESIAN_POINT('',(6.845833629946,0.265856617081));
#3159 = CARTESIAN_POINT('',(6.875722656606,0.270616272879));
#3160 = CARTESIAN_POINT('',(6.905611894097,0.275375894743));
#3161 = CARTESIAN_POINT('',(6.956721568964,0.283514443798));
#3162 = CARTESIAN_POINT('',(6.977942163277,0.286893470265));
#3163 = CARTESIAN_POINT('',(6.999162787197,0.290272393892));
#3164 = CARTESIAN_POINT('',(7.02038342744,0.293651186345));
#3165 = CARTESIAN_POINT('',(7.041604092188,0.297029827796));
#3166 = CARTESIAN_POINT('',(7.062824790598,0.300408303783));
#3167 = CARTESIAN_POINT('',(7.08404551231,0.303786602072));
#3168 = CARTESIAN_POINT('',(7.178185552254,0.31877268877));
#3169 = CARTESIAN_POINT('',(7.251124886047,0.330381646607));
#3170 = CARTESIAN_POINT('',(7.324056876039,0.341987011888));
#3171 = CARTESIAN_POINT('',(7.396979985362,0.35358903052));
#3172 = CARTESIAN_POINT('',(7.46990062052,0.365189763));
#3173 = CARTESIAN_POINT('',(7.54282654385,0.376791492168));
#3174 = CARTESIAN_POINT('',(7.615761448804,0.388395559736));
#3175 = CARTESIAN_POINT('',(7.688690614347,0.4));
#3176 = ( GEOMETRIC_REPRESENTATION_CONTEXT(2) 
PARAMETRIC_REPRESENTATION_CONTEXT() REPRESENTATION_CONTEXT('2D SPACE',''
  ) );
#3177 = ORIENTED_EDGE('',*,*,#1660,.T.);
#3178 = ADVANCED_FACE('',(#3179),#1216,.T.);
#3179 = FACE_BOUND('',#3180,.T.);
#3180 = EDGE_LOOP('',(#3181,#3182,#3183,#3291,#3292));
#3181 = ORIENTED_EDGE('',*,*,#1594,.F.);
#3182 = ORIENTED_EDGE('',*,*,#1186,.F.);
#3183 = ORIENTED_EDGE('',*,*,#3184,.T.);
#3184 = EDGE_CURVE('',#1154,#2637,#3185,.T.);
#3185 = SURFACE_CURVE('',#3186,(#3219,#3255),.PCURVE_S1.);
#3186 = B_SPLINE_CURVE_WITH_KNOTS('',7,(#3187,#3188,#3189,#3190,#3191,
    #3192,#3193,#3194,#3195,#3196,#3197,#3198,#3199,#3200,#3201,#3202,
    #3203,#3204,#3205,#3206,#3207,#3208,#3209,#3210,#3211,#3212,#3213,
    #3214,#3215,#3216,#3217,#3218),.UNSPECIFIED.,.F.,.F.,(8,6,6,6,6,8),(
    0.,0.248598887635,0.501867773223,0.713761145359,0.785066221079,1.),
  .UNSPECIFIED.);
#3187 = CARTESIAN_POINT('',(-1.815340106113E-02,14.025488251894,
    0.2000001));
#3188 = CARTESIAN_POINT('',(-1.117858854303,14.033921378749,
    0.209856578518));
#3189 = CARTESIAN_POINT('',(-2.218539437347,13.941760690468,
    0.219715107183));
#3190 = CARTESIAN_POINT('',(-3.308791264308,13.748944419476,
    0.229562196599));
#3191 = CARTESIAN_POINT('',(-4.377678673358,13.457108816571,
    0.239387844072));
#3192 = CARTESIAN_POINT('',(-5.414661238061,13.069235791183,
    0.24919203737));
#3193 = CARTESIAN_POINT('',(-6.409610612378,12.589635219997,
    0.25898250252));
#3194 = CARTESIAN_POINT('',(-8.313944078151,11.448267936229,
    0.278728631109));
#3195 = CARTESIAN_POINT('',(-9.221728530333,10.783033324201,
    0.288687657467));
#3196 = CARTESIAN_POINT('',(-10.06605412384,10.034733436893,
    0.298645567489));
#3197 = CARTESIAN_POINT('',(-10.83806517825,9.210826226121,
    0.308612406437));
#3198 = CARTESIAN_POINT('',(-11.53000237286,8.319746187931,
    0.318591777052));
#3199 = CARTESIAN_POINT('',(-12.13519298058,7.370895550601,
    0.328570278248));
#3200 = CARTESIAN_POINT('',(-13.07767917464,5.5415547373,0.346862675738)
  );
#3201 = CARTESIAN_POINT('',(-13.4427002474,4.675002955334,0.355184325158
    ));
#3202 = CARTESIAN_POINT('',(-13.74028960893,3.781333282051,
    0.363485218393));
#3203 = CARTESIAN_POINT('',(-13.96817354909,2.866867329435,
    0.371756419098));
#3204 = CARTESIAN_POINT('',(-14.12479928455,1.938085263084,
    0.379996423522));
#3205 = CARTESIAN_POINT('',(-14.20934202554,1.001618508289,
    0.388223807969));
#3206 = CARTESIAN_POINT('',(-14.22605984912,-0.251152669828,
    0.39927957821));
#3207 = CARTESIAN_POINT('',(-14.22211245946,-0.566691687105,
    0.402068828258));
#3208 = CARTESIAN_POINT('',(-14.21000548356,-0.882086839119,
    0.404862020483));
#3209 = CARTESIAN_POINT('',(-14.18974472055,-1.197084899858,
    0.407656254992));
#3210 = CARTESIAN_POINT('',(-14.16134819847,-1.511433318427,
    0.410451110778));
#3211 = CARTESIAN_POINT('',(-14.12484245225,-1.82488043709,
    0.413244971041));
#3212 = CARTESIAN_POINT('',(-13.94589605146,-3.078520700123,
    0.424454169018));
#3213 = CARTESIAN_POINT('',(-13.73817478832,-4.009489655137,
    0.432857661737));
#3214 = CARTESIAN_POINT('',(-13.45812043008,-4.92306198755,
    0.441226197301));
#3215 = CARTESIAN_POINT('',(-13.10761619234,-5.812568059613,
    0.449565226051));
#3216 = CARTESIAN_POINT('',(-12.68925322686,-6.671635524544,
    0.457888171582));
#3217 = CARTESIAN_POINT('',(-12.20631366512,-7.494190415927,
    0.466205512565));
#3218 = CARTESIAN_POINT('',(-11.66289280798,-8.274512540404,
    0.474522003186));
#3219 = PCURVE('',#1216,#3220);
#3220 = DEFINITIONAL_REPRESENTATION('',(#3221),#3254);
#3221 = B_SPLINE_CURVE_WITH_KNOTS('',7,(#3222,#3223,#3224,#3225,#3226,
    #3227,#3228,#3229,#3230,#3231,#3232,#3233,#3234,#3235,#3236,#3237,
    #3238,#3239,#3240,#3241,#3242,#3243,#3244,#3245,#3246,#3247,#3248,
    #3249,#3250,#3251,#3252,#3253),.UNSPECIFIED.,.F.,.F.,(8,6,6,6,6,8),(
    0.,0.248598887635,0.501867773223,0.713761145359,0.785066221079,1.),
  .UNSPECIFIED.);
#3222 = CARTESIAN_POINT('',(2.50133078558,0.250196120607));
#3223 = CARTESIAN_POINT('',(2.519127014654,0.262675265989));
#3224 = CARTESIAN_POINT('',(2.536867011891,0.275148174517));
#3225 = CARTESIAN_POINT('',(2.554614543176,0.287610754105));
#3226 = CARTESIAN_POINT('',(2.572436419122,0.300062848074));
#3227 = CARTESIAN_POINT('',(2.590340251256,0.312505565921));
#3228 = CARTESIAN_POINT('',(2.608272077508,0.324938681171));
#3229 = CARTESIAN_POINT('',(2.644411926332,0.350010813578));
#3230 = CARTESIAN_POINT('',(2.662625342754,0.362653988558));
#3231 = CARTESIAN_POINT('',(2.680751463085,0.375283182197));
#3232 = CARTESIAN_POINT('',(2.698732465649,0.387899918459));
#3233 = CARTESIAN_POINT('',(2.71656058742,0.400506656032));
#3234 = CARTESIAN_POINT('',(2.734341304298,0.413105538028));
#3235 = CARTESIAN_POINT('',(2.767087893737,0.436223867726));
#3236 = CARTESIAN_POINT('',(2.782043233906,0.446749516372));
#3237 = CARTESIAN_POINT('',(2.797093241465,0.457268360162));
#3238 = CARTESIAN_POINT('',(2.812301250617,0.467780796441));
#3239 = CARTESIAN_POINT('',(2.827681744927,0.478287455931));
#3240 = CARTESIAN_POINT('',(2.843106565181,0.48878802785));
#3241 = CARTESIAN_POINT('',(2.863243425031,0.502811408526));
#3242 = CARTESIAN_POINT('',(2.868270388401,0.5063414925));
#3243 = CARTESIAN_POINT('',(2.873265123739,0.509870769141));
#3244 = CARTESIAN_POINT('',(2.878247225131,0.513399226174));
#3245 = CARTESIAN_POINT('',(2.883219459693,0.516926850391));
#3246 = CARTESIAN_POINT('',(2.888192698005,0.520453627007));
#3247 = CARTESIAN_POINT('',(2.908174690624,0.534607612317));
#3248 = CARTESIAN_POINT('',(2.923223060461,0.545228814236));
#3249 = CARTESIAN_POINT('',(2.938446934138,0.555840923361));
#3250 = CARTESIAN_POINT('',(2.953810292485,0.566444081816));
#3251 = CARTESIAN_POINT('',(2.969230073504,0.577039472176));
#3252 = CARTESIAN_POINT('',(2.984640306559,0.587627850886));
#3253 = CARTESIAN_POINT('',(3.,0.598207931107));
#3254 = ( GEOMETRIC_REPRESENTATION_CONTEXT(2) 
PARAMETRIC_REPRESENTATION_CONTEXT() REPRESENTATION_CONTEXT('2D SPACE',''
  ) );
#3255 = PCURVE('',#1174,#3256);
#3256 = DEFINITIONAL_REPRESENTATION('',(#3257),#3290);
#3257 = B_SPLINE_CURVE_WITH_KNOTS('',7,(#3258,#3259,#3260,#3261,#3262,
    #3263,#3264,#3265,#3266,#3267,#3268,#3269,#3270,#3271,#3272,#3273,
    #3274,#3275,#3276,#3277,#3278,#3279,#3280,#3281,#3282,#3283,#3284,
    #3285,#3286,#3287,#3288,#3289),.UNSPECIFIED.,.F.,.F.,(8,6,6,6,6,8),(
    0.,0.248598887635,0.501867773223,0.713761145359,0.785066221079,1.),
  .UNSPECIFIED.);
#3258 = CARTESIAN_POINT('',(1.57209064116,-0.2755));
#3259 = CARTESIAN_POINT('',(1.650497372969,-0.265643518762));
#3260 = CARTESIAN_POINT('',(1.728854101254,-0.255784996669));
#3261 = CARTESIAN_POINT('',(1.807136487797,-0.245937902832));
#3262 = CARTESIAN_POINT('',(1.885348864491,-0.236112253455));
#3263 = CARTESIAN_POINT('',(1.963504736765,-0.226308064213));
#3264 = CARTESIAN_POINT('',(2.041607837565,-0.21651759748));
#3265 = CARTESIAN_POINT('',(2.199125363937,-0.196771468891));
#3266 = CARTESIAN_POINT('',(2.278566296329,-0.186812442533));
#3267 = CARTESIAN_POINT('',(2.357930237756,-0.176854532511));
#3268 = CARTESIAN_POINT('',(2.437225117233,-0.166887693563));
#3269 = CARTESIAN_POINT('',(2.516460063389,-0.156908322948));
#3270 = CARTESIAN_POINT('',(2.595641927282,-0.146929821752));
#3271 = CARTESIAN_POINT('',(2.740923595871,-0.128637424262));
#3272 = CARTESIAN_POINT('',(2.807064493367,-0.120315774842));
#3273 = CARTESIAN_POINT('',(2.873155664985,-0.112014881607));
#3274 = CARTESIAN_POINT('',(2.939198701189,-0.103743680902));
#3275 = CARTESIAN_POINT('',(3.005199988609,-9.550367647847E-02));
#3276 = CARTESIAN_POINT('',(3.071161913762,-8.727629203146E-02));
#3277 = CARTESIAN_POINT('',(3.159253202565,-7.622052178999E-02));
#3278 = CARTESIAN_POINT('',(3.181428282401,-7.343127175604E-02));
#3279 = CARTESIAN_POINT('',(3.203598312437,-7.063807946966E-02));
#3280 = CARTESIAN_POINT('',(3.225763291971,-6.78438450777E-02));
#3281 = CARTESIAN_POINT('',(3.24792323947,-6.50489891773E-02));
#3282 = CARTESIAN_POINT('',(3.270078166404,-6.225512895914E-02));
#3283 = CARTESIAN_POINT('',(3.358993974167,-5.104593098161E-02));
#3284 = CARTESIAN_POINT('',(3.425720338346,-4.26424382661E-02));
#3285 = CARTESIAN_POINT('',(3.492396014069,-3.427390269509E-02));
#3286 = CARTESIAN_POINT('',(3.559023550118,-2.593487394702E-02));
#3287 = CARTESIAN_POINT('',(3.625609274602,-1.761192842425E-02));
#3288 = CARTESIAN_POINT('',(3.692154581018,-9.294587432055E-03));
#3289 = CARTESIAN_POINT('',(3.758648367203,-9.780968110682E-04));
#3290 = ( GEOMETRIC_REPRESENTATION_CONTEXT(2) 
PARAMETRIC_REPRESENTATION_CONTEXT() REPRESENTATION_CONTEXT('2D SPACE',''
  ) );
#3291 = ORIENTED_EDGE('',*,*,#2636,.T.);
#3292 = ORIENTED_EDGE('',*,*,#1736,.T.);
#3293 = ADVANCED_FACE('',(#3294),#1174,.T.);
#3294 = FACE_BOUND('',#3295,.F.);
#3295 = EDGE_LOOP('',(#3296,#3297,#3298,#3299,#3371,#3372));
#3296 = ORIENTED_EDGE('',*,*,#2667,.F.);
#3297 = ORIENTED_EDGE('',*,*,#2580,.T.);
#3298 = ORIENTED_EDGE('',*,*,#2464,.F.);
#3299 = ORIENTED_EDGE('',*,*,#3300,.F.);
#3300 = EDGE_CURVE('',#1087,#2465,#3301,.T.);
#3301 = SURFACE_CURVE('',#3302,(#3323,#3347),.PCURVE_S1.);
#3302 = B_SPLINE_CURVE_WITH_KNOTS('',7,(#3303,#3304,#3305,#3306,#3307,
    #3308,#3309,#3310,#3311,#3312,#3313,#3314,#3315,#3316,#3317,#3318,
    #3319,#3320,#3321,#3322),.UNSPECIFIED.,.F.,.F.,(8,6,6,8),(0.,
    0.451107873885,0.626430074627,1.),.UNSPECIFIED.);
#3303 = CARTESIAN_POINT('',(-1.815340106157E-02,-14.02548825189,
    0.2000001));
#3304 = CARTESIAN_POINT('',(1.100293433165,-14.04429946558,
    0.217363679546));
#3305 = CARTESIAN_POINT('',(2.220723995242,-13.95901797537,
    0.234690977363));
#3306 = CARTESIAN_POINT('',(3.33111848898,-13.76952854131,0.25195700736)
  );
#3307 = CARTESIAN_POINT('',(4.419976408287,-13.47754939959,
    0.269144674086));
#3308 = CARTESIAN_POINT('',(5.476249239929,-13.08622258298,
    0.286252339725));
#3309 = CARTESIAN_POINT('',(6.489338663656,-12.60012349322,
    0.303315943805));
#3310 = CARTESIAN_POINT('',(7.822294073897,-11.8023028445,0.32701393824)
  );
#3311 = CARTESIAN_POINT('',(8.187351782314,-11.56563641805,
    0.333647279456));
#3312 = CARTESIAN_POINT('',(8.543834181193,-11.31595160554,
    0.340284460954));
#3313 = CARTESIAN_POINT('',(8.891193131841,-11.0536346357,0.346929022251
    ));
#3314 = CARTESIAN_POINT('',(9.228904070133,-10.77909951877,
    0.353584713652));
#3315 = CARTESIAN_POINT('',(9.556465775158,-10.49278747915,
    0.360255145943));
#3316 = CARTESIAN_POINT('',(10.54871191082,-9.561006604801,
    0.381194604665));
#3317 = CARTESIAN_POINT('',(11.175818060534,-8.875461072205,
    0.395527731681));
#3318 = CARTESIAN_POINT('',(11.750031233174,-8.143097001982,
    0.409971593357));
#3319 = CARTESIAN_POINT('',(12.26733187076,-7.368913193424,
    0.424546037479));
#3320 = CARTESIAN_POINT('',(12.724263964968,-6.55825479661,
    0.439241459201));
#3321 = CARTESIAN_POINT('',(13.117917765154,-5.716789391918,
    0.453982375817));
#3322 = CARTESIAN_POINT('',(13.445961807953,-4.850513316655,
    0.468602673299));
#3323 = PCURVE('',#1174,#3324);
#3324 = DEFINITIONAL_REPRESENTATION('',(#3325),#3346);
#3325 = B_SPLINE_CURVE_WITH_KNOTS('',7,(#3326,#3327,#3328,#3329,#3330,
    #3331,#3332,#3333,#3334,#3335,#3336,#3337,#3338,#3339,#3340,#3341,
    #3342,#3343,#3344,#3345),.UNSPECIFIED.,.F.,.F.,(8,6,6,8),(0.,
    0.451107873885,0.626430074627,1.),.UNSPECIFIED.);
#3326 = CARTESIAN_POINT('',(4.711094666019,-0.2755));
#3327 = CARTESIAN_POINT('',(4.790840147108,-0.258136421961));
#3328 = CARTESIAN_POINT('',(4.870487099562,-0.240809118605));
#3329 = CARTESIAN_POINT('',(4.950008227934,-0.223543097737));
#3330 = CARTESIAN_POINT('',(5.029412458201,-0.206355422506));
#3331 = CARTESIAN_POINT('',(5.108711344459,-0.189247761292));
#3332 = CARTESIAN_POINT('',(5.187912431193,-0.172184156195));
#3333 = CARTESIAN_POINT('',(5.297717912379,-0.14848616176));
#3334 = CARTESIAN_POINT('',(5.328433093444,-0.141852820544));
#3335 = CARTESIAN_POINT('',(5.359131374339,-0.135215639046));
#3336 = CARTESIAN_POINT('',(5.389812739346,-0.128571077749));
#3337 = CARTESIAN_POINT('',(5.420477241392,-0.121915386348));
#3338 = CARTESIAN_POINT('',(5.451124828872,-0.115244954057));
#3339 = CARTESIAN_POINT('',(5.547021152101,-9.43054953348E-02));
#3340 = CARTESIAN_POINT('',(5.612213089896,-7.997236831946E-02));
#3341 = CARTESIAN_POINT('',(5.677322681171,-6.552850664317E-02));
#3342 = CARTESIAN_POINT('',(5.742351914484,-5.09540625212E-02));
#3343 = CARTESIAN_POINT('',(5.807303285389,-3.625864079891E-02));
#3344 = CARTESIAN_POINT('',(5.872178199858,-2.151772418257E-02));
#3345 = CARTESIAN_POINT('',(5.936973659709,-6.897426701306E-03));
#3346 = ( GEOMETRIC_REPRESENTATION_CONTEXT(2) 
PARAMETRIC_REPRESENTATION_CONTEXT() REPRESENTATION_CONTEXT('2D SPACE',''
  ) );
#3347 = PCURVE('',#1116,#3348);
#3348 = DEFINITIONAL_REPRESENTATION('',(#3349),#3370);
#3349 = B_SPLINE_CURVE_WITH_KNOTS('',7,(#3350,#3351,#3352,#3353,#3354,
    #3355,#3356,#3357,#3358,#3359,#3360,#3361,#3362,#3363,#3364,#3365,
    #3366,#3367,#3368,#3369),.UNSPECIFIED.,.F.,.F.,(8,6,6,8),(0.,
    0.451107873885,0.626430074627,1.),.UNSPECIFIED.);
#3350 = CARTESIAN_POINT('',(4.498669209553,0.749803878676));
#3351 = CARTESIAN_POINT('',(4.466971476886,0.762496098193));
#3352 = CARTESIAN_POINT('',(4.435401401632,0.775170849117));
#3353 = CARTESIAN_POINT('',(4.404097670837,0.787823583951));
#3354 = CARTESIAN_POINT('',(4.373188057602,0.800456037428));
#3355 = CARTESIAN_POINT('',(4.3427047541,0.813071315962));
#3356 = CARTESIAN_POINT('',(4.312421925688,0.825672077362));
#3357 = CARTESIAN_POINT('',(4.270179185356,0.84314467231));
#3358 = CARTESIAN_POINT('',(4.258334687587,0.848032465539));
#3359 = CARTESIAN_POINT('',(4.246448265787,0.85291792062));
#3360 = CARTESIAN_POINT('',(4.234496162777,0.857801075924));
#3361 = CARTESIAN_POINT('',(4.222453140243,0.862681962337));
#3362 = CARTESIAN_POINT('',(4.210294635929,0.86756057085));
#3363 = CARTESIAN_POINT('',(4.171799675381,0.882826948098));
#3364 = CARTESIAN_POINT('',(4.144976185077,0.893207042202));
#3365 = CARTESIAN_POINT('',(4.117322393501,0.903575507762));
#3366 = CARTESIAN_POINT('',(4.088700271471,0.913931850919));
#3367 = CARTESIAN_POINT('',(4.059167954949,0.924275034442));
#3368 = CARTESIAN_POINT('',(4.029227653838,0.934603587331));
#3369 = CARTESIAN_POINT('',(4.,0.944916545379));
#3370 = ( GEOMETRIC_REPRESENTATION_CONTEXT(2) 
PARAMETRIC_REPRESENTATION_CONTEXT() REPRESENTATION_CONTEXT('2D SPACE',''
  ) );
#3371 = ORIENTED_EDGE('',*,*,#1153,.T.);
#3372 = ORIENTED_EDGE('',*,*,#3184,.T.);
#3373 = ADVANCED_FACE('',(#3374),#1116,.T.);
#3374 = FACE_BOUND('',#3375,.T.);
#3375 = EDGE_LOOP('',(#3376,#3377,#3378,#3379,#3408));
#3376 = ORIENTED_EDGE('',*,*,#2516,.F.);
#3377 = ORIENTED_EDGE('',*,*,#3300,.F.);
#3378 = ORIENTED_EDGE('',*,*,#1086,.F.);
#3379 = ORIENTED_EDGE('',*,*,#3380,.T.);
#3380 = EDGE_CURVE('',#1035,#2387,#3381,.T.);
#3381 = SURFACE_CURVE('',#3382,(#3394,#3401),.PCURVE_S1.);
#3382 = ( BOUNDED_CURVE() B_SPLINE_CURVE(6,(#3383,#3384,#3385,#3386,
    #3387,#3388,#3389,#3390,#3391,#3392,#3393),.UNSPECIFIED.,.F.,.F.) 
B_SPLINE_CURVE_WITH_KNOTS((7,4,7),(0.,0.5,1.),.UNSPECIFIED.) CURVE() 
GEOMETRIC_REPRESENTATION_ITEM() RATIONAL_B_SPLINE_CURVE((1.,1.,1.,1.,1.,
1.,1.,1.,1.,1.,1.)) REPRESENTATION_ITEM('') );
#3383 = CARTESIAN_POINT('',(13.75,1.7763568394E-15,-0.623685927919));
#3384 = CARTESIAN_POINT('',(13.701445579737,7.197831642732,
    -0.540352594585));
#3385 = CARTESIAN_POINT('',(9.369136897326,14.395663285458,
    -0.457019261261));
#3386 = CARTESIAN_POINT('',(-8.16321190679E-02,18.087075014382,
    -0.373685927915));
#3387 = CARTESIAN_POINT('',(-9.244513885317,14.39566328546,
    -0.290352594581));
#3388 = CARTESIAN_POINT('',(-18.25548611468,5.06771514457E-13,
    -0.123685927919));
#3389 = CARTESIAN_POINT('',(-9.244513885318,-14.39566328546,
    4.29807387444E-02));
#3390 = CARTESIAN_POINT('',(-8.163211906721E-02,-18.08707501438,
    0.126314072078));
#3391 = CARTESIAN_POINT('',(9.369136897325,-14.39566328546,
    0.209647405424));
#3392 = CARTESIAN_POINT('',(13.701445579738,-7.197831642731,
    0.292980738748));
#3393 = CARTESIAN_POINT('',(13.75,7.004474440531E-15,0.376314072081));
#3394 = PCURVE('',#1116,#3395);
#3395 = DEFINITIONAL_REPRESENTATION('',(#3396),#3400);
#3396 = LINE('',#3397,#3398);
#3397 = CARTESIAN_POINT('',(5.,0.));
#3398 = VECTOR('',#3399,1.);
#3399 = DIRECTION('',(0.,1.));
#3400 = ( GEOMETRIC_REPRESENTATION_CONTEXT(2) 
PARAMETRIC_REPRESENTATION_CONTEXT() REPRESENTATION_CONTEXT('2D SPACE',''
  ) );
#3401 = PCURVE('',#1054,#3402);
#3402 = DEFINITIONAL_REPRESENTATION('',(#3403),#3407);
#3403 = LINE('',#3404,#3405);
#3404 = CARTESIAN_POINT('',(5.,0.));
#3405 = VECTOR('',#3406,1.);
#3406 = DIRECTION('',(0.,1.));
#3407 = ( GEOMETRIC_REPRESENTATION_CONTEXT(2) 
PARAMETRIC_REPRESENTATION_CONTEXT() REPRESENTATION_CONTEXT('2D SPACE',''
  ) );
#3408 = ORIENTED_EDGE('',*,*,#2386,.F.);
#3409 = ADVANCED_FACE('',(#3410),#1054,.T.);
#3410 = FACE_BOUND('',#3411,.T.);
#3411 = EDGE_LOOP('',(#3412,#3413,#3414,#3576));
#3412 = ORIENTED_EDGE('',*,*,#3380,.F.);
#3413 = ORIENTED_EDGE('',*,*,#1034,.F.);
#3414 = ORIENTED_EDGE('',*,*,#3415,.T.);
#3415 = EDGE_CURVE('',#1003,#2797,#3416,.T.);
#3416 = SURFACE_CURVE('',#3417,(#3468,#3522),.PCURVE_S1.);
#3417 = B_SPLINE_CURVE_WITH_KNOTS('',7,(#3418,#3419,#3420,#3421,#3422,
    #3423,#3424,#3425,#3426,#3427,#3428,#3429,#3430,#3431,#3432,#3433,
    #3434,#3435,#3436,#3437,#3438,#3439,#3440,#3441,#3442,#3443,#3444,
    #3445,#3446,#3447,#3448,#3449,#3450,#3451,#3452,#3453,#3454,#3455,
    #3456,#3457,#3458,#3459,#3460,#3461,#3462,#3463,#3464,#3465,#3466,
    #3467),.UNSPECIFIED.,.F.,.F.,(8,6,6,6,6,6,6,6,8),(0.,0.3494992906,
    0.720305374683,0.745330007841,0.778370326942,0.818412126299,
    0.867387083686,0.92721219111,1.),.UNSPECIFIED.);
#3418 = CARTESIAN_POINT('',(6.119147549727,-12.25748886455,0.1999977));
#3419 = CARTESIAN_POINT('',(6.797118027325,-11.91903443619,
    0.208797845641));
#3420 = CARTESIAN_POINT('',(7.453279107174,-11.5368157356,0.21759891965)
  );
#3421 = CARTESIAN_POINT('',(8.084185436977,-11.1125440543,0.226400629408
    ));
#3422 = CARTESIAN_POINT('',(8.686630198646,-10.64824624702,
    0.235203452631));
#3423 = CARTESIAN_POINT('',(9.257620118335,-10.14622887707,
    0.244007939917));
#3424 = CARTESIAN_POINT('',(9.794377329464,-9.609077268736,
    0.252814086512));
#3425 = CARTESIAN_POINT('',(10.824840168352,-8.435589639062,
    0.270964348882));
#3426 = CARTESIAN_POINT('',(11.313983142426,-7.79513859552,
    0.280309530965));
#3427 = CARTESIAN_POINT('',(11.758747102486,-7.121793433247,
    0.289654817124));
#3428 = CARTESIAN_POINT('',(12.156524234034,-6.419264063886,
    0.298999557105));
#3429 = CARTESIAN_POINT('',(12.505095520695,-5.691476240047,
    0.308343031652));
#3430 = CARTESIAN_POINT('',(12.802630312135,-4.942567089125,
    0.317684429039));
#3431 = CARTESIAN_POINT('',(13.064278741653,-4.125235095959,
    0.327653178935));
#3432 = CARTESIAN_POINT('',(13.080581575341,-4.073486441288,
    0.328283397945));
#3433 = CARTESIAN_POINT('',(13.096645262809,-4.021662626003,
    0.328913606188));
#3434 = CARTESIAN_POINT('',(13.112469389167,-3.969764974352,0.3295438037
    ));
#3435 = CARTESIAN_POINT('',(13.128053548579,-3.917794813769,
    0.330173990532));
#3436 = CARTESIAN_POINT('',(13.143397344253,-3.86575347487,
    0.330804166757));
#3437 = CARTESIAN_POINT('',(13.17844111631,-3.744839279729,
    0.332266347706));
#3438 = CARTESIAN_POINT('',(13.19796216065,-3.675914513465,
    0.333098344616));
#3439 = CARTESIAN_POINT('',(13.217062628977,-3.60687106244,
    0.333930323406));
#3440 = CARTESIAN_POINT('',(13.235741656548,-3.53771200621,
    0.334762284352));
#3441 = CARTESIAN_POINT('',(13.253998406369,-3.468440434109,
    0.335594227793));
#3442 = CARTESIAN_POINT('',(13.271832069199,-3.399059445249,
    0.336426154131));
#3443 = CARTESIAN_POINT('',(13.310340918002,-3.245359995948,
    0.33826626116));
#3444 = CARTESIAN_POINT('',(13.330817429053,-3.160991707539,
    0.339274434054));
#3445 = CARTESIAN_POINT('',(13.350670005398,-3.076472816469,
    0.340282583346));
#3446 = CARTESIAN_POINT('',(13.369897316627,-2.991808878298,
    0.341290710014));
#3447 = CARTESIAN_POINT('',(13.388498093213,-2.907005470972,
    0.342298815179));
#3448 = CARTESIAN_POINT('',(13.406471126515,-2.822068194828,
    0.343306900106));
#3449 = CARTESIAN_POINT('',(13.445028816664,-2.632959387984,
    0.345547927637));
#3450 = CARTESIAN_POINT('',(13.465301568054,-2.528724254202,
    0.346780860897));
#3451 = CARTESIAN_POINT('',(13.484631421285,-2.424307557474,
    0.348013768569));
#3452 = CARTESIAN_POINT('',(13.503016415859,-2.319719641406,
    0.349246653548));
#3453 = CARTESIAN_POINT('',(13.520454732447,-2.214970906981,
    0.350479519038));
#3454 = CARTESIAN_POINT('',(13.536944692883,-2.11007181256,
    0.351712368553));
#3455 = CARTESIAN_POINT('',(13.571467649477,-1.876723098329,
    0.354451172061));
#3456 = CARTESIAN_POINT('',(13.589033141998,-1.748204665311,
    0.355957119972));
#3457 = CARTESIAN_POINT('',(13.605178428124,-1.619496734711,
    0.35746305667));
#3458 = CARTESIAN_POINT('',(13.619901037374,-1.490618629202,
    0.358968989685));
#3459 = CARTESIAN_POINT('',(13.63319883839,-1.361589834248,
    0.360474927051));
#3460 = CARTESIAN_POINT('',(13.645070038943,-1.232429998103,
    0.361980877311));
#3461 = CARTESIAN_POINT('',(13.668219118606,-0.945877849126,
    0.365319130674));
#3462 = CARTESIAN_POINT('',(13.678811138282,-0.78843216465,
    0.367151443864));
#3463 = CARTESIAN_POINT('',(13.687286588276,-0.630857537121,
    0.368983805593));
#3464 = CARTESIAN_POINT('',(13.693643681681,-0.473190117524,
    0.370816232483));
#3465 = CARTESIAN_POINT('',(13.697881501371,-0.3154665491,0.372648741272
    ));
#3466 = CARTESIAN_POINT('',(13.7,-0.157723967343,0.374481348815));
#3467 = CARTESIAN_POINT('',(13.7,-1.7763568394E-15,0.376314072081));
#3468 = PCURVE('',#1054,#3469);
#3469 = DEFINITIONAL_REPRESENTATION('',(#3470),#3521);
#3470 = B_SPLINE_CURVE_WITH_KNOTS('',7,(#3471,#3472,#3473,#3474,#3475,
    #3476,#3477,#3478,#3479,#3480,#3481,#3482,#3483,#3484,#3485,#3486,
    #3487,#3488,#3489,#3490,#3491,#3492,#3493,#3494,#3495,#3496,#3497,
    #3498,#3499,#3500,#3501,#3502,#3503,#3504,#3505,#3506,#3507,#3508,
    #3509,#3510,#3511,#3512,#3513,#3514,#3515,#3516,#3517,#3518,#3519,
    #3520),.UNSPECIFIED.,.F.,.F.,(8,6,6,6,6,6,6,6,8),(0.,0.3494992906,
    0.720305374683,0.745330007841,0.778370326942,0.818412126299,
    0.867387083686,0.92721219111,1.),.UNSPECIFIED.);
#3471 = CARTESIAN_POINT('',(5.252782095266,0.823683627917));
#3472 = CARTESIAN_POINT('',(5.253983166966,0.832483773557));
#3473 = CARTESIAN_POINT('',(5.255244556472,0.841284847566));
#3474 = CARTESIAN_POINT('',(5.256401974811,0.850086557325));
#3475 = CARTESIAN_POINT('',(5.257213754936,0.858889380548));
#3476 = CARTESIAN_POINT('',(5.257367944067,0.867693867833));
#3477 = CARTESIAN_POINT('',(5.256557470013,0.876500014428));
#3478 = CARTESIAN_POINT('',(5.252571383575,0.894650276799));
#3479 = CARTESIAN_POINT('',(5.249254499346,0.903995458881));
#3480 = CARTESIAN_POINT('',(5.244482147372,0.913340745041));
#3481 = CARTESIAN_POINT('',(5.238253828575,0.922685485023));
#3482 = CARTESIAN_POINT('',(5.23093893245,0.93202895957));
#3483 = CARTESIAN_POINT('',(5.223573878629,0.941370356957));
#3484 = CARTESIAN_POINT('',(5.217683634534,0.951339106853));
#3485 = CARTESIAN_POINT('',(5.217319661588,0.951969325862));
#3486 = CARTESIAN_POINT('',(5.216964682801,0.952599534106));
#3487 = CARTESIAN_POINT('',(5.21661929907,0.953229731618));
#3488 = CARTESIAN_POINT('',(5.216284129519,0.95385991845));
#3489 = CARTESIAN_POINT('',(5.215959811497,0.954490094675));
#3490 = CARTESIAN_POINT('',(5.215233992629,0.955952275624));
#3491 = CARTESIAN_POINT('',(5.21484104481,0.956784272533));
#3492 = CARTESIAN_POINT('',(5.214469665589,0.957616251324));
#3493 = CARTESIAN_POINT('',(5.214121421361,0.95844821227));
#3494 = CARTESIAN_POINT('',(5.213797936453,0.959280155711));
#3495 = CARTESIAN_POINT('',(5.213500893123,0.960112082049));
#3496 = CARTESIAN_POINT('',(5.212906196306,0.961952189078));
#3497 = CARTESIAN_POINT('',(5.212621753764,0.962960361972));
#3498 = CARTESIAN_POINT('',(5.212381800939,0.963968511264));
#3499 = CARTESIAN_POINT('',(5.212189565619,0.964976637932));
#3500 = CARTESIAN_POINT('',(5.21204840637,0.965984743097));
#3501 = CARTESIAN_POINT('',(5.211961812541,0.966992828024));
#3502 = CARTESIAN_POINT('',(5.211898658204,0.969233855555));
#3503 = CARTESIAN_POINT('',(5.211950958608,0.970466788815));
#3504 = CARTESIAN_POINT('',(5.212096929123,0.971699696487));
#3505 = CARTESIAN_POINT('',(5.21234349736,0.972932581466));
#3506 = CARTESIAN_POINT('',(5.212697894891,0.974165446956));
#3507 = CARTESIAN_POINT('',(5.213167657247,0.975398296472));
#3508 = CARTESIAN_POINT('',(5.214484959308,0.97813709998));
#3509 = CARTESIAN_POINT('',(5.215393139062,0.97964304789));
#3510 = CARTESIAN_POINT('',(5.216499457638,0.981148984589));
#3511 = CARTESIAN_POINT('',(5.217818897568,0.982654917603));
#3512 = CARTESIAN_POINT('',(5.219367129469,0.984160854969));
#3513 = CARTESIAN_POINT('',(5.221160512036,0.98566680523));
#3514 = CARTESIAN_POINT('',(5.225717068157,0.989005058592));
#3515 = CARTESIAN_POINT('',(5.228606156078,0.990837371782));
#3516 = CARTESIAN_POINT('',(5.231914095294,0.992669733511));
#3517 = CARTESIAN_POINT('',(5.23567307801,0.994502160401));
#3518 = CARTESIAN_POINT('',(5.239916749151,0.99633466919));
#3519 = CARTESIAN_POINT('',(5.244680206361,0.998167276733));
#3520 = CARTESIAN_POINT('',(5.25,1.));
#3521 = ( GEOMETRIC_REPRESENTATION_CONTEXT(2) 
PARAMETRIC_REPRESENTATION_CONTEXT() REPRESENTATION_CONTEXT('2D SPACE',''
  ) );
#3522 = PCURVE('',#1023,#3523);
#3523 = DEFINITIONAL_REPRESENTATION('',(#3524),#3575);
#3524 = B_SPLINE_CURVE_WITH_KNOTS('',7,(#3525,#3526,#3527,#3528,#3529,
    #3530,#3531,#3532,#3533,#3534,#3535,#3536,#3537,#3538,#3539,#3540,
    #3541,#3542,#3543,#3544,#3545,#3546,#3547,#3548,#3549,#3550,#3551,
    #3552,#3553,#3554,#3555,#3556,#3557,#3558,#3559,#3560,#3561,#3562,
    #3563,#3564,#3565,#3566,#3567,#3568,#3569,#3570,#3571,#3572,#3573,
    #3574),.UNSPECIFIED.,.F.,.F.,(8,6,6,6,6,6,6,6,8),(1.361659169757E-05
    ,0.3494992906,0.720305374683,0.745330007841,0.778370326942,
    0.818412126299,0.867387083686,0.92721219111,1.),.UNSPECIFIED.);
#3525 = CARTESIAN_POINT('',(5.175425125421,9.999325711811E-08));
#3526 = CARTESIAN_POINT('',(5.23073368644,8.799902994754E-03));
#3527 = CARTESIAN_POINT('',(5.286044736181,1.760063423511E-02));
#3528 = CARTESIAN_POINT('',(5.34135398128,2.640200125049E-02));
#3529 = CARTESIAN_POINT('',(5.396662104009,3.520448170746E-02));
#3530 = CARTESIAN_POINT('',(5.451971426799,4.400862609654E-02));
#3531 = CARTESIAN_POINT('',(5.507282557416,5.281442962293E-02));
#3532 = CARTESIAN_POINT('',(5.621273570371,7.096434888217E-02));
#3533 = CARTESIAN_POINT('',(5.679959378957,8.030953096459E-02));
#3534 = CARTESIAN_POINT('',(5.738642000341,8.965481712448E-02));
#3535 = CARTESIAN_POINT('',(5.797322584103,9.899955710548E-02));
#3536 = CARTESIAN_POINT('',(5.856003816384,0.108343031652));
#3537 = CARTESIAN_POINT('',(5.914687524113,0.117684429039));
#3538 = CARTESIAN_POINT('',(5.977329189984,0.127653178935));
#3539 = CARTESIAN_POINT('',(5.981289434375,0.128283397945));
#3540 = CARTESIAN_POINT('',(5.985249683166,0.128913606188));
#3541 = CARTESIAN_POINT('',(5.989209936512,0.1295438037));
#3542 = CARTESIAN_POINT('',(5.993170194538,0.130173990532));
#3543 = CARTESIAN_POINT('',(5.997130457341,0.130804166757));
#3544 = CARTESIAN_POINT('',(6.006319513204,0.132266347706));
#3545 = CARTESIAN_POINT('',(6.011548309845,0.133098344616));
#3546 = CARTESIAN_POINT('',(6.016777115091,0.133930323406));
#3547 = CARTESIAN_POINT('',(6.022005928962,0.134762284352));
#3548 = CARTESIAN_POINT('',(6.027234751321,0.135594227793));
#3549 = CARTESIAN_POINT('',(6.032463581873,0.136426154131));
#3550 = CARTESIAN_POINT('',(6.04402928674,0.13826626116));
#3551 = CARTESIAN_POINT('',(6.050366164594,0.139274434054));
#3552 = CARTESIAN_POINT('',(6.056703052982,0.140282583346));
#3553 = CARTESIAN_POINT('',(6.063039950553,0.141290710014));
#3554 = CARTESIAN_POINT('',(6.069376855352,0.142298815179));
#3555 = CARTESIAN_POINT('',(6.07571376482,0.143306900106));
#3556 = CARTESIAN_POINT('',(6.089801325104,0.145547927637));
#3557 = CARTESIAN_POINT('',(6.097551976364,0.146780860897));
#3558 = CARTESIAN_POINT('',(6.105302623977,0.148013768569));
#3559 = CARTESIAN_POINT('',(6.113053259991,0.149246653548));
#3560 = CARTESIAN_POINT('',(6.120803874096,0.150479519038));
#3561 = CARTESIAN_POINT('',(6.128554453625,0.151712368553));
#3562 = CARTESIAN_POINT('',(6.145772603533,0.154451172061));
#3563 = CARTESIAN_POINT('',(6.155240148048,0.155957119972));
#3564 = CARTESIAN_POINT('',(6.164707590533,0.15746305667));
#3565 = CARTESIAN_POINT('',(6.174174895202,0.158968989685));
#3566 = CARTESIAN_POINT('',(6.183642017046,0.160474927051));
#3567 = CARTESIAN_POINT('',(6.19310890183,0.161980877311));
#3568 = CARTESIAN_POINT('',(6.214093257751,0.165319130674));
#3569 = CARTESIAN_POINT('',(6.225610579256,0.167151443864));
#3570 = CARTESIAN_POINT('',(6.23712733911,0.168983805593));
#3571 = CARTESIAN_POINT('',(6.248643390817,0.170816232483));
#3572 = CARTESIAN_POINT('',(6.260158552886,0.172648741272));
#3573 = CARTESIAN_POINT('',(6.271672608833,0.174481348815));
#3574 = CARTESIAN_POINT('',(6.28318530718,0.176314072081));
#3575 = ( GEOMETRIC_REPRESENTATION_CONTEXT(2) 
PARAMETRIC_REPRESENTATION_CONTEXT() REPRESENTATION_CONTEXT('2D SPACE',''
  ) );
#3576 = ORIENTED_EDGE('',*,*,#2796,.F.);
#3577 = ADVANCED_FACE('',(#3578),#1023,.T.);
#3578 = FACE_BOUND('',#3579,.T.);
#3579 = EDGE_LOOP('',(#3580,#3581,#3582,#3583,#3584,#3585));
#3580 = ORIENTED_EDGE('',*,*,#3415,.F.);
#3581 = ORIENTED_EDGE('',*,*,#1000,.F.);
#3582 = ORIENTED_EDGE('',*,*,#1305,.F.);
#3583 = ORIENTED_EDGE('',*,*,#1333,.T.);
#3584 = ORIENTED_EDGE('',*,*,#1714,.F.);
#3585 = ORIENTED_EDGE('',*,*,#2817,.F.);
#3586 = ADVANCED_FACE('',(#3587),#964,.T.);
#3587 = FACE_BOUND('',#3588,.T.);
#3588 = EDGE_LOOP('',(#3589,#3620,#3639,#3640));
#3589 = ORIENTED_EDGE('',*,*,#3590,.T.);
#3590 = EDGE_CURVE('',#3591,#3593,#3595,.T.);
#3591 = VERTEX_POINT('',#3592);
#3592 = CARTESIAN_POINT('',(-14.58735411238,-6.5,0.));
#3593 = VERTEX_POINT('',#3594);
#3594 = CARTESIAN_POINT('',(14.587354112381,-6.5,0.));
#3595 = SURFACE_CURVE('',#3596,(#3601,#3608),.PCURVE_S1.);
#3596 = CIRCLE('',#3597,15.97);
#3597 = AXIS2_PLACEMENT_3D('',#3598,#3599,#3600);
#3598 = CARTESIAN_POINT('',(0.,0.,0.));
#3599 = DIRECTION('',(0.,0.,1.));
#3600 = DIRECTION('',(1.,0.,-0.));
#3601 = PCURVE('',#964,#3602);
#3602 = DEFINITIONAL_REPRESENTATION('',(#3603),#3607);
#3603 = LINE('',#3604,#3605);
#3604 = CARTESIAN_POINT('',(0.,1.));
#3605 = VECTOR('',#3606,1.);
#3606 = DIRECTION('',(1.,0.));
#3607 = ( GEOMETRIC_REPRESENTATION_CONTEXT(2) 
PARAMETRIC_REPRESENTATION_CONTEXT() REPRESENTATION_CONTEXT('2D SPACE',''
  ) );
#3608 = PCURVE('',#3609,#3614);
#3609 = PLANE('',#3610);
#3610 = AXIS2_PLACEMENT_3D('',#3611,#3612,#3613);
#3611 = CARTESIAN_POINT('',(0.,0.,0.));
#3612 = DIRECTION('',(0.,0.,1.));
#3613 = DIRECTION('',(1.,0.,-0.));
#3614 = DEFINITIONAL_REPRESENTATION('',(#3615),#3619);
#3615 = CIRCLE('',#3616,15.97);
#3616 = AXIS2_PLACEMENT_2D('',#3617,#3618);
#3617 = CARTESIAN_POINT('',(0.,0.));
#3618 = DIRECTION('',(1.,0.));
#3619 = ( GEOMETRIC_REPRESENTATION_CONTEXT(2) 
PARAMETRIC_REPRESENTATION_CONTEXT() REPRESENTATION_CONTEXT('2D SPACE',''
  ) );
#3620 = ORIENTED_EDGE('',*,*,#3621,.T.);
#3621 = EDGE_CURVE('',#3593,#948,#3622,.T.);
#3622 = SURFACE_CURVE('',#3623,(#3627,#3633),.PCURVE_S1.);
#3623 = LINE('',#3624,#3625);
#3624 = CARTESIAN_POINT('',(14.587354112381,-6.5,-1.));
#3625 = VECTOR('',#3626,1.);
#3626 = DIRECTION('',(0.,0.,1.));
#3627 = PCURVE('',#964,#3628);
#3628 = DEFINITIONAL_REPRESENTATION('',(#3629),#3632);
#3629 = B_SPLINE_CURVE_WITH_KNOTS('',1,(#3630,#3631),.UNSPECIFIED.,.F.,
  .F.,(2,2),(-2.400000000069E-06,1.2000024),.PIECEWISE_BEZIER_KNOTS.);
#3630 = CARTESIAN_POINT('',(5.864003592166,-2.400000000069E-06));
#3631 = CARTESIAN_POINT('',(5.864003592166,1.2000024));
#3632 = ( GEOMETRIC_REPRESENTATION_CONTEXT(2) 
PARAMETRIC_REPRESENTATION_CONTEXT() REPRESENTATION_CONTEXT('2D SPACE',''
  ) );
#3633 = PCURVE('',#215,#3634);
#3634 = DEFINITIONAL_REPRESENTATION('',(#3635),#3638);
#3635 = B_SPLINE_CURVE_WITH_KNOTS('',1,(#3636,#3637),.UNSPECIFIED.,.F.,
  .F.,(2,2),(-2.400000000069E-06,1.2000024),.PIECEWISE_BEZIER_KNOTS.);
#3636 = CARTESIAN_POINT('',(-2.400000000069E-06,1.787354112381));
#3637 = CARTESIAN_POINT('',(1.2000024,1.787354112381));
#3638 = ( GEOMETRIC_REPRESENTATION_CONTEXT(2) 
PARAMETRIC_REPRESENTATION_CONTEXT() REPRESENTATION_CONTEXT('2D SPACE',''
  ) );
#3639 = ORIENTED_EDGE('',*,*,#947,.F.);
#3640 = ORIENTED_EDGE('',*,*,#3641,.F.);
#3641 = EDGE_CURVE('',#3591,#925,#3642,.T.);
#3642 = SURFACE_CURVE('',#3643,(#3647,#3653),.PCURVE_S1.);
#3643 = LINE('',#3644,#3645);
#3644 = CARTESIAN_POINT('',(-14.58735411238,-6.5,-1.));
#3645 = VECTOR('',#3646,1.);
#3646 = DIRECTION('',(0.,0.,1.));
#3647 = PCURVE('',#964,#3648);
#3648 = DEFINITIONAL_REPRESENTATION('',(#3649),#3652);
#3649 = B_SPLINE_CURVE_WITH_KNOTS('',1,(#3650,#3651),.UNSPECIFIED.,.F.,
  .F.,(2,2),(-2.400000000069E-06,1.2000024),.PIECEWISE_BEZIER_KNOTS.);
#3650 = CARTESIAN_POINT('',(3.560774368603,-2.400000000069E-06));
#3651 = CARTESIAN_POINT('',(3.560774368603,1.2000024));
#3652 = ( GEOMETRIC_REPRESENTATION_CONTEXT(2) 
PARAMETRIC_REPRESENTATION_CONTEXT() REPRESENTATION_CONTEXT('2D SPACE',''
  ) );
#3653 = PCURVE('',#158,#3654);
#3654 = DEFINITIONAL_REPRESENTATION('',(#3655),#3658);
#3655 = B_SPLINE_CURVE_WITH_KNOTS('',1,(#3656,#3657),.UNSPECIFIED.,.F.,
  .F.,(2,2),(-2.400000000069E-06,1.2000024),.PIECEWISE_BEZIER_KNOTS.);
#3656 = CARTESIAN_POINT('',(-2.400000000069E-06,1.382645887619));
#3657 = CARTESIAN_POINT('',(1.2000024,1.382645887619));
#3658 = ( GEOMETRIC_REPRESENTATION_CONTEXT(2) 
PARAMETRIC_REPRESENTATION_CONTEXT() REPRESENTATION_CONTEXT('2D SPACE',''
  ) );
#3659 = ADVANCED_FACE('',(#3660,#3831),#3609,.F.);
#3660 = FACE_BOUND('',#3661,.F.);
#3661 = EDGE_LOOP('',(#3662,#3683,#3716,#3737,#3761,#3782,#3811,#3830));
#3662 = ORIENTED_EDGE('',*,*,#3663,.T.);
#3663 = EDGE_CURVE('',#3593,#3664,#3666,.T.);
#3664 = VERTEX_POINT('',#3665);
#3665 = CARTESIAN_POINT('',(14.806042685336,-6.5,0.));
#3666 = SURFACE_CURVE('',#3667,(#3671,#3677),.PCURVE_S1.);
#3667 = LINE('',#3668,#3669);
#3668 = CARTESIAN_POINT('',(6.4,-6.5,0.));
#3669 = VECTOR('',#3670,1.);
#3670 = DIRECTION('',(1.,0.,-0.));
#3671 = PCURVE('',#3609,#3672);
#3672 = DEFINITIONAL_REPRESENTATION('',(#3673),#3676);
#3673 = B_SPLINE_CURVE_WITH_KNOTS('',1,(#3674,#3675),.UNSPECIFIED.,.F.,
  .F.,(2,2),(8.187354112381,9.77),.PIECEWISE_BEZIER_KNOTS.);
#3674 = CARTESIAN_POINT('',(14.587354112381,-6.5));
#3675 = CARTESIAN_POINT('',(16.17,-6.5));
#3676 = ( GEOMETRIC_REPRESENTATION_CONTEXT(2) 
PARAMETRIC_REPRESENTATION_CONTEXT() REPRESENTATION_CONTEXT('2D SPACE',''
  ) );
#3677 = PCURVE('',#215,#3678);
#3678 = DEFINITIONAL_REPRESENTATION('',(#3679),#3682);
#3679 = B_SPLINE_CURVE_WITH_KNOTS('',1,(#3680,#3681),.UNSPECIFIED.,.F.,
  .F.,(2,2),(8.187354112381,9.77),.PIECEWISE_BEZIER_KNOTS.);
#3680 = CARTESIAN_POINT('',(1.,1.787354112381));
#3681 = CARTESIAN_POINT('',(1.,3.37));
#3682 = ( GEOMETRIC_REPRESENTATION_CONTEXT(2) 
PARAMETRIC_REPRESENTATION_CONTEXT() REPRESENTATION_CONTEXT('2D SPACE',''
  ) );
#3683 = ORIENTED_EDGE('',*,*,#3684,.F.);
#3684 = EDGE_CURVE('',#3685,#3664,#3687,.T.);
#3685 = VERTEX_POINT('',#3686);
#3686 = CARTESIAN_POINT('',(14.806042685336,6.5,0.));
#3687 = SURFACE_CURVE('',#3688,(#3693,#3704),.PCURVE_S1.);
#3688 = CIRCLE('',#3689,16.17);
#3689 = AXIS2_PLACEMENT_3D('',#3690,#3691,#3692);
#3690 = CARTESIAN_POINT('',(0.,0.,0.));
#3691 = DIRECTION('',(0.,0.,-1.));
#3692 = DIRECTION('',(0.915648898289,0.401978973408,0.));
#3693 = PCURVE('',#3609,#3694);
#3694 = DEFINITIONAL_REPRESENTATION('',(#3695),#3703);
#3695 = ( BOUNDED_CURVE() B_SPLINE_CURVE(2,(#3696,#3697,#3698,#3699,
#3700,#3701,#3702),.UNSPECIFIED.,.T.,.F.) B_SPLINE_CURVE_WITH_KNOTS((1,2
    ,2,2,2,1),(-2.094395102393,0.,2.094395102393,4.188790204786,
6.28318530718,8.377580409573),.UNSPECIFIED.) CURVE() 
GEOMETRIC_REPRESENTATION_ITEM() RATIONAL_B_SPLINE_CURVE((1.,0.5,1.,0.5,
1.,0.5,1.)) REPRESENTATION_ITEM('') );
#3696 = CARTESIAN_POINT('',(14.806042685336,6.5));
#3697 = CARTESIAN_POINT('',(26.064372934534,-19.14481819003));
#3698 = CARTESIAN_POINT('',(-1.773856218069,-16.07240909501));
#3699 = CARTESIAN_POINT('',(-29.61208537067,-13.));
#3700 = CARTESIAN_POINT('',(-13.03218646726,9.572409095018));
#3701 = CARTESIAN_POINT('',(3.547712436139,32.144818190036));
#3702 = CARTESIAN_POINT('',(14.806042685336,6.5));
#3703 = ( GEOMETRIC_REPRESENTATION_CONTEXT(2) 
PARAMETRIC_REPRESENTATION_CONTEXT() REPRESENTATION_CONTEXT('2D SPACE',''
  ) );
#3704 = PCURVE('',#3705,#3710);
#3705 = CYLINDRICAL_SURFACE('',#3706,16.17);
#3706 = AXIS2_PLACEMENT_3D('',#3707,#3708,#3709);
#3707 = CARTESIAN_POINT('',(0.,0.,-0.55));
#3708 = DIRECTION('',(0.,0.,1.));
#3709 = DIRECTION('',(1.,0.,-0.));
#3710 = DEFINITIONAL_REPRESENTATION('',(#3711),#3715);
#3711 = LINE('',#3712,#3713);
#3712 = CARTESIAN_POINT('',(6.696862410296,0.55));
#3713 = VECTOR('',#3714,1.);
#3714 = DIRECTION('',(-1.,-0.));
#3715 = ( GEOMETRIC_REPRESENTATION_CONTEXT(2) 
PARAMETRIC_REPRESENTATION_CONTEXT() REPRESENTATION_CONTEXT('2D SPACE',''
  ) );
#3716 = ORIENTED_EDGE('',*,*,#3717,.F.);
#3717 = EDGE_CURVE('',#3718,#3685,#3720,.T.);
#3718 = VERTEX_POINT('',#3719);
#3719 = CARTESIAN_POINT('',(14.587354112381,6.5,0.));
#3720 = SURFACE_CURVE('',#3721,(#3725,#3731),.PCURVE_S1.);
#3721 = LINE('',#3722,#3723);
#3722 = CARTESIAN_POINT('',(6.4,6.5,0.));
#3723 = VECTOR('',#3724,1.);
#3724 = DIRECTION('',(1.,0.,-0.));
#3725 = PCURVE('',#3609,#3726);
#3726 = DEFINITIONAL_REPRESENTATION('',(#3727),#3730);
#3727 = B_SPLINE_CURVE_WITH_KNOTS('',1,(#3728,#3729),.UNSPECIFIED.,.F.,
  .F.,(2,2),(8.187354112381,9.77),.PIECEWISE_BEZIER_KNOTS.);
#3728 = CARTESIAN_POINT('',(14.587354112381,6.5));
#3729 = CARTESIAN_POINT('',(16.17,6.5));
#3730 = ( GEOMETRIC_REPRESENTATION_CONTEXT(2) 
PARAMETRIC_REPRESENTATION_CONTEXT() REPRESENTATION_CONTEXT('2D SPACE',''
  ) );
#3731 = PCURVE('',#44,#3732);
#3732 = DEFINITIONAL_REPRESENTATION('',(#3733),#3736);
#3733 = B_SPLINE_CURVE_WITH_KNOTS('',1,(#3734,#3735),.UNSPECIFIED.,.F.,
  .F.,(2,2),(8.187354112381,9.77),.PIECEWISE_BEZIER_KNOTS.);
#3734 = CARTESIAN_POINT('',(1.,1.787354112381));
#3735 = CARTESIAN_POINT('',(1.,3.37));
#3736 = ( GEOMETRIC_REPRESENTATION_CONTEXT(2) 
PARAMETRIC_REPRESENTATION_CONTEXT() REPRESENTATION_CONTEXT('2D SPACE',''
  ) );
#3737 = ORIENTED_EDGE('',*,*,#3738,.T.);
#3738 = EDGE_CURVE('',#3718,#3739,#3741,.T.);
#3739 = VERTEX_POINT('',#3740);
#3740 = CARTESIAN_POINT('',(-14.58735411238,6.5,0.));
#3741 = SURFACE_CURVE('',#3742,(#3747,#3754),.PCURVE_S1.);
#3742 = CIRCLE('',#3743,15.97);
#3743 = AXIS2_PLACEMENT_3D('',#3744,#3745,#3746);
#3744 = CARTESIAN_POINT('',(0.,0.,0.));
#3745 = DIRECTION('',(0.,0.,1.));
#3746 = DIRECTION('',(1.,0.,-0.));
#3747 = PCURVE('',#3609,#3748);
#3748 = DEFINITIONAL_REPRESENTATION('',(#3749),#3753);
#3749 = CIRCLE('',#3750,15.97);
#3750 = AXIS2_PLACEMENT_2D('',#3751,#3752);
#3751 = CARTESIAN_POINT('',(0.,0.));
#3752 = DIRECTION('',(1.,0.));
#3753 = ( GEOMETRIC_REPRESENTATION_CONTEXT(2) 
PARAMETRIC_REPRESENTATION_CONTEXT() REPRESENTATION_CONTEXT('2D SPACE',''
  ) );
#3754 = PCURVE('',#861,#3755);
#3755 = DEFINITIONAL_REPRESENTATION('',(#3756),#3760);
#3756 = LINE('',#3757,#3758);
#3757 = CARTESIAN_POINT('',(0.,1.));
#3758 = VECTOR('',#3759,1.);
#3759 = DIRECTION('',(1.,0.));
#3760 = ( GEOMETRIC_REPRESENTATION_CONTEXT(2) 
PARAMETRIC_REPRESENTATION_CONTEXT() REPRESENTATION_CONTEXT('2D SPACE',''
  ) );
#3761 = ORIENTED_EDGE('',*,*,#3762,.F.);
#3762 = EDGE_CURVE('',#3763,#3739,#3765,.T.);
#3763 = VERTEX_POINT('',#3764);
#3764 = CARTESIAN_POINT('',(-14.80604268533,6.5,0.));
#3765 = SURFACE_CURVE('',#3766,(#3770,#3776),.PCURVE_S1.);
#3766 = LINE('',#3767,#3768);
#3767 = CARTESIAN_POINT('',(-7.985,6.5,0.));
#3768 = VECTOR('',#3769,1.);
#3769 = DIRECTION('',(1.,0.,-0.));
#3770 = PCURVE('',#3609,#3771);
#3771 = DEFINITIONAL_REPRESENTATION('',(#3772),#3775);
#3772 = B_SPLINE_CURVE_WITH_KNOTS('',1,(#3773,#3774),.UNSPECIFIED.,.F.,
  .F.,(2,2),(-8.185,-6.602354112381),.PIECEWISE_BEZIER_KNOTS.);
#3773 = CARTESIAN_POINT('',(-16.17,6.5));
#3774 = CARTESIAN_POINT('',(-14.58735411238,6.5));
#3775 = ( GEOMETRIC_REPRESENTATION_CONTEXT(2) 
PARAMETRIC_REPRESENTATION_CONTEXT() REPRESENTATION_CONTEXT('2D SPACE',''
  ) );
#3776 = PCURVE('',#101,#3777);
#3777 = DEFINITIONAL_REPRESENTATION('',(#3778),#3781);
#3778 = B_SPLINE_CURVE_WITH_KNOTS('',1,(#3779,#3780),.UNSPECIFIED.,.F.,
  .F.,(2,2),(-8.185,-6.602354112381),.PIECEWISE_BEZIER_KNOTS.);
#3779 = CARTESIAN_POINT('',(1.,-0.2));
#3780 = CARTESIAN_POINT('',(1.,1.382645887619));
#3781 = ( GEOMETRIC_REPRESENTATION_CONTEXT(2) 
PARAMETRIC_REPRESENTATION_CONTEXT() REPRESENTATION_CONTEXT('2D SPACE',''
  ) );
#3782 = ORIENTED_EDGE('',*,*,#3783,.T.);
#3783 = EDGE_CURVE('',#3763,#3784,#3786,.T.);
#3784 = VERTEX_POINT('',#3785);
#3785 = CARTESIAN_POINT('',(-14.80604268533,-6.5,0.));
#3786 = SURFACE_CURVE('',#3787,(#3792,#3799),.PCURVE_S1.);
#3787 = CIRCLE('',#3788,16.17);
#3788 = AXIS2_PLACEMENT_3D('',#3789,#3790,#3791);
#3789 = CARTESIAN_POINT('',(0.,0.,0.));
#3790 = DIRECTION('',(0.,0.,1.));
#3791 = DIRECTION('',(1.,0.,-0.));
#3792 = PCURVE('',#3609,#3793);
#3793 = DEFINITIONAL_REPRESENTATION('',(#3794),#3798);
#3794 = CIRCLE('',#3795,16.17);
#3795 = AXIS2_PLACEMENT_2D('',#3796,#3797);
#3796 = CARTESIAN_POINT('',(0.,0.));
#3797 = DIRECTION('',(1.,0.));
#3798 = ( GEOMETRIC_REPRESENTATION_CONTEXT(2) 
PARAMETRIC_REPRESENTATION_CONTEXT() REPRESENTATION_CONTEXT('2D SPACE',''
  ) );
#3799 = PCURVE('',#3800,#3805);
#3800 = CYLINDRICAL_SURFACE('',#3801,16.17);
#3801 = AXIS2_PLACEMENT_3D('',#3802,#3803,#3804);
#3802 = CARTESIAN_POINT('',(0.,0.,-0.55));
#3803 = DIRECTION('',(0.,0.,1.));
#3804 = DIRECTION('',(1.,0.,-0.));
#3805 = DEFINITIONAL_REPRESENTATION('',(#3806),#3810);
#3806 = LINE('',#3807,#3808);
#3807 = CARTESIAN_POINT('',(0.,0.55));
#3808 = VECTOR('',#3809,1.);
#3809 = DIRECTION('',(1.,0.));
#3810 = ( GEOMETRIC_REPRESENTATION_CONTEXT(2) 
PARAMETRIC_REPRESENTATION_CONTEXT() REPRESENTATION_CONTEXT('2D SPACE',''
  ) );
#3811 = ORIENTED_EDGE('',*,*,#3812,.T.);
#3812 = EDGE_CURVE('',#3784,#3591,#3813,.T.);
#3813 = SURFACE_CURVE('',#3814,(#3818,#3824),.PCURVE_S1.);
#3814 = LINE('',#3815,#3816);
#3815 = CARTESIAN_POINT('',(-7.985,-6.5,0.));
#3816 = VECTOR('',#3817,1.);
#3817 = DIRECTION('',(1.,0.,-0.));
#3818 = PCURVE('',#3609,#3819);
#3819 = DEFINITIONAL_REPRESENTATION('',(#3820),#3823);
#3820 = B_SPLINE_CURVE_WITH_KNOTS('',1,(#3821,#3822),.UNSPECIFIED.,.F.,
  .F.,(2,2),(-8.185,-6.602354112381),.PIECEWISE_BEZIER_KNOTS.);
#3821 = CARTESIAN_POINT('',(-16.17,-6.5));
#3822 = CARTESIAN_POINT('',(-14.58735411238,-6.5));
#3823 = ( GEOMETRIC_REPRESENTATION_CONTEXT(2) 
PARAMETRIC_REPRESENTATION_CONTEXT() REPRESENTATION_CONTEXT('2D SPACE',''
  ) );
#3824 = PCURVE('',#158,#3825);
#3825 = DEFINITIONAL_REPRESENTATION('',(#3826),#3829);
#3826 = B_SPLINE_CURVE_WITH_KNOTS('',1,(#3827,#3828),.UNSPECIFIED.,.F.,
  .F.,(2,2),(-8.185,-6.602354112381),.PIECEWISE_BEZIER_KNOTS.);
#3827 = CARTESIAN_POINT('',(1.,-0.2));
#3828 = CARTESIAN_POINT('',(1.,1.382645887619));
#3829 = ( GEOMETRIC_REPRESENTATION_CONTEXT(2) 
PARAMETRIC_REPRESENTATION_CONTEXT() REPRESENTATION_CONTEXT('2D SPACE',''
  ) );
#3830 = ORIENTED_EDGE('',*,*,#3590,.T.);
#3831 = FACE_BOUND('',#3832,.F.);
#3832 = EDGE_LOOP('',(#3833));
#3833 = ORIENTED_EDGE('',*,*,#3834,.F.);
#3834 = EDGE_CURVE('',#3835,#3835,#3837,.T.);
#3835 = VERTEX_POINT('',#3836);
#3836 = CARTESIAN_POINT('',(15.47,-3.789057196562E-15,0.));
#3837 = SURFACE_CURVE('',#3838,(#3843,#3850),.PCURVE_S1.);
#3838 = CIRCLE('',#3839,15.47);
#3839 = AXIS2_PLACEMENT_3D('',#3840,#3841,#3842);
#3840 = CARTESIAN_POINT('',(0.,0.,0.));
#3841 = DIRECTION('',(0.,0.,1.));
#3842 = DIRECTION('',(1.,0.,-0.));
#3843 = PCURVE('',#3609,#3844);
#3844 = DEFINITIONAL_REPRESENTATION('',(#3845),#3849);
#3845 = CIRCLE('',#3846,15.47);
#3846 = AXIS2_PLACEMENT_2D('',#3847,#3848);
#3847 = CARTESIAN_POINT('',(0.,0.));
#3848 = DIRECTION('',(1.,0.));
#3849 = ( GEOMETRIC_REPRESENTATION_CONTEXT(2) 
PARAMETRIC_REPRESENTATION_CONTEXT() REPRESENTATION_CONTEXT('2D SPACE',''
  ) );
#3850 = PCURVE('',#3851,#3856);
#3851 = CYLINDRICAL_SURFACE('',#3852,15.47);
#3852 = AXIS2_PLACEMENT_3D('',#3853,#3854,#3855);
#3853 = CARTESIAN_POINT('',(0.,0.,-0.55));
#3854 = DIRECTION('',(0.,0.,1.));
#3855 = DIRECTION('',(1.,0.,-0.));
#3856 = DEFINITIONAL_REPRESENTATION('',(#3857),#3861);
#3857 = LINE('',#3858,#3859);
#3858 = CARTESIAN_POINT('',(0.,0.55));
#3859 = VECTOR('',#3860,1.);
#3860 = DIRECTION('',(1.,0.));
#3861 = ( GEOMETRIC_REPRESENTATION_CONTEXT(2) 
PARAMETRIC_REPRESENTATION_CONTEXT() REPRESENTATION_CONTEXT('2D SPACE',''
  ) );
#3862 = ADVANCED_FACE('',(#3863),#3851,.T.);
#3863 = FACE_BOUND('',#3864,.T.);
#3864 = EDGE_LOOP('',(#3865,#3866,#3889,#3916));
#3865 = ORIENTED_EDGE('',*,*,#3834,.F.);
#3866 = ORIENTED_EDGE('',*,*,#3867,.F.);
#3867 = EDGE_CURVE('',#3868,#3835,#3870,.T.);
#3868 = VERTEX_POINT('',#3869);
#3869 = CARTESIAN_POINT('',(15.47,-3.789057196562E-15,-0.55));
#3870 = SEAM_CURVE('',#3871,(#3875,#3882),.PCURVE_S1.);
#3871 = LINE('',#3872,#3873);
#3872 = CARTESIAN_POINT('',(15.47,-3.789057196562E-15,-0.55));
#3873 = VECTOR('',#3874,1.);
#3874 = DIRECTION('',(0.,0.,1.));
#3875 = PCURVE('',#3851,#3876);
#3876 = DEFINITIONAL_REPRESENTATION('',(#3877),#3881);
#3877 = LINE('',#3878,#3879);
#3878 = CARTESIAN_POINT('',(6.28318530718,-0.));
#3879 = VECTOR('',#3880,1.);
#3880 = DIRECTION('',(0.,1.));
#3881 = ( GEOMETRIC_REPRESENTATION_CONTEXT(2) 
PARAMETRIC_REPRESENTATION_CONTEXT() REPRESENTATION_CONTEXT('2D SPACE',''
  ) );
#3882 = PCURVE('',#3851,#3883);
#3883 = DEFINITIONAL_REPRESENTATION('',(#3884),#3888);
#3884 = LINE('',#3885,#3886);
#3885 = CARTESIAN_POINT('',(0.,-0.));
#3886 = VECTOR('',#3887,1.);
#3887 = DIRECTION('',(0.,1.));
#3888 = ( GEOMETRIC_REPRESENTATION_CONTEXT(2) 
PARAMETRIC_REPRESENTATION_CONTEXT() REPRESENTATION_CONTEXT('2D SPACE',''
  ) );
#3889 = ORIENTED_EDGE('',*,*,#3890,.T.);
#3890 = EDGE_CURVE('',#3868,#3868,#3891,.T.);
#3891 = SURFACE_CURVE('',#3892,(#3897,#3904),.PCURVE_S1.);
#3892 = CIRCLE('',#3893,15.47);
#3893 = AXIS2_PLACEMENT_3D('',#3894,#3895,#3896);
#3894 = CARTESIAN_POINT('',(0.,0.,-0.55));
#3895 = DIRECTION('',(0.,0.,1.));
#3896 = DIRECTION('',(1.,0.,-0.));
#3897 = PCURVE('',#3851,#3898);
#3898 = DEFINITIONAL_REPRESENTATION('',(#3899),#3903);
#3899 = LINE('',#3900,#3901);
#3900 = CARTESIAN_POINT('',(0.,0.));
#3901 = VECTOR('',#3902,1.);
#3902 = DIRECTION('',(1.,0.));
#3903 = ( GEOMETRIC_REPRESENTATION_CONTEXT(2) 
PARAMETRIC_REPRESENTATION_CONTEXT() REPRESENTATION_CONTEXT('2D SPACE',''
  ) );
#3904 = PCURVE('',#3905,#3910);
#3905 = PLANE('',#3906);
#3906 = AXIS2_PLACEMENT_3D('',#3907,#3908,#3909);
#3907 = CARTESIAN_POINT('',(0.,0.,-0.55));
#3908 = DIRECTION('',(0.,0.,1.));
#3909 = DIRECTION('',(1.,0.,-0.));
#3910 = DEFINITIONAL_REPRESENTATION('',(#3911),#3915);
#3911 = CIRCLE('',#3912,15.47);
#3912 = AXIS2_PLACEMENT_2D('',#3913,#3914);
#3913 = CARTESIAN_POINT('',(0.,0.));
#3914 = DIRECTION('',(1.,0.));
#3915 = ( GEOMETRIC_REPRESENTATION_CONTEXT(2) 
PARAMETRIC_REPRESENTATION_CONTEXT() REPRESENTATION_CONTEXT('2D SPACE',''
  ) );
#3916 = ORIENTED_EDGE('',*,*,#3867,.T.);
#3917 = ADVANCED_FACE('',(#3918,#4104),#3905,.T.);
#3918 = FACE_BOUND('',#3919,.T.);
#3919 = EDGE_LOOP('',(#3920,#3943,#3971,#3992,#4016,#4037,#4061,#4082));
#3920 = ORIENTED_EDGE('',*,*,#3921,.T.);
#3921 = EDGE_CURVE('',#3922,#3924,#3926,.T.);
#3922 = VERTEX_POINT('',#3923);
#3923 = CARTESIAN_POINT('',(14.587354112381,-6.5,-0.55));
#3924 = VERTEX_POINT('',#3925);
#3925 = CARTESIAN_POINT('',(14.806042685336,-6.5,-0.55));
#3926 = SURFACE_CURVE('',#3927,(#3931,#3937),.PCURVE_S1.);
#3927 = LINE('',#3928,#3929);
#3928 = CARTESIAN_POINT('',(6.4,-6.5,-0.55));
#3929 = VECTOR('',#3930,1.);
#3930 = DIRECTION('',(1.,0.,-0.));
#3931 = PCURVE('',#3905,#3932);
#3932 = DEFINITIONAL_REPRESENTATION('',(#3933),#3936);
#3933 = B_SPLINE_CURVE_WITH_KNOTS('',1,(#3934,#3935),.UNSPECIFIED.,.F.,
  .F.,(2,2),(8.187354112381,9.77),.PIECEWISE_BEZIER_KNOTS.);
#3934 = CARTESIAN_POINT('',(14.587354112381,-6.5));
#3935 = CARTESIAN_POINT('',(16.17,-6.5));
#3936 = ( GEOMETRIC_REPRESENTATION_CONTEXT(2) 
PARAMETRIC_REPRESENTATION_CONTEXT() REPRESENTATION_CONTEXT('2D SPACE',''
  ) );
#3937 = PCURVE('',#215,#3938);
#3938 = DEFINITIONAL_REPRESENTATION('',(#3939),#3942);
#3939 = B_SPLINE_CURVE_WITH_KNOTS('',1,(#3940,#3941),.UNSPECIFIED.,.F.,
  .F.,(2,2),(8.187354112381,9.77),.PIECEWISE_BEZIER_KNOTS.);
#3940 = CARTESIAN_POINT('',(0.45,1.787354112381));
#3941 = CARTESIAN_POINT('',(0.45,3.37));
#3942 = ( GEOMETRIC_REPRESENTATION_CONTEXT(2) 
PARAMETRIC_REPRESENTATION_CONTEXT() REPRESENTATION_CONTEXT('2D SPACE',''
  ) );
#3943 = ORIENTED_EDGE('',*,*,#3944,.F.);
#3944 = EDGE_CURVE('',#3945,#3924,#3947,.T.);
#3945 = VERTEX_POINT('',#3946);
#3946 = CARTESIAN_POINT('',(14.806042685336,6.5,-0.55));
#3947 = SURFACE_CURVE('',#3948,(#3953,#3964),.PCURVE_S1.);
#3948 = CIRCLE('',#3949,16.17);
#3949 = AXIS2_PLACEMENT_3D('',#3950,#3951,#3952);
#3950 = CARTESIAN_POINT('',(0.,0.,-0.55));
#3951 = DIRECTION('',(0.,0.,-1.));
#3952 = DIRECTION('',(0.915648898289,0.401978973408,0.));
#3953 = PCURVE('',#3905,#3954);
#3954 = DEFINITIONAL_REPRESENTATION('',(#3955),#3963);
#3955 = ( BOUNDED_CURVE() B_SPLINE_CURVE(2,(#3956,#3957,#3958,#3959,
#3960,#3961,#3962),.UNSPECIFIED.,.T.,.F.) B_SPLINE_CURVE_WITH_KNOTS((1,2
    ,2,2,2,1),(-2.094395102393,0.,2.094395102393,4.188790204786,
6.28318530718,8.377580409573),.UNSPECIFIED.) CURVE() 
GEOMETRIC_REPRESENTATION_ITEM() RATIONAL_B_SPLINE_CURVE((1.,0.5,1.,0.5,
1.,0.5,1.)) REPRESENTATION_ITEM('') );
#3956 = CARTESIAN_POINT('',(14.806042685336,6.5));
#3957 = CARTESIAN_POINT('',(26.064372934534,-19.14481819003));
#3958 = CARTESIAN_POINT('',(-1.773856218069,-16.07240909501));
#3959 = CARTESIAN_POINT('',(-29.61208537067,-13.));
#3960 = CARTESIAN_POINT('',(-13.03218646726,9.572409095018));
#3961 = CARTESIAN_POINT('',(3.547712436139,32.144818190036));
#3962 = CARTESIAN_POINT('',(14.806042685336,6.5));
#3963 = ( GEOMETRIC_REPRESENTATION_CONTEXT(2) 
PARAMETRIC_REPRESENTATION_CONTEXT() REPRESENTATION_CONTEXT('2D SPACE',''
  ) );
#3964 = PCURVE('',#3705,#3965);
#3965 = DEFINITIONAL_REPRESENTATION('',(#3966),#3970);
#3966 = LINE('',#3967,#3968);
#3967 = CARTESIAN_POINT('',(6.696862410296,0.));
#3968 = VECTOR('',#3969,1.);
#3969 = DIRECTION('',(-1.,-0.));
#3970 = ( GEOMETRIC_REPRESENTATION_CONTEXT(2) 
PARAMETRIC_REPRESENTATION_CONTEXT() REPRESENTATION_CONTEXT('2D SPACE',''
  ) );
#3971 = ORIENTED_EDGE('',*,*,#3972,.F.);
#3972 = EDGE_CURVE('',#3973,#3945,#3975,.T.);
#3973 = VERTEX_POINT('',#3974);
#3974 = CARTESIAN_POINT('',(14.587354112381,6.5,-0.55));
#3975 = SURFACE_CURVE('',#3976,(#3980,#3986),.PCURVE_S1.);
#3976 = LINE('',#3977,#3978);
#3977 = CARTESIAN_POINT('',(6.4,6.5,-0.55));
#3978 = VECTOR('',#3979,1.);
#3979 = DIRECTION('',(1.,0.,-0.));
#3980 = PCURVE('',#3905,#3981);
#3981 = DEFINITIONAL_REPRESENTATION('',(#3982),#3985);
#3982 = B_SPLINE_CURVE_WITH_KNOTS('',1,(#3983,#3984),.UNSPECIFIED.,.F.,
  .F.,(2,2),(8.187354112381,9.77),.PIECEWISE_BEZIER_KNOTS.);
#3983 = CARTESIAN_POINT('',(14.587354112381,6.5));
#3984 = CARTESIAN_POINT('',(16.17,6.5));
#3985 = ( GEOMETRIC_REPRESENTATION_CONTEXT(2) 
PARAMETRIC_REPRESENTATION_CONTEXT() REPRESENTATION_CONTEXT('2D SPACE',''
  ) );
#3986 = PCURVE('',#44,#3987);
#3987 = DEFINITIONAL_REPRESENTATION('',(#3988),#3991);
#3988 = B_SPLINE_CURVE_WITH_KNOTS('',1,(#3989,#3990),.UNSPECIFIED.,.F.,
  .F.,(2,2),(8.187354112381,9.77),.PIECEWISE_BEZIER_KNOTS.);
#3989 = CARTESIAN_POINT('',(0.45,1.787354112381));
#3990 = CARTESIAN_POINT('',(0.45,3.37));
#3991 = ( GEOMETRIC_REPRESENTATION_CONTEXT(2) 
PARAMETRIC_REPRESENTATION_CONTEXT() REPRESENTATION_CONTEXT('2D SPACE',''
  ) );
#3992 = ORIENTED_EDGE('',*,*,#3993,.T.);
#3993 = EDGE_CURVE('',#3973,#3994,#3996,.T.);
#3994 = VERTEX_POINT('',#3995);
#3995 = CARTESIAN_POINT('',(-14.58735411238,6.5,-0.55));
#3996 = SURFACE_CURVE('',#3997,(#4002,#4009),.PCURVE_S1.);
#3997 = CIRCLE('',#3998,15.97);
#3998 = AXIS2_PLACEMENT_3D('',#3999,#4000,#4001);
#3999 = CARTESIAN_POINT('',(0.,0.,-0.55));
#4000 = DIRECTION('',(0.,0.,1.));
#4001 = DIRECTION('',(1.,0.,-0.));
#4002 = PCURVE('',#3905,#4003);
#4003 = DEFINITIONAL_REPRESENTATION('',(#4004),#4008);
#4004 = CIRCLE('',#4005,15.97);
#4005 = AXIS2_PLACEMENT_2D('',#4006,#4007);
#4006 = CARTESIAN_POINT('',(0.,0.));
#4007 = DIRECTION('',(1.,0.));
#4008 = ( GEOMETRIC_REPRESENTATION_CONTEXT(2) 
PARAMETRIC_REPRESENTATION_CONTEXT() REPRESENTATION_CONTEXT('2D SPACE',''
  ) );
#4009 = PCURVE('',#73,#4010);
#4010 = DEFINITIONAL_REPRESENTATION('',(#4011),#4015);
#4011 = LINE('',#4012,#4013);
#4012 = CARTESIAN_POINT('',(0.,0.45));
#4013 = VECTOR('',#4014,1.);
#4014 = DIRECTION('',(1.,0.));
#4015 = ( GEOMETRIC_REPRESENTATION_CONTEXT(2) 
PARAMETRIC_REPRESENTATION_CONTEXT() REPRESENTATION_CONTEXT('2D SPACE',''
  ) );
#4016 = ORIENTED_EDGE('',*,*,#4017,.F.);
#4017 = EDGE_CURVE('',#4018,#3994,#4020,.T.);
#4018 = VERTEX_POINT('',#4019);
#4019 = CARTESIAN_POINT('',(-14.80604268533,6.5,-0.55));
#4020 = SURFACE_CURVE('',#4021,(#4025,#4031),.PCURVE_S1.);
#4021 = LINE('',#4022,#4023);
#4022 = CARTESIAN_POINT('',(-7.985,6.5,-0.55));
#4023 = VECTOR('',#4024,1.);
#4024 = DIRECTION('',(1.,0.,-0.));
#4025 = PCURVE('',#3905,#4026);
#4026 = DEFINITIONAL_REPRESENTATION('',(#4027),#4030);
#4027 = B_SPLINE_CURVE_WITH_KNOTS('',1,(#4028,#4029),.UNSPECIFIED.,.F.,
  .F.,(2,2),(-8.185,-6.602354112381),.PIECEWISE_BEZIER_KNOTS.);
#4028 = CARTESIAN_POINT('',(-16.17,6.5));
#4029 = CARTESIAN_POINT('',(-14.58735411238,6.5));
#4030 = ( GEOMETRIC_REPRESENTATION_CONTEXT(2) 
PARAMETRIC_REPRESENTATION_CONTEXT() REPRESENTATION_CONTEXT('2D SPACE',''
  ) );
#4031 = PCURVE('',#101,#4032);
#4032 = DEFINITIONAL_REPRESENTATION('',(#4033),#4036);
#4033 = B_SPLINE_CURVE_WITH_KNOTS('',1,(#4034,#4035),.UNSPECIFIED.,.F.,
  .F.,(2,2),(-8.185,-6.602354112381),.PIECEWISE_BEZIER_KNOTS.);
#4034 = CARTESIAN_POINT('',(0.45,-0.2));
#4035 = CARTESIAN_POINT('',(0.45,1.382645887619));
#4036 = ( GEOMETRIC_REPRESENTATION_CONTEXT(2) 
PARAMETRIC_REPRESENTATION_CONTEXT() REPRESENTATION_CONTEXT('2D SPACE',''
  ) );
#4037 = ORIENTED_EDGE('',*,*,#4038,.T.);
#4038 = EDGE_CURVE('',#4018,#4039,#4041,.T.);
#4039 = VERTEX_POINT('',#4040);
#4040 = CARTESIAN_POINT('',(-14.80604268533,-6.5,-0.55));
#4041 = SURFACE_CURVE('',#4042,(#4047,#4054),.PCURVE_S1.);
#4042 = CIRCLE('',#4043,16.17);
#4043 = AXIS2_PLACEMENT_3D('',#4044,#4045,#4046);
#4044 = CARTESIAN_POINT('',(0.,0.,-0.55));
#4045 = DIRECTION('',(0.,0.,1.));
#4046 = DIRECTION('',(1.,0.,-0.));
#4047 = PCURVE('',#3905,#4048);
#4048 = DEFINITIONAL_REPRESENTATION('',(#4049),#4053);
#4049 = CIRCLE('',#4050,16.17);
#4050 = AXIS2_PLACEMENT_2D('',#4051,#4052);
#4051 = CARTESIAN_POINT('',(0.,0.));
#4052 = DIRECTION('',(1.,0.));
#4053 = ( GEOMETRIC_REPRESENTATION_CONTEXT(2) 
PARAMETRIC_REPRESENTATION_CONTEXT() REPRESENTATION_CONTEXT('2D SPACE',''
  ) );
#4054 = PCURVE('',#3800,#4055);
#4055 = DEFINITIONAL_REPRESENTATION('',(#4056),#4060);
#4056 = LINE('',#4057,#4058);
#4057 = CARTESIAN_POINT('',(0.,0.));
#4058 = VECTOR('',#4059,1.);
#4059 = DIRECTION('',(1.,0.));
#4060 = ( GEOMETRIC_REPRESENTATION_CONTEXT(2) 
PARAMETRIC_REPRESENTATION_CONTEXT() REPRESENTATION_CONTEXT('2D SPACE',''
  ) );
#4061 = ORIENTED_EDGE('',*,*,#4062,.T.);
#4062 = EDGE_CURVE('',#4039,#4063,#4065,.T.);
#4063 = VERTEX_POINT('',#4064);
#4064 = CARTESIAN_POINT('',(-14.58735411238,-6.5,-0.55));
#4065 = SURFACE_CURVE('',#4066,(#4070,#4076),.PCURVE_S1.);
#4066 = LINE('',#4067,#4068);
#4067 = CARTESIAN_POINT('',(-7.985,-6.5,-0.55));
#4068 = VECTOR('',#4069,1.);
#4069 = DIRECTION('',(1.,0.,-0.));
#4070 = PCURVE('',#3905,#4071);
#4071 = DEFINITIONAL_REPRESENTATION('',(#4072),#4075);
#4072 = B_SPLINE_CURVE_WITH_KNOTS('',1,(#4073,#4074),.UNSPECIFIED.,.F.,
  .F.,(2,2),(-8.185,-6.602354112381),.PIECEWISE_BEZIER_KNOTS.);
#4073 = CARTESIAN_POINT('',(-16.17,-6.5));
#4074 = CARTESIAN_POINT('',(-14.58735411238,-6.5));
#4075 = ( GEOMETRIC_REPRESENTATION_CONTEXT(2) 
PARAMETRIC_REPRESENTATION_CONTEXT() REPRESENTATION_CONTEXT('2D SPACE',''
  ) );
#4076 = PCURVE('',#158,#4077);
#4077 = DEFINITIONAL_REPRESENTATION('',(#4078),#4081);
#4078 = B_SPLINE_CURVE_WITH_KNOTS('',1,(#4079,#4080),.UNSPECIFIED.,.F.,
  .F.,(2,2),(-8.185,-6.602354112381),.PIECEWISE_BEZIER_KNOTS.);
#4079 = CARTESIAN_POINT('',(0.45,-0.2));
#4080 = CARTESIAN_POINT('',(0.45,1.382645887619));
#4081 = ( GEOMETRIC_REPRESENTATION_CONTEXT(2) 
PARAMETRIC_REPRESENTATION_CONTEXT() REPRESENTATION_CONTEXT('2D SPACE',''
  ) );
#4082 = ORIENTED_EDGE('',*,*,#4083,.T.);
#4083 = EDGE_CURVE('',#4063,#3922,#4084,.T.);
#4084 = SURFACE_CURVE('',#4085,(#4090,#4097),.PCURVE_S1.);
#4085 = CIRCLE('',#4086,15.97);
#4086 = AXIS2_PLACEMENT_3D('',#4087,#4088,#4089);
#4087 = CARTESIAN_POINT('',(0.,0.,-0.55));
#4088 = DIRECTION('',(0.,0.,1.));
#4089 = DIRECTION('',(1.,0.,-0.));
#4090 = PCURVE('',#3905,#4091);
#4091 = DEFINITIONAL_REPRESENTATION('',(#4092),#4096);
#4092 = CIRCLE('',#4093,15.97);
#4093 = AXIS2_PLACEMENT_2D('',#4094,#4095);
#4094 = CARTESIAN_POINT('',(0.,0.));
#4095 = DIRECTION('',(1.,0.));
#4096 = ( GEOMETRIC_REPRESENTATION_CONTEXT(2) 
PARAMETRIC_REPRESENTATION_CONTEXT() REPRESENTATION_CONTEXT('2D SPACE',''
  ) );
#4097 = PCURVE('',#187,#4098);
#4098 = DEFINITIONAL_REPRESENTATION('',(#4099),#4103);
#4099 = LINE('',#4100,#4101);
#4100 = CARTESIAN_POINT('',(0.,0.45));
#4101 = VECTOR('',#4102,1.);
#4102 = DIRECTION('',(1.,0.));
#4103 = ( GEOMETRIC_REPRESENTATION_CONTEXT(2) 
PARAMETRIC_REPRESENTATION_CONTEXT() REPRESENTATION_CONTEXT('2D SPACE',''
  ) );
#4104 = FACE_BOUND('',#4105,.T.);
#4105 = EDGE_LOOP('',(#4106));
#4106 = ORIENTED_EDGE('',*,*,#3890,.F.);
#4107 = ADVANCED_FACE('',(#4108),#3800,.F.);
#4108 = FACE_BOUND('',#4109,.F.);
#4109 = EDGE_LOOP('',(#4110,#4111,#4130,#4131));
#4110 = ORIENTED_EDGE('',*,*,#3783,.F.);
#4111 = ORIENTED_EDGE('',*,*,#4112,.F.);
#4112 = EDGE_CURVE('',#4018,#3763,#4113,.T.);
#4113 = SURFACE_CURVE('',#4114,(#4118,#4124),.PCURVE_S1.);
#4114 = LINE('',#4115,#4116);
#4115 = CARTESIAN_POINT('',(-14.80604268533,6.5,-0.55));
#4116 = VECTOR('',#4117,1.);
#4117 = DIRECTION('',(0.,0.,1.));
#4118 = PCURVE('',#3800,#4119);
#4119 = DEFINITIONAL_REPRESENTATION('',(#4120),#4123);
#4120 = B_SPLINE_CURVE_WITH_KNOTS('',1,(#4121,#4122),.UNSPECIFIED.,.F.,
  .F.,(2,2),(-6.000000000173E-07,0.5500006),.PIECEWISE_BEZIER_KNOTS.);
#4121 = CARTESIAN_POINT('',(2.727915550474,-6.000000000173E-07));
#4122 = CARTESIAN_POINT('',(2.727915550474,0.5500006));
#4123 = ( GEOMETRIC_REPRESENTATION_CONTEXT(2) 
PARAMETRIC_REPRESENTATION_CONTEXT() REPRESENTATION_CONTEXT('2D SPACE',''
  ) );
#4124 = PCURVE('',#101,#4125);
#4125 = DEFINITIONAL_REPRESENTATION('',(#4126),#4129);
#4126 = B_SPLINE_CURVE_WITH_KNOTS('',1,(#4127,#4128),.UNSPECIFIED.,.F.,
  .F.,(2,2),(-6.000000000173E-07,0.5500006),.PIECEWISE_BEZIER_KNOTS.);
#4127 = CARTESIAN_POINT('',(0.4499994,1.163957314664));
#4128 = CARTESIAN_POINT('',(1.0000006,1.163957314664));
#4129 = ( GEOMETRIC_REPRESENTATION_CONTEXT(2) 
PARAMETRIC_REPRESENTATION_CONTEXT() REPRESENTATION_CONTEXT('2D SPACE',''
  ) );
#4130 = ORIENTED_EDGE('',*,*,#4038,.T.);
#4131 = ORIENTED_EDGE('',*,*,#4132,.T.);
#4132 = EDGE_CURVE('',#4039,#3784,#4133,.T.);
#4133 = SURFACE_CURVE('',#4134,(#4138,#4144),.PCURVE_S1.);
#4134 = LINE('',#4135,#4136);
#4135 = CARTESIAN_POINT('',(-14.80604268533,-6.5,-0.55));
#4136 = VECTOR('',#4137,1.);
#4137 = DIRECTION('',(0.,0.,1.));
#4138 = PCURVE('',#3800,#4139);
#4139 = DEFINITIONAL_REPRESENTATION('',(#4140),#4143);
#4140 = B_SPLINE_CURVE_WITH_KNOTS('',1,(#4141,#4142),.UNSPECIFIED.,.F.,
  .F.,(2,2),(-6.000000000173E-07,0.5500006),.PIECEWISE_BEZIER_KNOTS.);
#4141 = CARTESIAN_POINT('',(3.555269756706,-6.000000000173E-07));
#4142 = CARTESIAN_POINT('',(3.555269756706,0.5500006));
#4143 = ( GEOMETRIC_REPRESENTATION_CONTEXT(2) 
PARAMETRIC_REPRESENTATION_CONTEXT() REPRESENTATION_CONTEXT('2D SPACE',''
  ) );
#4144 = PCURVE('',#158,#4145);
#4145 = DEFINITIONAL_REPRESENTATION('',(#4146),#4149);
#4146 = B_SPLINE_CURVE_WITH_KNOTS('',1,(#4147,#4148),.UNSPECIFIED.,.F.,
  .F.,(2,2),(-6.000000000173E-07,0.5500006),.PIECEWISE_BEZIER_KNOTS.);
#4147 = CARTESIAN_POINT('',(0.4499994,1.163957314664));
#4148 = CARTESIAN_POINT('',(1.0000006,1.163957314664));
#4149 = ( GEOMETRIC_REPRESENTATION_CONTEXT(2) 
PARAMETRIC_REPRESENTATION_CONTEXT() REPRESENTATION_CONTEXT('2D SPACE',''
  ) );
#4150 = ADVANCED_FACE('',(#4151),#3705,.F.);
#4151 = FACE_BOUND('',#4152,.F.);
#4152 = EDGE_LOOP('',(#4153,#4154,#4173,#4174));
#4153 = ORIENTED_EDGE('',*,*,#3684,.T.);
#4154 = ORIENTED_EDGE('',*,*,#4155,.F.);
#4155 = EDGE_CURVE('',#3924,#3664,#4156,.T.);
#4156 = SURFACE_CURVE('',#4157,(#4161,#4167),.PCURVE_S1.);
#4157 = LINE('',#4158,#4159);
#4158 = CARTESIAN_POINT('',(14.806042685336,-6.5,-0.55));
#4159 = VECTOR('',#4160,1.);
#4160 = DIRECTION('',(0.,0.,1.));
#4161 = PCURVE('',#3705,#4162);
#4162 = DEFINITIONAL_REPRESENTATION('',(#4163),#4166);
#4163 = B_SPLINE_CURVE_WITH_KNOTS('',1,(#4164,#4165),.UNSPECIFIED.,.F.,
  .F.,(2,2),(0.,0.55),.PIECEWISE_BEZIER_KNOTS.);
#4164 = CARTESIAN_POINT('',(5.869508204063,0.));
#4165 = CARTESIAN_POINT('',(5.869508204063,0.55));
#4166 = ( GEOMETRIC_REPRESENTATION_CONTEXT(2) 
PARAMETRIC_REPRESENTATION_CONTEXT() REPRESENTATION_CONTEXT('2D SPACE',''
  ) );
#4167 = PCURVE('',#215,#4168);
#4168 = DEFINITIONAL_REPRESENTATION('',(#4169),#4172);
#4169 = B_SPLINE_CURVE_WITH_KNOTS('',1,(#4170,#4171),.UNSPECIFIED.,.F.,
  .F.,(2,2),(-6.000000000173E-07,0.5500006),.PIECEWISE_BEZIER_KNOTS.);
#4170 = CARTESIAN_POINT('',(0.4499994,2.006042685336));
#4171 = CARTESIAN_POINT('',(1.0000006,2.006042685336));
#4172 = ( GEOMETRIC_REPRESENTATION_CONTEXT(2) 
PARAMETRIC_REPRESENTATION_CONTEXT() REPRESENTATION_CONTEXT('2D SPACE',''
  ) );
#4173 = ORIENTED_EDGE('',*,*,#3944,.F.);
#4174 = ORIENTED_EDGE('',*,*,#4175,.T.);
#4175 = EDGE_CURVE('',#3945,#3685,#4176,.T.);
#4176 = SURFACE_CURVE('',#4177,(#4181,#4187),.PCURVE_S1.);
#4177 = LINE('',#4178,#4179);
#4178 = CARTESIAN_POINT('',(14.806042685336,6.5,-0.55));
#4179 = VECTOR('',#4180,1.);
#4180 = DIRECTION('',(0.,0.,1.));
#4181 = PCURVE('',#3705,#4182);
#4182 = DEFINITIONAL_REPRESENTATION('',(#4183),#4186);
#4183 = B_SPLINE_CURVE_WITH_KNOTS('',1,(#4184,#4185),.UNSPECIFIED.,.F.,
  .F.,(2,2),(0.,0.55),.PIECEWISE_BEZIER_KNOTS.);
#4184 = CARTESIAN_POINT('',(6.696862410296,0.));
#4185 = CARTESIAN_POINT('',(6.696862410296,0.55));
#4186 = ( GEOMETRIC_REPRESENTATION_CONTEXT(2) 
PARAMETRIC_REPRESENTATION_CONTEXT() REPRESENTATION_CONTEXT('2D SPACE',''
  ) );
#4187 = PCURVE('',#44,#4188);
#4188 = DEFINITIONAL_REPRESENTATION('',(#4189),#4192);
#4189 = B_SPLINE_CURVE_WITH_KNOTS('',1,(#4190,#4191),.UNSPECIFIED.,.F.,
  .F.,(2,2),(-6.000000000173E-07,0.5500006),.PIECEWISE_BEZIER_KNOTS.);
#4190 = CARTESIAN_POINT('',(0.4499994,2.006042685336));
#4191 = CARTESIAN_POINT('',(1.0000006,2.006042685336));
#4192 = ( GEOMETRIC_REPRESENTATION_CONTEXT(2) 
PARAMETRIC_REPRESENTATION_CONTEXT() REPRESENTATION_CONTEXT('2D SPACE',''
  ) );
#4193 = ADVANCED_FACE('',(#4194),#912,.T.);
#4194 = FACE_BOUND('',#4195,.T.);
#4195 = EDGE_LOOP('',(#4196,#4219,#4220,#4243));
#4196 = ORIENTED_EDGE('',*,*,#4197,.F.);
#4197 = EDGE_CURVE('',#897,#4198,#4200,.T.);
#4198 = VERTEX_POINT('',#4199);
#4199 = CARTESIAN_POINT('',(-15.97,-6.5,0.6));
#4200 = SURFACE_CURVE('',#4201,(#4205,#4212),.PCURVE_S1.);
#4201 = LINE('',#4202,#4203);
#4202 = CARTESIAN_POINT('',(-15.97,-6.5,-1.));
#4203 = VECTOR('',#4204,1.);
#4204 = DIRECTION('',(0.,0.,1.));
#4205 = PCURVE('',#912,#4206);
#4206 = DEFINITIONAL_REPRESENTATION('',(#4207),#4211);
#4207 = LINE('',#4208,#4209);
#4208 = CARTESIAN_POINT('',(0.,0.));
#4209 = VECTOR('',#4210,1.);
#4210 = DIRECTION('',(1.,0.));
#4211 = ( GEOMETRIC_REPRESENTATION_CONTEXT(2) 
PARAMETRIC_REPRESENTATION_CONTEXT() REPRESENTATION_CONTEXT('2D SPACE',''
  ) );
#4212 = PCURVE('',#158,#4213);
#4213 = DEFINITIONAL_REPRESENTATION('',(#4214),#4218);
#4214 = LINE('',#4215,#4216);
#4215 = CARTESIAN_POINT('',(0.,1.7763568394E-15));
#4216 = VECTOR('',#4217,1.);
#4217 = DIRECTION('',(1.,0.));
#4218 = ( GEOMETRIC_REPRESENTATION_CONTEXT(2) 
PARAMETRIC_REPRESENTATION_CONTEXT() REPRESENTATION_CONTEXT('2D SPACE',''
  ) );
#4219 = ORIENTED_EDGE('',*,*,#896,.F.);
#4220 = ORIENTED_EDGE('',*,*,#4221,.T.);
#4221 = EDGE_CURVE('',#874,#4222,#4224,.T.);
#4222 = VERTEX_POINT('',#4223);
#4223 = CARTESIAN_POINT('',(-15.97,6.5,0.6));
#4224 = SURFACE_CURVE('',#4225,(#4229,#4236),.PCURVE_S1.);
#4225 = LINE('',#4226,#4227);
#4226 = CARTESIAN_POINT('',(-15.97,6.5,-1.));
#4227 = VECTOR('',#4228,1.);
#4228 = DIRECTION('',(0.,0.,1.));
#4229 = PCURVE('',#912,#4230);
#4230 = DEFINITIONAL_REPRESENTATION('',(#4231),#4235);
#4231 = LINE('',#4232,#4233);
#4232 = CARTESIAN_POINT('',(0.,-13.));
#4233 = VECTOR('',#4234,1.);
#4234 = DIRECTION('',(1.,0.));
#4235 = ( GEOMETRIC_REPRESENTATION_CONTEXT(2) 
PARAMETRIC_REPRESENTATION_CONTEXT() REPRESENTATION_CONTEXT('2D SPACE',''
  ) );
#4236 = PCURVE('',#101,#4237);
#4237 = DEFINITIONAL_REPRESENTATION('',(#4238),#4242);
#4238 = LINE('',#4239,#4240);
#4239 = CARTESIAN_POINT('',(0.,1.7763568394E-15));
#4240 = VECTOR('',#4241,1.);
#4241 = DIRECTION('',(1.,0.));
#4242 = ( GEOMETRIC_REPRESENTATION_CONTEXT(2) 
PARAMETRIC_REPRESENTATION_CONTEXT() REPRESENTATION_CONTEXT('2D SPACE',''
  ) );
#4243 = ORIENTED_EDGE('',*,*,#4244,.T.);
#4244 = EDGE_CURVE('',#4222,#4198,#4245,.T.);
#4245 = SURFACE_CURVE('',#4246,(#4250,#4256),.PCURVE_S1.);
#4246 = LINE('',#4247,#4248);
#4247 = CARTESIAN_POINT('',(-15.97,-3.25,0.6));
#4248 = VECTOR('',#4249,1.);
#4249 = DIRECTION('',(0.,-1.,0.));
#4250 = PCURVE('',#912,#4251);
#4251 = DEFINITIONAL_REPRESENTATION('',(#4252),#4255);
#4252 = B_SPLINE_CURVE_WITH_KNOTS('',1,(#4253,#4254),.UNSPECIFIED.,.F.,
  .F.,(2,2),(-9.75,3.25),.PIECEWISE_BEZIER_KNOTS.);
#4253 = CARTESIAN_POINT('',(1.6,-13.));
#4254 = CARTESIAN_POINT('',(1.6,0.));
#4255 = ( GEOMETRIC_REPRESENTATION_CONTEXT(2) 
PARAMETRIC_REPRESENTATION_CONTEXT() REPRESENTATION_CONTEXT('2D SPACE',''
  ) );
#4256 = PCURVE('',#4257,#4262);
#4257 = PLANE('',#4258);
#4258 = AXIS2_PLACEMENT_3D('',#4259,#4260,#4261);
#4259 = CARTESIAN_POINT('',(0.,0.,0.6));
#4260 = DIRECTION('',(0.,0.,1.));
#4261 = DIRECTION('',(1.,0.,-0.));
#4262 = DEFINITIONAL_REPRESENTATION('',(#4263),#4266);
#4263 = B_SPLINE_CURVE_WITH_KNOTS('',1,(#4264,#4265),.UNSPECIFIED.,.F.,
  .F.,(2,2),(-9.75,3.25),.PIECEWISE_BEZIER_KNOTS.);
#4264 = CARTESIAN_POINT('',(-15.97,6.5));
#4265 = CARTESIAN_POINT('',(-15.97,-6.5));
#4266 = ( GEOMETRIC_REPRESENTATION_CONTEXT(2) 
PARAMETRIC_REPRESENTATION_CONTEXT() REPRESENTATION_CONTEXT('2D SPACE',''
  ) );
#4267 = ADVANCED_FACE('',(#4268,#4335),#4257,.T.);
#4268 = FACE_BOUND('',#4269,.T.);
#4269 = EDGE_LOOP('',(#4270,#4271,#4292,#4316));
#4270 = ORIENTED_EDGE('',*,*,#4244,.F.);
#4271 = ORIENTED_EDGE('',*,*,#4272,.F.);
#4272 = EDGE_CURVE('',#4273,#4222,#4275,.T.);
#4273 = VERTEX_POINT('',#4274);
#4274 = CARTESIAN_POINT('',(-18.9882832294,6.5,0.6));
#4275 = SURFACE_CURVE('',#4276,(#4280,#4286),.PCURVE_S1.);
#4276 = LINE('',#4277,#4278);
#4277 = CARTESIAN_POINT('',(-7.985,6.5,0.6));
#4278 = VECTOR('',#4279,1.);
#4279 = DIRECTION('',(1.,0.,-0.));
#4280 = PCURVE('',#4257,#4281);
#4281 = DEFINITIONAL_REPRESENTATION('',(#4282),#4285);
#4282 = B_SPLINE_CURVE_WITH_KNOTS('',1,(#4283,#4284),.UNSPECIFIED.,.F.,
  .F.,(2,2),(-11.0032832294,-6.602354112381),.PIECEWISE_BEZIER_KNOTS.);
#4283 = CARTESIAN_POINT('',(-18.9882832294,6.5));
#4284 = CARTESIAN_POINT('',(-14.58735411238,6.5));
#4285 = ( GEOMETRIC_REPRESENTATION_CONTEXT(2) 
PARAMETRIC_REPRESENTATION_CONTEXT() REPRESENTATION_CONTEXT('2D SPACE',''
  ) );
#4286 = PCURVE('',#101,#4287);
#4287 = DEFINITIONAL_REPRESENTATION('',(#4288),#4291);
#4288 = B_SPLINE_CURVE_WITH_KNOTS('',1,(#4289,#4290),.UNSPECIFIED.,.F.,
  .F.,(2,2),(-11.0032832294,-6.602354112381),.PIECEWISE_BEZIER_KNOTS.);
#4289 = CARTESIAN_POINT('',(1.6,-3.018283229402));
#4290 = CARTESIAN_POINT('',(1.6,1.382645887619));
#4291 = ( GEOMETRIC_REPRESENTATION_CONTEXT(2) 
PARAMETRIC_REPRESENTATION_CONTEXT() REPRESENTATION_CONTEXT('2D SPACE',''
  ) );
#4292 = ORIENTED_EDGE('',*,*,#4293,.T.);
#4293 = EDGE_CURVE('',#4273,#4294,#4296,.T.);
#4294 = VERTEX_POINT('',#4295);
#4295 = CARTESIAN_POINT('',(-18.9882832294,-6.5,0.6));
#4296 = SURFACE_CURVE('',#4297,(#4302,#4309),.PCURVE_S1.);
#4297 = CIRCLE('',#4298,20.07);
#4298 = AXIS2_PLACEMENT_3D('',#4299,#4300,#4301);
#4299 = CARTESIAN_POINT('',(0.,0.,0.6));
#4300 = DIRECTION('',(0.,0.,1.));
#4301 = DIRECTION('',(1.,0.,-0.));
#4302 = PCURVE('',#4257,#4303);
#4303 = DEFINITIONAL_REPRESENTATION('',(#4304),#4308);
#4304 = CIRCLE('',#4305,20.07);
#4305 = AXIS2_PLACEMENT_2D('',#4306,#4307);
#4306 = CARTESIAN_POINT('',(0.,0.));
#4307 = DIRECTION('',(1.,0.));
#4308 = ( GEOMETRIC_REPRESENTATION_CONTEXT(2) 
PARAMETRIC_REPRESENTATION_CONTEXT() REPRESENTATION_CONTEXT('2D SPACE',''
  ) );
#4309 = PCURVE('',#130,#4310);
#4310 = DEFINITIONAL_REPRESENTATION('',(#4311),#4315);
#4311 = LINE('',#4312,#4313);
#4312 = CARTESIAN_POINT('',(0.,2.6));
#4313 = VECTOR('',#4314,1.);
#4314 = DIRECTION('',(1.,0.));
#4315 = ( GEOMETRIC_REPRESENTATION_CONTEXT(2) 
PARAMETRIC_REPRESENTATION_CONTEXT() REPRESENTATION_CONTEXT('2D SPACE',''
  ) );
#4316 = ORIENTED_EDGE('',*,*,#4317,.T.);
#4317 = EDGE_CURVE('',#4294,#4198,#4318,.T.);
#4318 = SURFACE_CURVE('',#4319,(#4323,#4329),.PCURVE_S1.);
#4319 = LINE('',#4320,#4321);
#4320 = CARTESIAN_POINT('',(-7.985,-6.5,0.6));
#4321 = VECTOR('',#4322,1.);
#4322 = DIRECTION('',(1.,0.,-0.));
#4323 = PCURVE('',#4257,#4324);
#4324 = DEFINITIONAL_REPRESENTATION('',(#4325),#4328);
#4325 = B_SPLINE_CURVE_WITH_KNOTS('',1,(#4326,#4327),.UNSPECIFIED.,.F.,
  .F.,(2,2),(-11.0032832294,-6.602354112381),.PIECEWISE_BEZIER_KNOTS.);
#4326 = CARTESIAN_POINT('',(-18.9882832294,-6.5));
#4327 = CARTESIAN_POINT('',(-14.58735411238,-6.5));
#4328 = ( GEOMETRIC_REPRESENTATION_CONTEXT(2) 
PARAMETRIC_REPRESENTATION_CONTEXT() REPRESENTATION_CONTEXT('2D SPACE',''
  ) );
#4329 = PCURVE('',#158,#4330);
#4330 = DEFINITIONAL_REPRESENTATION('',(#4331),#4334);
#4331 = B_SPLINE_CURVE_WITH_KNOTS('',1,(#4332,#4333),.UNSPECIFIED.,.F.,
  .F.,(2,2),(-11.0032832294,-6.602354112381),.PIECEWISE_BEZIER_KNOTS.);
#4332 = CARTESIAN_POINT('',(1.6,-3.018283229402));
#4333 = CARTESIAN_POINT('',(1.6,1.382645887619));
#4334 = ( GEOMETRIC_REPRESENTATION_CONTEXT(2) 
PARAMETRIC_REPRESENTATION_CONTEXT() REPRESENTATION_CONTEXT('2D SPACE',''
  ) );
#4335 = FACE_BOUND('',#4336,.T.);
#4336 = EDGE_LOOP('',(#4337,#4360,#4381,#4402));
#4337 = ORIENTED_EDGE('',*,*,#4338,.F.);
#4338 = EDGE_CURVE('',#4339,#4341,#4343,.T.);
#4339 = VERTEX_POINT('',#4340);
#4340 = CARTESIAN_POINT('',(-18.57,4.4,0.6));
#4341 = VERTEX_POINT('',#4342);
#4342 = CARTESIAN_POINT('',(-18.57,-4.4,0.6));
#4343 = SURFACE_CURVE('',#4344,(#4348,#4354),.PCURVE_S1.);
#4344 = LINE('',#4345,#4346);
#4345 = CARTESIAN_POINT('',(-18.57,-2.2,0.6));
#4346 = VECTOR('',#4347,1.);
#4347 = DIRECTION('',(0.,-1.,0.));
#4348 = PCURVE('',#4257,#4349);
#4349 = DEFINITIONAL_REPRESENTATION('',(#4350),#4353);
#4350 = B_SPLINE_CURVE_WITH_KNOTS('',1,(#4351,#4352),.UNSPECIFIED.,.F.,
  .F.,(2,2),(-6.6,2.2),.PIECEWISE_BEZIER_KNOTS.);
#4351 = CARTESIAN_POINT('',(-18.57,4.4));
#4352 = CARTESIAN_POINT('',(-18.57,-4.4));
#4353 = ( GEOMETRIC_REPRESENTATION_CONTEXT(2) 
PARAMETRIC_REPRESENTATION_CONTEXT() REPRESENTATION_CONTEXT('2D SPACE',''
  ) );
#4354 = PCURVE('',#357,#4355);
#4355 = DEFINITIONAL_REPRESENTATION('',(#4356),#4359);
#4356 = B_SPLINE_CURVE_WITH_KNOTS('',1,(#4357,#4358),.UNSPECIFIED.,.F.,
  .F.,(2,2),(-6.6,2.2),.PIECEWISE_BEZIER_KNOTS.);
#4357 = CARTESIAN_POINT('',(2.6,-8.8));
#4358 = CARTESIAN_POINT('',(2.6,0.));
#4359 = ( GEOMETRIC_REPRESENTATION_CONTEXT(2) 
PARAMETRIC_REPRESENTATION_CONTEXT() REPRESENTATION_CONTEXT('2D SPACE',''
  ) );
#4360 = ORIENTED_EDGE('',*,*,#4361,.T.);
#4361 = EDGE_CURVE('',#4339,#4362,#4364,.T.);
#4362 = VERTEX_POINT('',#4363);
#4363 = CARTESIAN_POINT('',(-16.77,4.4,0.6));
#4364 = SURFACE_CURVE('',#4365,(#4369,#4375),.PCURVE_S1.);
#4365 = LINE('',#4366,#4367);
#4366 = CARTESIAN_POINT('',(-9.285,4.4,0.6));
#4367 = VECTOR('',#4368,1.);
#4368 = DIRECTION('',(1.,0.,-0.));
#4369 = PCURVE('',#4257,#4370);
#4370 = DEFINITIONAL_REPRESENTATION('',(#4371),#4374);
#4371 = B_SPLINE_CURVE_WITH_KNOTS('',1,(#4372,#4373),.UNSPECIFIED.,.F.,
  .F.,(2,2),(-9.285,-7.485),.PIECEWISE_BEZIER_KNOTS.);
#4372 = CARTESIAN_POINT('',(-18.57,4.4));
#4373 = CARTESIAN_POINT('',(-16.77,4.4));
#4374 = ( GEOMETRIC_REPRESENTATION_CONTEXT(2) 
PARAMETRIC_REPRESENTATION_CONTEXT() REPRESENTATION_CONTEXT('2D SPACE',''
  ) );
#4375 = PCURVE('',#278,#4376);
#4376 = DEFINITIONAL_REPRESENTATION('',(#4377),#4380);
#4377 = B_SPLINE_CURVE_WITH_KNOTS('',1,(#4378,#4379),.UNSPECIFIED.,.F.,
  .F.,(2,2),(-9.285,-7.485),.PIECEWISE_BEZIER_KNOTS.);
#4378 = CARTESIAN_POINT('',(2.6,0.));
#4379 = CARTESIAN_POINT('',(2.6,1.8));
#4380 = ( GEOMETRIC_REPRESENTATION_CONTEXT(2) 
PARAMETRIC_REPRESENTATION_CONTEXT() REPRESENTATION_CONTEXT('2D SPACE',''
  ) );
#4381 = ORIENTED_EDGE('',*,*,#4382,.T.);
#4382 = EDGE_CURVE('',#4362,#4383,#4385,.T.);
#4383 = VERTEX_POINT('',#4384);
#4384 = CARTESIAN_POINT('',(-16.77,-4.4,0.6));
#4385 = SURFACE_CURVE('',#4386,(#4390,#4396),.PCURVE_S1.);
#4386 = LINE('',#4387,#4388);
#4387 = CARTESIAN_POINT('',(-16.77,-2.2,0.6));
#4388 = VECTOR('',#4389,1.);
#4389 = DIRECTION('',(0.,-1.,0.));
#4390 = PCURVE('',#4257,#4391);
#4391 = DEFINITIONAL_REPRESENTATION('',(#4392),#4395);
#4392 = B_SPLINE_CURVE_WITH_KNOTS('',1,(#4393,#4394),.UNSPECIFIED.,.F.,
  .F.,(2,2),(-6.6,2.2),.PIECEWISE_BEZIER_KNOTS.);
#4393 = CARTESIAN_POINT('',(-16.77,4.4));
#4394 = CARTESIAN_POINT('',(-16.77,-4.4));
#4395 = ( GEOMETRIC_REPRESENTATION_CONTEXT(2) 
PARAMETRIC_REPRESENTATION_CONTEXT() REPRESENTATION_CONTEXT('2D SPACE',''
  ) );
#4396 = PCURVE('',#305,#4397);
#4397 = DEFINITIONAL_REPRESENTATION('',(#4398),#4401);
#4398 = B_SPLINE_CURVE_WITH_KNOTS('',1,(#4399,#4400),.UNSPECIFIED.,.F.,
  .F.,(2,2),(-6.6,2.2),.PIECEWISE_BEZIER_KNOTS.);
#4399 = CARTESIAN_POINT('',(2.6,-8.8));
#4400 = CARTESIAN_POINT('',(2.6,0.));
#4401 = ( GEOMETRIC_REPRESENTATION_CONTEXT(2) 
PARAMETRIC_REPRESENTATION_CONTEXT() REPRESENTATION_CONTEXT('2D SPACE',''
  ) );
#4402 = ORIENTED_EDGE('',*,*,#4403,.F.);
#4403 = EDGE_CURVE('',#4341,#4383,#4404,.T.);
#4404 = SURFACE_CURVE('',#4405,(#4409,#4415),.PCURVE_S1.);
#4405 = LINE('',#4406,#4407);
#4406 = CARTESIAN_POINT('',(-9.285,-4.4,0.6));
#4407 = VECTOR('',#4408,1.);
#4408 = DIRECTION('',(1.,0.,-0.));
#4409 = PCURVE('',#4257,#4410);
#4410 = DEFINITIONAL_REPRESENTATION('',(#4411),#4414);
#4411 = B_SPLINE_CURVE_WITH_KNOTS('',1,(#4412,#4413),.UNSPECIFIED.,.F.,
  .F.,(2,2),(-9.285,-7.485),.PIECEWISE_BEZIER_KNOTS.);
#4412 = CARTESIAN_POINT('',(-18.57,-4.4));
#4413 = CARTESIAN_POINT('',(-16.77,-4.4));
#4414 = ( GEOMETRIC_REPRESENTATION_CONTEXT(2) 
PARAMETRIC_REPRESENTATION_CONTEXT() REPRESENTATION_CONTEXT('2D SPACE',''
  ) );
#4415 = PCURVE('',#332,#4416);
#4416 = DEFINITIONAL_REPRESENTATION('',(#4417),#4420);
#4417 = B_SPLINE_CURVE_WITH_KNOTS('',1,(#4418,#4419),.UNSPECIFIED.,.F.,
  .F.,(2,2),(-9.285,-7.485),.PIECEWISE_BEZIER_KNOTS.);
#4418 = CARTESIAN_POINT('',(2.6,0.));
#4419 = CARTESIAN_POINT('',(2.6,1.8));
#4420 = ( GEOMETRIC_REPRESENTATION_CONTEXT(2) 
PARAMETRIC_REPRESENTATION_CONTEXT() REPRESENTATION_CONTEXT('2D SPACE',''
  ) );
#4421 = ADVANCED_FACE('',(#4422),#861,.T.);
#4422 = FACE_BOUND('',#4423,.T.);
#4423 = EDGE_LOOP('',(#4424,#4425,#4444,#4445));
#4424 = ORIENTED_EDGE('',*,*,#844,.F.);
#4425 = ORIENTED_EDGE('',*,*,#4426,.F.);
#4426 = EDGE_CURVE('',#3718,#822,#4427,.T.);
#4427 = SURFACE_CURVE('',#4428,(#4432,#4438),.PCURVE_S1.);
#4428 = LINE('',#4429,#4430);
#4429 = CARTESIAN_POINT('',(14.587354112381,6.5,-1.));
#4430 = VECTOR('',#4431,1.);
#4431 = DIRECTION('',(0.,0.,1.));
#4432 = PCURVE('',#861,#4433);
#4433 = DEFINITIONAL_REPRESENTATION('',(#4434),#4437);
#4434 = B_SPLINE_CURVE_WITH_KNOTS('',1,(#4435,#4436),.UNSPECIFIED.,.F.,
  .F.,(2,2),(-2.400000000069E-06,1.2000024),.PIECEWISE_BEZIER_KNOTS.);
#4435 = CARTESIAN_POINT('',(0.419181715014,-2.400000000069E-06));
#4436 = CARTESIAN_POINT('',(0.419181715014,1.2000024));
#4437 = ( GEOMETRIC_REPRESENTATION_CONTEXT(2) 
PARAMETRIC_REPRESENTATION_CONTEXT() REPRESENTATION_CONTEXT('2D SPACE',''
  ) );
#4438 = PCURVE('',#44,#4439);
#4439 = DEFINITIONAL_REPRESENTATION('',(#4440),#4443);
#4440 = B_SPLINE_CURVE_WITH_KNOTS('',1,(#4441,#4442),.UNSPECIFIED.,.F.,
  .F.,(2,2),(-2.400000000069E-06,1.2000024),.PIECEWISE_BEZIER_KNOTS.);
#4441 = CARTESIAN_POINT('',(-2.400000000069E-06,1.787354112381));
#4442 = CARTESIAN_POINT('',(1.2000024,1.787354112381));
#4443 = ( GEOMETRIC_REPRESENTATION_CONTEXT(2) 
PARAMETRIC_REPRESENTATION_CONTEXT() REPRESENTATION_CONTEXT('2D SPACE',''
  ) );
#4444 = ORIENTED_EDGE('',*,*,#3738,.T.);
#4445 = ORIENTED_EDGE('',*,*,#4446,.T.);
#4446 = EDGE_CURVE('',#3739,#845,#4447,.T.);
#4447 = SURFACE_CURVE('',#4448,(#4452,#4458),.PCURVE_S1.);
#4448 = LINE('',#4449,#4450);
#4449 = CARTESIAN_POINT('',(-14.58735411238,6.5,-1.));
#4450 = VECTOR('',#4451,1.);
#4451 = DIRECTION('',(0.,0.,1.));
#4452 = PCURVE('',#861,#4453);
#4453 = DEFINITIONAL_REPRESENTATION('',(#4454),#4457);
#4454 = B_SPLINE_CURVE_WITH_KNOTS('',1,(#4455,#4456),.UNSPECIFIED.,.F.,
  .F.,(2,2),(-2.400000000069E-06,1.2000024),.PIECEWISE_BEZIER_KNOTS.);
#4455 = CARTESIAN_POINT('',(2.722410938576,-2.400000000069E-06));
#4456 = CARTESIAN_POINT('',(2.722410938576,1.2000024));
#4457 = ( GEOMETRIC_REPRESENTATION_CONTEXT(2) 
PARAMETRIC_REPRESENTATION_CONTEXT() REPRESENTATION_CONTEXT('2D SPACE',''
  ) );
#4458 = PCURVE('',#101,#4459);
#4459 = DEFINITIONAL_REPRESENTATION('',(#4460),#4463);
#4460 = B_SPLINE_CURVE_WITH_KNOTS('',1,(#4461,#4462),.UNSPECIFIED.,.F.,
  .F.,(2,2),(-2.400000000069E-06,1.2000024),.PIECEWISE_BEZIER_KNOTS.);
#4461 = CARTESIAN_POINT('',(-2.400000000069E-06,1.382645887619));
#4462 = CARTESIAN_POINT('',(1.2000024,1.382645887619));
#4463 = ( GEOMETRIC_REPRESENTATION_CONTEXT(2) 
PARAMETRIC_REPRESENTATION_CONTEXT() REPRESENTATION_CONTEXT('2D SPACE',''
  ) );
#4464 = ADVANCED_FACE('',(#4465),#498,.T.);
#4465 = FACE_BOUND('',#4466,.T.);
#4466 = EDGE_LOOP('',(#4467,#4468,#4469,#4490));
#4467 = ORIENTED_EDGE('',*,*,#536,.F.);
#4468 = ORIENTED_EDGE('',*,*,#484,.T.);
#4469 = ORIENTED_EDGE('',*,*,#4470,.T.);
#4470 = EDGE_CURVE('',#404,#681,#4471,.T.);
#4471 = SURFACE_CURVE('',#4472,(#4476,#4483),.PCURVE_S1.);
#4472 = LINE('',#4473,#4474);
#4473 = CARTESIAN_POINT('',(16.77,4.4,-2.));
#4474 = VECTOR('',#4475,1.);
#4475 = DIRECTION('',(0.,0.,1.));
#4476 = PCURVE('',#498,#4477);
#4477 = DEFINITIONAL_REPRESENTATION('',(#4478),#4482);
#4478 = LINE('',#4479,#4480);
#4479 = CARTESIAN_POINT('',(0.,-8.8));
#4480 = VECTOR('',#4481,1.);
#4481 = DIRECTION('',(1.,0.));
#4482 = ( GEOMETRIC_REPRESENTATION_CONTEXT(2) 
PARAMETRIC_REPRESENTATION_CONTEXT() REPRESENTATION_CONTEXT('2D SPACE',''
  ) );
#4483 = PCURVE('',#419,#4484);
#4484 = DEFINITIONAL_REPRESENTATION('',(#4485),#4489);
#4485 = LINE('',#4486,#4487);
#4486 = CARTESIAN_POINT('',(0.,0.));
#4487 = VECTOR('',#4488,1.);
#4488 = DIRECTION('',(1.,0.));
#4489 = ( GEOMETRIC_REPRESENTATION_CONTEXT(2) 
PARAMETRIC_REPRESENTATION_CONTEXT() REPRESENTATION_CONTEXT('2D SPACE',''
  ) );
#4490 = ORIENTED_EDGE('',*,*,#680,.T.);
#4491 = ADVANCED_FACE('',(#4492),#446,.F.);
#4492 = FACE_BOUND('',#4493,.F.);
#4493 = EDGE_LOOP('',(#4494,#4495,#4496,#4517));
#4494 = ORIENTED_EDGE('',*,*,#512,.F.);
#4495 = ORIENTED_EDGE('',*,*,#430,.T.);
#4496 = ORIENTED_EDGE('',*,*,#4497,.T.);
#4497 = EDGE_CURVE('',#402,#702,#4498,.T.);
#4498 = SURFACE_CURVE('',#4499,(#4503,#4510),.PCURVE_S1.);
#4499 = LINE('',#4500,#4501);
#4500 = CARTESIAN_POINT('',(18.57,4.4,-2.));
#4501 = VECTOR('',#4502,1.);
#4502 = DIRECTION('',(0.,0.,1.));
#4503 = PCURVE('',#446,#4504);
#4504 = DEFINITIONAL_REPRESENTATION('',(#4505),#4509);
#4505 = LINE('',#4506,#4507);
#4506 = CARTESIAN_POINT('',(0.,-8.8));
#4507 = VECTOR('',#4508,1.);
#4508 = DIRECTION('',(1.,0.));
#4509 = ( GEOMETRIC_REPRESENTATION_CONTEXT(2) 
PARAMETRIC_REPRESENTATION_CONTEXT() REPRESENTATION_CONTEXT('2D SPACE',''
  ) );
#4510 = PCURVE('',#419,#4511);
#4511 = DEFINITIONAL_REPRESENTATION('',(#4512),#4516);
#4512 = LINE('',#4513,#4514);
#4513 = CARTESIAN_POINT('',(0.,1.8));
#4514 = VECTOR('',#4515,1.);
#4515 = DIRECTION('',(1.,0.));
#4516 = ( GEOMETRIC_REPRESENTATION_CONTEXT(2) 
PARAMETRIC_REPRESENTATION_CONTEXT() REPRESENTATION_CONTEXT('2D SPACE',''
  ) );
#4517 = ORIENTED_EDGE('',*,*,#722,.T.);
#4518 = ADVANCED_FACE('',(#4519),#419,.F.);
#4519 = FACE_BOUND('',#4520,.F.);
#4520 = EDGE_LOOP('',(#4521,#4522,#4523,#4524));
#4521 = ORIENTED_EDGE('',*,*,#4497,.F.);
#4522 = ORIENTED_EDGE('',*,*,#401,.T.);
#4523 = ORIENTED_EDGE('',*,*,#4470,.T.);
#4524 = ORIENTED_EDGE('',*,*,#701,.T.);
#4525 = ADVANCED_FACE('',(#4526),#387,.F.);
#4526 = FACE_BOUND('',#4527,.F.);
#4527 = EDGE_LOOP('',(#4528,#4529,#4530,#4531,#4552,#4553,#4554,#4555));
#4528 = ORIENTED_EDGE('',*,*,#2168,.F.);
#4529 = ORIENTED_EDGE('',*,*,#2263,.F.);
#4530 = ORIENTED_EDGE('',*,*,#2330,.F.);
#4531 = ORIENTED_EDGE('',*,*,#4532,.F.);
#4532 = EDGE_CURVE('',#371,#2306,#4533,.T.);
#4533 = SEAM_CURVE('',#4534,(#4538,#4545),.PCURVE_S1.);
#4534 = LINE('',#4535,#4536);
#4535 = CARTESIAN_POINT('',(12.,-2.939152317954E-15,-1.));
#4536 = VECTOR('',#4537,1.);
#4537 = DIRECTION('',(0.,0.,1.));
#4538 = PCURVE('',#387,#4539);
#4539 = DEFINITIONAL_REPRESENTATION('',(#4540),#4544);
#4540 = LINE('',#4541,#4542);
#4541 = CARTESIAN_POINT('',(6.28318530718,-0.));
#4542 = VECTOR('',#4543,1.);
#4543 = DIRECTION('',(0.,1.));
#4544 = ( GEOMETRIC_REPRESENTATION_CONTEXT(2) 
PARAMETRIC_REPRESENTATION_CONTEXT() REPRESENTATION_CONTEXT('2D SPACE',''
  ) );
#4545 = PCURVE('',#387,#4546);
#4546 = DEFINITIONAL_REPRESENTATION('',(#4547),#4551);
#4547 = LINE('',#4548,#4549);
#4548 = CARTESIAN_POINT('',(0.,-0.));
#4549 = VECTOR('',#4550,1.);
#4550 = DIRECTION('',(0.,1.));
#4551 = ( GEOMETRIC_REPRESENTATION_CONTEXT(2) 
PARAMETRIC_REPRESENTATION_CONTEXT() REPRESENTATION_CONTEXT('2D SPACE',''
  ) );
#4552 = ORIENTED_EDGE('',*,*,#370,.T.);
#4553 = ORIENTED_EDGE('',*,*,#4532,.T.);
#4554 = ORIENTED_EDGE('',*,*,#2305,.F.);
#4555 = ORIENTED_EDGE('',*,*,#2283,.T.);
#4556 = ADVANCED_FACE('',(#4557),#332,.T.);
#4557 = FACE_BOUND('',#4558,.T.);
#4558 = EDGE_LOOP('',(#4559,#4580,#4581,#4602));
#4559 = ORIENTED_EDGE('',*,*,#4560,.F.);
#4560 = EDGE_CURVE('',#290,#4383,#4561,.T.);
#4561 = SURFACE_CURVE('',#4562,(#4566,#4573),.PCURVE_S1.);
#4562 = LINE('',#4563,#4564);
#4563 = CARTESIAN_POINT('',(-16.77,-4.4,-2.));
#4564 = VECTOR('',#4565,1.);
#4565 = DIRECTION('',(0.,0.,1.));
#4566 = PCURVE('',#332,#4567);
#4567 = DEFINITIONAL_REPRESENTATION('',(#4568),#4572);
#4568 = LINE('',#4569,#4570);
#4569 = CARTESIAN_POINT('',(0.,1.8));
#4570 = VECTOR('',#4571,1.);
#4571 = DIRECTION('',(1.,0.));
#4572 = ( GEOMETRIC_REPRESENTATION_CONTEXT(2) 
PARAMETRIC_REPRESENTATION_CONTEXT() REPRESENTATION_CONTEXT('2D SPACE',''
  ) );
#4573 = PCURVE('',#305,#4574);
#4574 = DEFINITIONAL_REPRESENTATION('',(#4575),#4579);
#4575 = LINE('',#4576,#4577);
#4576 = CARTESIAN_POINT('',(0.,0.));
#4577 = VECTOR('',#4578,1.);
#4578 = DIRECTION('',(1.,0.));
#4579 = ( GEOMETRIC_REPRESENTATION_CONTEXT(2) 
PARAMETRIC_REPRESENTATION_CONTEXT() REPRESENTATION_CONTEXT('2D SPACE',''
  ) );
#4580 = ORIENTED_EDGE('',*,*,#316,.T.);
#4581 = ORIENTED_EDGE('',*,*,#4582,.T.);
#4582 = EDGE_CURVE('',#317,#4341,#4583,.T.);
#4583 = SURFACE_CURVE('',#4584,(#4588,#4595),.PCURVE_S1.);
#4584 = LINE('',#4585,#4586);
#4585 = CARTESIAN_POINT('',(-18.57,-4.4,-2.));
#4586 = VECTOR('',#4587,1.);
#4587 = DIRECTION('',(0.,0.,1.));
#4588 = PCURVE('',#332,#4589);
#4589 = DEFINITIONAL_REPRESENTATION('',(#4590),#4594);
#4590 = LINE('',#4591,#4592);
#4591 = CARTESIAN_POINT('',(0.,0.));
#4592 = VECTOR('',#4593,1.);
#4593 = DIRECTION('',(1.,0.));
#4594 = ( GEOMETRIC_REPRESENTATION_CONTEXT(2) 
PARAMETRIC_REPRESENTATION_CONTEXT() REPRESENTATION_CONTEXT('2D SPACE',''
  ) );
#4595 = PCURVE('',#357,#4596);
#4596 = DEFINITIONAL_REPRESENTATION('',(#4597),#4601);
#4597 = LINE('',#4598,#4599);
#4598 = CARTESIAN_POINT('',(0.,0.));
#4599 = VECTOR('',#4600,1.);
#4600 = DIRECTION('',(1.,0.));
#4601 = ( GEOMETRIC_REPRESENTATION_CONTEXT(2) 
PARAMETRIC_REPRESENTATION_CONTEXT() REPRESENTATION_CONTEXT('2D SPACE',''
  ) );
#4602 = ORIENTED_EDGE('',*,*,#4403,.T.);
#4603 = ADVANCED_FACE('',(#4604),#357,.T.);
#4604 = FACE_BOUND('',#4605,.T.);
#4605 = EDGE_LOOP('',(#4606,#4607,#4608,#4629));
#4606 = ORIENTED_EDGE('',*,*,#4582,.F.);
#4607 = ORIENTED_EDGE('',*,*,#343,.T.);
#4608 = ORIENTED_EDGE('',*,*,#4609,.T.);
#4609 = EDGE_CURVE('',#263,#4339,#4610,.T.);
#4610 = SURFACE_CURVE('',#4611,(#4615,#4622),.PCURVE_S1.);
#4611 = LINE('',#4612,#4613);
#4612 = CARTESIAN_POINT('',(-18.57,4.4,-2.));
#4613 = VECTOR('',#4614,1.);
#4614 = DIRECTION('',(0.,0.,1.));
#4615 = PCURVE('',#357,#4616);
#4616 = DEFINITIONAL_REPRESENTATION('',(#4617),#4621);
#4617 = LINE('',#4618,#4619);
#4618 = CARTESIAN_POINT('',(0.,-8.8));
#4619 = VECTOR('',#4620,1.);
#4620 = DIRECTION('',(1.,0.));
#4621 = ( GEOMETRIC_REPRESENTATION_CONTEXT(2) 
PARAMETRIC_REPRESENTATION_CONTEXT() REPRESENTATION_CONTEXT('2D SPACE',''
  ) );
#4622 = PCURVE('',#278,#4623);
#4623 = DEFINITIONAL_REPRESENTATION('',(#4624),#4628);
#4624 = LINE('',#4625,#4626);
#4625 = CARTESIAN_POINT('',(0.,0.));
#4626 = VECTOR('',#4627,1.);
#4627 = DIRECTION('',(1.,0.));
#4628 = ( GEOMETRIC_REPRESENTATION_CONTEXT(2) 
PARAMETRIC_REPRESENTATION_CONTEXT() REPRESENTATION_CONTEXT('2D SPACE',''
  ) );
#4629 = ORIENTED_EDGE('',*,*,#4338,.T.);
#4630 = ADVANCED_FACE('',(#4631),#305,.F.);
#4631 = FACE_BOUND('',#4632,.F.);
#4632 = EDGE_LOOP('',(#4633,#4634,#4635,#4656));
#4633 = ORIENTED_EDGE('',*,*,#4560,.F.);
#4634 = ORIENTED_EDGE('',*,*,#289,.T.);
#4635 = ORIENTED_EDGE('',*,*,#4636,.T.);
#4636 = EDGE_CURVE('',#261,#4362,#4637,.T.);
#4637 = SURFACE_CURVE('',#4638,(#4642,#4649),.PCURVE_S1.);
#4638 = LINE('',#4639,#4640);
#4639 = CARTESIAN_POINT('',(-16.77,4.4,-2.));
#4640 = VECTOR('',#4641,1.);
#4641 = DIRECTION('',(0.,0.,1.));
#4642 = PCURVE('',#305,#4643);
#4643 = DEFINITIONAL_REPRESENTATION('',(#4644),#4648);
#4644 = LINE('',#4645,#4646);
#4645 = CARTESIAN_POINT('',(0.,-8.8));
#4646 = VECTOR('',#4647,1.);
#4647 = DIRECTION('',(1.,0.));
#4648 = ( GEOMETRIC_REPRESENTATION_CONTEXT(2) 
PARAMETRIC_REPRESENTATION_CONTEXT() REPRESENTATION_CONTEXT('2D SPACE',''
  ) );
#4649 = PCURVE('',#278,#4650);
#4650 = DEFINITIONAL_REPRESENTATION('',(#4651),#4655);
#4651 = LINE('',#4652,#4653);
#4652 = CARTESIAN_POINT('',(0.,1.8));
#4653 = VECTOR('',#4654,1.);
#4654 = DIRECTION('',(1.,0.));
#4655 = ( GEOMETRIC_REPRESENTATION_CONTEXT(2) 
PARAMETRIC_REPRESENTATION_CONTEXT() REPRESENTATION_CONTEXT('2D SPACE',''
  ) );
#4656 = ORIENTED_EDGE('',*,*,#4382,.T.);
#4657 = ADVANCED_FACE('',(#4658),#278,.F.);
#4658 = FACE_BOUND('',#4659,.F.);
#4659 = EDGE_LOOP('',(#4660,#4661,#4662,#4663));
#4660 = ORIENTED_EDGE('',*,*,#4636,.F.);
#4661 = ORIENTED_EDGE('',*,*,#260,.T.);
#4662 = ORIENTED_EDGE('',*,*,#4609,.T.);
#4663 = ORIENTED_EDGE('',*,*,#4361,.T.);
#4664 = ADVANCED_FACE('',(#4665),#158,.F.);
#4665 = FACE_BOUND('',#4666,.F.);
#4666 = EDGE_LOOP('',(#4667,#4668,#4688,#4689,#4690,#4691,#4692,#4693,
    #4694,#4695));
#4667 = ORIENTED_EDGE('',*,*,#142,.F.);
#4668 = ORIENTED_EDGE('',*,*,#4669,.T.);
#4669 = EDGE_CURVE('',#114,#4294,#4670,.T.);
#4670 = SURFACE_CURVE('',#4671,(#4675,#4682),.PCURVE_S1.);
#4671 = LINE('',#4672,#4673);
#4672 = CARTESIAN_POINT('',(-18.9882832294,-6.5,-2.));
#4673 = VECTOR('',#4674,1.);
#4674 = DIRECTION('',(0.,0.,1.));
#4675 = PCURVE('',#158,#4676);
#4676 = DEFINITIONAL_REPRESENTATION('',(#4677),#4681);
#4677 = LINE('',#4678,#4679);
#4678 = CARTESIAN_POINT('',(-1.,-3.018283229402));
#4679 = VECTOR('',#4680,1.);
#4680 = DIRECTION('',(1.,0.));
#4681 = ( GEOMETRIC_REPRESENTATION_CONTEXT(2) 
PARAMETRIC_REPRESENTATION_CONTEXT() REPRESENTATION_CONTEXT('2D SPACE',''
  ) );
#4682 = PCURVE('',#130,#4683);
#4683 = DEFINITIONAL_REPRESENTATION('',(#4684),#4687);
#4684 = B_SPLINE_CURVE_WITH_KNOTS('',1,(#4685,#4686),.UNSPECIFIED.,.F.,
  .F.,(2,2),(0.68,4.52),.PIECEWISE_BEZIER_KNOTS.);
#4685 = CARTESIAN_POINT('',(3.47140602834,0.68));
#4686 = CARTESIAN_POINT('',(3.47140602834,4.52));
#4687 = ( GEOMETRIC_REPRESENTATION_CONTEXT(2) 
PARAMETRIC_REPRESENTATION_CONTEXT() REPRESENTATION_CONTEXT('2D SPACE',''
  ) );
#4688 = ORIENTED_EDGE('',*,*,#4317,.T.);
#4689 = ORIENTED_EDGE('',*,*,#4197,.F.);
#4690 = ORIENTED_EDGE('',*,*,#924,.T.);
#4691 = ORIENTED_EDGE('',*,*,#3641,.F.);
#4692 = ORIENTED_EDGE('',*,*,#3812,.F.);
#4693 = ORIENTED_EDGE('',*,*,#4132,.F.);
#4694 = ORIENTED_EDGE('',*,*,#4062,.T.);
#4695 = ORIENTED_EDGE('',*,*,#4696,.F.);
#4696 = EDGE_CURVE('',#143,#4063,#4697,.T.);
#4697 = SURFACE_CURVE('',#4698,(#4702,#4708),.PCURVE_S1.);
#4698 = LINE('',#4699,#4700);
#4699 = CARTESIAN_POINT('',(-14.58735411238,-6.5,-1.));
#4700 = VECTOR('',#4701,1.);
#4701 = DIRECTION('',(0.,0.,1.));
#4702 = PCURVE('',#158,#4703);
#4703 = DEFINITIONAL_REPRESENTATION('',(#4704),#4707);
#4704 = B_SPLINE_CURVE_WITH_KNOTS('',1,(#4705,#4706),.UNSPECIFIED.,.F.,
  .F.,(2,2),(-2.400000000069E-06,1.2000024),.PIECEWISE_BEZIER_KNOTS.);
#4705 = CARTESIAN_POINT('',(-2.400000000069E-06,1.382645887619));
#4706 = CARTESIAN_POINT('',(1.2000024,1.382645887619));
#4707 = ( GEOMETRIC_REPRESENTATION_CONTEXT(2) 
PARAMETRIC_REPRESENTATION_CONTEXT() REPRESENTATION_CONTEXT('2D SPACE',''
  ) );
#4708 = PCURVE('',#187,#4709);
#4709 = DEFINITIONAL_REPRESENTATION('',(#4710),#4713);
#4710 = B_SPLINE_CURVE_WITH_KNOTS('',1,(#4711,#4712),.UNSPECIFIED.,.F.,
  .F.,(2,2),(-2.400000000069E-06,1.2000024),.PIECEWISE_BEZIER_KNOTS.);
#4711 = CARTESIAN_POINT('',(3.560774368603,-2.400000000069E-06));
#4712 = CARTESIAN_POINT('',(3.560774368603,1.2000024));
#4713 = ( GEOMETRIC_REPRESENTATION_CONTEXT(2) 
PARAMETRIC_REPRESENTATION_CONTEXT() REPRESENTATION_CONTEXT('2D SPACE',''
  ) );
#4714 = ADVANCED_FACE('',(#4715),#130,.T.);
#4715 = FACE_BOUND('',#4716,.T.);
#4716 = EDGE_LOOP('',(#4717,#4737,#4738,#4739));
#4717 = ORIENTED_EDGE('',*,*,#4718,.F.);
#4718 = EDGE_CURVE('',#86,#4273,#4719,.T.);
#4719 = SURFACE_CURVE('',#4720,(#4724,#4730),.PCURVE_S1.);
#4720 = LINE('',#4721,#4722);
#4721 = CARTESIAN_POINT('',(-18.9882832294,6.5,-2.));
#4722 = VECTOR('',#4723,1.);
#4723 = DIRECTION('',(0.,0.,1.));
#4724 = PCURVE('',#130,#4725);
#4725 = DEFINITIONAL_REPRESENTATION('',(#4726),#4729);
#4726 = B_SPLINE_CURVE_WITH_KNOTS('',1,(#4727,#4728),.UNSPECIFIED.,.F.,
  .F.,(2,2),(0.68,4.52),.PIECEWISE_BEZIER_KNOTS.);
#4727 = CARTESIAN_POINT('',(2.81177927884,0.68));
#4728 = CARTESIAN_POINT('',(2.81177927884,4.52));
#4729 = ( GEOMETRIC_REPRESENTATION_CONTEXT(2) 
PARAMETRIC_REPRESENTATION_CONTEXT() REPRESENTATION_CONTEXT('2D SPACE',''
  ) );
#4730 = PCURVE('',#101,#4731);
#4731 = DEFINITIONAL_REPRESENTATION('',(#4732),#4736);
#4732 = LINE('',#4733,#4734);
#4733 = CARTESIAN_POINT('',(-1.,-3.018283229402));
#4734 = VECTOR('',#4735,1.);
#4735 = DIRECTION('',(1.,0.));
#4736 = ( GEOMETRIC_REPRESENTATION_CONTEXT(2) 
PARAMETRIC_REPRESENTATION_CONTEXT() REPRESENTATION_CONTEXT('2D SPACE',''
  ) );
#4737 = ORIENTED_EDGE('',*,*,#113,.T.);
#4738 = ORIENTED_EDGE('',*,*,#4669,.T.);
#4739 = ORIENTED_EDGE('',*,*,#4293,.F.);
#4740 = ADVANCED_FACE('',(#4741),#187,.T.);
#4741 = FACE_BOUND('',#4742,.T.);
#4742 = EDGE_LOOP('',(#4743,#4744,#4763,#4764));
#4743 = ORIENTED_EDGE('',*,*,#170,.T.);
#4744 = ORIENTED_EDGE('',*,*,#4745,.T.);
#4745 = EDGE_CURVE('',#171,#3922,#4746,.T.);
#4746 = SURFACE_CURVE('',#4747,(#4751,#4757),.PCURVE_S1.);
#4747 = LINE('',#4748,#4749);
#4748 = CARTESIAN_POINT('',(14.587354112381,-6.5,-1.));
#4749 = VECTOR('',#4750,1.);
#4750 = DIRECTION('',(0.,0.,1.));
#4751 = PCURVE('',#187,#4752);
#4752 = DEFINITIONAL_REPRESENTATION('',(#4753),#4756);
#4753 = B_SPLINE_CURVE_WITH_KNOTS('',1,(#4754,#4755),.UNSPECIFIED.,.F.,
  .F.,(2,2),(-2.400000000069E-06,1.2000024),.PIECEWISE_BEZIER_KNOTS.);
#4754 = CARTESIAN_POINT('',(5.864003592166,-2.400000000069E-06));
#4755 = CARTESIAN_POINT('',(5.864003592166,1.2000024));
#4756 = ( GEOMETRIC_REPRESENTATION_CONTEXT(2) 
PARAMETRIC_REPRESENTATION_CONTEXT() REPRESENTATION_CONTEXT('2D SPACE',''
  ) );
#4757 = PCURVE('',#215,#4758);
#4758 = DEFINITIONAL_REPRESENTATION('',(#4759),#4762);
#4759 = B_SPLINE_CURVE_WITH_KNOTS('',1,(#4760,#4761),.UNSPECIFIED.,.F.,
  .F.,(2,2),(-2.400000000069E-06,1.2000024),.PIECEWISE_BEZIER_KNOTS.);
#4760 = CARTESIAN_POINT('',(-2.400000000069E-06,1.787354112381));
#4761 = CARTESIAN_POINT('',(1.2000024,1.787354112381));
#4762 = ( GEOMETRIC_REPRESENTATION_CONTEXT(2) 
PARAMETRIC_REPRESENTATION_CONTEXT() REPRESENTATION_CONTEXT('2D SPACE',''
  ) );
#4763 = ORIENTED_EDGE('',*,*,#4083,.F.);
#4764 = ORIENTED_EDGE('',*,*,#4696,.F.);
#4765 = ADVANCED_FACE('',(#4766),#101,.T.);
#4766 = FACE_BOUND('',#4767,.T.);
#4767 = EDGE_LOOP('',(#4768,#4787,#4788,#4789,#4790,#4791,#4792,#4793,
    #4794,#4795));
#4768 = ORIENTED_EDGE('',*,*,#4769,.F.);
#4769 = EDGE_CURVE('',#57,#3994,#4770,.T.);
#4770 = SURFACE_CURVE('',#4771,(#4775,#4781),.PCURVE_S1.);
#4771 = LINE('',#4772,#4773);
#4772 = CARTESIAN_POINT('',(-14.58735411238,6.5,-1.));
#4773 = VECTOR('',#4774,1.);
#4774 = DIRECTION('',(0.,0.,1.));
#4775 = PCURVE('',#101,#4776);
#4776 = DEFINITIONAL_REPRESENTATION('',(#4777),#4780);
#4777 = B_SPLINE_CURVE_WITH_KNOTS('',1,(#4778,#4779),.UNSPECIFIED.,.F.,
  .F.,(2,2),(-2.400000000069E-06,1.2000024),.PIECEWISE_BEZIER_KNOTS.);
#4778 = CARTESIAN_POINT('',(-2.400000000069E-06,1.382645887619));
#4779 = CARTESIAN_POINT('',(1.2000024,1.382645887619));
#4780 = ( GEOMETRIC_REPRESENTATION_CONTEXT(2) 
PARAMETRIC_REPRESENTATION_CONTEXT() REPRESENTATION_CONTEXT('2D SPACE',''
  ) );
#4781 = PCURVE('',#73,#4782);
#4782 = DEFINITIONAL_REPRESENTATION('',(#4783),#4786);
#4783 = B_SPLINE_CURVE_WITH_KNOTS('',1,(#4784,#4785),.UNSPECIFIED.,.F.,
  .F.,(2,2),(-2.400000000069E-06,1.2000024),.PIECEWISE_BEZIER_KNOTS.);
#4784 = CARTESIAN_POINT('',(2.722410938576,-2.400000000069E-06));
#4785 = CARTESIAN_POINT('',(2.722410938576,1.2000024));
#4786 = ( GEOMETRIC_REPRESENTATION_CONTEXT(2) 
PARAMETRIC_REPRESENTATION_CONTEXT() REPRESENTATION_CONTEXT('2D SPACE',''
  ) );
#4787 = ORIENTED_EDGE('',*,*,#85,.T.);
#4788 = ORIENTED_EDGE('',*,*,#4718,.T.);
#4789 = ORIENTED_EDGE('',*,*,#4272,.T.);
#4790 = ORIENTED_EDGE('',*,*,#4221,.F.);
#4791 = ORIENTED_EDGE('',*,*,#873,.T.);
#4792 = ORIENTED_EDGE('',*,*,#4446,.F.);
#4793 = ORIENTED_EDGE('',*,*,#3762,.F.);
#4794 = ORIENTED_EDGE('',*,*,#4112,.F.);
#4795 = ORIENTED_EDGE('',*,*,#4017,.T.);
#4796 = ADVANCED_FACE('',(#4797),#215,.F.);
#4797 = FACE_BOUND('',#4798,.F.);
#4798 = EDGE_LOOP('',(#4799,#4800,#4801,#4802,#4803,#4804,#4805,#4806,
    #4807,#4808));
#4799 = ORIENTED_EDGE('',*,*,#199,.F.);
#4800 = ORIENTED_EDGE('',*,*,#4745,.T.);
#4801 = ORIENTED_EDGE('',*,*,#3921,.T.);
#4802 = ORIENTED_EDGE('',*,*,#4155,.T.);
#4803 = ORIENTED_EDGE('',*,*,#3663,.F.);
#4804 = ORIENTED_EDGE('',*,*,#3621,.T.);
#4805 = ORIENTED_EDGE('',*,*,#976,.T.);
#4806 = ORIENTED_EDGE('',*,*,#745,.T.);
#4807 = ORIENTED_EDGE('',*,*,#635,.T.);
#4808 = ORIENTED_EDGE('',*,*,#4809,.F.);
#4809 = EDGE_CURVE('',#200,#636,#4810,.T.);
#4810 = SURFACE_CURVE('',#4811,(#4815,#4822),.PCURVE_S1.);
#4811 = LINE('',#4812,#4813);
#4812 = CARTESIAN_POINT('',(18.988283229402,-6.5,-2.));
#4813 = VECTOR('',#4814,1.);
#4814 = DIRECTION('',(0.,0.,1.));
#4815 = PCURVE('',#215,#4816);
#4816 = DEFINITIONAL_REPRESENTATION('',(#4817),#4821);
#4817 = LINE('',#4818,#4819);
#4818 = CARTESIAN_POINT('',(-1.,6.188283229402));
#4819 = VECTOR('',#4820,1.);
#4820 = DIRECTION('',(1.,0.));
#4821 = ( GEOMETRIC_REPRESENTATION_CONTEXT(2) 
PARAMETRIC_REPRESENTATION_CONTEXT() REPRESENTATION_CONTEXT('2D SPACE',''
  ) );
#4822 = PCURVE('',#246,#4823);
#4823 = DEFINITIONAL_REPRESENTATION('',(#4824),#4827);
#4824 = B_SPLINE_CURVE_WITH_KNOTS('',1,(#4825,#4826),.UNSPECIFIED.,.F.,
  .F.,(2,2),(1.,4.2),.PIECEWISE_BEZIER_KNOTS.);
#4825 = CARTESIAN_POINT('',(5.953371932429,1.));
#4826 = CARTESIAN_POINT('',(5.953371932429,4.2));
#4827 = ( GEOMETRIC_REPRESENTATION_CONTEXT(2) 
PARAMETRIC_REPRESENTATION_CONTEXT() REPRESENTATION_CONTEXT('2D SPACE',''
  ) );
#4828 = ADVANCED_FACE('',(#4829),#73,.T.);
#4829 = FACE_BOUND('',#4830,.T.);
#4830 = EDGE_LOOP('',(#4831,#4832,#4851,#4852));
#4831 = ORIENTED_EDGE('',*,*,#3993,.F.);
#4832 = ORIENTED_EDGE('',*,*,#4833,.F.);
#4833 = EDGE_CURVE('',#24,#3973,#4834,.T.);
#4834 = SURFACE_CURVE('',#4835,(#4839,#4845),.PCURVE_S1.);
#4835 = LINE('',#4836,#4837);
#4836 = CARTESIAN_POINT('',(14.587354112381,6.5,-1.));
#4837 = VECTOR('',#4838,1.);
#4838 = DIRECTION('',(0.,0.,1.));
#4839 = PCURVE('',#73,#4840);
#4840 = DEFINITIONAL_REPRESENTATION('',(#4841),#4844);
#4841 = B_SPLINE_CURVE_WITH_KNOTS('',1,(#4842,#4843),.UNSPECIFIED.,.F.,
  .F.,(2,2),(-2.400000000069E-06,1.2000024),.PIECEWISE_BEZIER_KNOTS.);
#4842 = CARTESIAN_POINT('',(0.419181715014,-2.400000000069E-06));
#4843 = CARTESIAN_POINT('',(0.419181715014,1.2000024));
#4844 = ( GEOMETRIC_REPRESENTATION_CONTEXT(2) 
PARAMETRIC_REPRESENTATION_CONTEXT() REPRESENTATION_CONTEXT('2D SPACE',''
  ) );
#4845 = PCURVE('',#44,#4846);
#4846 = DEFINITIONAL_REPRESENTATION('',(#4847),#4850);
#4847 = B_SPLINE_CURVE_WITH_KNOTS('',1,(#4848,#4849),.UNSPECIFIED.,.F.,
  .F.,(2,2),(-2.400000000069E-06,1.2000024),.PIECEWISE_BEZIER_KNOTS.);
#4848 = CARTESIAN_POINT('',(-2.400000000069E-06,1.787354112381));
#4849 = CARTESIAN_POINT('',(1.2000024,1.787354112381));
#4850 = ( GEOMETRIC_REPRESENTATION_CONTEXT(2) 
PARAMETRIC_REPRESENTATION_CONTEXT() REPRESENTATION_CONTEXT('2D SPACE',''
  ) );
#4851 = ORIENTED_EDGE('',*,*,#56,.T.);
#4852 = ORIENTED_EDGE('',*,*,#4769,.T.);
#4853 = ADVANCED_FACE('',(#4854),#246,.T.);
#4854 = FACE_BOUND('',#4855,.T.);
#4855 = EDGE_LOOP('',(#4856,#4857,#4877,#4878));
#4856 = ORIENTED_EDGE('',*,*,#227,.F.);
#4857 = ORIENTED_EDGE('',*,*,#4858,.T.);
#4858 = EDGE_CURVE('',#22,#589,#4859,.T.);
#4859 = SURFACE_CURVE('',#4860,(#4864,#4870),.PCURVE_S1.);
#4860 = LINE('',#4861,#4862);
#4861 = CARTESIAN_POINT('',(18.988283229402,6.5,-2.));
#4862 = VECTOR('',#4863,1.);
#4863 = DIRECTION('',(0.,0.,1.));
#4864 = PCURVE('',#246,#4865);
#4865 = DEFINITIONAL_REPRESENTATION('',(#4866),#4869);
#4866 = B_SPLINE_CURVE_WITH_KNOTS('',1,(#4867,#4868),.UNSPECIFIED.,.F.,
  .F.,(2,2),(1.,4.2),.PIECEWISE_BEZIER_KNOTS.);
#4867 = CARTESIAN_POINT('',(6.61299868193,1.));
#4868 = CARTESIAN_POINT('',(6.61299868193,4.2));
#4869 = ( GEOMETRIC_REPRESENTATION_CONTEXT(2) 
PARAMETRIC_REPRESENTATION_CONTEXT() REPRESENTATION_CONTEXT('2D SPACE',''
  ) );
#4870 = PCURVE('',#44,#4871);
#4871 = DEFINITIONAL_REPRESENTATION('',(#4872),#4876);
#4872 = LINE('',#4873,#4874);
#4873 = CARTESIAN_POINT('',(-1.,6.188283229402));
#4874 = VECTOR('',#4875,1.);
#4875 = DIRECTION('',(1.,0.));
#4876 = ( GEOMETRIC_REPRESENTATION_CONTEXT(2) 
PARAMETRIC_REPRESENTATION_CONTEXT() REPRESENTATION_CONTEXT('2D SPACE',''
  ) );
#4877 = ORIENTED_EDGE('',*,*,#656,.F.);
#4878 = ORIENTED_EDGE('',*,*,#4809,.F.);
#4879 = ADVANCED_FACE('',(#4880),#44,.T.);
#4880 = FACE_BOUND('',#4881,.T.);
#4881 = EDGE_LOOP('',(#4882,#4883,#4884,#4885,#4886,#4887,#4888,#4889,
    #4890,#4891));
#4882 = ORIENTED_EDGE('',*,*,#4858,.F.);
#4883 = ORIENTED_EDGE('',*,*,#21,.T.);
#4884 = ORIENTED_EDGE('',*,*,#4833,.T.);
#4885 = ORIENTED_EDGE('',*,*,#3972,.T.);
#4886 = ORIENTED_EDGE('',*,*,#4175,.T.);
#4887 = ORIENTED_EDGE('',*,*,#3717,.F.);
#4888 = ORIENTED_EDGE('',*,*,#4426,.T.);
#4889 = ORIENTED_EDGE('',*,*,#821,.T.);
#4890 = ORIENTED_EDGE('',*,*,#796,.T.);
#4891 = ORIENTED_EDGE('',*,*,#586,.T.);
#4892 = ( GEOMETRIC_REPRESENTATION_CONTEXT(3) 
GLOBAL_UNCERTAINTY_ASSIGNED_CONTEXT((#4896)) 
GLOBAL_UNIT_ASSIGNED_CONTEXT((#4893,#4894,#4895)) REPRESENTATION_CONTEXT
('Context #1','3D Context with UNIT and UNCERTAINTY') );
#4893 = ( LENGTH_UNIT() NAMED_UNIT(*) SI_UNIT(.MILLI.,.METRE.) );
#4894 = ( NAMED_UNIT(*) PLANE_ANGLE_UNIT() SI_UNIT($,.RADIAN.) );
#4895 = ( NAMED_UNIT(*) SI_UNIT($,.STERADIAN.) SOLID_ANGLE_UNIT() );
#4896 = UNCERTAINTY_MEASURE_WITH_UNIT(LENGTH_MEASURE(1.E-06),#4893,
  'distance_accuracy_value','confusion accuracy');
#4897 = PRODUCT_RELATED_PRODUCT_CATEGORY('part',$,(#7));
ENDSEC;
END-ISO-10303-21;
