ISO-10303-21;
HEADER;
FILE_DESCRIPTION(('Open CASCADE Model'),'2;1');
FILE_NAME('Open CASCADE Shape Model','2026-09-01T07:35:42',('Author'),(
    'Open CASCADE'),'Open CASCADE STEP processor 7.9','build123d',
  'Unknown');
FILE_SCHEMA(('AUTOMOTIVE_DESIGN { 1 0 10303 214 1 1 1 1 }'));
ENDSEC;
DATA;
#1 = APPLICATION_PROTOCOL_DEFINITION('international standard',
  'automotive_design',2000,#2);
#2 = APPLICATION_CONTEXT(
  'core data for automotive mechanical design processes');
#3 = SHAPE_DEFINITION_REPRESENTATION(#4,#10);
#4 = PRODUCT_DEFINITION_SHAPE('','',#5);
#5 = PRODUCT_DEFINITION('design','',#6,#9);
#6 = PRODUCT_DEFINITION_FORMATION('','',#7);
#7 = PRODUCT('COMPOUND','COMPOUND','',(#8));
#8 = PRODUCT_CONTEXT('',#2,'mechanical');
#9 = PRODUCT_DEFINITION_CONTEXT('part definition',#2,'design');
#10 = ADVANCED_BREP_SHAPE_REPRESENTATION('',(#11,#15),#5296);
#11 = AXIS2_PLACEMENT_3D('',#12,#13,#14);
#12 = CARTESIAN_POINT('',(0.,0.,0.));
#13 = DIRECTION('',(0.,0.,1.));
#14 = DIRECTION('',(1.,0.,-0.));
#15 = MANIFOLD_SOLID_BREP('',#16);
#16 = CLOSED_SHELL('',(#17,#833,#956,#1057,#2160,#2278,#2303,#2338,#2422
    ,#2474,#2575,#2653,#3735,#3813,#3865,#3920,#3945,#4046,#4101,#4164,
    #4336,#4391,#4426,#4484,#4509,#4539,#4801,#4856,#4983,#5186,#5213,
    #5220,#5257,#5290));
#17 = ADVANCED_FACE('',(#18),#34,.T.);
#18 = FACE_BOUND('',#19,.T.);
#19 = EDGE_LOOP('',(#20,#73,#119,#165,#193,#530,#782,#805,#832));
#20 = ORIENTED_EDGE('',*,*,#21,.T.);
#21 = EDGE_CURVE('',#22,#24,#26,.T.);
#22 = VERTEX_POINT('',#23);
#23 = CARTESIAN_POINT('',(13.7,-3.355532229664E-15,3.188278104659));
#24 = VERTEX_POINT('',#25);
#25 = CARTESIAN_POINT('',(13.68943651437,0.537892107246,3.187171536793)
  );
#26 = SURFACE_CURVE('',#27,(#33,#47),.PCURVE_S1.);
#27 = B_SPLINE_CURVE_WITH_KNOTS('',4,(#28,#29,#30,#31,#32),
  .UNSPECIFIED.,.F.,.F.,(5,5),(0.,1.),.PIECEWISE_BEZIER_KNOTS.);
#28 = CARTESIAN_POINT('',(13.7,1.799752243754E-16,3.188278104659));
#29 = CARTESIAN_POINT('',(13.7,0.13476206908,3.188000939335));
#30 = CARTESIAN_POINT('',(13.698232583731,0.269376758818,3.187724077144)
  );
#31 = CARTESIAN_POINT('',(13.694706093276,0.403780516989,3.187447577142)
  );
#32 = CARTESIAN_POINT('',(13.68943651437,0.537892107246,3.187171536793)
  );
#33 = PCURVE('',#34,#39);
#34 = CYLINDRICAL_SURFACE('',#35,13.7);
#35 = AXIS2_PLACEMENT_3D('',#36,#37,#38);
#36 = CARTESIAN_POINT('',(0.,0.,0.));
#37 = DIRECTION('',(0.,0.,1.));
#38 = DIRECTION('',(1.,0.,-0.));
#39 = DEFINITIONAL_REPRESENTATION('',(#40),#46);
#40 = B_SPLINE_CURVE_WITH_KNOTS('',4,(#41,#42,#43,#44,#45),
  .UNSPECIFIED.,.F.,.F.,(5,5),(0.,1.),.PIECEWISE_BEZIER_KNOTS.);
#41 = CARTESIAN_POINT('',(0.,3.188278104659));
#42 = CARTESIAN_POINT('',(9.836647378117E-03,3.188000939335));
#43 = CARTESIAN_POINT('',(1.966253631826E-02,3.187724077144));
#44 = CARTESIAN_POINT('',(2.947557085208E-02,3.187447577142));
#45 = CARTESIAN_POINT('',(3.927229185786E-02,3.187171536793));
#46 = ( GEOMETRIC_REPRESENTATION_CONTEXT(2) 
PARAMETRIC_REPRESENTATION_CONTEXT() REPRESENTATION_CONTEXT('2D SPACE',''
  ) );
#47 = PCURVE('',#48,#65);
#48 = ( BOUNDED_SURFACE() B_SPLINE_SURFACE(1,7,(
    (#49,#50,#51,#52,#53,#54,#55,#56)
    ,(#57,#58,#59,#60,#61,#62,#63,#64
)),.UNSPECIFIED.,.F.,.F.,.F.) B_SPLINE_SURFACE_WITH_KNOTS((2,2),(8,8),(
    1.,2.),(0.,1.),.PIECEWISE_BEZIER_KNOTS.) 
GEOMETRIC_REPRESENTATION_ITEM() RATIONAL_B_SPLINE_SURFACE((
    (1.,1.,1.,1.000000000001,0.999999999999,1.,1.,1.)
    ,(1.,1.,1.,1.000000000001,0.999999999999,1.,1.,1.
))) REPRESENTATION_ITEM('') SURFACE() );
#49 = CARTESIAN_POINT('',(4.187180273475,-12.88681579566,3.223686125554)
  );
#50 = CARTESIAN_POINT('',(7.079727868911,-11.97421915422,3.21737913782)
  );
#51 = CARTESIAN_POINT('',(9.742832729246,-10.30334898307,3.211066737816)
  );
#52 = CARTESIAN_POINT('',(11.937911307649,-7.94268942064,3.204748996824)
  );
#53 = CARTESIAN_POINT('',(13.450752511837,-5.054166701177,3.198425987527
    ));
#54 = CARTESIAN_POINT('',(14.143304420745,-1.883443536603,3.192097784023
    ));
#55 = CARTESIAN_POINT('',(13.989521878048,1.297532216572,3.185764461795)
  );
#56 = CARTESIAN_POINT('',(13.059735162224,4.243365181908,3.179426097684)
  );
#57 = CARTESIAN_POINT('',(4.248983672348,-13.07702709892,3.223686125637)
  );
#58 = CARTESIAN_POINT('',(7.176101525223,-12.12595548236,3.217379137902)
  );
#59 = CARTESIAN_POINT('',(9.857321722068,-10.40964307348,3.21106673789)
  );
#60 = CARTESIAN_POINT('',(12.052502561601,-8.003722543538,3.204748996884
    ));
#61 = CARTESIAN_POINT('',(13.549420905367,-5.07770691758,3.198425987569)
  );
#62 = CARTESIAN_POINT('',(14.215831089491,-1.882847503323,3.192097784048
    ));
#63 = CARTESIAN_POINT('',(14.032841311804,1.307307419996,3.185764461807)
  );
#64 = CARTESIAN_POINT('',(13.077027098884,4.248983672715,3.179426097688)
  );
#65 = DEFINITIONAL_REPRESENTATION('',(#66),#72);
#66 = B_SPLINE_CURVE_WITH_KNOTS('',4,(#67,#68,#69,#70,#71),
  .UNSPECIFIED.,.F.,.F.,(5,5),(0.,1.),.PIECEWISE_BEZIER_KNOTS.);
#67 = CARTESIAN_POINT('',(1.083337261695,0.800393588255));
#68 = CARTESIAN_POINT('',(1.064203259521,0.80664647757));
#69 = CARTESIAN_POINT('',(1.044024760004,0.812892275345));
#70 = CARTESIAN_POINT('',(1.02267922556,0.819129650762));
#71 = CARTESIAN_POINT('',(1.,0.825356407382));
#72 = ( GEOMETRIC_REPRESENTATION_CONTEXT(2) 
PARAMETRIC_REPRESENTATION_CONTEXT() REPRESENTATION_CONTEXT('2D SPACE',''
  ) );
#73 = ORIENTED_EDGE('',*,*,#74,.T.);
#74 = EDGE_CURVE('',#24,#75,#77,.T.);
#75 = VERTEX_POINT('',#76);
#76 = CARTESIAN_POINT('',(13.689436514622,0.537892100826,3.025329410253)
  );
#77 = SURFACE_CURVE('',#78,(#84,#93),.PCURVE_S1.);
#78 = B_SPLINE_CURVE_WITH_KNOTS('',4,(#79,#80,#81,#82,#83),
  .UNSPECIFIED.,.F.,.F.,(5,5),(0.,1.),.PIECEWISE_BEZIER_KNOTS.);
#79 = CARTESIAN_POINT('',(13.68943651437,0.537892107247,3.187171536793)
  );
#80 = CARTESIAN_POINT('',(13.689436514433,0.537892105642,3.1467110052));
#81 = CARTESIAN_POINT('',(13.689436514496,0.537892104037,3.106250473579)
  );
#82 = CARTESIAN_POINT('',(13.689436514559,0.537892102432,3.06578994193)
  );
#83 = CARTESIAN_POINT('',(13.689436514622,0.537892100827,3.025329410253)
  );
#84 = PCURVE('',#34,#85);
#85 = DEFINITIONAL_REPRESENTATION('',(#86),#92);
#86 = B_SPLINE_CURVE_WITH_KNOTS('',4,(#87,#88,#89,#90,#91),
  .UNSPECIFIED.,.F.,.F.,(5,5),(0.,1.),.PIECEWISE_BEZIER_KNOTS.);
#87 = CARTESIAN_POINT('',(3.927229185789E-02,3.187171536793));
#88 = CARTESIAN_POINT('',(3.927229174065E-02,3.1467110052));
#89 = CARTESIAN_POINT('',(3.927229162343E-02,3.106250473579));
#90 = CARTESIAN_POINT('',(3.927229150617E-02,3.06578994193));
#91 = CARTESIAN_POINT('',(3.927229138893E-02,3.025329410253));
#92 = ( GEOMETRIC_REPRESENTATION_CONTEXT(2) 
PARAMETRIC_REPRESENTATION_CONTEXT() REPRESENTATION_CONTEXT('2D SPACE',''
  ) );
#93 = PCURVE('',#94,#111);
#94 = ( BOUNDED_SURFACE() B_SPLINE_SURFACE(1,7,(
    (#95,#96,#97,#98,#99,#100,#101,#102)
    ,(#103,#104,#105,#106,#107,#108,#109,#110
)),.UNSPECIFIED.,.F.,.F.,.F.) B_SPLINE_SURFACE_WITH_KNOTS((2,2),(8,8),(
    0.,1.),(0.,1.),.PIECEWISE_BEZIER_KNOTS.) 
GEOMETRIC_REPRESENTATION_ITEM() RATIONAL_B_SPLINE_SURFACE((
    (1.,1.,1.,1.000000000001,0.999999999999,1.,1.,1.)
    ,(1.,1.,1.,1.000000000001,0.999999999999,1.,1.,1.
))) REPRESENTATION_ITEM('') SURFACE() );
#95 = CARTESIAN_POINT('',(4.187180273698,-12.88681579587,2.576314069717)
  );
#96 = CARTESIAN_POINT('',(7.079727869106,-11.9742191544,2.653870322535)
  );
#97 = CARTESIAN_POINT('',(9.742832729411,-10.30334898322,2.731493125036)
  );
#98 = CARTESIAN_POINT('',(11.937911307786,-7.942689420769,2.809181599891
    ));
#99 = CARTESIAN_POINT('',(13.450752511945,-5.054166701278,2.886934853005
    ));
#100 = CARTESIAN_POINT('',(14.143304420824,-1.883443536677,
    2.964751973673));
#101 = CARTESIAN_POINT('',(13.989521878098,1.297532216525,3.042632034703
    ));
#102 = CARTESIAN_POINT('',(13.059735162244,4.243365181889,3.120574092608
    ));
#103 = CARTESIAN_POINT('',(4.187180273475,-12.88681579566,3.223686125554
    ));
#104 = CARTESIAN_POINT('',(7.079727868911,-11.97421915422,3.21737913782)
  );
#105 = CARTESIAN_POINT('',(9.742832729246,-10.30334898307,3.211066737816
    ));
#106 = CARTESIAN_POINT('',(11.937911307649,-7.94268942064,3.204748996824
    ));
#107 = CARTESIAN_POINT('',(13.450752511837,-5.054166701177,
    3.198425987527));
#108 = CARTESIAN_POINT('',(14.143304420745,-1.883443536603,
    3.192097784023));
#109 = CARTESIAN_POINT('',(13.989521878048,1.297532216572,3.185764461795
    ));
#110 = CARTESIAN_POINT('',(13.059735162224,4.243365181908,3.179426097684
    ));
#111 = DEFINITIONAL_REPRESENTATION('',(#112),#118);
#112 = B_SPLINE_CURVE_WITH_KNOTS('',4,(#113,#114,#115,#116,#117),
  .UNSPECIFIED.,.F.,.F.,(5,5),(0.,1.),.PIECEWISE_BEZIER_KNOTS.);
#113 = CARTESIAN_POINT('',(1.,0.825356407382));
#114 = CARTESIAN_POINT('',(0.749999999987,0.825356407308));
#115 = CARTESIAN_POINT('',(0.499999999982,0.825356407234));
#116 = CARTESIAN_POINT('',(0.249999999987,0.825356407161));
#117 = CARTESIAN_POINT('',(0.,0.825356407087));
#118 = ( GEOMETRIC_REPRESENTATION_CONTEXT(2) 
PARAMETRIC_REPRESENTATION_CONTEXT() REPRESENTATION_CONTEXT('2D SPACE',''
  ) );
#119 = ORIENTED_EDGE('',*,*,#120,.F.);
#120 = EDGE_CURVE('',#121,#75,#123,.T.);
#121 = VERTEX_POINT('',#122);
#122 = CARTESIAN_POINT('',(13.7,-3.355532229664E-15,3.011722085413));
#123 = SURFACE_CURVE('',#124,(#130,#139),.PCURVE_S1.);
#124 = B_SPLINE_CURVE_WITH_KNOTS('',4,(#125,#126,#127,#128,#129),
  .UNSPECIFIED.,.F.,.F.,(5,5),(0.,1.),.PIECEWISE_BEZIER_KNOTS.);
#125 = CARTESIAN_POINT('',(13.7,-3.244811512967E-16,3.011722085413));
#126 = CARTESIAN_POINT('',(13.7,0.134761753604,3.015130344363));
#127 = CARTESIAN_POINT('',(13.698232591943,0.269376310499,3.018534880326
    ));
#128 = CARTESIAN_POINT('',(13.694706107492,0.403780153572,3.021934967993
    ));
#129 = CARTESIAN_POINT('',(13.689436514622,0.537892100827,3.025329410253
    ));
#130 = PCURVE('',#34,#131);
#131 = DEFINITIONAL_REPRESENTATION('',(#132),#138);
#132 = B_SPLINE_CURVE_WITH_KNOTS('',4,(#133,#134,#135,#136,#137),
  .UNSPECIFIED.,.F.,.F.,(5,5),(0.,1.),.PIECEWISE_BEZIER_KNOTS.);
#133 = CARTESIAN_POINT('',(0.,3.011722085413));
#134 = CARTESIAN_POINT('',(9.83662435068E-03,3.015130344363));
#135 = CARTESIAN_POINT('',(1.966250359511E-02,3.018534880326));
#136 = CARTESIAN_POINT('',(2.947554430506E-02,3.021934967993));
#137 = CARTESIAN_POINT('',(3.927229138892E-02,3.025329410253));
#138 = ( GEOMETRIC_REPRESENTATION_CONTEXT(2) 
PARAMETRIC_REPRESENTATION_CONTEXT() REPRESENTATION_CONTEXT('2D SPACE',''
  ) );
#139 = PCURVE('',#140,#157);
#140 = ( BOUNDED_SURFACE() B_SPLINE_SURFACE(1,7,(
    (#141,#142,#143,#144,#145,#146,#147,#148)
    ,(#149,#150,#151,#152,#153,#154,#155,#156
)),.UNSPECIFIED.,.F.,.F.,.F.) B_SPLINE_SURFACE_WITH_KNOTS((2,2),(8,8),(
    5.,6.),(0.,1.),.PIECEWISE_BEZIER_KNOTS.) 
GEOMETRIC_REPRESENTATION_ITEM() RATIONAL_B_SPLINE_SURFACE((
    (1.,1.,1.,1.000000000001,0.999999999999,1.,1.,1.)
    ,(1.,1.,1.,1.000000000001,0.999999999999,1.,1.,1.
))) REPRESENTATION_ITEM('') SURFACE() );
#141 = CARTESIAN_POINT('',(4.248983672572,-13.07702709913,2.5763140698)
  );
#142 = CARTESIAN_POINT('',(7.176101525418,-12.12595548254,2.653870322618
    ));
#143 = CARTESIAN_POINT('',(9.857321722234,-10.40964307363,2.731493125111
    ));
#144 = CARTESIAN_POINT('',(12.052502561738,-8.003722543666,2.80918159995
    ));
#145 = CARTESIAN_POINT('',(13.549420905474,-5.077706917681,
    2.886934853047));
#146 = CARTESIAN_POINT('',(14.21583108957,-1.882847503397,2.964751973698
    ));
#147 = CARTESIAN_POINT('',(14.032841311854,1.30730741995,3.042632034715)
  );
#148 = CARTESIAN_POINT('',(13.077027098904,4.248983672696,3.120574092612
    ));
#149 = CARTESIAN_POINT('',(4.187180273698,-12.88681579587,2.576314069717
    ));
#150 = CARTESIAN_POINT('',(7.079727869106,-11.9742191544,2.653870322535)
  );
#151 = CARTESIAN_POINT('',(9.742832729411,-10.30334898322,2.731493125036
    ));
#152 = CARTESIAN_POINT('',(11.937911307786,-7.942689420769,
    2.809181599891));
#153 = CARTESIAN_POINT('',(13.450752511945,-5.054166701278,
    2.886934853005));
#154 = CARTESIAN_POINT('',(14.143304420824,-1.883443536677,
    2.964751973673));
#155 = CARTESIAN_POINT('',(13.989521878098,1.297532216525,3.042632034703
    ));
#156 = CARTESIAN_POINT('',(13.059735162244,4.243365181889,3.120574092608
    ));
#157 = DEFINITIONAL_REPRESENTATION('',(#158),#164);
#158 = B_SPLINE_CURVE_WITH_KNOTS('',4,(#159,#160,#161,#162,#163),
  .UNSPECIFIED.,.F.,.F.,(5,5),(0.,1.),.PIECEWISE_BEZIER_KNOTS.);
#159 = CARTESIAN_POINT('',(5.916662739432,0.800393588258));
#160 = CARTESIAN_POINT('',(5.935796696803,0.806646462935));
#161 = CARTESIAN_POINT('',(5.955975172598,0.812892254548));
#162 = CARTESIAN_POINT('',(5.97732071413,0.819129633892));
#163 = CARTESIAN_POINT('',(6.,0.825356407087));
#164 = ( GEOMETRIC_REPRESENTATION_CONTEXT(2) 
PARAMETRIC_REPRESENTATION_CONTEXT() REPRESENTATION_CONTEXT('2D SPACE',''
  ) );
#165 = ORIENTED_EDGE('',*,*,#166,.F.);
#166 = EDGE_CURVE('',#167,#121,#169,.T.);
#167 = VERTEX_POINT('',#168);
#168 = CARTESIAN_POINT('',(13.7,2.688941894434E-14,2.423686127913));
#169 = SURFACE_CURVE('',#170,(#174,#181),.PCURVE_S1.);
#170 = LINE('',#171,#172);
#171 = CARTESIAN_POINT('',(13.7,-3.355532229664E-15,0.));
#172 = VECTOR('',#173,1.);
#173 = DIRECTION('',(0.,0.,1.));
#174 = PCURVE('',#34,#175);
#175 = DEFINITIONAL_REPRESENTATION('',(#176),#180);
#176 = LINE('',#177,#178);
#177 = CARTESIAN_POINT('',(0.,-0.));
#178 = VECTOR('',#179,1.);
#179 = DIRECTION('',(0.,1.));
#180 = ( GEOMETRIC_REPRESENTATION_CONTEXT(2) 
PARAMETRIC_REPRESENTATION_CONTEXT() REPRESENTATION_CONTEXT('2D SPACE',''
  ) );
#181 = PCURVE('',#182,#187);
#182 = CYLINDRICAL_SURFACE('',#183,13.7);
#183 = AXIS2_PLACEMENT_3D('',#184,#185,#186);
#184 = CARTESIAN_POINT('',(0.,0.,0.));
#185 = DIRECTION('',(0.,0.,1.));
#186 = DIRECTION('',(1.,0.,-0.));
#187 = DEFINITIONAL_REPRESENTATION('',(#188),#192);
#188 = LINE('',#189,#190);
#189 = CARTESIAN_POINT('',(6.28318530718,-0.));
#190 = VECTOR('',#191,1.);
#191 = DIRECTION('',(0.,1.));
#192 = ( GEOMETRIC_REPRESENTATION_CONTEXT(2) 
PARAMETRIC_REPRESENTATION_CONTEXT() REPRESENTATION_CONTEXT('2D SPACE',''
  ) );
#193 = ORIENTED_EDGE('',*,*,#194,.T.);
#194 = EDGE_CURVE('',#167,#195,#197,.T.);
#195 = VERTEX_POINT('',#196);
#196 = CARTESIAN_POINT('',(4.233532822698,-13.02947427332,3.223686125624
    ));
#197 = SURFACE_CURVE('',#198,(#299,#403),.PCURVE_S1.);
#198 = B_SPLINE_CURVE_WITH_KNOTS('',8,(#199,#200,#201,#202,#203,#204,
    #205,#206,#207,#208,#209,#210,#211,#212,#213,#214,#215,#216,#217,
    #218,#219,#220,#221,#222,#223,#224,#225,#226,#227,#228,#229,#230,
    #231,#232,#233,#234,#235,#236,#237,#238,#239,#240,#241,#242,#243,
    #244,#245,#246,#247,#248,#249,#250,#251,#252,#253,#254,#255,#256,
    #257,#258,#259,#260,#261,#262,#263,#264,#265,#266,#267,#268,#269,
    #270,#271,#272,#273,#274,#275,#276,#277,#278,#279,#280,#281,#282,
    #283,#284,#285,#286,#287,#288,#289,#290,#291,#292,#293,#294,#295,
    #296,#297,#298),.UNSPECIFIED.,.F.,.F.,(9,7,7,7,7,7,7,7,7,7,7,7,7,7,9
    ),(0.,6.384591146923E-02,0.235385942482,0.306159855835,0.36608021307
    ,0.451202377544,0.499648607248,0.549876580219,0.634327092816,
    0.696346656448,0.766254760707,0.864088592109,0.898906305629,
    0.935897197915,1.),.UNSPECIFIED.);
#199 = CARTESIAN_POINT('',(13.7,1.367794766338E-13,2.423686127907));
#200 = CARTESIAN_POINT('',(13.7,0.549524437796,2.430066931388));
#201 = CARTESIAN_POINT('',(13.674808989107,1.099074038855,2.436448523283
    ));
#202 = CARTESIAN_POINT('',(13.624422990341,1.6472781421,2.442830947091)
  );
#203 = CARTESIAN_POINT('',(13.548930301405,2.192782865189,2.449214182423
    ));
#204 = CARTESIAN_POINT('',(13.448505132384,2.734250388558,2.4555981681)
  );
#205 = CARTESIAN_POINT('',(13.323404809845,3.270358794358,2.46198280081)
  );
#206 = CARTESIAN_POINT('',(13.173970547334,3.799802460249,2.468367909318
    ));
#207 = CARTESIAN_POINT('',(12.534908348322,5.722424305102,2.491909098201
    ));
#208 = CARTESIAN_POINT('',(11.896168537838,7.067509868524,2.509083034721
    ));
#209 = CARTESIAN_POINT('',(11.092785255722,8.329477519724,2.526246455382
    ));
#210 = CARTESIAN_POINT('',(10.138073971348,9.485378561921,2.54339985282)
  );
#211 = CARTESIAN_POINT('',(9.048166409967,10.514788498465,2.560551047304
    ));
#212 = CARTESIAN_POINT('',(7.842369575036,11.400253357085,2.577708077877
    ));
#213 = CARTESIAN_POINT('',(6.542697254724,12.126961064881,2.594875320934
    ));
#214 = CARTESIAN_POINT('',(4.611574120413,12.914893733642,2.619104246148
    ));
#215 = CARTESIAN_POINT('',(4.035829998437,13.116372993151,2.626181305477
    ));
#216 = CARTESIAN_POINT('',(3.450096550953,13.288490264837,2.633258478984
    ));
#217 = CARTESIAN_POINT('',(2.856125130203,13.430676198857,2.640335725312
    ));
#218 = CARTESIAN_POINT('',(2.255694462116,13.542488033914,2.647413110185
    ));
#219 = CARTESIAN_POINT('',(1.650609514205,13.623606440011,2.654490683042
    ));
#220 = CARTESIAN_POINT('',(1.042701745275,13.67383885738,2.661568356852)
  );
#221 = CARTESIAN_POINT('',(-8.166666318767E-02,13.70946150896,
    2.674637863233));
#222 = CARTESIAN_POINT('',(-0.597874292968,13.703614910214,
    2.680629991784));
#223 = CARTESIAN_POINT('',(-1.11366795575,13.675552800621,2.686622017336
    ));
#224 = CARTESIAN_POINT('',(-1.627931523524,13.625308392372,
    2.692613898914));
#225 = CARTESIAN_POINT('',(-2.139556650475,13.552981147236,
    2.698605662034));
#226 = CARTESIAN_POINT('',(-2.647442776673,13.458735527683,
    2.704597344516));
#227 = CARTESIAN_POINT('',(-3.150497421918,13.342802196468,
    2.710588940115));
#228 = CARTESIAN_POINT('',(-4.353867160916,13.010405709994,
    2.725091653059));
#229 = CARTESIAN_POINT('',(-5.048215478722,12.772153508639,
    2.733603233293));
#230 = CARTESIAN_POINT('',(-5.727540683669,12.491583548517,
    2.742114413948));
#231 = CARTESIAN_POINT('',(-6.388838214477,12.169821284758,
    2.750625236169));
#232 = CARTESIAN_POINT('',(-7.029227649031,11.808231942256,2.75913610195
    ));
#233 = CARTESIAN_POINT('',(-7.645949480062,11.408411020277,
    2.767647417132));
#234 = CARTESIAN_POINT('',(-8.236371005531,10.972192499134,
    2.776159224415));
#235 = CARTESIAN_POINT('',(-9.117646305796,10.233885376463,2.78951509961
    ));
#236 = CARTESIAN_POINT('',(-9.42797788397,9.954975161206,2.794359496511)
  );
#237 = CARTESIAN_POINT('',(-9.728542135126,9.665324626357,2.799203979801
    ));
#238 = CARTESIAN_POINT('',(-10.01890600024,9.365334005522,2.804048541755
    ));
#239 = CARTESIAN_POINT('',(-10.29865734518,9.055423183007,2.808893185631
    ));
#240 = CARTESIAN_POINT('',(-10.56740501145,8.736031634123,2.813737907098
    ));
#241 = CARTESIAN_POINT('',(-10.82477886697,8.407618365484,2.81858267567)
  );
#242 = CARTESIAN_POINT('',(-11.32511533728,7.721312843246,2.828450335249
    ));
#243 = CARTESIAN_POINT('',(-11.56720316615,7.362775991656,2.833473292062
    ));
#244 = CARTESIAN_POINT('',(-11.79630447531,6.995585076448,2.838496198164
    ));
#245 = CARTESIAN_POINT('',(-12.0120593594,6.620290047681,2.843519018654)
  );
#246 = CARTESIAN_POINT('',(-12.21413692024,6.237456942922,2.848541749898
    ));
#247 = CARTESIAN_POINT('',(-12.40223531111,5.84766780059,2.853564397282)
  );
#248 = CARTESIAN_POINT('',(-12.57608178105,5.451520573307,2.858586952971
    ));
#249 = CARTESIAN_POINT('',(-13.00335649982,4.373911032282,2.872053791733
    ));
#250 = CARTESIAN_POINT('',(-13.23032131354,3.681908448485,2.880498398424
    ));
#251 = CARTESIAN_POINT('',(-13.41514758667,2.976573385782,2.888942533138
    ));
#252 = CARTESIAN_POINT('',(-13.55694142932,2.260908518926,2.897386241246
    ));
#253 = CARTESIAN_POINT('',(-13.65506682208,1.537960999667,2.905829914667
    ));
#254 = CARTESIAN_POINT('',(-13.70913650527,0.810819472038,2.914273940468
    ));
#255 = CARTESIAN_POINT('',(-13.71902157064,8.261420477571E-02,
    2.92271835749));
#256 = CARTESIAN_POINT('',(-13.65980636777,-1.176715316449,
    2.937363825422));
#257 = CARTESIAN_POINT('',(-13.61098661927,-1.708843310435,
    2.943565351396));
#258 = CARTESIAN_POINT('',(-13.53847776888,-2.2386169148,2.949766967181)
  );
#259 = CARTESIAN_POINT('',(-13.44241655165,-2.764805371252,2.95596866352
    ));
#260 = CARTESIAN_POINT('',(-13.32301468944,-3.286193161739,
    2.962170484321));
#261 = CARTESIAN_POINT('',(-13.18055736654,-3.801579888743,
    2.968372459949));
#262 = CARTESIAN_POINT('',(-13.01540467071,-4.309780763618,
    2.974574543125));
#263 = CARTESIAN_POINT('',(-12.61674999612,-5.373052369349,
    2.987767411933));
#264 = CARTESIAN_POINT('',(-12.37721668125,-5.925888385976,
    2.994758491397));
#265 = CARTESIAN_POINT('',(-12.11002273025,-6.466456463875,
    3.001749462823));
#266 = CARTESIAN_POINT('',(-11.81590933039,-6.993144124116,
    3.008740243207));
#267 = CARTESIAN_POINT('',(-11.4957239998,-7.504401339123,3.015730879598
    ));
#268 = CARTESIAN_POINT('',(-11.1504177188,-7.998739317711,3.022721435876
    ));
#269 = CARTESIAN_POINT('',(-10.78104737336,-8.474732433824,
    3.029711876295));
#270 = CARTESIAN_POINT('',(-9.83982460233,-9.569585652347,3.046484291974
    ));
#271 = CARTESIAN_POINT('',(-9.245952643868,-10.16964958947,
    3.056267264098));
#272 = CARTESIAN_POINT('',(-8.610395434878,-10.72742962853,
    3.066049423014));
#273 = CARTESIAN_POINT('',(-7.936698075484,-11.23957407717,
    3.075830893502));
#274 = CARTESIAN_POINT('',(-7.22867869824,-11.70311326037,3.085612406319
    ));
#275 = CARTESIAN_POINT('',(-6.490413208869,-12.11544259397,
    3.095394740791));
#276 = CARTESIAN_POINT('',(-5.726246127864,-12.47434258984,
    3.105178126948));
#277 = CARTESIAN_POINT('',(-4.661303926507,-12.88611885022,
    3.118442815165));
#278 = CARTESIAN_POINT('',(-4.379080630561,-12.98721197085,
    3.121924552462));
#279 = CARTESIAN_POINT('',(-4.094359285223,-13.08123816677,
    3.125406372577));
#280 = CARTESIAN_POINT('',(-3.807346566721,-13.16812572701,
    3.128888275126));
#281 = CARTESIAN_POINT('',(-3.518251270059,-13.24781030195,
    3.132370260756));
#282 = CARTESIAN_POINT('',(-3.227284299712,-13.32023490187,
    3.135852327039));
#283 = CARTESIAN_POINT('',(-2.934658660311,-13.38534989556,
    3.139334464372));
#284 = CARTESIAN_POINT('',(-2.328165641126,-13.50448145871,
    3.146516183223));
#285 = CARTESIAN_POINT('',(-2.014111271196,-13.55755186069,
    3.150215784899));
#286 = CARTESIAN_POINT('',(-1.698684442078,-13.60227355987,
    3.153915430633));
#287 = CARTESIAN_POINT('',(-1.382144256247,-13.63860560685,
    3.157615099235));
#288 = CARTESIAN_POINT('',(-1.064750798446,-13.66651675558,
    3.161314770323));
#289 = CARTESIAN_POINT('',(-0.746765120012,-13.6859854612,3.165014420047
    ));
#290 = CARTESIAN_POINT('',(-0.428449223197,-13.69699987786,
    3.168714016827));
#291 = CARTESIAN_POINT('',(0.441671221895,-13.70399066672,3.178824509567
    ));
#292 = CARTESIAN_POINT('',(0.993619915532,-13.68302842971,3.18523532103)
  );
#293 = CARTESIAN_POINT('',(1.544405312246,-13.63665891934,3.191645655869
    ));
#294 = CARTESIAN_POINT('',(2.09266376398,-13.56496066183,3.198055339784)
  );
#295 = CARTESIAN_POINT('',(2.637042218644,-13.46809838269,3.204464267868
    ));
#296 = CARTESIAN_POINT('',(3.176198343322,-13.34632210465,3.210872377943
    ));
#297 = CARTESIAN_POINT('',(3.70880124984,-13.19996989656,3.217279649125)
  );
#298 = CARTESIAN_POINT('',(4.233532822698,-13.02947427332,3.223686125633
    ));
#299 = PCURVE('',#34,#300);
#300 = DEFINITIONAL_REPRESENTATION('',(#301),#402);
#301 = B_SPLINE_CURVE_WITH_KNOTS('',8,(#302,#303,#304,#305,#306,#307,
    #308,#309,#310,#311,#312,#313,#314,#315,#316,#317,#318,#319,#320,
    #321,#322,#323,#324,#325,#326,#327,#328,#329,#330,#331,#332,#333,
    #334,#335,#336,#337,#338,#339,#340,#341,#342,#343,#344,#345,#346,
    #347,#348,#349,#350,#351,#352,#353,#354,#355,#356,#357,#358,#359,
    #360,#361,#362,#363,#364,#365,#366,#367,#368,#369,#370,#371,#372,
    #373,#374,#375,#376,#377,#378,#379,#380,#381,#382,#383,#384,#385,
    #386,#387,#388,#389,#390,#391,#392,#393,#394,#395,#396,#397,#398,
    #399,#400,#401),.UNSPECIFIED.,.F.,.F.,(9,7,7,7,7,7,7,7,7,7,7,7,7,7,9
    ),(0.,6.384591146923E-02,0.235385942482,0.306159855835,0.36608021307
    ,0.451202377544,0.499648607248,0.549876580219,0.634327092816,
    0.696346656448,0.766254760707,0.864088592109,0.898906305629,
    0.935897197915,1.),.UNSPECIFIED.);
#302 = CARTESIAN_POINT('',(0.,2.423686127907));
#303 = CARTESIAN_POINT('',(4.011127283182E-02,2.430066931388));
#304 = CARTESIAN_POINT('',(8.022437777097E-02,2.436448523283));
#305 = CARTESIAN_POINT('',(0.120337627861,2.442830947091));
#306 = CARTESIAN_POINT('',(0.160450540807,2.449214182423));
#307 = CARTESIAN_POINT('',(0.200563308164,2.4555981681));
#308 = CARTESIAN_POINT('',(0.240676286038,2.46198280081));
#309 = CARTESIAN_POINT('',(0.280789507319,2.468367909318));
#310 = CARTESIAN_POINT('',(0.428676308287,2.491909098201));
#311 = CARTESIAN_POINT('',(0.53655158096,2.509083034721));
#312 = CARTESIAN_POINT('',(0.644369055289,2.526246455382));
#313 = CARTESIAN_POINT('',(0.752149435916,2.54339985282));
#314 = CARTESIAN_POINT('',(0.859929871428,2.560551047304));
#315 = CARTESIAN_POINT('',(0.967747503517,2.577708077877));
#316 = CARTESIAN_POINT('',(1.075622982778,2.594875320934));
#317 = CARTESIAN_POINT('',(1.227862633106,2.619104246148));
#318 = CARTESIAN_POINT('',(1.272329310493,2.626181305477));
#319 = CARTESIAN_POINT('',(1.316795437855,2.633258478984));
#320 = CARTESIAN_POINT('',(1.361260877021,2.640335725312));
#321 = CARTESIAN_POINT('',(1.405726315316,2.647413110185));
#322 = CARTESIAN_POINT('',(1.450192440513,2.654490683042));
#323 = CARTESIAN_POINT('',(1.494659115817,2.661568356852));
#324 = CARTESIAN_POINT('',(1.576770982376,2.674637863233));
#325 = CARTESIAN_POINT('',(1.614417957936,2.680629991784));
#326 = CARTESIAN_POINT('',(1.652064695544,2.686622017336));
#327 = CARTESIAN_POINT('',(1.689711132433,2.692613898914));
#328 = CARTESIAN_POINT('',(1.727357568162,2.698605662034));
#329 = CARTESIAN_POINT('',(1.76500430364,2.704597344516));
#330 = CARTESIAN_POINT('',(1.802651280124,2.710588940115));
#331 = CARTESIAN_POINT('',(1.893777811481,2.725091653059));
#332 = CARTESIAN_POINT('',(1.947260975439,2.733603233293));
#333 = CARTESIAN_POINT('',(2.000742767492,2.742114413948));
#334 = CARTESIAN_POINT('',(2.054222846628,2.750625236169));
#335 = CARTESIAN_POINT('',(2.107702930489,2.75913610195));
#336 = CARTESIAN_POINT('',(2.161184739399,2.767647417132));
#337 = CARTESIAN_POINT('',(2.214667927354,2.776159224415));
#338 = CARTESIAN_POINT('',(2.298585523484,2.78951509961));
#339 = CARTESIAN_POINT('',(2.329023233921,2.794359496511));
#340 = CARTESIAN_POINT('',(2.3594608637,2.799203979801));
#341 = CARTESIAN_POINT('',(2.389898390904,2.804048541755));
#342 = CARTESIAN_POINT('',(2.420335916883,2.808893185631));
#343 = CARTESIAN_POINT('',(2.450773543867,2.813737907098));
#344 = CARTESIAN_POINT('',(2.481211252568,2.81858267567));
#345 = CARTESIAN_POINT('',(2.543205730751,2.828450335249));
#346 = CARTESIAN_POINT('',(2.574762906083,2.833473292062));
#347 = CARTESIAN_POINT('',(2.60631998619,2.838496198164));
#348 = CARTESIAN_POINT('',(2.637876945034,2.843519018654));
#349 = CARTESIAN_POINT('',(2.669433903698,2.848541749898));
#350 = CARTESIAN_POINT('',(2.700990983953,2.853564397282));
#351 = CARTESIAN_POINT('',(2.732548161818,2.858586952971));
#352 = CARTESIAN_POINT('',(2.817163232604,2.872053791733));
#353 = CARTESIAN_POINT('',(2.870224314159,2.880498398424));
#354 = CARTESIAN_POINT('',(2.923284076149,2.888942533138));
#355 = CARTESIAN_POINT('',(2.976342188815,2.897386241246));
#356 = CARTESIAN_POINT('',(3.029400302106,2.905829914667));
#357 = CARTESIAN_POINT('',(3.082460065567,2.914273940468));
#358 = CARTESIAN_POINT('',(3.135521148289,2.92271835749));
#359 = CARTESIAN_POINT('',(3.227544574413,2.937363825422));
#360 = CARTESIAN_POINT('',(3.266510536459,2.943565351396));
#361 = CARTESIAN_POINT('',(3.305476214592,2.949766967181));
#362 = CARTESIAN_POINT('',(3.344441535692,2.95596866352));
#363 = CARTESIAN_POINT('',(3.383406855692,2.962170484321));
#364 = CARTESIAN_POINT('',(3.422372531255,2.968372459949));
#365 = CARTESIAN_POINT('',(3.461338491401,2.974574543125));
#366 = CARTESIAN_POINT('',(3.544225296619,2.987767411933));
#367 = CARTESIAN_POINT('',(3.588147949089,2.994758491397));
#368 = CARTESIAN_POINT('',(3.632070084437,3.001749462823));
#369 = CARTESIAN_POINT('',(3.675991573126,3.008740243207));
#370 = CARTESIAN_POINT('',(3.719913061961,3.015730879598));
#371 = CARTESIAN_POINT('',(3.763835197941,3.022721435876));
#372 = CARTESIAN_POINT('',(3.807757852118,3.029711876295));
#373 = CARTESIAN_POINT('',(3.913145861926,3.046484291974));
#374 = CARTESIAN_POINT('',(3.974618603522,3.056267264098));
#375 = CARTESIAN_POINT('',(4.036088314324,3.066049423014));
#376 = CARTESIAN_POINT('',(4.097554962735,3.075830893502));
#377 = CARTESIAN_POINT('',(4.159021608819,3.085612406319));
#378 = CARTESIAN_POINT('',(4.220491314331,3.095394740791));
#379 = CARTESIAN_POINT('',(4.281964051714,3.105178126948));
#380 = CARTESIAN_POINT('',(4.365305657951,3.118442815165));
#381 = CARTESIAN_POINT('',(4.387180789054,3.121924552462));
#382 = CARTESIAN_POINT('',(4.409055906925,3.125406372577));
#383 = CARTESIAN_POINT('',(4.430931003956,3.128888275126));
#384 = CARTESIAN_POINT('',(4.452806097734,3.132370260756));
#385 = CARTESIAN_POINT('',(4.474681207142,3.135852327039));
#386 = CARTESIAN_POINT('',(4.496556328462,3.139334464372));
#387 = CARTESIAN_POINT('',(4.541671847374,3.146516183223));
#388 = CARTESIAN_POINT('',(4.564912326606,3.150215784899));
#389 = CARTESIAN_POINT('',(4.588152777595,3.153915430633));
#390 = CARTESIAN_POINT('',(4.611393193995,3.157615099235));
#391 = CARTESIAN_POINT('',(4.634633602661,3.161314770323));
#392 = CARTESIAN_POINT('',(4.657874031608,3.165014420047));
#393 = CARTESIAN_POINT('',(4.681114477986,3.168714016827));
#394 = CARTESIAN_POINT('',(4.744628969052,3.178824509567));
#395 = CARTESIAN_POINT('',(4.784903596936,3.18523532103));
#396 = CARTESIAN_POINT('',(4.825177975856,3.191645655869));
#397 = CARTESIAN_POINT('',(4.865452134558,3.198055339784));
#398 = CARTESIAN_POINT('',(4.905726436581,3.204464267868));
#399 = CARTESIAN_POINT('',(4.946001081736,3.210872377943));
#400 = CARTESIAN_POINT('',(4.986275586841,3.217279649125));
#401 = CARTESIAN_POINT('',(5.026548245725,3.223686125633));
#402 = ( GEOMETRIC_REPRESENTATION_CONTEXT(2) 
PARAMETRIC_REPRESENTATION_CONTEXT() REPRESENTATION_CONTEXT('2D SPACE',''
  ) );
#403 = PCURVE('',#404,#427);
#404 = ( BOUNDED_SURFACE() B_SPLINE_SURFACE(1,6,(
    (#405,#406,#407,#408,#409,#410,#411,#412,#413,#414,#415)
    ,(#416,#417,#418,#419,#420,#421,#422,#423,#424,#425,#426
)),.UNSPECIFIED.,.F.,.F.,.F.) B_SPLINE_SURFACE_WITH_KNOTS((2,2),(7,4,7),
(1.,2.),(0.,0.5,1.),.UNSPECIFIED.) GEOMETRIC_REPRESENTATION_ITEM() 
RATIONAL_B_SPLINE_SURFACE((
    (1.,1.,1.,1.,1.,1.,1.,1.,1.,1.,1.)
,(1.,1.,1.,1.,1.,1.,1.,1.,1.,1.,1.
  ))) REPRESENTATION_ITEM('') SURFACE() );
#405 = CARTESIAN_POINT('',(13.549999999958,5.352020115342E-13,
    2.423686127871));
#406 = CARTESIAN_POINT('',(13.539852649318,5.678571656509,2.490352794548
    ));
#407 = CARTESIAN_POINT('',(10.726432314636,11.342086674691,
    2.557019460503));
#408 = CARTESIAN_POINT('',(4.938922502661,15.258489682861,2.623686125821
    ));
#409 = CARTESIAN_POINT('',(-1.985109887399,15.472317105659,
    2.690352790802));
#410 = CARTESIAN_POINT('',(-13.26756525581,9.639450401439,2.82368612143)
  );
#411 = CARTESIAN_POINT('',(-15.32848069654,-2.89325723399,2.957019454273
    ));
#412 = CARTESIAN_POINT('',(-12.98547505465,-9.412327050086,3.02368612148
    ));
#413 = CARTESIAN_POINT('',(-7.472315566337,-13.70634088355,
    3.090352789511));
#414 = CARTESIAN_POINT('',(-1.216598007448,-14.63194023744,
    3.157019457644));
#415 = CARTESIAN_POINT('',(4.187180273508,-12.88681579577,3.223686125622
    ));
#416 = CARTESIAN_POINT('',(13.749999999958,3.163698972474E-15,
    2.423686127919));
#417 = CARTESIAN_POINT('',(13.739702873036,5.762388212338,2.490352794596
    ));
#418 = CARTESIAN_POINT('',(10.884756038537,11.509497548309,
    2.557019460541));
#419 = CARTESIAN_POINT('',(5.011821727928,15.483707242534,2.623686125838
    ));
#420 = CARTESIAN_POINT('',(-2.014410402269,15.700690789945,
    2.690352790795));
#421 = CARTESIAN_POINT('',(-13.46339647731,9.78173011217,2.823686121383)
  );
#422 = CARTESIAN_POINT('',(-15.55473133417,-2.935962137904,
    2.957019454219));
#423 = CARTESIAN_POINT('',(-13.17714258288,-9.551254386678,
    3.023686121434));
#424 = CARTESIAN_POINT('',(-7.582608047292,-13.90864849785,
    3.090352789484));
#425 = CARTESIAN_POINT('',(-1.234555173586,-14.84790983515,3.15701945764
    ));
#426 = CARTESIAN_POINT('',(4.248983672382,-13.07702709903,3.223686125637
    ));
#427 = DEFINITIONAL_REPRESENTATION('',(#428),#529);
#428 = B_SPLINE_CURVE_WITH_KNOTS('',8,(#429,#430,#431,#432,#433,#434,
    #435,#436,#437,#438,#439,#440,#441,#442,#443,#444,#445,#446,#447,
    #448,#449,#450,#451,#452,#453,#454,#455,#456,#457,#458,#459,#460,
    #461,#462,#463,#464,#465,#466,#467,#468,#469,#470,#471,#472,#473,
    #474,#475,#476,#477,#478,#479,#480,#481,#482,#483,#484,#485,#486,
    #487,#488,#489,#490,#491,#492,#493,#494,#495,#496,#497,#498,#499,
    #500,#501,#502,#503,#504,#505,#506,#507,#508,#509,#510,#511,#512,
    #513,#514,#515,#516,#517,#518,#519,#520,#521,#522,#523,#524,#525,
    #526,#527,#528),.UNSPECIFIED.,.F.,.F.,(9,7,7,7,7,7,7,7,7,7,7,7,7,7,9
    ),(0.,6.384591146923E-02,0.235385942482,0.306159855835,0.36608021307
    ,0.451202377544,0.499648607248,0.549876580219,0.634327092816,
    0.696346656448,0.766254760707,0.864088592109,0.898906305629,
    0.935897197915,1.),.UNSPECIFIED.);
#429 = CARTESIAN_POINT('',(1.75000000021,0.));
#430 = CARTESIAN_POINT('',(1.754909876714,7.97600435087E-03));
#431 = CARTESIAN_POINT('',(1.757506478928,1.595299422575E-02));
#432 = CARTESIAN_POINT('',(1.75849962649,2.393102399994E-02));
#433 = CARTESIAN_POINT('',(1.758441441363,3.191006818703E-02));
#434 = CARTESIAN_POINT('',(1.757746076348,3.989005031373E-02));
#435 = CARTESIAN_POINT('',(1.756711129447,4.787084123931E-02));
#436 = CARTESIAN_POINT('',(1.755540744066,5.585222691926E-02));
#437 = CARTESIAN_POINT('',(1.751225922674,8.527871321507E-02));
#438 = CARTESIAN_POINT('',(1.748075915652,0.106746134059));
#439 = CARTESIAN_POINT('',(1.747554526772,0.128200410127));
#440 = CARTESIAN_POINT('',(1.74857122911,0.149642157212));
#441 = CARTESIAN_POINT('',(1.749540640827,0.171081150644));
#442 = CARTESIAN_POINT('',(1.750107852556,0.192527439222));
#443 = CARTESIAN_POINT('',(1.750291760839,0.213986493432));
#444 = CARTESIAN_POINT('',(1.750273567503,0.24427265053));
#445 = CARTESIAN_POINT('',(1.750234564795,0.253118974864));
#446 = CARTESIAN_POINT('',(1.750174053858,0.261965441924));
#447 = CARTESIAN_POINT('',(1.750108140572,0.270812000011));
#448 = CARTESIAN_POINT('',(1.750051260195,0.279658731283));
#449 = CARTESIAN_POINT('',(1.750012735333,0.288505697535));
#450 = CARTESIAN_POINT('',(1.74999548775,0.29735278998));
#451 = CARTESIAN_POINT('',(1.749998103074,0.313689673295));
#452 = CARTESIAN_POINT('',(1.750012678417,0.321179834138));
#453 = CARTESIAN_POINT('',(1.75003918812,0.328669866233));
#454 = CARTESIAN_POINT('',(1.750073245836,0.33615971836));
#455 = CARTESIAN_POINT('',(1.750108452655,0.343649422414));
#456 = CARTESIAN_POINT('',(1.75013765177,0.35113902567));
#457 = CARTESIAN_POINT('',(1.750154505957,0.358628520319));
#458 = CARTESIAN_POINT('',(1.750156664863,0.376756911861));
#459 = CARTESIAN_POINT('',(1.750125370286,0.387396387362));
#460 = CARTESIAN_POINT('',(1.750052283737,0.398035363385));
#461 = CARTESIAN_POINT('',(1.749934300548,0.40867389136));
#462 = CARTESIAN_POINT('',(1.74979000996,0.419312473778));
#463 = CARTESIAN_POINT('',(1.749659103758,0.429951617941));
#464 = CARTESIAN_POINT('',(1.749585625351,0.440591377222));
#465 = CARTESIAN_POINT('',(1.749584737115,0.457286221481));
#466 = CARTESIAN_POINT('',(1.749608122019,0.4633417177));
#467 = CARTESIAN_POINT('',(1.749657247575,0.469397321902));
#468 = CARTESIAN_POINT('',(1.749731846402,0.475453024432));
#469 = CARTESIAN_POINT('',(1.749825793329,0.481508829361));
#470 = CARTESIAN_POINT('',(1.749923548557,0.487564731275));
#471 = CARTESIAN_POINT('',(1.749996600824,0.493620692066));
#472 = CARTESIAN_POINT('',(1.750003342039,0.505955266691));
#473 = CARTESIAN_POINT('',(1.749928036981,0.512233962779));
#474 = CARTESIAN_POINT('',(1.749825221078,0.518512595475));
#475 = CARTESIAN_POINT('',(1.749726980275,0.524791121152));
#476 = CARTESIAN_POINT('',(1.74965043726,0.531069535268));
#477 = CARTESIAN_POINT('',(1.749601927945,0.537347844553));
#478 = CARTESIAN_POINT('',(1.749581177949,0.543626039217));
#479 = CARTESIAN_POINT('',(1.749592710751,0.560459587798));
#480 = CARTESIAN_POINT('',(1.749670500007,0.57101534623));
#481 = CARTESIAN_POINT('',(1.74980174275,0.581570514678));
#482 = CARTESIAN_POINT('',(1.749943623535,0.592125149855));
#483 = CARTESIAN_POINT('',(1.750058332297,0.602679741661));
#484 = CARTESIAN_POINT('',(1.750128561711,0.613234773929));
#485 = CARTESIAN_POINT('',(1.750157785197,0.623790295209));
#486 = CARTESIAN_POINT('',(1.75015350188,0.642097130107));
#487 = CARTESIAN_POINT('',(1.750134778344,0.649849037561));
#488 = CARTESIAN_POINT('',(1.750103247108,0.65760105727));
#489 = CARTESIAN_POINT('',(1.750066109987,0.665353177665));
#490 = CARTESIAN_POINT('',(1.750031362322,0.673105453631));
#491 = CARTESIAN_POINT('',(1.750005926192,0.680857923123));
#492 = CARTESIAN_POINT('',(1.749994222969,0.688610527044));
#493 = CARTESIAN_POINT('',(1.750000524231,0.705101612933));
#494 = CARTESIAN_POINT('',(1.750022502027,0.713840462192));
#495 = CARTESIAN_POINT('',(1.750064706509,0.722579176394));
#496 = CARTESIAN_POINT('',(1.750123278714,0.731317651786));
#497 = CARTESIAN_POINT('',(1.750188404907,0.740055947178));
#498 = CARTESIAN_POINT('',(1.750245750298,0.748794142422));
#499 = CARTESIAN_POINT('',(1.750279834366,0.757532192835));
#500 = CARTESIAN_POINT('',(1.750278666837,0.778497712151));
#501 = CARTESIAN_POINT('',(1.750210216233,0.790726427127));
#502 = CARTESIAN_POINT('',(1.750042519945,0.802954125581));
#503 = CARTESIAN_POINT('',(1.749758452976,0.815180963489));
#504 = CARTESIAN_POINT('',(1.749377975463,0.827407854298));
#505 = CARTESIAN_POINT('',(1.748983802026,0.839635772167));
#506 = CARTESIAN_POINT('',(1.748717112383,0.851865004634));
#507 = CARTESIAN_POINT('',(1.748708023674,0.868445864585));
#508 = CARTESIAN_POINT('',(1.748738595727,0.872798036122));
#509 = CARTESIAN_POINT('',(1.748808016452,0.87715031118));
#510 = CARTESIAN_POINT('',(1.748922205612,0.881502689281));
#511 = CARTESIAN_POINT('',(1.749086559169,0.885855171231));
#512 = CARTESIAN_POINT('',(1.749305396771,0.890207753998));
#513 = CARTESIAN_POINT('',(1.749581409248,0.894560425577));
#514 = CARTESIAN_POINT('',(1.750269630944,0.903537573959));
#515 = CARTESIAN_POINT('',(1.750689269107,0.908162075959));
#516 = CARTESIAN_POINT('',(1.751174414712,0.912786633032));
#517 = CARTESIAN_POINT('',(1.7517226796,0.917411218691));
#518 = CARTESIAN_POINT('',(1.75232766003,0.922035807455));
#519 = CARTESIAN_POINT('',(1.752977703379,0.926660369515));
#520 = CARTESIAN_POINT('',(1.75365467484,0.931284865394));
#521 = CARTESIAN_POINT('',(1.755507739257,0.943922981059));
#522 = CARTESIAN_POINT('',(1.756686060994,0.951936495222));
#523 = CARTESIAN_POINT('',(1.757731981769,0.959949413606));
#524 = CARTESIAN_POINT('',(1.758440402315,0.967961518335));
#525 = CARTESIAN_POINT('',(1.758511536518,0.975972678277));
#526 = CARTESIAN_POINT('',(1.757527335616,0.983982815708));
#527 = CARTESIAN_POINT('',(1.754929631702,0.991991904524));
#528 = CARTESIAN_POINT('',(1.750000000557,1.));
#529 = ( GEOMETRIC_REPRESENTATION_CONTEXT(2) 
PARAMETRIC_REPRESENTATION_CONTEXT() REPRESENTATION_CONTEXT('2D SPACE',''
  ) );
#530 = ORIENTED_EDGE('',*,*,#531,.T.);
#531 = EDGE_CURVE('',#195,#22,#532,.T.);
#532 = SURFACE_CURVE('',#533,(#614,#698),.PCURVE_S1.);
#533 = B_SPLINE_CURVE_WITH_KNOTS('',7,(#534,#535,#536,#537,#538,#539,
    #540,#541,#542,#543,#544,#545,#546,#547,#548,#549,#550,#551,#552,
    #553,#554,#555,#556,#557,#558,#559,#560,#561,#562,#563,#564,#565,
    #566,#567,#568,#569,#570,#571,#572,#573,#574,#575,#576,#577,#578,
    #579,#580,#581,#582,#583,#584,#585,#586,#587,#588,#589,#590,#591,
    #592,#593,#594,#595,#596,#597,#598,#599,#600,#601,#602,#603,#604,
    #605,#606,#607,#608,#609,#610,#611,#612,#613),.UNSPECIFIED.,.F.,.F.,
  (8,6,6,6,6,6,6,6,6,6,6,6,6,8),(0.,0.427487064076,0.502345411658,
    0.575977803033,0.64713549231,0.715818964614,0.779639876163,
    0.838980866781,0.894414936612,0.946064521722,0.987370318792,
    0.993863198497,0.996843711078,1.),.UNSPECIFIED.);
#534 = CARTESIAN_POINT('',(4.233532822698,-13.02947427332,3.223686125616
    ));
#535 = CARTESIAN_POINT('',(5.234653254182,-12.70419052685,3.221521162326
    ));
#536 = CARTESIAN_POINT('',(6.206772426368,-12.28911388156,3.219355849944
    ));
#537 = CARTESIAN_POINT('',(7.139916277698,-11.78743181206,3.217190863357
    ));
#538 = CARTESIAN_POINT('',(8.024946224057,-11.20366301834,3.215026035707
    ));
#539 = CARTESIAN_POINT('',(8.85341880816,-10.54338602695,3.212861151871)
  );
#540 = CARTESIAN_POINT('',(9.6175868483,-9.813239179598,3.21069606946));
#541 = CARTESIAN_POINT('',(10.431955618654,-8.882469650355,
    3.208152462521));
#542 = CARTESIAN_POINT('',(10.551132601223,-8.741865707118,
    3.207773424974));
#543 = CARTESIAN_POINT('',(10.668095294018,-8.599400196737,
    3.207394392668));
#544 = CARTESIAN_POINT('',(10.7828087771,-8.455115209359,3.207015366051)
  );
#545 = CARTESIAN_POINT('',(10.895239138466,-8.309053664639,
    3.206636345628));
#546 = CARTESIAN_POINT('',(11.005353474055,-8.161259311741,
    3.206257331969));
#547 = CARTESIAN_POINT('',(11.219121409362,-7.864742225271,
    3.205505526428));
#548 = CARTESIAN_POINT('',(11.322851316897,-7.716074298326,
    3.205132734286));
#549 = CARTESIAN_POINT('',(11.424279257304,-7.565815368473,
    3.204759949869));
#550 = CARTESIAN_POINT('',(11.523375890526,-7.414008564035,3.20438717387
    ));
#551 = CARTESIAN_POINT('',(11.62011288949,-7.260697721688,3.204014407087
    ));
#552 = CARTESIAN_POINT('',(11.71446294011,-7.105927386456,3.203641650425
    ));
#553 = CARTESIAN_POINT('',(11.895246649677,-6.798807425375,3.20290868691
    ));
#554 = CARTESIAN_POINT('',(11.98183982194,-6.646551238147,3.202548479324
    ));
#555 = CARTESIAN_POINT('',(12.066155521914,-6.493015083457,
    3.202188283022));
#556 = CARTESIAN_POINT('',(12.14817095293,-6.33824036934,3.201828099069)
  );
#557 = CARTESIAN_POINT('',(12.227864257806,-6.182269078444,
    3.201467928699));
#558 = CARTESIAN_POINT('',(12.305214518852,-6.025143768029,
    3.201107773319));
#559 = CARTESIAN_POINT('',(12.452581623012,-5.71417338709,3.200400018044
    ));
#560 = CARTESIAN_POINT('',(12.522759958219,-5.560404219247,
    3.200052417052));
#561 = CARTESIAN_POINT('',(12.590718796888,-5.405638837888,
    3.199704832919));
#562 = CARTESIAN_POINT('',(12.656441037137,-5.249916509446,
    3.199357267324));
#563 = CARTESIAN_POINT('',(12.719910441796,-5.093276995342,
    3.199009722238));
#564 = CARTESIAN_POINT('',(12.781111638413,-4.935760551977,
    3.198662199921));
#565 = CARTESIAN_POINT('',(12.894777368162,-4.630266146924,3.19799180756
    ));
#566 = CARTESIAN_POINT('',(12.947553693013,-4.482402412449,
    3.197668934142));
#567 = CARTESIAN_POINT('',(12.998347452091,-4.333849397624,
    3.197346084674));
#568 = CARTESIAN_POINT('',(13.0471476937,-4.184640193843,3.197023261595)
  );
#569 = CARTESIAN_POINT('',(13.093944156157,-4.034808313581,
    3.196700467782));
#570 = CARTESIAN_POINT('',(13.138727267798,-3.884387690395,
    3.196377706548));
#571 = CARTESIAN_POINT('',(13.221247418167,-3.593035386883,
    3.195754910473));
#572 = CARTESIAN_POINT('',(13.259258411087,-3.452178862314,3.19545487086
    ));
#573 = CARTESIAN_POINT('',(13.295513979805,-3.31087068342,3.195154865741
    ));
#574 = CARTESIAN_POINT('',(13.330007548426,-3.16913886752,3.194854898723
    ));
#575 = CARTESIAN_POINT('',(13.362733111087,-3.027011871053,
    3.194554974081));
#576 = CARTESIAN_POINT('',(13.393685231962,-2.884518589578,3.19425509676
    ));
#577 = CARTESIAN_POINT('',(13.450112098949,-2.608261851723,
    3.193675187969));
#578 = CARTESIAN_POINT('',(13.475813297861,-2.474541388825,
    3.193395149948));
#579 = CARTESIAN_POINT('',(13.499958723051,-2.340550875497,
    3.193115162901));
#580 = CARTESIAN_POINT('',(13.522544895089,-2.20631471738,3.1928352323)
  );
#581 = CARTESIAN_POINT('',(13.543568825261,-2.071857863661,
    3.192555364619));
#582 = CARTESIAN_POINT('',(13.563028066786,-1.937205851407,
    3.192275567451));
#583 = CARTESIAN_POINT('',(13.597591930428,-1.676768080018,
    3.191735228137));
#584 = CARTESIAN_POINT('',(13.612903127774,-1.5510047486,3.191474675821)
  );
#585 = CARTESIAN_POINT('',(13.626852879235,-1.425115959772,3.19121419969
    ));
#586 = CARTESIAN_POINT('',(13.639440111582,-1.299123546526,3.19095380821
    ));
#587 = CARTESIAN_POINT('',(13.65066423765,-1.17305013581,3.190693511464)
  );
#588 = CARTESIAN_POINT('',(13.660525236808,-1.046919213621,
    3.190433321318));
#589 = CARTESIAN_POINT('',(13.675820251979,-0.819857853931,
    3.189965265636));
#590 = CARTESIAN_POINT('',(13.681745372406,-0.718939510156,
    3.189757357048));
#591 = CARTESIAN_POINT('',(13.68679935973,-0.618012568309,3.189549532705
    ));
#592 = CARTESIAN_POINT('',(13.690982808494,-0.51709010495,3.189341800914
    ));
#593 = CARTESIAN_POINT('',(13.694296644777,-0.416185863682,
    3.189134171408));
#594 = CARTESIAN_POINT('',(13.696742126187,-0.315314255148,
    3.188926655337));
#595 = CARTESIAN_POINT('',(13.698569001005,-0.1986417961,3.188686665527)
  );
#596 = CARTESIAN_POINT('',(13.698795744027,-0.182794416333,
    3.188654068894));
#597 = CARTESIAN_POINT('',(13.699001077363,-0.166948277,3.188621475431)
  );
#598 = CARTESIAN_POINT('',(13.699185007716,-0.151103437959,
    3.188588885188));
#599 = CARTESIAN_POINT('',(13.699347542057,-0.135259959652,
    3.188556298218));
#600 = CARTESIAN_POINT('',(13.699488687631,-0.119417903112,
    3.188523714577));
#601 = CARTESIAN_POINT('',(13.699663428951,-9.630582182653E-02,
    3.188476178571));
#602 = CARTESIAN_POINT('',(13.699713760852,-8.905309473373E-02,
    3.188461261521));
#603 = CARTESIAN_POINT('',(13.699759490224,-8.181906469463E-02,
    3.188446382989));
#604 = CARTESIAN_POINT('',(13.699800659161,-7.460364831205E-02,
    3.188431542797));
#605 = CARTESIAN_POINT('',(13.699837309279,-6.740676277775E-02,
    3.188416740765));
#606 = CARTESIAN_POINT('',(13.699869481719,-6.022832587241E-02,
    3.188401976719));
#607 = CARTESIAN_POINT('',(13.699926588264,-4.548591946793E-02,
    3.188371655765));
#608 = CARTESIAN_POINT('',(13.699951061948,-3.790394111762E-02,
    3.188356061823));
#609 = CARTESIAN_POINT('',(13.699970639058,-3.032234908808E-02,
    3.188340468706));
#610 = CARTESIAN_POINT('',(13.699985320487,-2.274115990568E-02,
    3.188324876441));
#611 = CARTESIAN_POINT('',(13.699995107152,-1.516037844978E-02,
    3.18830928503));
#612 = CARTESIAN_POINT('',(13.7,-7.57999795276E-03,3.188293694451));
#613 = CARTESIAN_POINT('',(13.7,-3.552713678801E-15,3.188278104659));
#614 = PCURVE('',#34,#615);
#615 = DEFINITIONAL_REPRESENTATION('',(#616),#697);
#616 = B_SPLINE_CURVE_WITH_KNOTS('',7,(#617,#618,#619,#620,#621,#622,
    #623,#624,#625,#626,#627,#628,#629,#630,#631,#632,#633,#634,#635,
    #636,#637,#638,#639,#640,#641,#642,#643,#644,#645,#646,#647,#648,
    #649,#650,#651,#652,#653,#654,#655,#656,#657,#658,#659,#660,#661,
    #662,#663,#664,#665,#666,#667,#668,#669,#670,#671,#672,#673,#674,
    #675,#676,#677,#678,#679,#680,#681,#682,#683,#684,#685,#686,#687,
    #688,#689,#690,#691,#692,#693,#694,#695,#696),.UNSPECIFIED.,.F.,.F.,
  (8,6,6,6,6,6,6,6,6,6,6,6,6,8),(0.,0.427487064076,0.502345411658,
    0.575977803033,0.64713549231,0.715818964614,0.779639876163,
    0.838980866781,0.894414936612,0.946064521722,0.987370318792,
    0.993863198497,0.996843711078,1.),.UNSPECIFIED.);
#617 = CARTESIAN_POINT('',(5.026548245725,3.223686125616));
#618 = CARTESIAN_POINT('',(5.103383305259,3.221521162326));
#619 = CARTESIAN_POINT('',(5.180230463625,3.219355849944));
#620 = CARTESIAN_POINT('',(5.257066287874,3.217190863357));
#621 = CARTESIAN_POINT('',(5.333896427196,3.215026035707));
#622 = CARTESIAN_POINT('',(5.410728560231,3.212861151871));
#623 = CARTESIAN_POINT('',(5.487567727226,3.21069606946));
#624 = CARTESIAN_POINT('',(5.577840796154,3.208152462521));
#625 = CARTESIAN_POINT('',(5.591292906965,3.207773424974));
#626 = CARTESIAN_POINT('',(5.604744831701,3.207394392668));
#627 = CARTESIAN_POINT('',(5.618196554555,3.207015366051));
#628 = CARTESIAN_POINT('',(5.631648057547,3.206636345628));
#629 = CARTESIAN_POINT('',(5.645099320516,3.206257331969));
#630 = CARTESIAN_POINT('',(5.671781034514,3.205505526428));
#631 = CARTESIAN_POINT('',(5.685011494748,3.205132734286));
#632 = CARTESIAN_POINT('',(5.698241680876,3.204759949869));
#633 = CARTESIAN_POINT('',(5.711471568249,3.20438717387));
#634 = CARTESIAN_POINT('',(5.724701128523,3.204014407087));
#635 = CARTESIAN_POINT('',(5.737930329656,3.203641650425));
#636 = CARTESIAN_POINT('',(5.763943336822,3.20290868691));
#637 = CARTESIAN_POINT('',(5.776727168903,3.202548479324));
#638 = CARTESIAN_POINT('',(5.789510600452,3.202188283022));
#639 = CARTESIAN_POINT('',(5.802293593694,3.201828099069));
#640 = CARTESIAN_POINT('',(5.815076104777,3.201467928699));
#641 = CARTESIAN_POINT('',(5.82785808377,3.201107773319));
#642 = CARTESIAN_POINT('',(5.852976445088,3.200400018044));
#643 = CARTESIAN_POINT('',(5.865312866345,3.200052417052));
#644 = CARTESIAN_POINT('',(5.877648689159,3.199704832919));
#645 = CARTESIAN_POINT('',(5.889983853926,3.199357267324));
#646 = CARTESIAN_POINT('',(5.902318290713,3.199009722238));
#647 = CARTESIAN_POINT('',(5.914651919265,3.198662199921));
#648 = CARTESIAN_POINT('',(5.938444262602,3.19799180756));
#649 = CARTESIAN_POINT('',(5.949903097152,3.197668934142));
#650 = CARTESIAN_POINT('',(5.961361081606,3.197346084674));
#651 = CARTESIAN_POINT('',(5.972818129416,3.197023261595));
#652 = CARTESIAN_POINT('',(5.984274138523,3.196700467782));
#653 = CARTESIAN_POINT('',(5.995728991361,3.196377706548));
#654 = CARTESIAN_POINT('',(6.017832133303,3.195754910473));
#655 = CARTESIAN_POINT('',(6.028480591792,3.19545487086));
#656 = CARTESIAN_POINT('',(6.039127826089,3.195154865741));
#657 = CARTESIAN_POINT('',(6.04977370822,3.194854898723));
#658 = CARTESIAN_POINT('',(6.060418086466,3.194554974081));
#659 = CARTESIAN_POINT('',(6.071060785369,3.19425509676));
#660 = CARTESIAN_POINT('',(6.091641850619,3.193675187969));
#661 = CARTESIAN_POINT('',(6.101580449422,3.193395149948));
#662 = CARTESIAN_POINT('',(6.111517239292,3.193115162901));
#663 = CARTESIAN_POINT('',(6.121452025999,3.1928352323));
#664 = CARTESIAN_POINT('',(6.131384579776,3.192555364619));
#665 = CARTESIAN_POINT('',(6.141314631167,3.192275567451));
#666 = CARTESIAN_POINT('',(6.160491370055,3.191735228137));
#667 = CARTESIAN_POINT('',(6.169738418478,3.191474675821));
#668 = CARTESIAN_POINT('',(6.178982763195,3.19121419969));
#669 = CARTESIAN_POINT('',(6.188224103729,3.19095380821));
#670 = CARTESIAN_POINT('',(6.197462082222,3.190693511464));
#671 = CARTESIAN_POINT('',(6.206696277581,3.190433321318));
#672 = CARTESIAN_POINT('',(6.223307658473,3.189965265636));
#673 = CARTESIAN_POINT('',(6.230686371939,3.189757357048));
#674 = CARTESIAN_POINT('',(6.238062095588,3.189549532705));
#675 = CARTESIAN_POINT('',(6.24543453452,3.189341800914));
#676 = CARTESIAN_POINT('',(6.252803343373,3.189134171408));
#677 = CARTESIAN_POINT('',(6.260168126318,3.188926655337));
#678 = CARTESIAN_POINT('',(6.268685408137,3.188686665527));
#679 = CARTESIAN_POINT('',(6.269842268527,3.188654068894));
#680 = CARTESIAN_POINT('',(6.270999016449,3.188621475431));
#681 = CARTESIAN_POINT('',(6.272155650069,3.188588885188));
#682 = CARTESIAN_POINT('',(6.273312167508,3.188556298218));
#683 = CARTESIAN_POINT('',(6.274468566843,3.188523714577));
#684 = CARTESIAN_POINT('',(6.276155628292,3.188476178571));
#685 = CARTESIAN_POINT('',(6.276685037076,3.188461261521));
#686 = CARTESIAN_POINT('',(6.277213078854,3.188446382989));
#687 = CARTESIAN_POINT('',(6.277739759977,3.188431542797));
#688 = CARTESIAN_POINT('',(6.278265086743,3.188416740765));
#689 = CARTESIAN_POINT('',(6.278789065406,3.188401976719));
#690 = CARTESIAN_POINT('',(6.279865161538,3.188371655765));
#691 = CARTESIAN_POINT('',(6.280418593382,3.188356061823));
#692 = CARTESIAN_POINT('',(6.28097199592,3.188340468706));
#693 = CARTESIAN_POINT('',(6.281525368224,3.188324876441));
#694 = CARTESIAN_POINT('',(6.282078710212,3.18830928503));
#695 = CARTESIAN_POINT('',(6.282632022657,3.188293694451));
#696 = CARTESIAN_POINT('',(6.28318530718,3.188278104659));
#697 = ( GEOMETRIC_REPRESENTATION_CONTEXT(2) 
PARAMETRIC_REPRESENTATION_CONTEXT() REPRESENTATION_CONTEXT('2D SPACE',''
  ) );
#698 = PCURVE('',#48,#699);
#699 = DEFINITIONAL_REPRESENTATION('',(#700),#781);
#700 = B_SPLINE_CURVE_WITH_KNOTS('',7,(#701,#702,#703,#704,#705,#706,
    #707,#708,#709,#710,#711,#712,#713,#714,#715,#716,#717,#718,#719,
    #720,#721,#722,#723,#724,#725,#726,#727,#728,#729,#730,#731,#732,
    #733,#734,#735,#736,#737,#738,#739,#740,#741,#742,#743,#744,#745,
    #746,#747,#748,#749,#750,#751,#752,#753,#754,#755,#756,#757,#758,
    #759,#760,#761,#762,#763,#764,#765,#766,#767,#768,#769,#770,#771,
    #772,#773,#774,#775,#776,#777,#778,#779,#780),.UNSPECIFIED.,.F.,.F.,
  (8,6,6,6,6,6,6,6,6,6,6,6,6,8),(0.,0.427487064076,0.502345411658,
    0.575977803033,0.64713549231,0.715818964614,0.779639876163,
    0.838980866781,0.894414936612,0.946064521722,0.987370318792,
    0.993863198497,0.996843711078,1.),.UNSPECIFIED.);
#701 = CARTESIAN_POINT('',(1.750000001109,0.));
#702 = CARTESIAN_POINT('',(1.738872108863,4.903774715984E-02));
#703 = CARTESIAN_POINT('',(1.726612885323,9.80689563813E-02));
#704 = CARTESIAN_POINT('',(1.712976855488,0.147078414048));
#705 = CARTESIAN_POINT('',(1.69768411398,0.196069996365));
#706 = CARTESIAN_POINT('',(1.680351275368,0.245048653147));
#707 = CARTESIAN_POINT('',(1.660441575881,0.294017671884));
#708 = CARTESIAN_POINT('',(1.632906787803,0.351531526438));
#709 = CARTESIAN_POINT('',(1.628695461317,0.360101567381));
#710 = CARTESIAN_POINT('',(1.624370921952,0.368671059868));
#711 = CARTESIAN_POINT('',(1.619927614668,0.37723999427));
#712 = CARTESIAN_POINT('',(1.61535948601,0.385808359578));
#713 = CARTESIAN_POINT('',(1.610659984105,0.394376143407));
#714 = CARTESIAN_POINT('',(1.601063363991,0.411370215607));
#715 = CARTESIAN_POINT('',(1.596170658842,0.41979652375));
#716 = CARTESIAN_POINT('',(1.591137268204,0.428222243515));
#717 = CARTESIAN_POINT('',(1.585955807041,0.436647359651));
#718 = CARTESIAN_POINT('',(1.580618180294,0.445071854565));
#719 = CARTESIAN_POINT('',(1.575115582875,0.453495708317));
#720 = CARTESIAN_POINT('',(1.563952216865,0.470058994952));
#721 = CARTESIAN_POINT('',(1.558302857542,0.47819847165));
#722 = CARTESIAN_POINT('',(1.552481882708,0.486337308958));
#723 = CARTESIAN_POINT('',(1.546479783228,0.494475483259));
#724 = CARTESIAN_POINT('',(1.540286079816,0.50261296707));
#725 = CARTESIAN_POINT('',(1.533889323042,0.51074972905));
#726 = CARTESIAN_POINT('',(1.520894776799,0.526738842714));
#727 = CARTESIAN_POINT('',(1.514311532389,0.534591245333));
#728 = CARTESIAN_POINT('',(1.507516266489,0.542442910881));
#729 = CARTESIAN_POINT('',(1.500496529955,0.550293801824));
#730 = CARTESIAN_POINT('',(1.493238518108,0.558143874065));
#731 = CARTESIAN_POINT('',(1.485727070734,0.565993076943));
#732 = CARTESIAN_POINT('',(1.470715170505,0.581133997741));
#733 = CARTESIAN_POINT('',(1.463251354945,0.588425840311));
#734 = CARTESIAN_POINT('',(1.45554105587,0.595716836068));
#735 = CARTESIAN_POINT('',(1.447569445762,0.603006930284));
#736 = CARTESIAN_POINT('',(1.439320039123,0.610296058373));
#737 = CARTESIAN_POINT('',(1.430774692473,0.617584145897));
#738 = CARTESIAN_POINT('',(1.413674521977,0.631646561511));
#739 = CARTESIAN_POINT('',(1.405162178986,0.638421038627));
#740 = CARTESIAN_POINT('',(1.396360762679,0.645194473893));
#741 = CARTESIAN_POINT('',(1.387252409646,0.651966786205));
#742 = CARTESIAN_POINT('',(1.377817205757,0.658737879383));
#743 = CARTESIAN_POINT('',(1.368033186166,0.665507642163));
#744 = CARTESIAN_POINT('',(1.348388196104,0.67859863924));
#745 = CARTESIAN_POINT('',(1.338574560265,0.684920054744));
#746 = CARTESIAN_POINT('',(1.328415442338,0.691240091435));
#747 = CARTESIAN_POINT('',(1.317888932491,0.697558626094));
#748 = CARTESIAN_POINT('',(1.306970741858,0.703875512932));
#749 = CARTESIAN_POINT('',(1.29563374788,0.710190580954));
#750 = CARTESIAN_POINT('',(1.272865976019,0.72238568967));
#751 = CARTESIAN_POINT('',(1.261494456579,0.728265989833));
#752 = CARTESIAN_POINT('',(1.249708293024,0.734144373838));
#753 = CARTESIAN_POINT('',(1.237480373521,0.740020650968));
#754 = CARTESIAN_POINT('',(1.22478057805,0.74589459406));
#755 = CARTESIAN_POINT('',(1.211575193754,0.7517659358));
#756 = CARTESIAN_POINT('',(1.186830931895,0.762327532352));
#757 = CARTESIAN_POINT('',(1.175487786321,0.767018829113));
#758 = CARTESIAN_POINT('',(1.163777857026,0.771708100117));
#759 = CARTESIAN_POINT('',(1.151679925758,0.77639515814));
#760 = CARTESIAN_POINT('',(1.139170592545,0.781079783916));
#761 = CARTESIAN_POINT('',(1.126224275694,0.785761726127));
#762 = CARTESIAN_POINT('',(1.110705119685,0.791176191969));
#763 = CARTESIAN_POINT('',(1.108585540208,0.791911609103));
#764 = CARTESIAN_POINT('',(1.10645436401,0.79264695168));
#765 = CARTESIAN_POINT('',(1.104311480026,0.793382218535));
#766 = CARTESIAN_POINT('',(1.102156775479,0.794117408476));
#767 = CARTESIAN_POINT('',(1.09999013588,0.794852520281));
#768 = CARTESIAN_POINT('',(1.096811331698,0.795924964369));
#769 = CARTESIAN_POINT('',(1.095811219047,0.796261502338));
#770 = CARTESIAN_POINT('',(1.094811107063,0.796597170681));
#771 = CARTESIAN_POINT('',(1.093810995741,0.796931973439));
#772 = CARTESIAN_POINT('',(1.092810885077,0.797265914624));
#773 = CARTESIAN_POINT('',(1.091810775065,0.797598998215));
#774 = CARTESIAN_POINT('',(1.089751574679,0.798283051437));
#775 = CARTESIAN_POINT('',(1.088689754585,0.798634856537));
#776 = CARTESIAN_POINT('',(1.087625047646,0.798986642296));
#777 = CARTESIAN_POINT('',(1.08655737591,0.799338408108));
#778 = CARTESIAN_POINT('',(1.085486741245,0.799690153925));
#779 = CARTESIAN_POINT('',(1.084413225339,0.800041880261));
#780 = CARTESIAN_POINT('',(1.083336989701,0.800393588191));
#781 = ( GEOMETRIC_REPRESENTATION_CONTEXT(2) 
PARAMETRIC_REPRESENTATION_CONTEXT() REPRESENTATION_CONTEXT('2D SPACE',''
  ) );
#782 = ORIENTED_EDGE('',*,*,#783,.T.);
#783 = EDGE_CURVE('',#22,#784,#786,.T.);
#784 = VERTEX_POINT('',#785);
#785 = CARTESIAN_POINT('',(13.7,-3.355532229664E-15,6.2));
#786 = SEAM_CURVE('',#787,(#791,#798),.PCURVE_S1.);
#787 = LINE('',#788,#789);
#788 = CARTESIAN_POINT('',(13.7,-3.355532229664E-15,0.));
#789 = VECTOR('',#790,1.);
#790 = DIRECTION('',(0.,0.,1.));
#791 = PCURVE('',#34,#792);
#792 = DEFINITIONAL_REPRESENTATION('',(#793),#797);
#793 = LINE('',#794,#795);
#794 = CARTESIAN_POINT('',(6.28318530718,-0.));
#795 = VECTOR('',#796,1.);
#796 = DIRECTION('',(0.,1.));
#797 = ( GEOMETRIC_REPRESENTATION_CONTEXT(2) 
PARAMETRIC_REPRESENTATION_CONTEXT() REPRESENTATION_CONTEXT('2D SPACE',''
  ) );
#798 = PCURVE('',#34,#799);
#799 = DEFINITIONAL_REPRESENTATION('',(#800),#804);
#800 = LINE('',#801,#802);
#801 = CARTESIAN_POINT('',(0.,-0.));
#802 = VECTOR('',#803,1.);
#803 = DIRECTION('',(0.,1.));
#804 = ( GEOMETRIC_REPRESENTATION_CONTEXT(2) 
PARAMETRIC_REPRESENTATION_CONTEXT() REPRESENTATION_CONTEXT('2D SPACE',''
  ) );
#805 = ORIENTED_EDGE('',*,*,#806,.F.);
#806 = EDGE_CURVE('',#784,#784,#807,.T.);
#807 = SURFACE_CURVE('',#808,(#813,#820),.PCURVE_S1.);
#808 = CIRCLE('',#809,13.7);
#809 = AXIS2_PLACEMENT_3D('',#810,#811,#812);
#810 = CARTESIAN_POINT('',(0.,0.,6.2));
#811 = DIRECTION('',(0.,0.,1.));
#812 = DIRECTION('',(1.,0.,-0.));
#813 = PCURVE('',#34,#814);
#814 = DEFINITIONAL_REPRESENTATION('',(#815),#819);
#815 = LINE('',#816,#817);
#816 = CARTESIAN_POINT('',(0.,6.2));
#817 = VECTOR('',#818,1.);
#818 = DIRECTION('',(1.,0.));
#819 = ( GEOMETRIC_REPRESENTATION_CONTEXT(2) 
PARAMETRIC_REPRESENTATION_CONTEXT() REPRESENTATION_CONTEXT('2D SPACE',''
  ) );
#820 = PCURVE('',#821,#826);
#821 = PLANE('',#822);
#822 = AXIS2_PLACEMENT_3D('',#823,#824,#825);
#823 = CARTESIAN_POINT('',(0.,0.,6.2));
#824 = DIRECTION('',(0.,0.,1.));
#825 = DIRECTION('',(1.,0.,-0.));
#826 = DEFINITIONAL_REPRESENTATION('',(#827),#831);
#827 = CIRCLE('',#828,13.7);
#828 = AXIS2_PLACEMENT_2D('',#829,#830);
#829 = CARTESIAN_POINT('',(0.,0.));
#830 = DIRECTION('',(1.,0.));
#831 = ( GEOMETRIC_REPRESENTATION_CONTEXT(2) 
PARAMETRIC_REPRESENTATION_CONTEXT() REPRESENTATION_CONTEXT('2D SPACE',''
  ) );
#832 = ORIENTED_EDGE('',*,*,#783,.F.);
#833 = ADVANCED_FACE('',(#834),#48,.T.);
#834 = FACE_BOUND('',#835,.T.);
#835 = EDGE_LOOP('',(#836,#837,#858,#903,#929,#955));
#836 = ORIENTED_EDGE('',*,*,#531,.F.);
#837 = ORIENTED_EDGE('',*,*,#838,.T.);
#838 = EDGE_CURVE('',#195,#839,#841,.T.);
#839 = VERTEX_POINT('',#840);
#840 = CARTESIAN_POINT('',(4.248983672365,-13.07702709897,3.223686125637
    ));
#841 = SURFACE_CURVE('',#842,(#845,#851),.PCURVE_S1.);
#842 = B_SPLINE_CURVE_WITH_KNOTS('',1,(#843,#844),.UNSPECIFIED.,.F.,.F.,
  (2,2),(1.,2.),.PIECEWISE_BEZIER_KNOTS.);
#843 = CARTESIAN_POINT('',(4.187180273508,-12.88681579577,3.223686125622
    ));
#844 = CARTESIAN_POINT('',(4.248983672382,-13.07702709903,3.223686125637
    ));
#845 = PCURVE('',#48,#846);
#846 = DEFINITIONAL_REPRESENTATION('',(#847),#850);
#847 = B_SPLINE_CURVE_WITH_KNOTS('',1,(#848,#849),.UNSPECIFIED.,.F.,.F.,
  (2,2),(1.750000001109,2.),.PIECEWISE_BEZIER_KNOTS.);
#848 = CARTESIAN_POINT('',(1.750000001109,0.));
#849 = CARTESIAN_POINT('',(2.,0.));
#850 = ( GEOMETRIC_REPRESENTATION_CONTEXT(2) 
PARAMETRIC_REPRESENTATION_CONTEXT() REPRESENTATION_CONTEXT('2D SPACE',''
  ) );
#851 = PCURVE('',#404,#852);
#852 = DEFINITIONAL_REPRESENTATION('',(#853),#857);
#853 = LINE('',#854,#855);
#854 = CARTESIAN_POINT('',(0.,1.));
#855 = VECTOR('',#856,1.);
#856 = DIRECTION('',(1.,0.));
#857 = ( GEOMETRIC_REPRESENTATION_CONTEXT(2) 
PARAMETRIC_REPRESENTATION_CONTEXT() REPRESENTATION_CONTEXT('2D SPACE',''
  ) );
#858 = ORIENTED_EDGE('',*,*,#859,.T.);
#859 = EDGE_CURVE('',#839,#860,#862,.T.);
#860 = VERTEX_POINT('',#861);
#861 = CARTESIAN_POINT('',(13.077027098884,4.248983672715,3.179426097688
    ));
#862 = SURFACE_CURVE('',#863,(#872,#879),.PCURVE_S1.);
#863 = ( BOUNDED_CURVE() B_SPLINE_CURVE(7,(#864,#865,#866,#867,#868,#869
,#870,#871),.UNSPECIFIED.,.F.,.F.) B_SPLINE_CURVE_WITH_KNOTS((8,8),(0.,
1.),.PIECEWISE_BEZIER_KNOTS.) CURVE() GEOMETRIC_REPRESENTATION_ITEM() 
RATIONAL_B_SPLINE_CURVE((1.,1.,1.,1.000000000001,0.999999999999,1.,1.,1.
)) REPRESENTATION_ITEM('') );
#864 = CARTESIAN_POINT('',(4.248983672348,-13.07702709892,3.223686125637
    ));
#865 = CARTESIAN_POINT('',(7.176101525223,-12.12595548236,3.217379137902
    ));
#866 = CARTESIAN_POINT('',(9.857321722068,-10.40964307348,3.21106673789)
  );
#867 = CARTESIAN_POINT('',(12.052502561601,-8.003722543538,
    3.204748996884));
#868 = CARTESIAN_POINT('',(13.549420905367,-5.07770691758,3.198425987569
    ));
#869 = CARTESIAN_POINT('',(14.215831089491,-1.882847503323,
    3.192097784048));
#870 = CARTESIAN_POINT('',(14.032841311804,1.307307419996,3.185764461807
    ));
#871 = CARTESIAN_POINT('',(13.077027098884,4.248983672715,3.179426097688
    ));
#872 = PCURVE('',#48,#873);
#873 = DEFINITIONAL_REPRESENTATION('',(#874),#878);
#874 = LINE('',#875,#876);
#875 = CARTESIAN_POINT('',(2.,0.));
#876 = VECTOR('',#877,1.);
#877 = DIRECTION('',(0.,1.));
#878 = ( GEOMETRIC_REPRESENTATION_CONTEXT(2) 
PARAMETRIC_REPRESENTATION_CONTEXT() REPRESENTATION_CONTEXT('2D SPACE',''
  ) );
#879 = PCURVE('',#880,#897);
#880 = ( BOUNDED_SURFACE() B_SPLINE_SURFACE(1,7,(
    (#881,#882,#883,#884,#885,#886,#887,#888)
    ,(#889,#890,#891,#892,#893,#894,#895,#896
)),.UNSPECIFIED.,.F.,.F.,.F.) B_SPLINE_SURFACE_WITH_KNOTS((2,2),(8,8),(
    2.,3.),(0.,1.),.PIECEWISE_BEZIER_KNOTS.) 
GEOMETRIC_REPRESENTATION_ITEM() RATIONAL_B_SPLINE_SURFACE((
    (1.,1.,1.,1.000000000001,0.999999999999,1.,1.,1.)
    ,(1.,1.,1.,1.000000000001,0.999999999999,1.,1.,1.
))) REPRESENTATION_ITEM('') SURFACE() );
#881 = CARTESIAN_POINT('',(4.248983672348,-13.07702709892,3.223686125637
    ));
#882 = CARTESIAN_POINT('',(7.176101525223,-12.12595548236,3.217379137902
    ));
#883 = CARTESIAN_POINT('',(9.857321722068,-10.40964307348,3.21106673789)
  );
#884 = CARTESIAN_POINT('',(12.052502561601,-8.003722543538,
    3.204748996884));
#885 = CARTESIAN_POINT('',(13.549420905367,-5.07770691758,3.198425987569
    ));
#886 = CARTESIAN_POINT('',(14.215831089491,-1.882847503323,
    3.192097784048));
#887 = CARTESIAN_POINT('',(14.032841311804,1.307307419996,3.185764461807
    ));
#888 = CARTESIAN_POINT('',(13.077027098884,4.248983672715,3.179426097688
    ));
#889 = CARTESIAN_POINT('',(4.418943019302,-13.60010818293,3.076314070028
    ));
#890 = CARTESIAN_POINT('',(7.441129080127,-12.54323038479,3.089098264956
    ));
#891 = CARTESIAN_POINT('',(10.172166452361,-10.70195182213,
    3.101893429478));
#892 = CARTESIAN_POINT('',(12.367628510008,-8.171563631554,
    3.114699418937));
#893 = CARTESIAN_POINT('',(13.82075898759,-5.142442512693,3.127516085942
    ));
#894 = CARTESIAN_POINT('',(14.415279428566,-1.881208411829,3.14034328042
    ));
#895 = CARTESIAN_POINT('',(14.151969754643,1.334189229405,3.153180849607
    ));
#896 = CARTESIAN_POINT('',(13.124579924703,4.264434522429,3.166028638078
    ));
#897 = DEFINITIONAL_REPRESENTATION('',(#898),#902);
#898 = LINE('',#899,#900);
#899 = CARTESIAN_POINT('',(2.,0.));
#900 = VECTOR('',#901,1.);
#901 = DIRECTION('',(0.,1.));
#902 = ( GEOMETRIC_REPRESENTATION_CONTEXT(2) 
PARAMETRIC_REPRESENTATION_CONTEXT() REPRESENTATION_CONTEXT('2D SPACE',''
  ) );
#903 = ORIENTED_EDGE('',*,*,#904,.F.);
#904 = EDGE_CURVE('',#905,#860,#907,.T.);
#905 = VERTEX_POINT('',#906);
#906 = CARTESIAN_POINT('',(13.059735162224,4.243365181908,3.179426097684
    ));
#907 = SURFACE_CURVE('',#908,(#911,#918),.PCURVE_S1.);
#908 = B_SPLINE_CURVE_WITH_KNOTS('',1,(#909,#910),.UNSPECIFIED.,.F.,.F.,
  (2,2),(1.,2.),.PIECEWISE_BEZIER_KNOTS.);
#909 = CARTESIAN_POINT('',(13.059735162224,4.243365181908,3.179426097684
    ));
#910 = CARTESIAN_POINT('',(13.077027098884,4.248983672715,3.179426097688
    ));
#911 = PCURVE('',#48,#912);
#912 = DEFINITIONAL_REPRESENTATION('',(#913),#917);
#913 = LINE('',#914,#915);
#914 = CARTESIAN_POINT('',(0.,1.));
#915 = VECTOR('',#916,1.);
#916 = DIRECTION('',(1.,0.));
#917 = ( GEOMETRIC_REPRESENTATION_CONTEXT(2) 
PARAMETRIC_REPRESENTATION_CONTEXT() REPRESENTATION_CONTEXT('2D SPACE',''
  ) );
#918 = PCURVE('',#919,#924);
#919 = PLANE('',#920);
#920 = AXIS2_PLACEMENT_3D('',#921,#922,#923);
#921 = CARTESIAN_POINT('',(13.059735162244,4.243365181889,3.120574092608
    ));
#922 = DIRECTION('',(0.309016994368,-0.951056516297,4.152079310189E-10)
  );
#923 = DIRECTION('',(0.791326854125,0.2571176813,0.554700196415));
#924 = DEFINITIONAL_REPRESENTATION('',(#925),#928);
#925 = B_SPLINE_CURVE_WITH_KNOTS('',1,(#926,#927),.UNSPECIFIED.,.F.,.F.,
  (2,2),(1.,2.),.PIECEWISE_BEZIER_KNOTS.);
#926 = CARTESIAN_POINT('',(3.264521876396E-02,4.896782814594E-02));
#927 = CARTESIAN_POINT('',(4.777340593374E-02,3.888237003276E-02));
#928 = ( GEOMETRIC_REPRESENTATION_CONTEXT(2) 
PARAMETRIC_REPRESENTATION_CONTEXT() REPRESENTATION_CONTEXT('2D SPACE',''
  ) );
#929 = ORIENTED_EDGE('',*,*,#930,.F.);
#930 = EDGE_CURVE('',#24,#905,#931,.T.);
#931 = SURFACE_CURVE('',#932,(#941,#948),.PCURVE_S1.);
#932 = ( BOUNDED_CURVE() B_SPLINE_CURVE(7,(#933,#934,#935,#936,#937,#938
,#939,#940),.UNSPECIFIED.,.F.,.F.) B_SPLINE_CURVE_WITH_KNOTS((8,8),(0.,
1.),.PIECEWISE_BEZIER_KNOTS.) CURVE() GEOMETRIC_REPRESENTATION_ITEM() 
RATIONAL_B_SPLINE_CURVE((1.,1.,1.,1.000000000001,0.999999999999,1.,1.,1.
)) REPRESENTATION_ITEM('') );
#933 = CARTESIAN_POINT('',(4.187180273475,-12.88681579566,3.223686125554
    ));
#934 = CARTESIAN_POINT('',(7.079727868911,-11.97421915422,3.21737913782)
  );
#935 = CARTESIAN_POINT('',(9.742832729246,-10.30334898307,3.211066737816
    ));
#936 = CARTESIAN_POINT('',(11.937911307649,-7.94268942064,3.204748996824
    ));
#937 = CARTESIAN_POINT('',(13.450752511837,-5.054166701177,
    3.198425987527));
#938 = CARTESIAN_POINT('',(14.143304420745,-1.883443536603,
    3.192097784023));
#939 = CARTESIAN_POINT('',(13.989521878048,1.297532216572,3.185764461795
    ));
#940 = CARTESIAN_POINT('',(13.059735162224,4.243365181908,3.179426097684
    ));
#941 = PCURVE('',#48,#942);
#942 = DEFINITIONAL_REPRESENTATION('',(#943),#947);
#943 = LINE('',#944,#945);
#944 = CARTESIAN_POINT('',(1.,0.));
#945 = VECTOR('',#946,1.);
#946 = DIRECTION('',(0.,1.));
#947 = ( GEOMETRIC_REPRESENTATION_CONTEXT(2) 
PARAMETRIC_REPRESENTATION_CONTEXT() REPRESENTATION_CONTEXT('2D SPACE',''
  ) );
#948 = PCURVE('',#94,#949);
#949 = DEFINITIONAL_REPRESENTATION('',(#950),#954);
#950 = LINE('',#951,#952);
#951 = CARTESIAN_POINT('',(1.,0.));
#952 = VECTOR('',#953,1.);
#953 = DIRECTION('',(0.,1.));
#954 = ( GEOMETRIC_REPRESENTATION_CONTEXT(2) 
PARAMETRIC_REPRESENTATION_CONTEXT() REPRESENTATION_CONTEXT('2D SPACE',''
  ) );
#955 = ORIENTED_EDGE('',*,*,#21,.F.);
#956 = ADVANCED_FACE('',(#957),#404,.T.);
#957 = FACE_BOUND('',#958,.T.);
#958 = EDGE_LOOP('',(#959,#960,#1004,#1056));
#959 = ORIENTED_EDGE('',*,*,#194,.F.);
#960 = ORIENTED_EDGE('',*,*,#961,.T.);
#961 = EDGE_CURVE('',#167,#962,#964,.T.);
#962 = VERTEX_POINT('',#963);
#963 = CARTESIAN_POINT('',(13.750000000003,3.590835528611E-15,
    2.423686127919));
#964 = SURFACE_CURVE('',#965,(#968,#974),.PCURVE_S1.);
#965 = B_SPLINE_CURVE_WITH_KNOTS('',1,(#966,#967),.UNSPECIFIED.,.F.,.F.,
  (2,2),(1.,2.),.PIECEWISE_BEZIER_KNOTS.);
#966 = CARTESIAN_POINT('',(13.550000000047,-1.024168328391E-13,
    2.423686127926));
#967 = CARTESIAN_POINT('',(13.750000000047,4.017972084747E-15,
    2.423686127919));
#968 = PCURVE('',#404,#969);
#969 = DEFINITIONAL_REPRESENTATION('',(#970),#973);
#970 = B_SPLINE_CURVE_WITH_KNOTS('',1,(#971,#972),.UNSPECIFIED.,.F.,.F.,
  (2,2),(1.75000000021,2.),.PIECEWISE_BEZIER_KNOTS.);
#971 = CARTESIAN_POINT('',(1.75000000021,0.));
#972 = CARTESIAN_POINT('',(2.,0.));
#973 = ( GEOMETRIC_REPRESENTATION_CONTEXT(2) 
PARAMETRIC_REPRESENTATION_CONTEXT() REPRESENTATION_CONTEXT('2D SPACE',''
  ) );
#974 = PCURVE('',#975,#998);
#975 = ( BOUNDED_SURFACE() B_SPLINE_SURFACE(1,6,(
    (#976,#977,#978,#979,#980,#981,#982,#983,#984,#985,#986)
    ,(#987,#988,#989,#990,#991,#992,#993,#994,#995,#996,#997
)),.UNSPECIFIED.,.F.,.F.,.F.) B_SPLINE_SURFACE_WITH_KNOTS((2,2),(7,4,7),
(1.,2.),(0.,0.5,1.),.UNSPECIFIED.) GEOMETRIC_REPRESENTATION_ITEM() 
RATIONAL_B_SPLINE_SURFACE((
    (1.,1.,1.,1.,1.,1.,1.,1.,1.,1.,1.)
,(1.,1.,1.,1.,1.,1.,1.,1.,1.,1.,1.
  ))) REPRESENTATION_ITEM('') SURFACE() );
#976 = CARTESIAN_POINT('',(13.550000000012,-1.036393040719E-13,
    1.423686127926));
#977 = CARTESIAN_POINT('',(13.502151825812,7.093135909731,1.507019461261
    ));
#978 = CARTESIAN_POINT('',(9.23285854259,14.186271819457,1.590352794737)
  );
#979 = CARTESIAN_POINT('',(-8.044474286223E-02,17.823990286945,
    1.673686128415));
#980 = CARTESIAN_POINT('',(-9.110048228778,14.186271819451,1.75701946207
    ));
#981 = CARTESIAN_POINT('',(-17.98995177117,-1.216826397899E-11,
    1.92368612905));
#982 = CARTESIAN_POINT('',(-9.110048228755,-14.18627181947,
    2.090352795396));
#983 = CARTESIAN_POINT('',(-8.044474282944E-02,-17.82399028695,
    2.173686128408));
#984 = CARTESIAN_POINT('',(9.232858542624,-14.18627181946,2.257019461422
    ));
#985 = CARTESIAN_POINT('',(13.502151825847,-7.093135909731,
    2.340352794594));
#986 = CARTESIAN_POINT('',(13.550000000047,-1.024168328391E-13,
    2.423686127926));
#987 = CARTESIAN_POINT('',(13.750000000012,4.995721874869E-15,
    1.423686127919));
#988 = CARTESIAN_POINT('',(13.701445579749,7.197831642732,1.507019461254
    ));
#989 = CARTESIAN_POINT('',(9.369136897338,14.395663285456,1.590352794732
    ));
#990 = CARTESIAN_POINT('',(-8.163211905472E-02,18.087075014376,
    1.673686128415));
#991 = CARTESIAN_POINT('',(-9.2445138853,14.395663285451,1.757019462075)
  );
#992 = CARTESIAN_POINT('',(-18.25548611465,-1.234491016402E-11,
    1.923686129059));
#993 = CARTESIAN_POINT('',(-9.244513885276,-14.39566328547,
    2.090352795401));
#994 = CARTESIAN_POINT('',(-8.163211902168E-02,-18.08707501438,
    2.173686128408));
#995 = CARTESIAN_POINT('',(9.369136897372,-14.39566328546,2.257019461417
    ));
#996 = CARTESIAN_POINT('',(13.701445579785,-7.197831642731,
    2.340352794587));
#997 = CARTESIAN_POINT('',(13.750000000047,4.017972084747E-15,
    2.423686127919));
#998 = DEFINITIONAL_REPRESENTATION('',(#999),#1003);
#999 = LINE('',#1000,#1001);
#1000 = CARTESIAN_POINT('',(0.,1.));
#1001 = VECTOR('',#1002,1.);
#1002 = DIRECTION('',(1.,0.));
#1003 = ( GEOMETRIC_REPRESENTATION_CONTEXT(2) 
PARAMETRIC_REPRESENTATION_CONTEXT() REPRESENTATION_CONTEXT('2D SPACE',''
  ) );
#1004 = ORIENTED_EDGE('',*,*,#1005,.T.);
#1005 = EDGE_CURVE('',#962,#839,#1006,.T.);
#1006 = SURFACE_CURVE('',#1007,(#1019,#1026),.PCURVE_S1.);
#1007 = ( BOUNDED_CURVE() B_SPLINE_CURVE(6,(#1008,#1009,#1010,#1011,
    #1012,#1013,#1014,#1015,#1016,#1017,#1018),.UNSPECIFIED.,.F.,.F.) 
B_SPLINE_CURVE_WITH_KNOTS((7,4,7),(0.,0.5,1.),.UNSPECIFIED.) CURVE() 
GEOMETRIC_REPRESENTATION_ITEM() RATIONAL_B_SPLINE_CURVE((1.,1.,1.,1.,1.,
1.,1.,1.,1.,1.,1.)) REPRESENTATION_ITEM('') );
#1008 = CARTESIAN_POINT('',(13.749999999958,3.163698972474E-15,
    2.423686127919));
#1009 = CARTESIAN_POINT('',(13.739702873036,5.762388212338,
    2.490352794596));
#1010 = CARTESIAN_POINT('',(10.884756038537,11.509497548309,
    2.557019460541));
#1011 = CARTESIAN_POINT('',(5.011821727928,15.483707242534,
    2.623686125838));
#1012 = CARTESIAN_POINT('',(-2.014410402269,15.700690789945,
    2.690352790795));
#1013 = CARTESIAN_POINT('',(-13.46339647731,9.78173011217,2.823686121383
    ));
#1014 = CARTESIAN_POINT('',(-15.55473133417,-2.935962137904,
    2.957019454219));
#1015 = CARTESIAN_POINT('',(-13.17714258288,-9.551254386678,
    3.023686121434));
#1016 = CARTESIAN_POINT('',(-7.582608047292,-13.90864849785,
    3.090352789484));
#1017 = CARTESIAN_POINT('',(-1.234555173586,-14.84790983515,
    3.15701945764));
#1018 = CARTESIAN_POINT('',(4.248983672382,-13.07702709903,
    3.223686125637));
#1019 = PCURVE('',#404,#1020);
#1020 = DEFINITIONAL_REPRESENTATION('',(#1021),#1025);
#1021 = LINE('',#1022,#1023);
#1022 = CARTESIAN_POINT('',(2.,0.));
#1023 = VECTOR('',#1024,1.);
#1024 = DIRECTION('',(0.,1.));
#1025 = ( GEOMETRIC_REPRESENTATION_CONTEXT(2) 
PARAMETRIC_REPRESENTATION_CONTEXT() REPRESENTATION_CONTEXT('2D SPACE',''
  ) );
#1026 = PCURVE('',#1027,#1050);
#1027 = ( BOUNDED_SURFACE() B_SPLINE_SURFACE(1,6,(
    (#1028,#1029,#1030,#1031,#1032,#1033,#1034,#1035,#1036,#1037,#1038)
    ,(#1039,#1040,#1041,#1042,#1043,#1044,#1045,#1046,#1047,#1048,#1049
)),.UNSPECIFIED.,.F.,.F.,.F.) B_SPLINE_SURFACE_WITH_KNOTS((2,2),(7,4,7),
(2.,3.),(0.,0.5,1.),.UNSPECIFIED.) GEOMETRIC_REPRESENTATION_ITEM() 
RATIONAL_B_SPLINE_SURFACE((
    (1.,1.,1.,1.,1.,1.,1.,1.,1.,1.,1.)
,(1.,1.,1.,1.,1.,1.,1.,1.,1.,1.,1.
  ))) REPRESENTATION_ITEM('') SURFACE() );
#1028 = CARTESIAN_POINT('',(13.749999999958,3.163698972474E-15,
    2.423686127919));
#1029 = CARTESIAN_POINT('',(13.739702873036,5.762388212338,
    2.490352794596));
#1030 = CARTESIAN_POINT('',(10.884756038537,11.509497548309,
    2.557019460541));
#1031 = CARTESIAN_POINT('',(5.011821727928,15.483707242534,
    2.623686125838));
#1032 = CARTESIAN_POINT('',(-2.014410402269,15.700690789945,
    2.690352790795));
#1033 = CARTESIAN_POINT('',(-13.46339647731,9.78173011217,2.823686121383
    ));
#1034 = CARTESIAN_POINT('',(-15.55473133417,-2.935962137904,
    2.957019454219));
#1035 = CARTESIAN_POINT('',(-13.17714258288,-9.551254386678,
    3.023686121434));
#1036 = CARTESIAN_POINT('',(-7.582608047292,-13.90864849785,
    3.090352789484));
#1037 = CARTESIAN_POINT('',(-1.234555173586,-14.84790983515,
    3.15701945764));
#1038 = CARTESIAN_POINT('',(4.248983672382,-13.07702709903,
    3.223686125637));
#1039 = CARTESIAN_POINT('',(14.299999999993,-1.458638144376E-12,
    2.276314072214));
#1040 = CARTESIAN_POINT('',(14.289290988298,5.992883740865,
    2.342980738891));
#1041 = CARTESIAN_POINT('',(11.320146279297,11.969877450761,
    2.409647404809));
#1042 = CARTESIAN_POINT('',(5.212294597451,16.103055531631,
    2.476314070049));
#1043 = CARTESIAN_POINT('',(-2.094986818128,16.328718421735,
    2.542980734938));
#1044 = CARTESIAN_POINT('',(-14.0019323364,10.17299931668,2.676314065417
    ));
#1045 = CARTESIAN_POINT('',(-16.17692058762,-3.053400623664,
    2.809647398232));
#1046 = CARTESIAN_POINT('',(-13.70422828547,-9.93330456231,2.87631406547
    ));
#1047 = CARTESIAN_POINT('',(-7.88591236989,-14.46499443714,
    2.942980733574));
#1048 = CARTESIAN_POINT('',(-1.283937380426,-15.44182622885,
    3.009647401791));
#1049 = CARTESIAN_POINT('',(4.418943019322,-13.60010818299,3.07631406984
    ));
#1050 = DEFINITIONAL_REPRESENTATION('',(#1051),#1055);
#1051 = LINE('',#1052,#1053);
#1052 = CARTESIAN_POINT('',(2.,0.));
#1053 = VECTOR('',#1054,1.);
#1054 = DIRECTION('',(0.,1.));
#1055 = ( GEOMETRIC_REPRESENTATION_CONTEXT(2) 
PARAMETRIC_REPRESENTATION_CONTEXT() REPRESENTATION_CONTEXT('2D SPACE',''
  ) );
#1056 = ORIENTED_EDGE('',*,*,#838,.F.);
#1057 = ADVANCED_FACE('',(#1058),#182,.T.);
#1058 = FACE_BOUND('',#1059,.T.);
#1059 = EDGE_LOOP('',(#1060,#1314,#1651,#1679,#2159));
#1060 = ORIENTED_EDGE('',*,*,#1061,.F.);
#1061 = EDGE_CURVE('',#1062,#121,#1064,.T.);
#1062 = VERTEX_POINT('',#1063);
#1063 = CARTESIAN_POINT('',(4.233532822839,-13.02947427327,
    2.576314069787));
#1064 = SURFACE_CURVE('',#1065,(#1146,#1230),.PCURVE_S1.);
#1065 = B_SPLINE_CURVE_WITH_KNOTS('',7,(#1066,#1067,#1068,#1069,#1070,
    #1071,#1072,#1073,#1074,#1075,#1076,#1077,#1078,#1079,#1080,#1081,
    #1082,#1083,#1084,#1085,#1086,#1087,#1088,#1089,#1090,#1091,#1092,
    #1093,#1094,#1095,#1096,#1097,#1098,#1099,#1100,#1101,#1102,#1103,
    #1104,#1105,#1106,#1107,#1108,#1109,#1110,#1111,#1112,#1113,#1114,
    #1115,#1116,#1117,#1118,#1119,#1120,#1121,#1122,#1123,#1124,#1125,
    #1126,#1127,#1128,#1129,#1130,#1131,#1132,#1133,#1134,#1135,#1136,
    #1137,#1138,#1139,#1140,#1141,#1142,#1143,#1144,#1145),
  .UNSPECIFIED.,.F.,.F.,(8,6,6,6,6,6,6,6,6,6,6,6,6,8),(0.,0.427487669005
    ,0.502346101886,0.575978566247,0.647136310048,0.715819811121,
    0.779640715135,0.838981649413,0.894415594124,0.946064954519,
    0.987370444621,0.993863261198,0.996843743683,1.),.UNSPECIFIED.);
#1066 = CARTESIAN_POINT('',(4.233532822839,-13.02947427327,
    2.576314069779));
#1067 = CARTESIAN_POINT('',(5.234653243383,-12.70419053034,
    2.602936356902));
#1068 = CARTESIAN_POINT('',(6.206772206387,-12.28911395642,2.62956293094
    ));
#1069 = CARTESIAN_POINT('',(7.139916061371,-11.78743195444,
    2.656185503339));
#1070 = CARTESIAN_POINT('',(8.024946074767,-11.20366314431,
    2.682806122398));
#1071 = CARTESIAN_POINT('',(8.853418677692,-10.54338611488,
    2.709427431769));
#1072 = CARTESIAN_POINT('',(9.617586695981,-9.813239353688,2.73605117915
    ));
#1073 = CARTESIAN_POINT('',(10.431955611876,-8.882469658103,
    2.767329602534));
#1074 = CARTESIAN_POINT('',(10.551132589867,-8.741865720583,
    2.771990579848));
#1075 = CARTESIAN_POINT('',(10.668095280325,-8.599400213601,
    2.776651492769));
#1076 = CARTESIAN_POINT('',(10.782808763345,-8.455115226969,
    2.781312335818));
#1077 = CARTESIAN_POINT('',(10.895239126956,-8.309053679972,
    2.785973102765));
#1078 = CARTESIAN_POINT('',(11.00535346712,-8.16125932136,2.790633786629
    ));
#1079 = CARTESIAN_POINT('',(11.219121400446,-7.86474223764,
    2.799878645451));
#1080 = CARTESIAN_POINT('',(11.322851302006,-7.71607431978,
    2.804462823595));
#1081 = CARTESIAN_POINT('',(11.424279239402,-7.565815395299,
    2.80904690686));
#1082 = CARTESIAN_POINT('',(11.523375872599,-7.414008592013,
    2.813630886716));
#1083 = CARTESIAN_POINT('',(11.620112874538,-7.260697746021,
    2.818214753358));
#1084 = CARTESIAN_POINT('',(11.714462931131,-7.105927401709,
    2.822798495703));
#1085 = CARTESIAN_POINT('',(11.895246638332,-6.798807444649,
    2.831811656241));
#1086 = CARTESIAN_POINT('',(11.981839803058,-6.646551271524,
    2.836241083445));
#1087 = CARTESIAN_POINT('',(12.066155499299,-6.493015125137,
    2.840670372046));
#1088 = CARTESIAN_POINT('',(12.148170930374,-6.338240412759,
    2.845099508977));
#1089 = CARTESIAN_POINT('',(12.227864239073,-6.182269116171,
    2.84952847907));
#1090 = CARTESIAN_POINT('',(12.305214507655,-6.025143791656,
    2.853957265054));
#1091 = CARTESIAN_POINT('',(12.45258160864,-5.714173417419,
    2.862660442763));
#1092 = CARTESIAN_POINT('',(12.522759934404,-5.560404271728,
    2.866934847959));
#1093 = CARTESIAN_POINT('',(12.590718768504,-5.405638903385,
    2.871209046093));
#1094 = CARTESIAN_POINT('',(12.65644100898,-5.249916577649,
    2.875483016541));
#1095 = CARTESIAN_POINT('',(12.719910418551,-5.093277054585,
    2.879756735104));
#1096 = CARTESIAN_POINT('',(12.781111624611,-4.93576058907,
    2.884030174008));
#1097 = CARTESIAN_POINT('',(12.894777351558,-4.63026619155,
    2.892273904465));
#1098 = CARTESIAN_POINT('',(12.947553665676,-4.482402489524,
    2.896244237459));
#1099 = CARTESIAN_POINT('',(12.998347419748,-4.333849493618,
    2.900214276297));
#1100 = CARTESIAN_POINT('',(13.04714766189,-4.184640293562,
    2.904183991025));
#1101 = CARTESIAN_POINT('',(13.093944130172,-4.034808399909,
    2.908153346319));
#1102 = CARTESIAN_POINT('',(13.138727252615,-3.884387744036,
    2.912122301487));
#1103 = CARTESIAN_POINT('',(13.22124739966,-3.593035452191,
    2.919780746145));
#1104 = CARTESIAN_POINT('',(13.25925838072,-3.452178975642,
    2.923470294253));
#1105 = CARTESIAN_POINT('',(13.295513944177,-3.310870824692,
    2.927159418715));
#1106 = CARTESIAN_POINT('',(13.330007513761,-3.169139014267,
    2.930848075235));
#1107 = CARTESIAN_POINT('',(13.362733083135,-3.027011998023,
    2.934536211304));
#1108 = CARTESIAN_POINT('',(13.39368521589,-2.884518668344,
    2.938223766195));
#1109 = CARTESIAN_POINT('',(13.450112078891,-2.608261949851,
    2.945354831017));
#1110 = CARTESIAN_POINT('',(13.475813265424,-2.474541559265,
    2.948798421398));
#1111 = CARTESIAN_POINT('',(13.499958685618,-2.340551087969,
    2.952241385749));
#1112 = CARTESIAN_POINT('',(13.52254485936,-2.206314938072,
    2.955683656852));
#1113 = CARTESIAN_POINT('',(13.543568797111,-2.071858054663,
    2.95912515519));
#1114 = CARTESIAN_POINT('',(13.563028051057,-1.93720597006,
    2.962565787514));
#1115 = CARTESIAN_POINT('',(13.597591910647,-1.676768228932,
    2.969210271093));
#1116 = CARTESIAN_POINT('',(13.612903096765,-1.551005006948,
    2.972414247257));
#1117 = CARTESIAN_POINT('',(13.626852844733,-1.425116281736,
    2.975617287748));
#1118 = CARTESIAN_POINT('',(13.639440080104,-1.299123880982,
    2.978819288587));
#1119 = CARTESIAN_POINT('',(13.650664214237,-1.173050425421,
    2.982020125936));
#1120 = CARTESIAN_POINT('',(13.660525224686,-1.046919393847,
    2.985219654078));
#1121 = CARTESIAN_POINT('',(13.675820240977,-0.819858017035,
    2.990975276084));
#1122 = CARTESIAN_POINT('',(13.681745356232,-0.718939791747,
    2.993531898714));
#1123 = CARTESIAN_POINT('',(13.686799343255,-0.618012917476,
    2.996087486692));
#1124 = CARTESIAN_POINT('',(13.690982795237,-0.517090465734,
    2.998641937968));
#1125 = CARTESIAN_POINT('',(13.69429663664,-0.416186174315,
    3.001195133029));
#1126 = CARTESIAN_POINT('',(13.696742123194,-0.315314447289,3.0037469349
    ));
#1127 = CARTESIAN_POINT('',(13.698569000944,-0.198641799859,
    3.00669806401));
#1128 = CARTESIAN_POINT('',(13.698795743918,-0.182794424,3.00709890058)
  );
#1129 = CARTESIAN_POINT('',(13.699001077242,-0.166948286668,
    3.007499698229));
#1130 = CARTESIAN_POINT('',(13.699185007611,-0.15110344769,
    3.007900456323));
#1131 = CARTESIAN_POINT('',(13.699347541987,-0.135259967477,
    3.008301174212));
#1132 = CARTESIAN_POINT('',(13.699488687603,-0.119417907031,
    3.008701851231));
#1133 = CARTESIAN_POINT('',(13.699663428965,-9.630581980607E-02,
    3.009286395635));
#1134 = CARTESIAN_POINT('',(13.699713760865,-8.905309271413E-02,
    3.009469828706));
#1135 = CARTESIAN_POINT('',(13.699759490236,-8.181906267581E-02,
    3.009652788128));
#1136 = CARTESIAN_POINT('',(13.699800659172,-7.460364629379E-02,
    3.009835276101));
#1137 = CARTESIAN_POINT('',(13.699837309289,-6.740676075985E-02,
    3.010017294807));
#1138 = CARTESIAN_POINT('',(13.699869481728,-6.022832385493E-02,
    3.010198846414));
#1139 = CARTESIAN_POINT('',(13.699926588264,-4.548591921621E-02,
    3.010571699304));
#1140 = CARTESIAN_POINT('',(13.699951061944,-3.790394216451E-02,
    3.010763456013));
#1141 = CARTESIAN_POINT('',(13.699970639053,-3.032235093735E-02,
    3.01095520258));
#1142 = CARTESIAN_POINT('',(13.699985320483,-2.274116204546E-02,
    3.011146938683));
#1143 = CARTESIAN_POINT('',(13.699995107151,-1.5160380367E-02,
    3.011338664297));
#1144 = CARTESIAN_POINT('',(13.7,-7.579999147531E-03,3.011530379686));
#1145 = CARTESIAN_POINT('',(13.7,-3.552713678801E-15,3.011722085413));
#1146 = PCURVE('',#182,#1147);
#1147 = DEFINITIONAL_REPRESENTATION('',(#1148),#1229);
#1148 = B_SPLINE_CURVE_WITH_KNOTS('',7,(#1149,#1150,#1151,#1152,#1153,
    #1154,#1155,#1156,#1157,#1158,#1159,#1160,#1161,#1162,#1163,#1164,
    #1165,#1166,#1167,#1168,#1169,#1170,#1171,#1172,#1173,#1174,#1175,
    #1176,#1177,#1178,#1179,#1180,#1181,#1182,#1183,#1184,#1185,#1186,
    #1187,#1188,#1189,#1190,#1191,#1192,#1193,#1194,#1195,#1196,#1197,
    #1198,#1199,#1200,#1201,#1202,#1203,#1204,#1205,#1206,#1207,#1208,
    #1209,#1210,#1211,#1212,#1213,#1214,#1215,#1216,#1217,#1218,#1219,
    #1220,#1221,#1222,#1223,#1224,#1225,#1226,#1227,#1228),
  .UNSPECIFIED.,.F.,.F.,(8,6,6,6,6,6,6,6,6,6,6,6,6,8),(0.,0.427487669005
    ,0.502346101886,0.575978566247,0.647136310048,0.715819811121,
    0.779640715135,0.838981649413,0.894415594124,0.946064954519,
    0.987370444621,0.993863261198,0.996843743683,1.),.UNSPECIFIED.);
#1149 = CARTESIAN_POINT('',(5.026548245736,2.576314069779));
#1150 = CARTESIAN_POINT('',(5.103383304431,2.602936356902));
#1151 = CARTESIAN_POINT('',(5.180230446653,2.62956293094));
#1152 = CARTESIAN_POINT('',(5.257066269658,2.656185503339));
#1153 = CARTESIAN_POINT('',(5.333896412575,2.682806122398));
#1154 = CARTESIAN_POINT('',(5.410728549143,2.709427431769));
#1155 = CARTESIAN_POINT('',(5.487567710341,2.73605117915));
#1156 = CARTESIAN_POINT('',(5.577840795403,2.767329602534));
#1157 = CARTESIAN_POINT('',(5.59129290568,2.771990579848));
#1158 = CARTESIAN_POINT('',(5.604744830116,2.776651492769));
#1159 = CARTESIAN_POINT('',(5.618196552925,2.781312335818));
#1160 = CARTESIAN_POINT('',(5.631648056147,2.785973102765));
#1161 = CARTESIAN_POINT('',(5.645099319651,2.790633786629));
#1162 = CARTESIAN_POINT('',(5.671781033401,2.799878645451));
#1163 = CARTESIAN_POINT('',(5.685011492842,2.804462823595));
#1164 = CARTESIAN_POINT('',(5.698241678522,2.80904690686));
#1165 = CARTESIAN_POINT('',(5.711471565824,2.813630886716));
#1166 = CARTESIAN_POINT('',(5.724701126438,2.818214753358));
#1167 = CARTESIAN_POINT('',(5.737930328364,2.822798495703));
#1168 = CARTESIAN_POINT('',(5.76394333519,2.831811656241));
#1169 = CARTESIAN_POINT('',(5.776727166104,2.836241083445));
#1170 = CARTESIAN_POINT('',(5.789510596992,2.840670372046));
#1171 = CARTESIAN_POINT('',(5.802293590124,2.845099508977));
#1172 = CARTESIAN_POINT('',(5.815076101703,2.84952847907));
#1173 = CARTESIAN_POINT('',(5.827858081862,2.853957265054));
#1174 = CARTESIAN_POINT('',(5.852976442638,2.862660442763));
#1175 = CARTESIAN_POINT('',(5.865312862139,2.866934847959));
#1176 = CARTESIAN_POINT('',(5.87764868395,2.871209046093));
#1177 = CARTESIAN_POINT('',(5.889983848541,2.875483016541));
#1178 = CARTESIAN_POINT('',(5.902318286068,2.879756735104));
#1179 = CARTESIAN_POINT('',(5.914651916376,2.884030174008));
#1180 = CARTESIAN_POINT('',(5.938444259126,2.892273904465));
#1181 = CARTESIAN_POINT('',(5.949903091183,2.896244237459));
#1182 = CARTESIAN_POINT('',(5.961361074214,2.900214276297));
#1183 = CARTESIAN_POINT('',(5.972818121777,2.904183991025));
#1184 = CARTESIAN_POINT('',(5.984274131943,2.908153346319));
#1185 = CARTESIAN_POINT('',(5.995728987292,2.912122301487));
#1186 = CARTESIAN_POINT('',(6.017832128348,2.919780746145));
#1187 = CARTESIAN_POINT('',(6.028480583229,2.923470294253));
#1188 = CARTESIAN_POINT('',(6.039127815457,2.927159418715));
#1189 = CARTESIAN_POINT('',(6.049773697216,2.930848075235));
#1190 = CARTESIAN_POINT('',(6.060418076977,2.934536211304));
#1191 = CARTESIAN_POINT('',(6.071060779501,2.938223766195));
#1192 = CARTESIAN_POINT('',(6.091641843308,2.945354831017));
#1193 = CARTESIAN_POINT('',(6.101580436759,2.948798421398));
#1194 = CARTESIAN_POINT('',(6.111517223547,2.952241385749));
#1195 = CARTESIAN_POINT('',(6.121452009683,2.955683656852));
#1196 = CARTESIAN_POINT('',(6.131384565686,2.95912515519));
#1197 = CARTESIAN_POINT('',(6.141314622431,2.962565787514));
#1198 = CARTESIAN_POINT('',(6.16049135909,2.969210271093));
#1199 = CARTESIAN_POINT('',(6.169738399487,2.972414247257));
#1200 = CARTESIAN_POINT('',(6.178982739562,2.975617287748));
#1201 = CARTESIAN_POINT('',(6.188224079211,2.978819288587));
#1202 = CARTESIAN_POINT('',(6.197462061015,2.982020125936));
#1203 = CARTESIAN_POINT('',(6.206696264396,2.985219654078));
#1204 = CARTESIAN_POINT('',(6.22330764654,2.990975276084));
#1205 = CARTESIAN_POINT('',(6.230686351352,2.993531898714));
#1206 = CARTESIAN_POINT('',(6.238062070075,2.996087486692));
#1207 = CARTESIAN_POINT('',(6.24543450817,2.998641937968));
#1208 = CARTESIAN_POINT('',(6.252803320692,3.001195133029));
#1209 = CARTESIAN_POINT('',(6.260168112292,3.0037469349));
#1210 = CARTESIAN_POINT('',(6.268685407862,3.00669806401));
#1211 = CARTESIAN_POINT('',(6.269842267968,3.00709890058));
#1212 = CARTESIAN_POINT('',(6.270999015744,3.007499698229));
#1213 = CARTESIAN_POINT('',(6.272155649359,3.007900456323));
#1214 = CARTESIAN_POINT('',(6.273312166937,3.008301174212));
#1215 = CARTESIAN_POINT('',(6.274468566557,3.008701851231));
#1216 = CARTESIAN_POINT('',(6.276155628439,3.009286395635));
#1217 = CARTESIAN_POINT('',(6.276685037223,3.009469828706));
#1218 = CARTESIAN_POINT('',(6.277213079002,3.009652788128));
#1219 = CARTESIAN_POINT('',(6.277739760124,3.009835276101));
#1220 = CARTESIAN_POINT('',(6.278265086891,3.010017294807));
#1221 = CARTESIAN_POINT('',(6.278789065553,3.010198846414));
#1222 = CARTESIAN_POINT('',(6.279865161556,3.010571699304));
#1223 = CARTESIAN_POINT('',(6.280418593306,3.010763456013));
#1224 = CARTESIAN_POINT('',(6.280971995785,3.01095520258));
#1225 = CARTESIAN_POINT('',(6.281525368068,3.011146938683));
#1226 = CARTESIAN_POINT('',(6.282078710073,3.011338664297));
#1227 = CARTESIAN_POINT('',(6.28263202257,3.011530379686));
#1228 = CARTESIAN_POINT('',(6.28318530718,3.011722085413));
#1229 = ( GEOMETRIC_REPRESENTATION_CONTEXT(2) 
PARAMETRIC_REPRESENTATION_CONTEXT() REPRESENTATION_CONTEXT('2D SPACE',''
  ) );
#1230 = PCURVE('',#140,#1231);
#1231 = DEFINITIONAL_REPRESENTATION('',(#1232),#1313);
#1232 = B_SPLINE_CURVE_WITH_KNOTS('',7,(#1233,#1234,#1235,#1236,#1237,
    #1238,#1239,#1240,#1241,#1242,#1243,#1244,#1245,#1246,#1247,#1248,
    #1249,#1250,#1251,#1252,#1253,#1254,#1255,#1256,#1257,#1258,#1259,
    #1260,#1261,#1262,#1263,#1264,#1265,#1266,#1267,#1268,#1269,#1270,
    #1271,#1272,#1273,#1274,#1275,#1276,#1277,#1278,#1279,#1280,#1281,
    #1282,#1283,#1284,#1285,#1286,#1287,#1288,#1289,#1290,#1291,#1292,
    #1293,#1294,#1295,#1296,#1297,#1298,#1299,#1300,#1301,#1302,#1303,
    #1304,#1305,#1306,#1307,#1308,#1309,#1310,#1311,#1312),
  .UNSPECIFIED.,.F.,.F.,(8,6,6,6,6,6,6,6,6,6,6,6,6,8),(0.,0.427487669005
    ,0.502346101886,0.575978566247,0.647136310048,0.715819811121,
    0.779640715135,0.838981649413,0.894415594124,0.946064954519,
    0.987370444621,0.993863261198,0.996843743683,1.),.UNSPECIFIED.);
#1233 = CARTESIAN_POINT('',(5.250000000235,0.));
#1234 = CARTESIAN_POINT('',(5.261127892416,4.903774662542E-02));
#1235 = CARTESIAN_POINT('',(5.273387113587,9.806894554509E-02));
#1236 = CARTESIAN_POINT('',(5.287023142688,0.14707840243));
#1237 = CARTESIAN_POINT('',(5.30231588376,0.196069987043));
#1238 = CARTESIAN_POINT('',(5.319648724247,0.245048646076));
#1239 = CARTESIAN_POINT('',(5.339558420506,0.294017661126));
#1240 = CARTESIAN_POINT('',(5.367093213501,0.35153152596));
#1241 = CARTESIAN_POINT('',(5.37130453981,0.360101566562));
#1242 = CARTESIAN_POINT('',(5.375629079064,0.368671058859));
#1243 = CARTESIAN_POINT('',(5.380072386313,0.377239993232));
#1244 = CARTESIAN_POINT('',(5.384640515031,0.385808358688));
#1245 = CARTESIAN_POINT('',(5.389340017108,0.394376142857));
#1246 = CARTESIAN_POINT('',(5.398936637128,0.411370214899));
#1247 = CARTESIAN_POINT('',(5.403829341967,0.419796522538));
#1248 = CARTESIAN_POINT('',(5.408862732406,0.428222242018));
#1249 = CARTESIAN_POINT('',(5.414044193503,0.436647358109));
#1250 = CARTESIAN_POINT('',(5.419381820351,0.445071853239));
#1251 = CARTESIAN_POINT('',(5.424884418073,0.453495707496));
#1252 = CARTESIAN_POINT('',(5.436047783927,0.470058993915));
#1253 = CARTESIAN_POINT('',(5.441697142706,0.47819846987));
#1254 = CARTESIAN_POINT('',(5.447518117185,0.486337306757));
#1255 = CARTESIAN_POINT('',(5.453520216545,0.494475480988));
#1256 = CARTESIAN_POINT('',(5.45971392013,0.502612965115));
#1257 = CARTESIAN_POINT('',(5.466110677439,0.510749727837));
#1258 = CARTESIAN_POINT('',(5.479105223391,0.526738841157));
#1259 = CARTESIAN_POINT('',(5.485688466809,0.534591242659));
#1260 = CARTESIAN_POINT('',(5.492483732057,0.542442907568));
#1261 = CARTESIAN_POINT('',(5.499503468362,0.550293798399));
#1262 = CARTESIAN_POINT('',(5.506761480516,0.558143871111));
#1263 = CARTESIAN_POINT('',(5.514272928868,0.565993075107));
#1264 = CARTESIAN_POINT('',(5.529284828712,0.581133995532));
#1265 = CARTESIAN_POINT('',(5.536748642557,0.588425836515));
#1266 = CARTESIAN_POINT('',(5.544458940501,0.595716831367));
#1267 = CARTESIAN_POINT('',(5.552430550212,0.603006925426));
#1268 = CARTESIAN_POINT('',(5.560679957387,0.610296054189));
#1269 = CARTESIAN_POINT('',(5.569225305752,0.617584143311));
#1270 = CARTESIAN_POINT('',(5.586325475549,0.631646558361));
#1271 = CARTESIAN_POINT('',(5.594837815497,0.638421033183));
#1272 = CARTESIAN_POINT('',(5.603639229783,0.645194467132));
#1273 = CARTESIAN_POINT('',(5.612747582092,0.651966779208));
#1274 = CARTESIAN_POINT('',(5.622182786914,0.65873787335));
#1275 = CARTESIAN_POINT('',(5.631966809548,0.665507638434));
#1276 = CARTESIAN_POINT('',(5.651611798224,0.678598634593));
#1277 = CARTESIAN_POINT('',(5.661425428459,0.684920046693));
#1278 = CARTESIAN_POINT('',(5.671584542665,0.691240081423));
#1279 = CARTESIAN_POINT('',(5.682111051169,0.69755861572));
#1280 = CARTESIAN_POINT('',(5.693029243479,0.703875503973));
#1281 = CARTESIAN_POINT('',(5.704366243003,0.710190575401));
#1282 = CARTESIAN_POINT('',(5.727134012211,0.7223856827));
#1283 = CARTESIAN_POINT('',(5.738505521172,0.728265977759));
#1284 = CARTESIAN_POINT('',(5.750291677714,0.734144358813));
#1285 = CARTESIAN_POINT('',(5.762519594616,0.740020635381));
#1286 = CARTESIAN_POINT('',(5.77521939314,0.745894580579));
#1287 = CARTESIAN_POINT('',(5.7884247878,0.75176592742));
#1288 = CARTESIAN_POINT('',(5.813169051522,0.762327524768));
#1289 = CARTESIAN_POINT('',(5.824512183099,0.767018816027));
#1290 = CARTESIAN_POINT('',(5.836222103229,0.771708083899));
#1291 = CARTESIAN_POINT('',(5.848320031363,0.776395141391));
#1292 = CARTESIAN_POINT('',(5.860829369041,0.781079769499));
#1293 = CARTESIAN_POINT('',(5.87377569989,0.785761717213));
#1294 = CARTESIAN_POINT('',(5.889294880957,0.791176191797));
#1295 = CARTESIAN_POINT('',(5.891414459906,0.79191160875));
#1296 = CARTESIAN_POINT('',(5.893545635827,0.792646951234));
#1297 = CARTESIAN_POINT('',(5.895688519792,0.793382218087));
#1298 = CARTESIAN_POINT('',(5.897843224587,0.794117408116));
#1299 = CARTESIAN_POINT('',(5.900009864715,0.794852520102));
#1300 = CARTESIAN_POINT('',(5.903188669714,0.795924964466));
#1301 = CARTESIAN_POINT('',(5.904188782365,0.796261502435));
#1302 = CARTESIAN_POINT('',(5.905188894349,0.796597170777));
#1303 = CARTESIAN_POINT('',(5.906189005671,0.796931973535));
#1304 = CARTESIAN_POINT('',(5.907189116335,0.79726591472));
#1305 = CARTESIAN_POINT('',(5.908189226347,0.797598998311));
#1306 = CARTESIAN_POINT('',(5.910248426487,0.798283051451));
#1307 = CARTESIAN_POINT('',(5.911310246398,0.798634856491));
#1308 = CARTESIAN_POINT('',(5.912374953223,0.798986642213));
#1309 = CARTESIAN_POINT('',(5.913442624916,0.799338408011));
#1310 = CARTESIAN_POINT('',(5.914513259611,0.799690153839));
#1311 = CARTESIAN_POINT('',(5.915586775618,0.800041880209));
#1312 = CARTESIAN_POINT('',(5.916663011425,0.800393588193));
#1313 = ( GEOMETRIC_REPRESENTATION_CONTEXT(2) 
PARAMETRIC_REPRESENTATION_CONTEXT() REPRESENTATION_CONTEXT('2D SPACE',''
  ) );
#1314 = ORIENTED_EDGE('',*,*,#1315,.F.);
#1315 = EDGE_CURVE('',#1316,#1062,#1318,.T.);
#1316 = VERTEX_POINT('',#1317);
#1317 = CARTESIAN_POINT('',(13.7,2.934086769958E-14,1.776314072076));
#1318 = SURFACE_CURVE('',#1319,(#1420,#1524),.PCURVE_S1.);
#1319 = B_SPLINE_CURVE_WITH_KNOTS('',8,(#1320,#1321,#1322,#1323,#1324,
    #1325,#1326,#1327,#1328,#1329,#1330,#1331,#1332,#1333,#1334,#1335,
    #1336,#1337,#1338,#1339,#1340,#1341,#1342,#1343,#1344,#1345,#1346,
    #1347,#1348,#1349,#1350,#1351,#1352,#1353,#1354,#1355,#1356,#1357,
    #1358,#1359,#1360,#1361,#1362,#1363,#1364,#1365,#1366,#1367,#1368,
    #1369,#1370,#1371,#1372,#1373,#1374,#1375,#1376,#1377,#1378,#1379,
    #1380,#1381,#1382,#1383,#1384,#1385,#1386,#1387,#1388,#1389,#1390,
    #1391,#1392,#1393,#1394,#1395,#1396,#1397,#1398,#1399,#1400,#1401,
    #1402,#1403,#1404,#1405,#1406,#1407,#1408,#1409,#1410,#1411,#1412,
    #1413,#1414,#1415,#1416,#1417,#1418,#1419),.UNSPECIFIED.,.F.,.F.,(9,
    7,7,7,7,7,7,7,7,7,7,7,7,7,9),(0.,6.384595309531E-02,0.235386085981,
    0.30616003244,0.366080473018,0.451204823314,0.499658117603,
    0.549425566802,0.634101320684,0.695376946158,0.766182687115,
    0.863919006145,0.936286764341,0.970976595327,1.),.UNSPECIFIED.);
#1320 = CARTESIAN_POINT('',(13.7,1.42108547152E-13,1.776314072069));
#1321 = CARTESIAN_POINT('',(13.7,0.549524464657,1.782694875863));
#1322 = CARTESIAN_POINT('',(13.674808986643,1.09907409258,1.78907646807)
  );
#1323 = CARTESIAN_POINT('',(13.624422982952,1.647278222491,1.79545889219
    ));
#1324 = CARTESIAN_POINT('',(13.548930286645,2.192782971848,
    1.801842127834));
#1325 = CARTESIAN_POINT('',(13.448505107839,2.734250520896,
    1.808226113824));
#1326 = CARTESIAN_POINT('',(13.323404773154,3.270358951592,
    1.814610746846));
#1327 = CARTESIAN_POINT('',(13.173970496203,3.799802641406,
    1.820995855666));
#1328 = CARTESIAN_POINT('',(12.534908262855,5.722424488802,
    1.844537044703));
#1329 = CARTESIAN_POINT('',(11.896168438769,7.067510030308,
    1.861710981065));
#1330 = CARTESIAN_POINT('',(11.092785147338,8.32947765868,1.878874401566
    ));
#1331 = CARTESIAN_POINT('',(10.138073857805,9.485378678345,
    1.896027798848));
#1332 = CARTESIAN_POINT('',(9.048166295405,10.514788592784,
    1.913178993171));
#1333 = CARTESIAN_POINT('',(7.842369462975,11.400253431086,
    1.930336023587));
#1334 = CARTESIAN_POINT('',(6.542697148496,12.126961120536,
    1.947503266485));
#1335 = CARTESIAN_POINT('',(4.611574097023,12.914893738105,
    1.971732190584));
#1336 = CARTESIAN_POINT('',(4.035830052991,13.116372969781,
    1.978809248955));
#1337 = CARTESIAN_POINT('',(3.450096686148,13.288490221599,
    1.985886421505));
#1338 = CARTESIAN_POINT('',(2.856125348024,13.430676143943,
    1.992963666874));
#1339 = CARTESIAN_POINT('',(2.255694763819,13.542487975676,2.00004105079
    ));
#1340 = CARTESIAN_POINT('',(1.650609900309,13.623606386892,
    2.007118622689));
#1341 = CARTESIAN_POINT('',(1.042702215547,13.673838817847,
    2.014196295541));
#1342 = CARTESIAN_POINT('',(-8.166651520628E-02,13.709461525128,
    2.027265805685));
#1343 = CARTESIAN_POINT('',(-0.597874552478,13.703614925167,
    2.033257938957));
#1344 = CARTESIAN_POINT('',(-1.113668622113,13.675552779307,
    2.03924996923));
#1345 = CARTESIAN_POINT('',(-1.627932593458,13.625308299829,
    2.045241855528));
#1346 = CARTESIAN_POINT('',(-2.139558118086,13.552980948799,
    2.051233623368));
#1347 = CARTESIAN_POINT('',(-2.647444633485,13.458735189186,
    2.057225310571));
#1348 = CARTESIAN_POINT('',(-3.150499656902,13.342801684451,
    2.06321691089));
#1349 = CARTESIAN_POINT('',(-4.353887431231,13.01039996126,
    2.077719841978));
#1350 = CARTESIAN_POINT('',(-5.048252818487,12.772140565336,
    2.086231635689));
#1351 = CARTESIAN_POINT('',(-5.727594252166,12.491561312187,
    2.094743029784));
#1352 = CARTESIAN_POINT('',(-6.388906947182,12.169787749632,
    2.103254065413));
#1353 = CARTESIAN_POINT('',(-7.029310271258,11.808185218529,
    2.111765144614));
#1354 = CARTESIAN_POINT('',(-7.646044520089,11.408349355982,
    2.120276673272));
#1355 = CARTESIAN_POINT('',(-8.236476808677,10.972114303145,
    2.128788694083));
#1356 = CARTESIAN_POINT('',(-9.117804543436,10.23374686371,
    2.142145486281));
#1357 = CARTESIAN_POINT('',(-9.428176787708,9.95479113818,2.14699058674)
  );
#1358 = CARTESIAN_POINT('',(-9.728778684523,9.665092135574,
    2.151835773606));
#1359 = CARTESIAN_POINT('',(-10.01917699332,9.365050271749,2.15668103915
    ));
#1360 = CARTESIAN_POINT('',(-10.29895941104,9.055085624157,
    2.161526386629));
#1361 = CARTESIAN_POINT('',(-10.56773462291,8.735637872102,
    2.166371811711));
#1362 = CARTESIAN_POINT('',(-10.82513235338,8.407166236994,
    2.171217283888));
#1363 = CARTESIAN_POINT('',(-11.32313759476,7.723992005731,
    2.181039590514));
#1364 = CARTESIAN_POINT('',(-11.56310362266,7.368815112844,
    2.186016489096));
#1365 = CARTESIAN_POINT('',(-11.79032329885,7.005137920682,
    2.190993338635));
#1366 = CARTESIAN_POINT('',(-12.00444631788,6.633495223866,
    2.195970105224));
#1367 = CARTESIAN_POINT('',(-12.20515031322,6.254437353802,
    2.200946784825));
#1368 = CARTESIAN_POINT('',(-12.39214089997,5.868530097592,
    2.205923382054));
#1369 = CARTESIAN_POINT('',(-12.56515171744,5.476354616945,2.21089988895
    ));
#1370 = CARTESIAN_POINT('',(-12.99411898158,4.40159873799,2.224343209405
    ));
#1371 = CARTESIAN_POINT('',(-13.22315319611,3.708224825189,
    2.232810348538));
#1372 = CARTESIAN_POINT('',(-13.40985111589,3.001359013534,
    2.241277009313));
#1373 = CARTESIAN_POINT('',(-13.55330554611,2.284026345218,
    2.249743235775));
#1374 = CARTESIAN_POINT('',(-13.65286984267,1.559297247269,
    2.258209424019));
#1375 = CARTESIAN_POINT('',(-13.70814865346,0.830284474783,
    2.266675966148));
#1376 = CARTESIAN_POINT('',(-13.71900765483,0.100143269909,
    2.275142902052));
#1377 = CARTESIAN_POINT('',(-13.66142848023,-1.154792196633,
    2.289736491368));
#1378 = CARTESIAN_POINT('',(-13.61407340611,-1.680603979464,
    2.29586361682));
#1379 = CARTESIAN_POINT('',(-13.54359094109,-2.20415842288,
    2.301990831495));
#1380 = CARTESIAN_POINT('',(-13.45011066006,-2.724268324813,
    2.308118126877));
#1381 = CARTESIAN_POINT('',(-13.33383364638,-3.239760810396,
    2.314245544496));
#1382 = CARTESIAN_POINT('',(-13.19503106897,-3.74947722415,
    2.320373113031));
#1383 = CARTESIAN_POINT('',(-13.03404552291,-4.25227357414,
    2.326500787824));
#1384 = CARTESIAN_POINT('',(-12.6401218225,-5.318716964818,
    2.339709015901));
#1385 = CARTESIAN_POINT('',(-12.39987725817,-5.879692383526,
    2.346789872493));
#1386 = CARTESIAN_POINT('',(-12.13120417218,-6.428199139487,
    2.353870619818));
#1387 = CARTESIAN_POINT('',(-11.83486620012,-6.962558682147,
    2.360951170406));
#1388 = CARTESIAN_POINT('',(-11.51173903128,-7.481157881185,
    2.368031574979));
#1389 = CARTESIAN_POINT('',(-11.16280730186,-7.982447724852,
    2.375111901886));
#1390 = CARTESIAN_POINT('',(-10.78916723185,-8.464945390587,
    2.382192113079));
#1391 = CARTESIAN_POINT('',(-9.843855698912,-9.565365104277,
    2.399044532487));
#1392 = CARTESIAN_POINT('',(-9.250839022034,-10.16508496211,
    2.408817749992));
#1393 = CARTESIAN_POINT('',(-8.616201633116,-10.72262414903,
    2.418590156893));
#1394 = CARTESIAN_POINT('',(-7.943476405941,-11.23463933881,
    2.42836187692));
#1395 = CARTESIAN_POINT('',(-7.236468396948,-11.69816755252,
    2.438133637267));
#1396 = CARTESIAN_POINT('',(-6.499239660035,-12.11060933954,
    2.447906213937));
#1397 = CARTESIAN_POINT('',(-5.73612003764,-12.46974865502,
    2.457679836682));
#1398 = CARTESIAN_POINT('',(-4.370956462216,-12.99895143213,
    2.474689629418));
#1399 = CARTESIAN_POINT('',(-3.778455259422,-13.19391949144,
    2.481926716403));
#1400 = CARTESIAN_POINT('',(-3.176091995952,-13.35799312653,
    2.489164085646));
#1401 = CARTESIAN_POINT('',(-2.565750874271,-13.49059982707,
    2.496401699554));
#1402 = CARTESIAN_POINT('',(-1.949343008479,-13.59130606941,
    2.503639596194));
#1403 = CARTESIAN_POINT('',(-1.328805156427,-13.65981368049,
    2.510877735389));
#1404 = CARTESIAN_POINT('',(-0.706099927192,-13.69596363063,
    2.518115868194));
#1405 = CARTESIAN_POINT('',(0.215364223718,-13.70156095358,
    2.528822789504));
#1406 = CARTESIAN_POINT('',(0.513991489351,-13.69593749756,
    2.532292073975));
#1407 = CARTESIAN_POINT('',(0.81244766922,-13.68287560256,2.535761250286
    ));
#1408 = CARTESIAN_POINT('',(1.110516635021,-13.66238148169,
    2.539230290733));
#1409 = CARTESIAN_POINT('',(1.40798280522,-13.63446885616,2.542699171332
    ));
#1410 = CARTESIAN_POINT('',(1.704631156383,-13.59915896587,
    2.546167870368));
#1411 = CARTESIAN_POINT('',(2.000247234503,-13.55648057996,
    2.549636366938));
#1412 = CARTESIAN_POINT('',(2.540903106975,-13.46462843463,
    2.556006385491));
#1413 = CARTESIAN_POINT('',(2.78631711818,-13.41765434424,2.558907978993
    ));
#1414 = CARTESIAN_POINT('',(3.030734184079,-13.36556899706,
    2.561809410542));
#1415 = CARTESIAN_POINT('',(3.274029892632,-13.3083972821,2.564710674329
    ));
#1416 = CARTESIAN_POINT('',(3.516080449488,-13.24616776582,
    2.567611768314));
#1417 = CARTESIAN_POINT('',(3.75676269185,-13.17891274157,2.570512694328
    ));
#1418 = CARTESIAN_POINT('',(3.995954102334,-13.10666827897,
    2.573413458187));
#1419 = CARTESIAN_POINT('',(4.233532822839,-13.02947427327,
    2.576314069796));
#1420 = PCURVE('',#182,#1421);
#1421 = DEFINITIONAL_REPRESENTATION('',(#1422),#1523);
#1422 = B_SPLINE_CURVE_WITH_KNOTS('',8,(#1423,#1424,#1425,#1426,#1427,
    #1428,#1429,#1430,#1431,#1432,#1433,#1434,#1435,#1436,#1437,#1438,
    #1439,#1440,#1441,#1442,#1443,#1444,#1445,#1446,#1447,#1448,#1449,
    #1450,#1451,#1452,#1453,#1454,#1455,#1456,#1457,#1458,#1459,#1460,
    #1461,#1462,#1463,#1464,#1465,#1466,#1467,#1468,#1469,#1470,#1471,
    #1472,#1473,#1474,#1475,#1476,#1477,#1478,#1479,#1480,#1481,#1482,
    #1483,#1484,#1485,#1486,#1487,#1488,#1489,#1490,#1491,#1492,#1493,
    #1494,#1495,#1496,#1497,#1498,#1499,#1500,#1501,#1502,#1503,#1504,
    #1505,#1506,#1507,#1508,#1509,#1510,#1511,#1512,#1513,#1514,#1515,
    #1516,#1517,#1518,#1519,#1520,#1521,#1522),.UNSPECIFIED.,.F.,.F.,(9,
    7,7,7,7,7,7,7,7,7,7,7,7,7,9),(0.,6.384595309531E-02,0.235386085981,
    0.30616003244,0.366080473018,0.451204823314,0.499658117603,
    0.549425566802,0.634101320684,0.695376946158,0.766182687115,
    0.863919006145,0.936286764341,0.970976595327,1.),.UNSPECIFIED.);
#1423 = CARTESIAN_POINT('',(0.,1.776314072069));
#1424 = CARTESIAN_POINT('',(4.011127479247E-02,1.782694875863));
#1425 = CARTESIAN_POINT('',(8.022438169253E-02,1.78907646807));
#1426 = CARTESIAN_POINT('',(0.120337633743,1.79545889219));
#1427 = CARTESIAN_POINT('',(0.160450548651,1.801842127834));
#1428 = CARTESIAN_POINT('',(0.200563317968,1.808226113824));
#1429 = CARTESIAN_POINT('',(0.240676297803,1.814610746846));
#1430 = CARTESIAN_POINT('',(0.280789521044,1.820995855666));
#1431 = CARTESIAN_POINT('',(0.428676322979,1.844537044703));
#1432 = CARTESIAN_POINT('',(0.536551594655,1.861710981065));
#1433 = CARTESIAN_POINT('',(0.644369067982,1.878874401566));
#1434 = CARTESIAN_POINT('',(0.752149447628,1.896027798848));
#1435 = CARTESIAN_POINT('',(0.85992988213,1.913178993171));
#1436 = CARTESIAN_POINT('',(0.967747513234,1.930336023587));
#1437 = CARTESIAN_POINT('',(1.075622991492,1.947503266485));
#1438 = CARTESIAN_POINT('',(1.22786263481,1.971732190584));
#1439 = CARTESIAN_POINT('',(1.272329306179,1.978809248955));
#1440 = CARTESIAN_POINT('',(1.316795427524,1.985886421505));
#1441 = CARTESIAN_POINT('',(1.361260860672,1.992963666874));
#1442 = CARTESIAN_POINT('',(1.405726292951,2.00004105079));
#1443 = CARTESIAN_POINT('',(1.45019241213,2.007118622689));
#1444 = CARTESIAN_POINT('',(1.494659081416,2.014196295541));
#1445 = CARTESIAN_POINT('',(1.576770971618,2.027265805685));
#1446 = CARTESIAN_POINT('',(1.614417976838,2.033257938957));
#1447 = CARTESIAN_POINT('',(1.652064744105,2.03924996923));
#1448 = CARTESIAN_POINT('',(1.689711210653,2.045241855528));
#1449 = CARTESIAN_POINT('',(1.727357676041,2.051233623368));
#1450 = CARTESIAN_POINT('',(1.765004441179,2.057225310571));
#1451 = CARTESIAN_POINT('',(1.802651447323,2.06321691089));
#1452 = CARTESIAN_POINT('',(1.893779349381,2.077719841978));
#1453 = CARTESIAN_POINT('',(1.947263854771,2.086231635689));
#1454 = CARTESIAN_POINT('',(2.000746988084,2.094743029784));
#1455 = CARTESIAN_POINT('',(2.054228408268,2.103254065413));
#1456 = CARTESIAN_POINT('',(2.107709833174,2.111765144614));
#1457 = CARTESIAN_POINT('',(2.161192983341,2.120276673272));
#1458 = CARTESIAN_POINT('',(2.214677512724,2.128788694083));
#1459 = CARTESIAN_POINT('',(2.298600870045,2.142145486281));
#1460 = CARTESIAN_POINT('',(2.329043000717,2.14699058674));
#1461 = CARTESIAN_POINT('',(2.359485050659,2.151835773606));
#1462 = CARTESIAN_POINT('',(2.389926997951,2.15668103915));
#1463 = CARTESIAN_POINT('',(2.420368944024,2.161526386629));
#1464 = CARTESIAN_POINT('',(2.450810991181,2.166371811711));
#1465 = CARTESIAN_POINT('',(2.481253120115,2.171217283888));
#1466 = CARTESIAN_POINT('',(2.542962664177,2.181039590514));
#1467 = CARTESIAN_POINT('',(2.574230475018,2.186016489096));
#1468 = CARTESIAN_POINT('',(2.605498194976,2.190993338635));
#1469 = CARTESIAN_POINT('',(2.636765799357,2.195970105224));
#1470 = CARTESIAN_POINT('',(2.668033403832,2.200946784825));
#1471 = CARTESIAN_POINT('',(2.699301124501,2.205923382054));
#1472 = CARTESIAN_POINT('',(2.730568937965,2.21089988895));
#1473 = CARTESIAN_POINT('',(2.8150361314,2.224343209405));
#1474 = CARTESIAN_POINT('',(2.86823873639,2.232810348538));
#1475 = CARTESIAN_POINT('',(2.921440006658,2.241277009313));
#1476 = CARTESIAN_POINT('',(2.974639605388,2.249743235775));
#1477 = CARTESIAN_POINT('',(3.027839203341,2.258209424019));
#1478 = CARTESIAN_POINT('',(3.081040472651,2.266675966148));
#1479 = CARTESIAN_POINT('',(3.134243079721,2.275142902052));
#1480 = CARTESIAN_POINT('',(3.225940576152,2.289736491368));
#1481 = CARTESIAN_POINT('',(3.264439088215,2.29586361682));
#1482 = CARTESIAN_POINT('',(3.302937334834,2.301990831495));
#1483 = CARTESIAN_POINT('',(3.341435245349,2.308118126877));
#1484 = CARTESIAN_POINT('',(3.379933154069,2.314245544496));
#1485 = CARTESIAN_POINT('',(3.41843139692,2.320373113031));
#1486 = CARTESIAN_POINT('',(3.456929907682,2.326500787824));
#1487 = CARTESIAN_POINT('',(3.539913247461,2.339709015901));
#1488 = CARTESIAN_POINT('',(3.58439992763,2.346789872493));
#1489 = CARTESIAN_POINT('',(3.628886059065,2.353870619818));
#1490 = CARTESIAN_POINT('',(3.673371501458,2.360951170406));
#1491 = CARTESIAN_POINT('',(3.717856942806,2.368031574979));
#1492 = CARTESIAN_POINT('',(3.762343072524,2.375111901886));
#1493 = CARTESIAN_POINT('',(3.806829754329,2.382192113079));
#1494 = CARTESIAN_POINT('',(3.91272044014,2.399044532487));
#1495 = CARTESIAN_POINT('',(3.974131873914,2.408817749992));
#1496 = CARTESIAN_POINT('',(4.03554029258,2.418590156893));
#1497 = CARTESIAN_POINT('',(4.096945663334,2.42836187692));
#1498 = CARTESIAN_POINT('',(4.158351031716,2.438133637267));
#1499 = CARTESIAN_POINT('',(4.21975944524,2.447906213937));
#1500 = CARTESIAN_POINT('',(4.281170875487,2.457679836682));
#1501 = CARTESIAN_POINT('',(4.388042937463,2.474689629418));
#1502 = CARTESIAN_POINT('',(4.433511145419,2.481926716403));
#1503 = CARTESIAN_POINT('',(4.478978735459,2.489164085646));
#1504 = CARTESIAN_POINT('',(4.524445542031,2.496401699554));
#1505 = CARTESIAN_POINT('',(4.569912324554,2.503639596194));
#1506 = CARTESIAN_POINT('',(4.615379848659,2.510877735389));
#1507 = CARTESIAN_POINT('',(4.660847963566,2.518115868194));
#1508 = CARTESIAN_POINT('',(4.72810936144,2.528822789504));
#1509 = CARTESIAN_POINT('',(4.749904076726,2.532292073975));
#1510 = CARTESIAN_POINT('',(4.771698781541,2.535761250286));
#1511 = CARTESIAN_POINT('',(4.793493478707,2.539230290733));
#1512 = CARTESIAN_POINT('',(4.815288190501,2.542699171332));
#1513 = CARTESIAN_POINT('',(4.837082935381,2.546167870368));
#1514 = CARTESIAN_POINT('',(4.858877704716,2.549636366938));
#1515 = CARTESIAN_POINT('',(4.89890710338,2.556006385491));
#1516 = CARTESIAN_POINT('',(4.917141769922,2.558907978993));
#1517 = CARTESIAN_POINT('',(4.935376421411,2.561809410542));
#1518 = CARTESIAN_POINT('',(4.953611039923,2.564710674329));
#1519 = CARTESIAN_POINT('',(4.971845597102,2.567611768314));
#1520 = CARTESIAN_POINT('',(4.990080043929,2.570512694328));
#1521 = CARTESIAN_POINT('',(5.008314300488,2.573413458187));
#1522 = CARTESIAN_POINT('',(5.026548245736,2.576314069796));
#1523 = ( GEOMETRIC_REPRESENTATION_CONTEXT(2) 
PARAMETRIC_REPRESENTATION_CONTEXT() REPRESENTATION_CONTEXT('2D SPACE',''
  ) );
#1524 = PCURVE('',#1525,#1548);
#1525 = ( BOUNDED_SURFACE() B_SPLINE_SURFACE(1,6,(
    (#1526,#1527,#1528,#1529,#1530,#1531,#1532,#1533,#1534,#1535,#1536)
    ,(#1537,#1538,#1539,#1540,#1541,#1542,#1543,#1544,#1545,#1546,#1547
)),.UNSPECIFIED.,.F.,.F.,.F.) B_SPLINE_SURFACE_WITH_KNOTS((2,2),(7,4,7),
(5.,6.),(0.,0.5,1.),.UNSPECIFIED.) GEOMETRIC_REPRESENTATION_ITEM() 
RATIONAL_B_SPLINE_SURFACE((
    (1.,1.,1.,1.,1.,1.,1.,1.,1.,1.,1.)
,(1.,1.,1.,1.,1.,1.,1.,1.,1.,1.,1.
  ))) REPRESENTATION_ITEM('') SURFACE() );
#1526 = CARTESIAN_POINT('',(13.750000000113,8.889750328341E-15,
    1.776314072081));
#1527 = CARTESIAN_POINT('',(13.739702873192,5.762388212338,
    1.842980738759));
#1528 = CARTESIAN_POINT('',(10.884756038692,11.509497548309,
    1.909647404704));
#1529 = CARTESIAN_POINT('',(5.011821728084,15.483707242534,
    1.976314070001));
#1530 = CARTESIAN_POINT('',(-2.014410402113,15.700690789946,
    2.042980734957));
#1531 = CARTESIAN_POINT('',(-13.46339647716,9.781730112171,
    2.176314065546));
#1532 = CARTESIAN_POINT('',(-15.55473133402,-2.935962137904,
    2.309647398382));
#1533 = CARTESIAN_POINT('',(-13.17714258273,-9.551254386678,
    2.376314065597));
#1534 = CARTESIAN_POINT('',(-7.582608047137,-13.90864849785,
    2.442980733647));
#1535 = CARTESIAN_POINT('',(-1.23455517343,-14.84790983515,
    2.509647401803));
#1536 = CARTESIAN_POINT('',(4.248983672538,-13.07702709903,2.5763140698)
  );
#1537 = CARTESIAN_POINT('',(13.550000000113,5.409280628901E-13,
    1.776314072033));
#1538 = CARTESIAN_POINT('',(13.539852649473,5.678571656509,
    1.842980738711));
#1539 = CARTESIAN_POINT('',(10.726432314791,11.342086674691,
    1.909647404666));
#1540 = CARTESIAN_POINT('',(4.938922502817,15.258489682861,
    1.976314069983));
#1541 = CARTESIAN_POINT('',(-1.985109887243,15.472317105659,
    2.042980734964));
#1542 = CARTESIAN_POINT('',(-13.26756525566,9.639450401439,
    2.176314065593));
#1543 = CARTESIAN_POINT('',(-15.32848069639,-2.89325723399,
    2.309647398436));
#1544 = CARTESIAN_POINT('',(-12.9854750545,-9.412327050086,
    2.376314065643));
#1545 = CARTESIAN_POINT('',(-7.472315566181,-13.70634088355,
    2.442980733674));
#1546 = CARTESIAN_POINT('',(-1.216598007293,-14.63194023744,
    2.509647401807));
#1547 = CARTESIAN_POINT('',(4.187180273663,-12.88681579577,
    2.576314069785));
#1548 = DEFINITIONAL_REPRESENTATION('',(#1549),#1650);
#1549 = B_SPLINE_CURVE_WITH_KNOTS('',8,(#1550,#1551,#1552,#1553,#1554,
    #1555,#1556,#1557,#1558,#1559,#1560,#1561,#1562,#1563,#1564,#1565,
    #1566,#1567,#1568,#1569,#1570,#1571,#1572,#1573,#1574,#1575,#1576,
    #1577,#1578,#1579,#1580,#1581,#1582,#1583,#1584,#1585,#1586,#1587,
    #1588,#1589,#1590,#1591,#1592,#1593,#1594,#1595,#1596,#1597,#1598,
    #1599,#1600,#1601,#1602,#1603,#1604,#1605,#1606,#1607,#1608,#1609,
    #1610,#1611,#1612,#1613,#1614,#1615,#1616,#1617,#1618,#1619,#1620,
    #1621,#1622,#1623,#1624,#1625,#1626,#1627,#1628,#1629,#1630,#1631,
    #1632,#1633,#1634,#1635,#1636,#1637,#1638,#1639,#1640,#1641,#1642,
    #1643,#1644,#1645,#1646,#1647,#1648,#1649),.UNSPECIFIED.,.F.,.F.,(9,
    7,7,7,7,7,7,7,7,7,7,7,7,7,9),(0.,6.384595309531E-02,0.235386085981,
    0.30616003244,0.366080473018,0.451204823314,0.499658117603,
    0.549425566802,0.634101320684,0.695376946158,0.766182687115,
    0.863919006145,0.936286764341,0.970976595327,1.),.UNSPECIFIED.);
#1550 = CARTESIAN_POINT('',(5.250000000567,0.));
#1551 = CARTESIAN_POINT('',(5.245090123823,7.976004740831E-03));
#1552 = CARTESIAN_POINT('',(5.242493521594,1.595299500578E-02));
#1553 = CARTESIAN_POINT('',(5.241500374137,2.393102517014E-02));
#1554 = CARTESIAN_POINT('',(5.241558559418,3.191006974749E-02));
#1555 = CARTESIAN_POINT('',(5.242253924586,3.989005226454E-02));
#1556 = CARTESIAN_POINT('',(5.243288871613,4.78708435805E-02));
#1557 = CARTESIAN_POINT('',(5.244459257082,5.585222965084E-02));
#1558 = CARTESIAN_POINT('',(5.248774078466,8.527871613973E-02));
#1559 = CARTESIAN_POINT('',(5.251924085137,0.106746136785));
#1560 = CARTESIAN_POINT('',(5.252445473778,0.128200412654));
#1561 = CARTESIAN_POINT('',(5.25142877136,0.149642159543));
#1562 = CARTESIAN_POINT('',(5.250459359611,0.171081152775));
#1563 = CARTESIAN_POINT('',(5.249892147852,0.192527441157));
#1564 = CARTESIAN_POINT('',(5.249708239521,0.213986495168));
#1565 = CARTESIAN_POINT('',(5.249726432764,0.244272650871));
#1566 = CARTESIAN_POINT('',(5.249765435433,0.253118974008));
#1567 = CARTESIAN_POINT('',(5.249825946325,0.261965439871));
#1568 = CARTESIAN_POINT('',(5.249891859565,0.270811996761));
#1569 = CARTESIAN_POINT('',(5.249948739903,0.279658726836));
#1570 = CARTESIAN_POINT('',(5.249987264735,0.288505691891));
#1571 = CARTESIAN_POINT('',(5.250004512296,0.297352783138));
#1572 = CARTESIAN_POINT('',(5.250001896934,0.313689671157));
#1573 = CARTESIAN_POINT('',(5.249987321551,0.321179837901));
#1574 = CARTESIAN_POINT('',(5.249960811787,0.328669875897));
#1575 = CARTESIAN_POINT('',(5.249926754001,0.336159733925));
#1576 = CARTESIAN_POINT('',(5.249891547121,0.343649443878));
#1577 = CARTESIAN_POINT('',(5.249862347969,0.351139053034));
#1578 = CARTESIAN_POINT('',(5.249845493787,0.358628553584));
#1579 = CARTESIAN_POINT('',(5.249843334957,0.376757217806));
#1580 = CARTESIAN_POINT('',(5.249874631266,0.387396960153));
#1581 = CARTESIAN_POINT('',(5.249947721785,0.398036202977));
#1582 = CARTESIAN_POINT('',(5.25006571136,0.408674997712));
#1583 = CARTESIAN_POINT('',(5.250210008269,0.419313846905));
#1584 = CARTESIAN_POINT('',(5.250340915997,0.429953257912));
#1585 = CARTESIAN_POINT('',(5.250414387265,0.440593284104));
#1586 = CARTESIAN_POINT('',(5.250415255138,0.457289274615));
#1587 = CARTESIAN_POINT('',(5.250391855179,0.463345650283));
#1588 = CARTESIAN_POINT('',(5.250342706986,0.469402133955));
#1589 = CARTESIAN_POINT('',(5.250268079513,0.475458715971));
#1590 = CARTESIAN_POINT('',(5.250174103842,0.481515400404));
#1591 = CARTESIAN_POINT('',(5.250076332866,0.487572181837));
#1592 = CARTESIAN_POINT('',(5.250003300994,0.493629022136));
#1593 = CARTESIAN_POINT('',(5.249996779431,0.505906905568));
#1594 = CARTESIAN_POINT('',(5.250070734181,0.512128028866));
#1595 = CARTESIAN_POINT('',(5.250172110045,0.518349090859));
#1596 = CARTESIAN_POINT('',(5.250269539432,0.524570049158));
#1597 = CARTESIAN_POINT('',(5.250346122826,0.53079089872));
#1598 = CARTESIAN_POINT('',(5.250395426408,0.537011645313));
#1599 = CARTESIAN_POINT('',(5.250417479673,0.543232278984));
#1600 = CARTESIAN_POINT('',(5.25041016794,0.560036429682));
#1601 = CARTESIAN_POINT('',(5.250334126575,0.570620353667));
#1602 = CARTESIAN_POINT('',(5.250203108617,0.581203679691));
#1603 = CARTESIAN_POINT('',(5.250060346426,0.591786462812));
#1604 = CARTESIAN_POINT('',(5.249944340995,0.602369198147));
#1605 = CARTESIAN_POINT('',(5.249872904946,0.612952375825));
#1606 = CARTESIAN_POINT('',(5.249842752593,0.623536045709));
#1607 = CARTESIAN_POINT('',(5.249846000786,0.641778032337));
#1608 = CARTESIAN_POINT('',(5.249863961963,0.649436939138));
#1609 = CARTESIAN_POINT('',(5.249894608691,0.65709595746));
#1610 = CARTESIAN_POINT('',(5.249931061693,0.66475507666));
#1611 = CARTESIAN_POINT('',(5.249965627874,0.672414348649));
#1612 = CARTESIAN_POINT('',(5.249991560746,0.680073809276));
#1613 = CARTESIAN_POINT('',(5.250004427734,0.687733402719));
#1614 = CARTESIAN_POINT('',(5.25000153204,0.704243687698));
#1615 = CARTESIAN_POINT('',(5.249981002178,0.713094758366));
#1616 = CARTESIAN_POINT('',(5.249939470261,0.72194569244));
#1617 = CARTESIAN_POINT('',(5.249880588101,0.730796380587));
#1618 = CARTESIAN_POINT('',(5.249814335351,0.739646886206));
#1619 = CARTESIAN_POINT('',(5.249755560276,0.748497294735));
#1620 = CARTESIAN_POINT('',(5.24972040977,0.757347558614));
#1621 = CARTESIAN_POINT('',(5.249720978338,0.77841308259));
#1622 = CARTESIAN_POINT('',(5.249788802947,0.790629604293));
#1623 = CARTESIAN_POINT('',(5.249955557598,0.802845112728));
#1624 = CARTESIAN_POINT('',(5.250238449077,0.815059762561));
#1625 = CARTESIAN_POINT('',(5.250617845579,0.827274462781));
#1626 = CARTESIAN_POINT('',(5.251011692371,0.839490183398));
#1627 = CARTESIAN_POINT('',(5.251279627958,0.8517072116));
#1628 = CARTESIAN_POINT('',(5.251296766763,0.87296945211));
#1629 = CARTESIAN_POINT('',(5.251162517591,0.882015810665));
#1630 = CARTESIAN_POINT('',(5.250833150117,0.891062522038));
#1631 = CARTESIAN_POINT('',(5.250257026346,0.90010953924));
#1632 = CARTESIAN_POINT('',(5.249399206298,0.909156909855));
#1633 = CARTESIAN_POINT('',(5.2482656182,0.918204583664));
#1634 = CARTESIAN_POINT('',(5.246936640582,0.927252249483));
#1635 = CARTESIAN_POINT('',(5.244974210922,0.940635900845));
#1636 = CARTESIAN_POINT('',(5.244338853971,0.944972506344));
#1637 = CARTESIAN_POINT('',(5.243725786272,0.949308976643));
#1638 = CARTESIAN_POINT('',(5.243162877681,0.953645277112));
#1639 = CARTESIAN_POINT('',(5.242685190803,0.957981377771));
#1640 = CARTESIAN_POINT('',(5.242336064748,0.962317251477));
#1641 = CARTESIAN_POINT('',(5.242168198875,0.966652872101));
#1642 = CARTESIAN_POINT('',(5.242308772123,0.974615395129));
#1643 = CARTESIAN_POINT('',(5.242543897196,0.978242386934));
#1644 = CARTESIAN_POINT('',(5.242987066092,0.981869176296));
#1645 = CARTESIAN_POINT('',(5.243680392602,0.985495755957));
#1646 = CARTESIAN_POINT('',(5.24467154047,0.989122123364));
#1647 = CARTESIAN_POINT('',(5.246014113909,0.99274828081));
#1648 = CARTESIAN_POINT('',(5.247768048096,0.996374235561));
#1649 = CARTESIAN_POINT('',(5.249999999683,1.));
#1650 = ( GEOMETRIC_REPRESENTATION_CONTEXT(2) 
PARAMETRIC_REPRESENTATION_CONTEXT() REPRESENTATION_CONTEXT('2D SPACE',''
  ) );
#1651 = ORIENTED_EDGE('',*,*,#1652,.F.);
#1652 = EDGE_CURVE('',#1653,#1316,#1655,.T.);
#1653 = VERTEX_POINT('',#1654);
#1654 = CARTESIAN_POINT('',(13.7,-7.119314053541E-15,1.423686127919));
#1655 = SURFACE_CURVE('',#1656,(#1660,#1667),.PCURVE_S1.);
#1656 = LINE('',#1657,#1658);
#1657 = CARTESIAN_POINT('',(13.7,-3.355532229664E-15,0.));
#1658 = VECTOR('',#1659,1.);
#1659 = DIRECTION('',(0.,0.,1.));
#1660 = PCURVE('',#182,#1661);
#1661 = DEFINITIONAL_REPRESENTATION('',(#1662),#1666);
#1662 = LINE('',#1663,#1664);
#1663 = CARTESIAN_POINT('',(0.,-0.));
#1664 = VECTOR('',#1665,1.);
#1665 = DIRECTION('',(0.,1.));
#1666 = ( GEOMETRIC_REPRESENTATION_CONTEXT(2) 
PARAMETRIC_REPRESENTATION_CONTEXT() REPRESENTATION_CONTEXT('2D SPACE',''
  ) );
#1667 = PCURVE('',#1668,#1673);
#1668 = CYLINDRICAL_SURFACE('',#1669,13.7);
#1669 = AXIS2_PLACEMENT_3D('',#1670,#1671,#1672);
#1670 = CARTESIAN_POINT('',(0.,0.,0.));
#1671 = DIRECTION('',(0.,0.,1.));
#1672 = DIRECTION('',(1.,0.,-0.));
#1673 = DEFINITIONAL_REPRESENTATION('',(#1674),#1678);
#1674 = LINE('',#1675,#1676);
#1675 = CARTESIAN_POINT('',(6.28318530718,-0.));
#1676 = VECTOR('',#1677,1.);
#1677 = DIRECTION('',(0.,1.));
#1678 = ( GEOMETRIC_REPRESENTATION_CONTEXT(2) 
PARAMETRIC_REPRESENTATION_CONTEXT() REPRESENTATION_CONTEXT('2D SPACE',''
  ) );
#1679 = ORIENTED_EDGE('',*,*,#1680,.T.);
#1680 = EDGE_CURVE('',#1653,#167,#1681,.T.);
#1681 = SURFACE_CURVE('',#1682,(#1839,#1999),.PCURVE_S1.);
#1682 = B_SPLINE_CURVE_WITH_KNOTS('',8,(#1683,#1684,#1685,#1686,#1687,
    #1688,#1689,#1690,#1691,#1692,#1693,#1694,#1695,#1696,#1697,#1698,
    #1699,#1700,#1701,#1702,#1703,#1704,#1705,#1706,#1707,#1708,#1709,
    #1710,#1711,#1712,#1713,#1714,#1715,#1716,#1717,#1718,#1719,#1720,
    #1721,#1722,#1723,#1724,#1725,#1726,#1727,#1728,#1729,#1730,#1731,
    #1732,#1733,#1734,#1735,#1736,#1737,#1738,#1739,#1740,#1741,#1742,
    #1743,#1744,#1745,#1746,#1747,#1748,#1749,#1750,#1751,#1752,#1753,
    #1754,#1755,#1756,#1757,#1758,#1759,#1760,#1761,#1762,#1763,#1764,
    #1765,#1766,#1767,#1768,#1769,#1770,#1771,#1772,#1773,#1774,#1775,
    #1776,#1777,#1778,#1779,#1780,#1781,#1782,#1783,#1784,#1785,#1786,
    #1787,#1788,#1789,#1790,#1791,#1792,#1793,#1794,#1795,#1796,#1797,
    #1798,#1799,#1800,#1801,#1802,#1803,#1804,#1805,#1806,#1807,#1808,
    #1809,#1810,#1811,#1812,#1813,#1814,#1815,#1816,#1817,#1818,#1819,
    #1820,#1821,#1822,#1823,#1824,#1825,#1826,#1827,#1828,#1829,#1830,
    #1831,#1832,#1833,#1834,#1835,#1836,#1837,#1838),.UNSPECIFIED.,.F.,
  .F.,(9,7,7,7,7,7,7,7,7,7,7,7,7,7,7,7,7,7,7,7,7,7,9),(0.,
    1.293322003859E-02,6.576961666171E-02,0.103826444505,0.130845776234,
    0.234430715228,0.302186867835,0.364179671122,0.413965255147,
    0.449971077899,0.481139386346,0.500136751485,0.518985127107,
    0.543983272396,0.636744460353,0.699928726085,0.766741717873,
    0.828104474231,0.868386631656,0.896344990128,0.934252777223,
    0.986758617644,1.),.UNSPECIFIED.);
#1683 = CARTESIAN_POINT('',(13.7,-2.30926389122E-14,1.42368612792));
#1684 = CARTESIAN_POINT('',(13.7,0.139081491689,1.425302229075));
#1685 = CARTESIAN_POINT('',(13.698386322962,0.278177169689,1.42691824217
    ));
#1686 = CARTESIAN_POINT('',(13.695158442794,0.417262962616,
    1.428534178045));
#1687 = CARTESIAN_POINT('',(13.69031628161,0.556315054944,1.430150047507
    ));
#1688 = CARTESIAN_POINT('',(13.683860209727,0.695309887007,
    1.431765861324));
#1689 = CARTESIAN_POINT('',(13.67579104567,0.834224154992,1.433381630228
    ));
#1690 = CARTESIAN_POINT('',(13.666110056169,0.973034810946,
    1.434997364916));
#1691 = CARTESIAN_POINT('',(13.608691152201,1.678289190943,
    1.443213779813));
#1692 = CARTESIAN_POINT('',(13.535691287711,2.242738089042,
    1.449813956201));
#1693 = CARTESIAN_POINT('',(13.435933847594,2.803526029686,
    1.456414511659));
#1694 = CARTESIAN_POINT('',(13.309643097933,3.35915083314,1.463015984586
    ));
#1695 = CARTESIAN_POINT('',(13.157142182783,3.908145661475,
    1.469618644128));
#1696 = CARTESIAN_POINT('',(12.978846576511,4.449077841587,
    1.476222561732));
#1697 = CARTESIAN_POINT('',(12.7752618917,4.980548717088,1.48282765543)
  );
#1698 = CARTESIAN_POINT('',(12.382564256779,5.876203600458,
    1.494191892106));
#1699 = CARTESIAN_POINT('',(12.20533177691,6.245598460833,1.498950598763
    ));
#1700 = CARTESIAN_POINT('',(12.015513419223,6.608866693029,
    1.503709703492));
#1701 = CARTESIAN_POINT('',(11.813357071204,6.965508821161,
    1.508469096194));
#1702 = CARTESIAN_POINT('',(11.599133723164,7.315038456777,1.51322867291
    ));
#1703 = CARTESIAN_POINT('',(11.373137499783,7.656982445029,
    1.517988328708));
#1704 = CARTESIAN_POINT('',(11.135685691665,7.990881010841,
    1.522747950573));
#1705 = CARTESIAN_POINT('',(10.710642920739,8.547318112273,
    1.530886499627));
#1706 = CARTESIAN_POINT('',(10.528563388031,8.774069337274,
    1.534265526095));
#1707 = CARTESIAN_POINT('',(10.341001710017,8.996382424513,
    1.537644449721));
#1708 = CARTESIAN_POINT('',(10.14808444577,9.214102783028,1.541023242174
    ));
#1709 = CARTESIAN_POINT('',(9.949943184041,9.427080391451,1.544401883626
    ));
#1710 = CARTESIAN_POINT('',(9.746714535102,9.635169802992,1.547780359613
    ));
#1711 = CARTESIAN_POINT('',(9.538540122594,9.838230150426,1.551158657901
    ));
#1712 = CARTESIAN_POINT('',(8.509082580958,10.794802004257,
    1.567487531745));
#1713 = CARTESIAN_POINT('',(7.621809529128,11.477797115456,
    1.580439516222));
#1714 = CARTESIAN_POINT('',(6.672288854362,12.077022707389,1.59338637072
    ));
#1715 = CARTESIAN_POINT('',(5.669855365604,12.586019169955,
    1.606329210567));
#1716 = CARTESIAN_POINT('',(4.624421018975,12.999563622377,
    1.619271424449));
#1717 = CARTESIAN_POINT('',(3.546465499848,13.313692068053,
    1.632216204018));
#1718 = CARTESIAN_POINT('',(2.447013483057,13.525692581192,
    1.645164681514));
#1719 = CARTESIAN_POINT('',(0.612223857762,13.705717334593,
    1.666579347176));
#1720 = CARTESIAN_POINT('',(-0.117707441584,13.732784991236,
    1.675048952557));
#1721 = CARTESIAN_POINT('',(-0.848818302892,13.715408495905,
    1.683519188715));
#1722 = CARTESIAN_POINT('',(-1.577948044489,13.653558209852,
    1.691989946064));
#1723 = CARTESIAN_POINT('',(-2.301964915413,13.547467667929,
    1.700461329464));
#1724 = CARTESIAN_POINT('',(-3.017766443074,13.397623827743,
    1.708933368046));
#1725 = CARTESIAN_POINT('',(-3.722282000111,13.204776492119,
    1.717405741136));
#1726 = CARTESIAN_POINT('',(-5.043965032004,12.755130259198,
    1.733628688528));
#1727 = CARTESIAN_POINT('',(-5.663523494848,12.505146510595,
    1.741380069348));
#1728 = CARTESIAN_POINT('',(-6.268832821099,12.22079964154,
    1.749131035161));
#1729 = CARTESIAN_POINT('',(-6.857672755798,11.903050309441,
    1.756881384554));
#1730 = CARTESIAN_POINT('',(-7.427915125349,11.55302063677,
    1.764631171408));
#1731 = CARTESIAN_POINT('',(-7.977521701524,11.171988870264,
    1.772380518618));
#1732 = CARTESIAN_POINT('',(-8.504547751037,10.761393909212,
    1.780129416438));
#1733 = CARTESIAN_POINT('',(-9.410785377065,9.970660766738,
    1.794099891186));
#1734 = CARTESIAN_POINT('',(-9.798688144866,9.60042865588,1.800322059808
    ));
#1735 = CARTESIAN_POINT('',(-10.16990828737,9.212981545145,
    1.806543904109));
#1736 = CARTESIAN_POINT('',(-10.52355734798,8.809200686593,
    1.812765481913));
#1737 = CARTESIAN_POINT('',(-10.85880626938,8.390017263038,
    1.818986940487));
#1738 = CARTESIAN_POINT('',(-11.17488432557,7.956411238279,
    1.825208438265));
#1739 = CARTESIAN_POINT('',(-11.47108041659,7.50941220395,1.831430063848
    ));
#1740 = CARTESIAN_POINT('',(-11.94611352002,6.717921048797,
    1.842151388385));
#1741 = CARTESIAN_POINT('',(-12.13474557148,6.379295125628,
    1.846651131917));
#1742 = CARTESIAN_POINT('',(-12.3123987558,6.034631441311,1.851150986525
    ));
#1743 = CARTESIAN_POINT('',(-12.47884836122,5.684345936496,
    1.855650978301));
#1744 = CARTESIAN_POINT('',(-12.63388910982,5.328863462379,
    1.860151140731));
#1745 = CARTESIAN_POINT('',(-12.77733517856,4.968617738398,
    1.864651499646));
#1746 = CARTESIAN_POINT('',(-12.90902022022,4.604051309928,
    1.869152058168));
#1747 = CARTESIAN_POINT('',(-13.13248204752,3.916680403166,1.87754881645
    ));
#1748 = CARTESIAN_POINT('',(-13.22724437786,3.594843579181,
    1.881445002238));
#1749 = CARTESIAN_POINT('',(-13.31298930923,3.270397560674,
    1.885341320966));
#1750 = CARTESIAN_POINT('',(-13.38963352134,2.943637454006,
    1.889237762001));
#1751 = CARTESIAN_POINT('',(-13.4571054345,2.614860926696,1.893134316775
    ));
#1752 = CARTESIAN_POINT('',(-13.51534520417,2.284368188878,
    1.897030973428));
#1753 = CARTESIAN_POINT('',(-13.56430471561,1.952461974755,1.90092771145
    ));
#1754 = CARTESIAN_POINT('',(-13.6281102609,1.416472212542,1.90719962186)
  );
#1755 = CARTESIAN_POINT('',(-13.64881185473,1.213084817944,
    1.909574769246));
#1756 = CARTESIAN_POINT('',(-13.66604415557,1.009354285431,
    1.911949932918));
#1757 = CARTESIAN_POINT('',(-13.67980061006,0.805349663805,
    1.914325108321));
#1758 = CARTESIAN_POINT('',(-13.69007631654,0.601140104622,
    1.916700291688));
#1759 = CARTESIAN_POINT('',(-13.6968680258,0.396794861309,1.919075479817
    ));
#1760 = CARTESIAN_POINT('',(-13.70017414182,0.192383288298,
    1.921450669849));
#1761 = CARTESIAN_POINT('',(-13.69981671022,-0.214830505913,
    1.926182420481));
#1762 = CARTESIAN_POINT('',(-13.69620761976,-0.417632932645,
    1.928538982944));
#1763 = CARTESIAN_POINT('',(-13.68916751184,-0.620364590963,
    1.930895543474));
#1764 = CARTESIAN_POINT('',(-13.67869805136,-0.822957736734,
    1.93325209908));
#1765 = CARTESIAN_POINT('',(-13.66480250578,-1.025344731524,
    1.935608646524));
#1766 = CARTESIAN_POINT('',(-13.64748574363,-1.227458043342,
    1.937965182096));
#1767 = CARTESIAN_POINT('',(-13.6267542329,-1.429230247372,
    1.940321701404));
#1768 = CARTESIAN_POINT('',(-13.57060213683,-1.897657943167,
    1.945803565194));
#1769 = CARTESIAN_POINT('',(-13.53259580049,-2.164003815427,
    1.948928897788));
#1770 = CARTESIAN_POINT('',(-13.4886158956,-2.42947438149,1.952054181703
    ));
#1771 = CARTESIAN_POINT('',(-13.43868615663,-2.693913340945,
    1.95517940639));
#1772 = CARTESIAN_POINT('',(-13.38283518745,-2.957165359832,
    1.958304564279));
#1773 = CARTESIAN_POINT('',(-13.32109646127,-3.219076075516,
    1.961429649091));
#1774 = CARTESIAN_POINT('',(-13.25350832061,-3.479492101538,
    1.964554654137));
#1775 = CARTESIAN_POINT('',(-12.90776791308,-4.698480807284,
    1.979275269538));
#1776 = CARTESIAN_POINT('',(-12.55541927126,-5.636211098694,
    1.990872047257));
#1777 = CARTESIAN_POINT('',(-12.12529964503,-6.543388139297,
    2.002466268576));
#1778 = CARTESIAN_POINT('',(-11.6205877966,-7.412517151312,
    2.014058227229));
#1779 = CARTESIAN_POINT('',(-11.04524245887,-8.236592360693,
    2.025649687035));
#1780 = CARTESIAN_POINT('',(-10.40394702669,-9.009069312488,
    2.037242541412));
#1781 = CARTESIAN_POINT('',(-9.702158986423,-9.723903337679,
    2.04883742342));
#1782 = CARTESIAN_POINT('',(-8.431374390732,-10.81961741365,
    2.068328128097));
#1783 = CARTESIAN_POINT('',(-7.89129163515,-11.23438547724,
    2.076226025909));
#1784 = CARTESIAN_POINT('',(-7.32797001319,-11.61827355305,
    2.084124387758));
#1785 = CARTESIAN_POINT('',(-6.743480287938,-11.96977347023,
    2.092023194129));
#1786 = CARTESIAN_POINT('',(-6.139992425789,-12.28755132532,
    2.099922572996));
#1787 = CARTESIAN_POINT('',(-5.519771652028,-12.57044236915,
    2.107822579469));
#1788 = CARTESIAN_POINT('',(-4.885180774378,-12.8174570017,
    2.115722992244));
#1789 = CARTESIAN_POINT('',(-3.555068189945,-13.25021880339,
    2.131976972924));
#1790 = CARTESIAN_POINT('',(-2.858071920538,-13.43165481858,
    2.14033133365));
#1791 = CARTESIAN_POINT('',(-2.150620605879,-13.57114736872,
    2.148685333427));
#1792 = CARTESIAN_POINT('',(-1.435666488724,-13.66801315468,
    2.157038669092));
#1793 = CARTESIAN_POINT('',(-0.716189288313,-13.72181776849,
    2.165391369441));
#1794 = CARTESIAN_POINT('',(4.806060365279E-03,-13.73236699677,
    2.173743538827));
#1795 = CARTESIAN_POINT('',(0.724289801328,-13.69971578896,
    2.182095084848));
#1796 = CARTESIAN_POINT('',(2.095803059619,-13.55483457063,
    2.198114600282));
#1797 = CARTESIAN_POINT('',(2.748605501468,-13.44930731313,
    2.205783429388));
#1798 = CARTESIAN_POINT('',(3.395251375694,-13.30785777392,
    2.213451542304));
#1799 = CARTESIAN_POINT('',(4.033434516255,-13.13091709657,
    2.221119032197));
#1800 = CARTESIAN_POINT('',(4.660900504374,-12.91908726334,
    2.228786261572));
#1801 = CARTESIAN_POINT('',(5.275445837791,-12.67313571817,
    2.236453646623));
#1802 = CARTESIAN_POINT('',(5.874920192209,-12.39400026187,
    2.244121424901));
#1803 = CARTESIAN_POINT('',(6.839495679551,-11.87851665616,
    2.256823124675));
#1804 = CARTESIAN_POINT('',(7.214375769337,-11.66040616362,
    2.261857092501));
#1805 = CARTESIAN_POINT('',(7.581285393554,-11.42878652779,
    2.266891327247));
#1806 = CARTESIAN_POINT('',(7.939657067881,-11.18399897081,
    2.271925886128));
#1807 = CARTESIAN_POINT('',(8.288942564203,-10.92641211084,
    2.276960837549));
#1808 = CARTESIAN_POINT('',(8.628613000414,-10.65642192202,2.28199623255
    ));
#1809 = CARTESIAN_POINT('',(8.958158930233,-10.37445169435,
    2.287032076249));
#1810 = CARTESIAN_POINT('',(9.498449015883,-9.87724468575,2.295563755772
    ));
#1811 = CARTESIAN_POINT('',(9.714695890282,-9.667982064322,
    2.299059418215));
#1812 = CARTESIAN_POINT('',(9.925667847048,-9.45331436478,2.302555272345
    ));
#1813 = CARTESIAN_POINT('',(10.131207403968,-9.233397090247,
    2.306051305211));
#1814 = CARTESIAN_POINT('',(10.33116281577,-9.008391005341,2.30954750144
    ));
#1815 = CARTESIAN_POINT('',(10.52538808411,-8.778462129995,
    2.313043839507));
#1816 = CARTESIAN_POINT('',(10.713742967559,-8.543781733266,
    2.316540288002));
#1817 = CARTESIAN_POINT('',(11.143335185547,-7.980128061611,
    2.324777606135));
#1818 = CARTESIAN_POINT('',(11.379540154677,-7.647316526619,
    2.329518568472));
#1819 = CARTESIAN_POINT('',(11.604371894361,-7.306533082498,
    2.334259562119));
#1820 = CARTESIAN_POINT('',(11.817517244187,-6.958232387904,
    2.339000475234));
#1821 = CARTESIAN_POINT('',(12.018685856471,-6.602882256651,
    2.343741203979));
#1822 = CARTESIAN_POINT('',(12.207610164765,-6.240963514535,
    2.348481645582));
#1823 = CARTESIAN_POINT('',(12.384045352378,-5.872969856156,
    2.353221691391));
#1824 = CARTESIAN_POINT('',(12.774542372598,-4.981989082233,
    2.36452591149));
#1825 = CARTESIAN_POINT('',(12.976931018282,-4.453883777986,
    2.371089659297));
#1826 = CARTESIAN_POINT('',(13.154348579695,-3.916430349994,
    2.377652246801));
#1827 = CARTESIAN_POINT('',(13.306298472483,-3.371001327734,
    2.384213591764));
#1828 = CARTESIAN_POINT('',(13.432372086479,-2.81900232857,
    2.390773762602));
#1829 = CARTESIAN_POINT('',(13.532250853269,-2.261872185094,
    2.397333021082));
#1830 = CARTESIAN_POINT('',(13.605712501015,-1.701084080396,
    2.403891891377));
#1831 = CARTESIAN_POINT('',(13.664476461336,-0.996181465952,
    2.412105453339));
#1832 = CARTESIAN_POINT('',(13.674623942542,-0.854079328749,
    2.413759674274));
#1833 = CARTESIAN_POINT('',(13.683082046223,-0.71186570806,
    2.415413929731));
#1834 = CARTESIAN_POINT('',(13.689849369676,-0.569565313058,
    2.417068231187));
#1835 = CARTESIAN_POINT('',(13.694925001422,-0.427203133679,
    2.418722590158));
#1836 = CARTESIAN_POINT('',(13.698308521206,-0.284804440615,
    2.420377018199));
#1837 = CARTESIAN_POINT('',(13.7,-0.142394785318,2.422031526907));
#1838 = CARTESIAN_POINT('',(13.7,-2.30926389122E-14,2.42368612792));
#1839 = PCURVE('',#182,#1840);
#1840 = DEFINITIONAL_REPRESENTATION('',(#1841),#1998);
#1841 = B_SPLINE_CURVE_WITH_KNOTS('',8,(#1842,#1843,#1844,#1845,#1846,
    #1847,#1848,#1849,#1850,#1851,#1852,#1853,#1854,#1855,#1856,#1857,
    #1858,#1859,#1860,#1861,#1862,#1863,#1864,#1865,#1866,#1867,#1868,
    #1869,#1870,#1871,#1872,#1873,#1874,#1875,#1876,#1877,#1878,#1879,
    #1880,#1881,#1882,#1883,#1884,#1885,#1886,#1887,#1888,#1889,#1890,
    #1891,#1892,#1893,#1894,#1895,#1896,#1897,#1898,#1899,#1900,#1901,
    #1902,#1903,#1904,#1905,#1906,#1907,#1908,#1909,#1910,#1911,#1912,
    #1913,#1914,#1915,#1916,#1917,#1918,#1919,#1920,#1921,#1922,#1923,
    #1924,#1925,#1926,#1927,#1928,#1929,#1930,#1931,#1932,#1933,#1934,
    #1935,#1936,#1937,#1938,#1939,#1940,#1941,#1942,#1943,#1944,#1945,
    #1946,#1947,#1948,#1949,#1950,#1951,#1952,#1953,#1954,#1955,#1956,
    #1957,#1958,#1959,#1960,#1961,#1962,#1963,#1964,#1965,#1966,#1967,
    #1968,#1969,#1970,#1971,#1972,#1973,#1974,#1975,#1976,#1977,#1978,
    #1979,#1980,#1981,#1982,#1983,#1984,#1985,#1986,#1987,#1988,#1989,
    #1990,#1991,#1992,#1993,#1994,#1995,#1996,#1997),.UNSPECIFIED.,.F.,
  .F.,(9,7,7,7,7,7,7,7,7,7,7,7,7,7,7,7,7,7,7,7,7,7,9),(0.,
    1.293322003859E-02,6.576961666171E-02,0.103826444505,0.130845776234,
    0.234430715228,0.302186867835,0.364179671122,0.413965255147,
    0.449971077899,0.481139386346,0.500136751485,0.518985127107,
    0.543983272396,0.636744460353,0.699928726085,0.766741717873,
    0.828104474231,0.868386631656,0.896344990128,0.934252777223,
    0.986758617644,1.),.UNSPECIFIED.);
#1842 = CARTESIAN_POINT('',(0.,1.42368612792));
#1843 = CARTESIAN_POINT('',(1.015193369994E-02,1.425302229075));
#1844 = CARTESIAN_POINT('',(2.030490205822E-02,1.42691824217));
#1845 = CARTESIAN_POINT('',(3.045874411135E-02,1.428534178045));
#1846 = CARTESIAN_POINT('',(4.061331708943E-02,1.430150047507));
#1847 = CARTESIAN_POINT('',(5.076849641619E-02,1.431765861324));
#1848 = CARTESIAN_POINT('',(6.092417570899E-02,1.433381630228));
#1849 = CARTESIAN_POINT('',(7.108026677881E-02,1.434997364916));
#1850 = CARTESIAN_POINT('',(0.122729020399,1.443213779813));
#1851 = CARTESIAN_POINT('',(0.164226179312,1.449813956201));
#1852 = CARTESIAN_POINT('',(0.205724358536,1.456414511659));
#1853 = CARTESIAN_POINT('',(0.247221853986,1.463015984586));
#1854 = CARTESIAN_POINT('',(0.288718319573,1.469618644128));
#1855 = CARTESIAN_POINT('',(0.330214113564,1.476222561732));
#1856 = CARTESIAN_POINT('',(0.371709747055,1.48282765543));
#1857 = CARTESIAN_POINT('',(0.443093813342,1.494191892106));
#1858 = CARTESIAN_POINT('',(0.472982367294,1.498950598763));
#1859 = CARTESIAN_POINT('',(0.502870935166,1.503709703492));
#1860 = CARTESIAN_POINT('',(0.532759548422,1.508469096194));
#1861 = CARTESIAN_POINT('',(0.562648322718,1.51322867291));
#1862 = CARTESIAN_POINT('',(0.592537349378,1.517988328708));
#1863 = CARTESIAN_POINT('',(0.622426586869,1.522747950573));
#1864 = CARTESIAN_POINT('',(0.673536261736,1.530886499627));
#1865 = CARTESIAN_POINT('',(0.694756856048,1.534265526095));
#1866 = CARTESIAN_POINT('',(0.715977479969,1.537644449721));
#1867 = CARTESIAN_POINT('',(0.737198120211,1.541023242174));
#1868 = CARTESIAN_POINT('',(0.758418784959,1.544401883626));
#1869 = CARTESIAN_POINT('',(0.77963948337,1.547780359613));
#1870 = CARTESIAN_POINT('',(0.800860205082,1.551158657901));
#1871 = CARTESIAN_POINT('',(0.903435404786,1.567487531745));
#1872 = CARTESIAN_POINT('',(0.984814790264,1.580439516222));
#1873 = CARTESIAN_POINT('',(1.066181099111,1.59338637072));
#1874 = CARTESIAN_POINT('',(1.147536340911,1.606329210567));
#1875 = CARTESIAN_POINT('',(1.228891632969,1.619271424449));
#1876 = CARTESIAN_POINT('',(1.310258065382,1.632216204018));
#1877 = CARTESIAN_POINT('',(1.391637555431,1.645164681514));
#1878 = CARTESIAN_POINT('',(1.526206916727,1.666579347176));
#1879 = CARTESIAN_POINT('',(1.579424843571,1.675048952557));
#1880 = CARTESIAN_POINT('',(1.632641427063,1.683519188715));
#1881 = CARTESIAN_POINT('',(1.685856334193,1.691989946064));
#1882 = CARTESIAN_POINT('',(1.739071241038,1.700461329464));
#1883 = CARTESIAN_POINT('',(1.792287823008,1.708933368046));
#1884 = CARTESIAN_POINT('',(1.845505745185,1.717405741136));
#1885 = CARTESIAN_POINT('',(1.947409091707,1.733628688528));
#1886 = CARTESIAN_POINT('',(1.996099470013,1.741380069348));
#1887 = CARTESIAN_POINT('',(2.044788985191,1.749131035161));
#1888 = CARTESIAN_POINT('',(2.093477422537,1.756881384554));
#1889 = CARTESIAN_POINT('',(2.142165861229,1.764631171408));
#1890 = CARTESIAN_POINT('',(2.190855380358,1.772380518618));
#1891 = CARTESIAN_POINT('',(2.23954576493,1.780129416438));
#1892 = CARTESIAN_POINT('',(2.327335246722,1.794099891186));
#1893 = CARTESIAN_POINT('',(2.366436945643,1.800322059808));
#1894 = CARTESIAN_POINT('',(2.405538357681,1.806543904109));
#1895 = CARTESIAN_POINT('',(2.444639405197,1.812765481913));
#1896 = CARTESIAN_POINT('',(2.483740448839,1.818986940487));
#1897 = CARTESIAN_POINT('',(2.522841851758,1.825208438265));
#1898 = CARTESIAN_POINT('',(2.561943543022,1.831430063848));
#1899 = CARTESIAN_POINT('',(2.629323148083,1.842151388385));
#1900 = CARTESIAN_POINT('',(2.657601843162,1.846651131917));
#1901 = CARTESIAN_POINT('',(2.685880482072,1.851150986525));
#1902 = CARTESIAN_POINT('',(2.714159051325,1.855650978301));
#1903 = CARTESIAN_POINT('',(2.742437622188,1.860151140731));
#1904 = CARTESIAN_POINT('',(2.770716265525,1.864651499646));
#1905 = CARTESIAN_POINT('',(2.798994966636,1.869152058168));
#1906 = CARTESIAN_POINT('',(2.851752783531,1.87754881645));
#1907 = CARTESIAN_POINT('',(2.876232103631,1.881445002238));
#1908 = CARTESIAN_POINT('',(2.900711401063,1.885341320966));
#1909 = CARTESIAN_POINT('',(2.925190662804,1.889237762001));
#1910 = CARTESIAN_POINT('',(2.949669920324,1.893134316775));
#1911 = CARTESIAN_POINT('',(2.97414920776,1.897030973428));
#1912 = CARTESIAN_POINT('',(2.998628520097,1.90092771145));
#1913 = CARTESIAN_POINT('',(3.03802809578,1.90719962186));
#1914 = CARTESIAN_POINT('',(3.052948425048,1.909574769246));
#1915 = CARTESIAN_POINT('',(3.067868752471,1.911949932918));
#1916 = CARTESIAN_POINT('',(3.082789078127,1.914325108321));
#1917 = CARTESIAN_POINT('',(3.097709405304,1.916700291688));
#1918 = CARTESIAN_POINT('',(3.112629736957,1.919075479817));
#1919 = CARTESIAN_POINT('',(3.127550072167,1.921450669849));
#1920 = CARTESIAN_POINT('',(3.157273718231,1.926182420481));
#1921 = CARTESIAN_POINT('',(3.172077040604,1.928538982944));
#1922 = CARTESIAN_POINT('',(3.18688036042,1.930895543474));
#1923 = CARTESIAN_POINT('',(3.201683675942,1.93325209908));
#1924 = CARTESIAN_POINT('',(3.21648698958,1.935608646524));
#1925 = CARTESIAN_POINT('',(3.231290304477,1.937965182096));
#1926 = CARTESIAN_POINT('',(3.246093621105,1.940321701404));
#1927 = CARTESIAN_POINT('',(3.280530209952,1.945803565194));
#1928 = CARTESIAN_POINT('',(3.300163507121,1.948928897788));
#1929 = CARTESIAN_POINT('',(3.319796796126,1.952054181703));
#1930 = CARTESIAN_POINT('',(3.339430075217,1.95517940639));
#1931 = CARTESIAN_POINT('',(3.359063356219,1.958304564279));
#1932 = CARTESIAN_POINT('',(3.378696650618,1.961429649091));
#1933 = CARTESIAN_POINT('',(3.398329955657,1.964554654137));
#1934 = CARTESIAN_POINT('',(3.49081691805,1.979275269538));
#1935 = CARTESIAN_POINT('',(3.563684755325,1.990872047257));
#1936 = CARTESIAN_POINT('',(3.63654524959,2.002466268576));
#1937 = CARTESIAN_POINT('',(3.709398996873,2.014058227229));
#1938 = CARTESIAN_POINT('',(3.782252841435,2.025649687035));
#1939 = CARTESIAN_POINT('',(3.855113594217,2.037242541412));
#1940 = CARTESIAN_POINT('',(3.9279816722,2.04883742342));
#1941 = CARTESIAN_POINT('',(4.050459048407,2.068328128097));
#1942 = CARTESIAN_POINT('',(4.100085225744,2.076226025909));
#1943 = CARTESIAN_POINT('',(4.14971045617,2.084124387758));
#1944 = CARTESIAN_POINT('',(4.199334499296,2.092023194129));
#1945 = CARTESIAN_POINT('',(4.248958538992,2.099922572996));
#1946 = CARTESIAN_POINT('',(4.298583761325,2.107822579469));
#1947 = CARTESIAN_POINT('',(4.348209932257,2.115722992244));
#1948 = CARTESIAN_POINT('',(4.45030796887,2.131976972924));
#1949 = CARTESIAN_POINT('',(4.502784774766,2.14033133365));
#1950 = CARTESIAN_POINT('',(4.555260330364,2.148685333427));
#1951 = CARTESIAN_POINT('',(4.607734323141,2.157038669092));
#1952 = CARTESIAN_POINT('',(4.660208316338,2.165391369441));
#1953 = CARTESIAN_POINT('',(4.712683874183,2.173743538827));
#1954 = CARTESIAN_POINT('',(4.765160686474,2.182095084848));
#1955 = CARTESIAN_POINT('',(4.86582815852,2.198114600282));
#1956 = CARTESIAN_POINT('',(4.914023480732,2.205783429388));
#1957 = CARTESIAN_POINT('',(4.962217983715,2.213451542304));
#1958 = CARTESIAN_POINT('',(5.010411452106,2.221119032197));
#1959 = CARTESIAN_POINT('',(5.058604905347,2.228786261572));
#1960 = CARTESIAN_POINT('',(5.106799368619,2.236453646623));
#1961 = CARTESIAN_POINT('',(5.154994639978,2.244121424901));
#1962 = CARTESIAN_POINT('',(5.234825072536,2.256823124675));
#1963 = CARTESIAN_POINT('',(5.266462309042,2.261857092501));
#1964 = CARTESIAN_POINT('',(5.298099451629,2.266891327247));
#1965 = CARTESIAN_POINT('',(5.329736481259,2.271925886128));
#1966 = CARTESIAN_POINT('',(5.361373522983,2.276960837549));
#1967 = CARTESIAN_POINT('',(5.393010697468,2.28199623255));
#1968 = CARTESIAN_POINT('',(5.424647972525,2.287032076249));
#1969 = CARTESIAN_POINT('',(5.478243117705,2.295563755772));
#1970 = CARTESIAN_POINT('',(5.500201254197,2.299059418215));
#1971 = CARTESIAN_POINT('',(5.522159365083,2.302555272345));
#1972 = CARTESIAN_POINT('',(5.544117438771,2.306051305211));
#1973 = CARTESIAN_POINT('',(5.566075486825,2.30954750144));
#1974 = CARTESIAN_POINT('',(5.588033519685,2.313043839507));
#1975 = CARTESIAN_POINT('',(5.609991522382,2.316540288002));
#1976 = CARTESIAN_POINT('',(5.661721410526,2.324777606135));
#1977 = CARTESIAN_POINT('',(5.6914934594,2.329518568472));
#1978 = CARTESIAN_POINT('',(5.721265299455,2.334259562119));
#1979 = CARTESIAN_POINT('',(5.751036890142,2.339000475234));
#1980 = CARTESIAN_POINT('',(5.780808321361,2.343741203979));
#1981 = CARTESIAN_POINT('',(5.810579707038,2.348481645582));
#1982 = CARTESIAN_POINT('',(5.840351078701,2.353221691391));
#1983 = CARTESIAN_POINT('',(5.91135818372,2.36452591149));
#1984 = CARTESIAN_POINT('',(5.952594051916,2.371089659297));
#1985 = CARTESIAN_POINT('',(5.993830078603,2.377652246801));
#1986 = CARTESIAN_POINT('',(6.035066755393,2.384213591764));
#1987 = CARTESIAN_POINT('',(6.07630443353,2.390773762602));
#1988 = CARTESIAN_POINT('',(6.117542789317,2.397333021082));
#1989 = CARTESIAN_POINT('',(6.158780191962,2.403891891377));
#1990 = CARTESIAN_POINT('',(6.210411417657,2.412105453339));
#1991 = CARTESIAN_POINT('',(6.220809513777,2.413759674274));
#1992 = CARTESIAN_POINT('',(6.231207189228,2.415413929731));
#1993 = CARTESIAN_POINT('',(6.241604351096,2.417068231187));
#1994 = CARTESIAN_POINT('',(6.252000886545,2.418722590158));
#1995 = CARTESIAN_POINT('',(6.262396662817,2.420377018199));
#1996 = CARTESIAN_POINT('',(6.272791527229,2.422031526907));
#1997 = CARTESIAN_POINT('',(6.28318530718,2.42368612792));
#1998 = ( GEOMETRIC_REPRESENTATION_CONTEXT(2) 
PARAMETRIC_REPRESENTATION_CONTEXT() REPRESENTATION_CONTEXT('2D SPACE',''
  ) );
#1999 = PCURVE('',#975,#2000);
#2000 = DEFINITIONAL_REPRESENTATION('',(#2001),#2158);
#2001 = B_SPLINE_CURVE_WITH_KNOTS('',8,(#2002,#2003,#2004,#2005,#2006,
    #2007,#2008,#2009,#2010,#2011,#2012,#2013,#2014,#2015,#2016,#2017,
    #2018,#2019,#2020,#2021,#2022,#2023,#2024,#2025,#2026,#2027,#2028,
    #2029,#2030,#2031,#2032,#2033,#2034,#2035,#2036,#2037,#2038,#2039,
    #2040,#2041,#2042,#2043,#2044,#2045,#2046,#2047,#2048,#2049,#2050,
    #2051,#2052,#2053,#2054,#2055,#2056,#2057,#2058,#2059,#2060,#2061,
    #2062,#2063,#2064,#2065,#2066,#2067,#2068,#2069,#2070,#2071,#2072,
    #2073,#2074,#2075,#2076,#2077,#2078,#2079,#2080,#2081,#2082,#2083,
    #2084,#2085,#2086,#2087,#2088,#2089,#2090,#2091,#2092,#2093,#2094,
    #2095,#2096,#2097,#2098,#2099,#2100,#2101,#2102,#2103,#2104,#2105,
    #2106,#2107,#2108,#2109,#2110,#2111,#2112,#2113,#2114,#2115,#2116,
    #2117,#2118,#2119,#2120,#2121,#2122,#2123,#2124,#2125,#2126,#2127,
    #2128,#2129,#2130,#2131,#2132,#2133,#2134,#2135,#2136,#2137,#2138,
    #2139,#2140,#2141,#2142,#2143,#2144,#2145,#2146,#2147,#2148,#2149,
    #2150,#2151,#2152,#2153,#2154,#2155,#2156,#2157),.UNSPECIFIED.,.F.,
  .F.,(9,7,7,7,7,7,7,7,7,7,7,7,7,7,7,7,7,7,7,7,7,7,9),(0.,
    1.293322003859E-02,6.576961666171E-02,0.103826444505,0.130845776234,
    0.234430715228,0.302186867835,0.364179671122,0.413965255147,
    0.449971077899,0.481139386346,0.500136751485,0.518985127107,
    0.543983272396,0.636744460353,0.699928726085,0.766741717873,
    0.828104474231,0.868386631656,0.896344990128,0.934252777223,
    0.986758617644,1.),.UNSPECIFIED.);
#2002 = CARTESIAN_POINT('',(1.749999999942,0.));
#2003 = CARTESIAN_POINT('',(1.754691010746,1.616101154983E-03));
#2004 = CARTESIAN_POINT('',(1.758958256113,3.232114249479E-03));
#2005 = CARTESIAN_POINT('',(1.762825116885,4.848050124918E-03));
#2006 = CARTESIAN_POINT('',(1.76631422469,6.463919586447E-03));
#2007 = CARTESIAN_POINT('',(1.769447461943,8.079733402929E-03));
#2008 = CARTESIAN_POINT('',(1.772245961844,9.695502306947E-03));
#2009 = CARTESIAN_POINT('',(1.774730108381,1.13112369948E-02));
#2010 = CARTESIAN_POINT('',(1.785864059267,1.952765188999E-02));
#2011 = CARTESIAN_POINT('',(1.789889104599,2.612782827464E-02));
#2012 = CARTESIAN_POINT('',(1.790333269171,3.27283837298E-02));
#2013 = CARTESIAN_POINT('',(1.788315550203,3.932985665198E-02));
#2014 = CARTESIAN_POINT('',(1.784736517374,4.593251618916E-02));
#2015 = CARTESIAN_POINT('',(1.780290974464,5.253643378712E-02));
#2016 = CARTESIAN_POINT('',(1.77549211053,5.914152747776E-02));
#2017 = CARTESIAN_POINT('',(1.767260638095,7.050576414013E-02));
#2018 = CARTESIAN_POINT('',(1.763821226475,7.526447079056E-02));
#2019 = CARTESIAN_POINT('',(1.760525704858,8.002357551259E-02));
#2020 = CARTESIAN_POINT('',(1.757470778549,8.478296820782E-02));
#2021 = CARTESIAN_POINT('',(1.754719044733,8.954254491651E-02));
#2022 = CARTESIAN_POINT('',(1.752304978129,9.430220070659E-02));
#2023 = CARTESIAN_POINT('',(1.750240916644,9.90618225626E-02));
#2024 = CARTESIAN_POINT('',(1.747303405468,0.107200371602));
#2025 = CARTESIAN_POINT('',(1.746258255876,0.110579398064));
#2026 = CARTESIAN_POINT('',(1.745386086753,0.113958321683));
#2027 = CARTESIAN_POINT('',(1.744681309688,0.117337114129));
#2028 = CARTESIAN_POINT('',(1.744135086609,0.120715755573));
#2029 = CARTESIAN_POINT('',(1.743736157022,0.124094231554));
#2030 = CARTESIAN_POINT('',(1.743471665262,0.127472529835));
#2031 = CARTESIAN_POINT('',(1.742777166266,0.143801403642));
#2032 = CARTESIAN_POINT('',(1.744001383188,0.156753388087));
#2033 = CARTESIAN_POINT('',(1.7462312701,0.169700242551));
#2034 = CARTESIAN_POINT('',(1.748489416312,0.182643082362));
#2035 = CARTESIAN_POINT('',(1.750162715695,0.195585296206));
#2036 = CARTESIAN_POINT('',(1.751107768938,0.208530075737));
#2037 = CARTESIAN_POINT('',(1.75144689972,0.221478553193));
#2038 = CARTESIAN_POINT('',(1.751366401595,0.24289321879));
#2039 = CARTESIAN_POINT('',(1.751168778856,0.251362824144));
#2040 = CARTESIAN_POINT('',(1.750865298839,0.259833060276));
#2041 = CARTESIAN_POINT('',(1.750535343296,0.268303817599));
#2042 = CARTESIAN_POINT('',(1.750251113595,0.276775200973));
#2043 = CARTESIAN_POINT('',(1.750060807422,0.285247239529));
#2044 = CARTESIAN_POINT('',(1.74998160152,0.293719612593));
#2045 = CARTESIAN_POINT('',(1.750021506865,0.309942559938));
#2046 = CARTESIAN_POINT('',(1.75012428173,0.317693940736));
#2047 = CARTESIAN_POINT('',(1.750303402381,0.325444906527));
#2048 = CARTESIAN_POINT('',(1.750530903084,0.3331952559));
#2049 = CARTESIAN_POINT('',(1.750764604977,0.340945042733));
#2050 = CARTESIAN_POINT('',(1.750956892001,0.348694389923));
#2051 = CARTESIAN_POINT('',(1.751065872858,0.356443287724));
#2052 = CARTESIAN_POINT('',(1.751071383317,0.37041376244));
#2053 = CARTESIAN_POINT('',(1.751005376468,0.376635931048));
#2054 = CARTESIAN_POINT('',(1.750858976332,0.382857775336));
#2055 = CARTESIAN_POINT('',(1.750626879273,0.389079353127));
#2056 = CARTESIAN_POINT('',(1.750314498575,0.395300811689));
#2057 = CARTESIAN_POINT('',(1.749939332934,0.401522309456));
#2058 = CARTESIAN_POINT('',(1.749529614998,0.407743935029));
#2059 = CARTESIAN_POINT('',(1.748824172602,0.418465259549));
#2060 = CARTESIAN_POINT('',(1.748528398038,0.422965003074));
#2061 = CARTESIAN_POINT('',(1.748245603625,0.427464857676));
#2062 = CARTESIAN_POINT('',(1.747990948482,0.431964849446));
#2063 = CARTESIAN_POINT('',(1.74778018565,0.436465011871));
#2064 = CARTESIAN_POINT('',(1.747627784269,0.44096537078));
#2065 = CARTESIAN_POINT('',(1.747545051756,0.445465929298));
#2066 = CARTESIAN_POINT('',(1.747532373249,0.453862687572));
#2067 = CARTESIAN_POINT('',(1.747583333209,0.457758873357));
#2068 = CARTESIAN_POINT('',(1.747694766825,0.461655192082));
#2069 = CARTESIAN_POINT('',(1.747867298049,0.465551633115));
#2070 = CARTESIAN_POINT('',(1.748096864813,0.469448187886));
#2071 = CARTESIAN_POINT('',(1.748373040005,0.473344844537));
#2072 = CARTESIAN_POINT('',(1.748677352456,0.477241582558));
#2073 = CARTESIAN_POINT('',(1.749167054363,0.483513492965));
#2074 = CARTESIAN_POINT('',(1.749352450905,0.48588864035));
#2075 = CARTESIAN_POINT('',(1.749531418343,0.488263804022));
#2076 = CARTESIAN_POINT('',(1.749696165267,0.490638979424));
#2077 = CARTESIAN_POINT('',(1.74983734903,0.493014162791));
#2078 = CARTESIAN_POINT('',(1.749943936739,0.49538935092));
#2079 = CARTESIAN_POINT('',(1.75000306623,0.497764540952));
#2080 = CARTESIAN_POINT('',(1.749996772658,0.502496291584));
#2081 = CARTESIAN_POINT('',(1.749933545867,0.504852854048));
#2082 = CARTESIAN_POINT('',(1.749824641782,0.507209414578));
#2083 = CARTESIAN_POINT('',(1.749682519125,0.509565970185));
#2084 = CARTESIAN_POINT('',(1.749517838806,0.511922517628));
#2085 = CARTESIAN_POINT('',(1.749339622486,0.514279053201));
#2086 = CARTESIAN_POINT('',(1.749155411133,0.516635572511));
#2087 = CARTESIAN_POINT('',(1.748727405358,0.522117436303));
#2088 = CARTESIAN_POINT('',(1.748483789954,0.525242768897));
#2089 = CARTESIAN_POINT('',(1.74825505074,0.528368052815));
#2090 = CARTESIAN_POINT('',(1.748051614924,0.531493277503));
#2091 = CARTESIAN_POINT('',(1.74788043882,0.534618435394));
#2092 = CARTESIAN_POINT('',(1.747745583112,0.537743520208));
#2093 = CARTESIAN_POINT('',(1.74764878811,0.540868525257));
#2094 = CARTESIAN_POINT('',(1.747372084513,0.555589140671));
#2095 = CARTESIAN_POINT('',(1.74767761472,0.567185918402));
#2096 = CARTESIAN_POINT('',(1.748507055234,0.578780139737));
#2097 = CARTESIAN_POINT('',(1.749508112769,0.590372098408));
#2098 = CARTESIAN_POINT('',(1.750351446046,0.601963558234));
#2099 = CARTESIAN_POINT('',(1.75087736781,0.613556412634));
#2100 = CARTESIAN_POINT('',(1.751089074037,0.625151294668));
#2101 = CARTESIAN_POINT('',(1.751053454433,0.64464199939));
#2102 = CARTESIAN_POINT('',(1.75093126268,0.652539897221));
#2103 = CARTESIAN_POINT('',(1.750726561856,0.66043825909));
#2104 = CARTESIAN_POINT('',(1.750484879432,0.668337065482));
#2105 = CARTESIAN_POINT('',(1.750256803527,0.67623644437));
#2106 = CARTESIAN_POINT('',(1.750085749661,0.684136450865));
#2107 = CARTESIAN_POINT('',(1.749998710344,0.692036863663));
#2108 = CARTESIAN_POINT('',(1.75000133804,0.70829084439));
#2109 = CARTESIAN_POINT('',(1.750101498756,0.71664520514));
#2110 = CARTESIAN_POINT('',(1.750306999478,0.724999204942));
#2111 = CARTESIAN_POINT('',(1.750597073218,0.733352540632));
#2112 = CARTESIAN_POINT('',(1.750922289484,0.741705241007));
#2113 = CARTESIAN_POINT('',(1.751211952309,0.750057410418));
#2114 = CARTESIAN_POINT('',(1.75139026302,0.758408956465));
#2115 = CARTESIAN_POINT('',(1.751411336361,0.774428471947));
#2116 = CARTESIAN_POINT('',(1.7512799505,0.782097301076));
#2117 = CARTESIAN_POINT('',(1.75096397885,0.789765414015));
#2118 = CARTESIAN_POINT('',(1.750430361439,0.797432903931));
#2119 = CARTESIAN_POINT('',(1.749673813535,0.805100133329));
#2120 = CARTESIAN_POINT('',(1.748727685958,0.812767518401));
#2121 = CARTESIAN_POINT('',(1.747667961804,0.8204352967));
#2122 = CARTESIAN_POINT('',(1.745916136324,0.833136996509));
#2123 = CARTESIAN_POINT('',(1.745222993926,0.838170964348));
#2124 = CARTESIAN_POINT('',(1.744562511794,0.843205199107));
#2125 = CARTESIAN_POINT('',(1.74397477536,0.848239758));
#2126 = CARTESIAN_POINT('',(1.743505661589,0.853274709433));
#2127 = CARTESIAN_POINT('',(1.743204094523,0.858310104447));
#2128 = CARTESIAN_POINT('',(1.743119300825,0.863345948157));
#2129 = CARTESIAN_POINT('',(1.743422139145,0.8718776277));
#2130 = CARTESIAN_POINT('',(1.743673062651,0.875373290151));
#2131 = CARTESIAN_POINT('',(1.744066057425,0.878869144288));
#2132 = CARTESIAN_POINT('',(1.744615561689,0.882365177161));
#2133 = CARTESIAN_POINT('',(1.745334253326,0.885861373398));
#2134 = CARTESIAN_POINT('',(1.746232072922,0.889357711472));
#2135 = CARTESIAN_POINT('',(1.747315246797,0.892854159973));
#2136 = CARTESIAN_POINT('',(1.750307345591,0.901091478122));
#2137 = CARTESIAN_POINT('',(1.752372965194,0.905832440467));
#2138 = CARTESIAN_POINT('',(1.754785571226,0.910573434122));
#2139 = CARTESIAN_POINT('',(1.757532563831,0.915314347245));
#2140 = CARTESIAN_POINT('',(1.760579470158,0.920055075998));
#2141 = CARTESIAN_POINT('',(1.763864073584,0.924795517607));
#2142 = CARTESIAN_POINT('',(1.767290542948,0.929535563423));
#2143 = CARTESIAN_POINT('',(1.775478614838,0.940839783536));
#2144 = CARTESIAN_POINT('',(1.780246451822,0.947403531351));
#2145 = CARTESIAN_POINT('',(1.784666424026,0.953966118861));
#2146 = CARTESIAN_POINT('',(1.788235422796,0.960527463829));
#2147 = CARTESIAN_POINT('',(1.790273422041,0.967087634672));
#2148 = CARTESIAN_POINT('',(1.78990003286,0.973646893156));
#2149 = CARTESIAN_POINT('',(1.786022070261,0.980205763453));
#2150 = CARTESIAN_POINT('',(1.775140627301,0.988419325417));
#2151 = CARTESIAN_POINT('',(1.772643126529,0.990073546352));
#2152 = CARTESIAN_POINT('',(1.769818655928,0.99172780181));
#2153 = CARTESIAN_POINT('',(1.766645417829,0.993382103266));
#2154 = CARTESIAN_POINT('',(1.763100790641,0.995036462237));
#2155 = CARTESIAN_POINT('',(1.759161328847,0.996690890278));
#2156 = CARTESIAN_POINT('',(1.754802763009,0.998345398987));
#2157 = CARTESIAN_POINT('',(1.749999999764,1.));
#2158 = ( GEOMETRIC_REPRESENTATION_CONTEXT(2) 
PARAMETRIC_REPRESENTATION_CONTEXT() REPRESENTATION_CONTEXT('2D SPACE',''
  ) );
#2159 = ORIENTED_EDGE('',*,*,#166,.T.);
#2160 = ADVANCED_FACE('',(#2161),#140,.T.);
#2161 = FACE_BOUND('',#2162,.T.);
#2162 = EDGE_LOOP('',(#2163,#2210,#2229,#2230,#2231,#2259));
#2163 = ORIENTED_EDGE('',*,*,#2164,.F.);
#2164 = EDGE_CURVE('',#2165,#2167,#2169,.T.);
#2165 = VERTEX_POINT('',#2166);
#2166 = CARTESIAN_POINT('',(4.248983672555,-13.07702709908,2.5763140698)
  );
#2167 = VERTEX_POINT('',#2168);
#2168 = CARTESIAN_POINT('',(13.077027098904,4.248983672696,
    3.120574092612));
#2169 = SURFACE_CURVE('',#2170,(#2179,#2186),.PCURVE_S1.);
#2170 = ( BOUNDED_CURVE() B_SPLINE_CURVE(7,(#2171,#2172,#2173,#2174,
    #2175,#2176,#2177,#2178),.UNSPECIFIED.,.F.,.F.) 
B_SPLINE_CURVE_WITH_KNOTS((8,8),(0.,1.),.PIECEWISE_BEZIER_KNOTS.) CURVE(
) GEOMETRIC_REPRESENTATION_ITEM() RATIONAL_B_SPLINE_CURVE((1.,1.,1.,
1.000000000001,0.999999999999,1.,1.,1.)) REPRESENTATION_ITEM('') );
#2171 = CARTESIAN_POINT('',(4.248983672572,-13.07702709913,2.5763140698)
  );
#2172 = CARTESIAN_POINT('',(7.176101525418,-12.12595548254,
    2.653870322618));
#2173 = CARTESIAN_POINT('',(9.857321722234,-10.40964307363,
    2.731493125111));
#2174 = CARTESIAN_POINT('',(12.052502561738,-8.003722543666,
    2.80918159995));
#2175 = CARTESIAN_POINT('',(13.549420905474,-5.077706917681,
    2.886934853047));
#2176 = CARTESIAN_POINT('',(14.21583108957,-1.882847503397,
    2.964751973698));
#2177 = CARTESIAN_POINT('',(14.032841311854,1.30730741995,3.042632034715
    ));
#2178 = CARTESIAN_POINT('',(13.077027098904,4.248983672696,
    3.120574092612));
#2179 = PCURVE('',#140,#2180);
#2180 = DEFINITIONAL_REPRESENTATION('',(#2181),#2185);
#2181 = LINE('',#2182,#2183);
#2182 = CARTESIAN_POINT('',(5.,0.));
#2183 = VECTOR('',#2184,1.);
#2184 = DIRECTION('',(0.,1.));
#2185 = ( GEOMETRIC_REPRESENTATION_CONTEXT(2) 
PARAMETRIC_REPRESENTATION_CONTEXT() REPRESENTATION_CONTEXT('2D SPACE',''
  ) );
#2186 = PCURVE('',#2187,#2204);
#2187 = ( BOUNDED_SURFACE() B_SPLINE_SURFACE(1,7,(
    (#2188,#2189,#2190,#2191,#2192,#2193,#2194,#2195)
    ,(#2196,#2197,#2198,#2199,#2200,#2201,#2202,#2203
)),.UNSPECIFIED.,.F.,.F.,.F.) B_SPLINE_SURFACE_WITH_KNOTS((2,2),(8,8),(
    4.,5.),(0.,1.),.PIECEWISE_BEZIER_KNOTS.) 
GEOMETRIC_REPRESENTATION_ITEM() RATIONAL_B_SPLINE_SURFACE((
    (1.,1.,1.,1.000000000001,0.999999999999,1.,1.,1.)
    ,(1.,1.,1.,1.000000000001,0.999999999999,1.,1.,1.
))) REPRESENTATION_ITEM('') SURFACE() );
#2188 = CARTESIAN_POINT('',(4.418943019424,-13.60010818305,
    2.723686125865));
#2189 = CARTESIAN_POINT('',(7.441129080234,-12.54323038489,
    2.782151196018));
#2190 = CARTESIAN_POINT('',(10.172166452452,-10.70195182221,
    2.840666433929));
#2191 = CARTESIAN_POINT('',(12.367628510083,-8.171563631623,
    2.899231178223));
#2192 = CARTESIAN_POINT('',(13.820758987648,-5.142442512748,
    2.957844754903));
#2193 = CARTESIAN_POINT('',(14.415279428608,-1.881208411869,
    3.016506477464));
#2194 = CARTESIAN_POINT('',(14.15196975467,1.33418922938,3.07521564698)
  );
#2195 = CARTESIAN_POINT('',(13.124579924714,4.264434522418,
    3.133971552245));
#2196 = CARTESIAN_POINT('',(4.248983672572,-13.07702709913,2.5763140698)
  );
#2197 = CARTESIAN_POINT('',(7.176101525418,-12.12595548254,
    2.653870322618));
#2198 = CARTESIAN_POINT('',(9.857321722234,-10.40964307363,
    2.731493125111));
#2199 = CARTESIAN_POINT('',(12.052502561738,-8.003722543666,
    2.80918159995));
#2200 = CARTESIAN_POINT('',(13.549420905474,-5.077706917681,
    2.886934853047));
#2201 = CARTESIAN_POINT('',(14.21583108957,-1.882847503397,
    2.964751973698));
#2202 = CARTESIAN_POINT('',(14.032841311854,1.30730741995,3.042632034715
    ));
#2203 = CARTESIAN_POINT('',(13.077027098904,4.248983672696,
    3.120574092612));
#2204 = DEFINITIONAL_REPRESENTATION('',(#2205),#2209);
#2205 = LINE('',#2206,#2207);
#2206 = CARTESIAN_POINT('',(5.,0.));
#2207 = VECTOR('',#2208,1.);
#2208 = DIRECTION('',(0.,1.));
#2209 = ( GEOMETRIC_REPRESENTATION_CONTEXT(2) 
PARAMETRIC_REPRESENTATION_CONTEXT() REPRESENTATION_CONTEXT('2D SPACE',''
  ) );
#2210 = ORIENTED_EDGE('',*,*,#2211,.T.);
#2211 = EDGE_CURVE('',#2165,#1062,#2212,.T.);
#2212 = SURFACE_CURVE('',#2213,(#2216,#2222),.PCURVE_S1.);
#2213 = B_SPLINE_CURVE_WITH_KNOTS('',1,(#2214,#2215),.UNSPECIFIED.,.F.,
  .F.,(2,2),(5.,6.),.PIECEWISE_BEZIER_KNOTS.);
#2214 = CARTESIAN_POINT('',(4.248983672538,-13.07702709903,2.5763140698)
  );
#2215 = CARTESIAN_POINT('',(4.187180273663,-12.88681579577,
    2.576314069785));
#2216 = PCURVE('',#140,#2217);
#2217 = DEFINITIONAL_REPRESENTATION('',(#2218),#2221);
#2218 = B_SPLINE_CURVE_WITH_KNOTS('',1,(#2219,#2220),.UNSPECIFIED.,.F.,
  .F.,(2,2),(5.,5.250000000235),.PIECEWISE_BEZIER_KNOTS.);
#2219 = CARTESIAN_POINT('',(5.,0.));
#2220 = CARTESIAN_POINT('',(5.250000000235,0.));
#2221 = ( GEOMETRIC_REPRESENTATION_CONTEXT(2) 
PARAMETRIC_REPRESENTATION_CONTEXT() REPRESENTATION_CONTEXT('2D SPACE',''
  ) );
#2222 = PCURVE('',#1525,#2223);
#2223 = DEFINITIONAL_REPRESENTATION('',(#2224),#2228);
#2224 = LINE('',#2225,#2226);
#2225 = CARTESIAN_POINT('',(0.,1.));
#2226 = VECTOR('',#2227,1.);
#2227 = DIRECTION('',(1.,0.));
#2228 = ( GEOMETRIC_REPRESENTATION_CONTEXT(2) 
PARAMETRIC_REPRESENTATION_CONTEXT() REPRESENTATION_CONTEXT('2D SPACE',''
  ) );
#2229 = ORIENTED_EDGE('',*,*,#1061,.T.);
#2230 = ORIENTED_EDGE('',*,*,#120,.T.);
#2231 = ORIENTED_EDGE('',*,*,#2232,.T.);
#2232 = EDGE_CURVE('',#75,#2233,#2235,.T.);
#2233 = VERTEX_POINT('',#2234);
#2234 = CARTESIAN_POINT('',(13.059735162244,4.243365181889,
    3.120574092608));
#2235 = SURFACE_CURVE('',#2236,(#2245,#2252),.PCURVE_S1.);
#2236 = ( BOUNDED_CURVE() B_SPLINE_CURVE(7,(#2237,#2238,#2239,#2240,
    #2241,#2242,#2243,#2244),.UNSPECIFIED.,.F.,.F.) 
B_SPLINE_CURVE_WITH_KNOTS((8,8),(0.,1.),.PIECEWISE_BEZIER_KNOTS.) CURVE(
) GEOMETRIC_REPRESENTATION_ITEM() RATIONAL_B_SPLINE_CURVE((1.,1.,1.,
1.000000000001,0.999999999999,1.,1.,1.)) REPRESENTATION_ITEM('') );
#2237 = CARTESIAN_POINT('',(4.187180273698,-12.88681579587,
    2.576314069717));
#2238 = CARTESIAN_POINT('',(7.079727869106,-11.9742191544,2.653870322535
    ));
#2239 = CARTESIAN_POINT('',(9.742832729411,-10.30334898322,
    2.731493125036));
#2240 = CARTESIAN_POINT('',(11.937911307786,-7.942689420769,
    2.809181599891));
#2241 = CARTESIAN_POINT('',(13.450752511945,-5.054166701278,
    2.886934853005));
#2242 = CARTESIAN_POINT('',(14.143304420824,-1.883443536677,
    2.964751973673));
#2243 = CARTESIAN_POINT('',(13.989521878098,1.297532216525,
    3.042632034703));
#2244 = CARTESIAN_POINT('',(13.059735162244,4.243365181889,
    3.120574092608));
#2245 = PCURVE('',#140,#2246);
#2246 = DEFINITIONAL_REPRESENTATION('',(#2247),#2251);
#2247 = LINE('',#2248,#2249);
#2248 = CARTESIAN_POINT('',(6.,0.));
#2249 = VECTOR('',#2250,1.);
#2250 = DIRECTION('',(0.,1.));
#2251 = ( GEOMETRIC_REPRESENTATION_CONTEXT(2) 
PARAMETRIC_REPRESENTATION_CONTEXT() REPRESENTATION_CONTEXT('2D SPACE',''
  ) );
#2252 = PCURVE('',#94,#2253);
#2253 = DEFINITIONAL_REPRESENTATION('',(#2254),#2258);
#2254 = LINE('',#2255,#2256);
#2255 = CARTESIAN_POINT('',(0.,0.));
#2256 = VECTOR('',#2257,1.);
#2257 = DIRECTION('',(0.,1.));
#2258 = ( GEOMETRIC_REPRESENTATION_CONTEXT(2) 
PARAMETRIC_REPRESENTATION_CONTEXT() REPRESENTATION_CONTEXT('2D SPACE',''
  ) );
#2259 = ORIENTED_EDGE('',*,*,#2260,.F.);
#2260 = EDGE_CURVE('',#2167,#2233,#2261,.T.);
#2261 = SURFACE_CURVE('',#2262,(#2265,#2272),.PCURVE_S1.);
#2262 = B_SPLINE_CURVE_WITH_KNOTS('',1,(#2263,#2264),.UNSPECIFIED.,.F.,
  .F.,(2,2),(5.,6.),.PIECEWISE_BEZIER_KNOTS.);
#2263 = CARTESIAN_POINT('',(13.077027098904,4.248983672696,
    3.120574092612));
#2264 = CARTESIAN_POINT('',(13.059735162244,4.243365181889,
    3.120574092608));
#2265 = PCURVE('',#140,#2266);
#2266 = DEFINITIONAL_REPRESENTATION('',(#2267),#2271);
#2267 = LINE('',#2268,#2269);
#2268 = CARTESIAN_POINT('',(0.,1.));
#2269 = VECTOR('',#2270,1.);
#2270 = DIRECTION('',(1.,0.));
#2271 = ( GEOMETRIC_REPRESENTATION_CONTEXT(2) 
PARAMETRIC_REPRESENTATION_CONTEXT() REPRESENTATION_CONTEXT('2D SPACE',''
  ) );
#2272 = PCURVE('',#919,#2273);
#2273 = DEFINITIONAL_REPRESENTATION('',(#2274),#2277);
#2274 = B_SPLINE_CURVE_WITH_KNOTS('',1,(#2275,#2276),.UNSPECIFIED.,.F.,
  .F.,(2,2),(5.,6.),.PIECEWISE_BEZIER_KNOTS.);
#2275 = CARTESIAN_POINT('',(1.512818716978E-02,-1.008545811319E-02));
#2276 = CARTESIAN_POINT('',(0.,0.));
#2277 = ( GEOMETRIC_REPRESENTATION_CONTEXT(2) 
PARAMETRIC_REPRESENTATION_CONTEXT() REPRESENTATION_CONTEXT('2D SPACE',''
  ) );
#2278 = ADVANCED_FACE('',(#2279),#94,.T.);
#2279 = FACE_BOUND('',#2280,.T.);
#2280 = EDGE_LOOP('',(#2281,#2282,#2283,#2284));
#2281 = ORIENTED_EDGE('',*,*,#2232,.F.);
#2282 = ORIENTED_EDGE('',*,*,#74,.F.);
#2283 = ORIENTED_EDGE('',*,*,#930,.T.);
#2284 = ORIENTED_EDGE('',*,*,#2285,.F.);
#2285 = EDGE_CURVE('',#2233,#905,#2286,.T.);
#2286 = SURFACE_CURVE('',#2287,(#2290,#2297),.PCURVE_S1.);
#2287 = B_SPLINE_CURVE_WITH_KNOTS('',1,(#2288,#2289),.UNSPECIFIED.,.F.,
  .F.,(2,2),(0.,1.),.PIECEWISE_BEZIER_KNOTS.);
#2288 = CARTESIAN_POINT('',(13.059735162244,4.243365181889,
    3.120574092608));
#2289 = CARTESIAN_POINT('',(13.059735162224,4.243365181908,
    3.179426097684));
#2290 = PCURVE('',#94,#2291);
#2291 = DEFINITIONAL_REPRESENTATION('',(#2292),#2296);
#2292 = LINE('',#2293,#2294);
#2293 = CARTESIAN_POINT('',(0.,1.));
#2294 = VECTOR('',#2295,1.);
#2295 = DIRECTION('',(1.,0.));
#2296 = ( GEOMETRIC_REPRESENTATION_CONTEXT(2) 
PARAMETRIC_REPRESENTATION_CONTEXT() REPRESENTATION_CONTEXT('2D SPACE',''
  ) );
#2297 = PCURVE('',#919,#2298);
#2298 = DEFINITIONAL_REPRESENTATION('',(#2299),#2302);
#2299 = B_SPLINE_CURVE_WITH_KNOTS('',1,(#2300,#2301),.UNSPECIFIED.,.F.,
  .F.,(2,2),(0.,1.),.PIECEWISE_BEZIER_KNOTS.);
#2300 = CARTESIAN_POINT('',(0.,0.));
#2301 = CARTESIAN_POINT('',(3.264521876396E-02,4.896782814594E-02));
#2302 = ( GEOMETRIC_REPRESENTATION_CONTEXT(2) 
PARAMETRIC_REPRESENTATION_CONTEXT() REPRESENTATION_CONTEXT('2D SPACE',''
  ) );
#2303 = ADVANCED_FACE('',(#2304,#2307),#821,.T.);
#2304 = FACE_BOUND('',#2305,.T.);
#2305 = EDGE_LOOP('',(#2306));
#2306 = ORIENTED_EDGE('',*,*,#806,.T.);
#2307 = FACE_BOUND('',#2308,.T.);
#2308 = EDGE_LOOP('',(#2309));
#2309 = ORIENTED_EDGE('',*,*,#2310,.F.);
#2310 = EDGE_CURVE('',#2311,#2311,#2313,.T.);
#2311 = VERTEX_POINT('',#2312);
#2312 = CARTESIAN_POINT('',(12.8,-3.135095805817E-15,6.2));
#2313 = SURFACE_CURVE('',#2314,(#2319,#2326),.PCURVE_S1.);
#2314 = CIRCLE('',#2315,12.8);
#2315 = AXIS2_PLACEMENT_3D('',#2316,#2317,#2318);
#2316 = CARTESIAN_POINT('',(0.,0.,6.2));
#2317 = DIRECTION('',(0.,0.,1.));
#2318 = DIRECTION('',(1.,0.,-0.));
#2319 = PCURVE('',#821,#2320);
#2320 = DEFINITIONAL_REPRESENTATION('',(#2321),#2325);
#2321 = CIRCLE('',#2322,12.8);
#2322 = AXIS2_PLACEMENT_2D('',#2323,#2324);
#2323 = CARTESIAN_POINT('',(0.,0.));
#2324 = DIRECTION('',(1.,0.));
#2325 = ( GEOMETRIC_REPRESENTATION_CONTEXT(2) 
PARAMETRIC_REPRESENTATION_CONTEXT() REPRESENTATION_CONTEXT('2D SPACE',''
  ) );
#2326 = PCURVE('',#2327,#2332);
#2327 = CYLINDRICAL_SURFACE('',#2328,12.8);
#2328 = AXIS2_PLACEMENT_3D('',#2329,#2330,#2331);
#2329 = CARTESIAN_POINT('',(0.,0.,0.));
#2330 = DIRECTION('',(0.,0.,1.));
#2331 = DIRECTION('',(1.,0.,-0.));
#2332 = DEFINITIONAL_REPRESENTATION('',(#2333),#2337);
#2333 = LINE('',#2334,#2335);
#2334 = CARTESIAN_POINT('',(0.,6.2));
#2335 = VECTOR('',#2336,1.);
#2336 = DIRECTION('',(1.,0.));
#2337 = ( GEOMETRIC_REPRESENTATION_CONTEXT(2) 
PARAMETRIC_REPRESENTATION_CONTEXT() REPRESENTATION_CONTEXT('2D SPACE',''
  ) );
#2338 = ADVANCED_FACE('',(#2339),#919,.F.);
#2339 = FACE_BOUND('',#2340,.T.);
#2340 = EDGE_LOOP('',(#2341,#2342,#2343,#2364,#2402,#2421));
#2341 = ORIENTED_EDGE('',*,*,#2285,.T.);
#2342 = ORIENTED_EDGE('',*,*,#904,.T.);
#2343 = ORIENTED_EDGE('',*,*,#2344,.T.);
#2344 = EDGE_CURVE('',#860,#2345,#2347,.T.);
#2345 = VERTEX_POINT('',#2346);
#2346 = CARTESIAN_POINT('',(13.124579924703,4.264434522429,
    3.166028638078));
#2347 = SURFACE_CURVE('',#2348,(#2351,#2357),.PCURVE_S1.);
#2348 = B_SPLINE_CURVE_WITH_KNOTS('',1,(#2349,#2350),.UNSPECIFIED.,.F.,
  .F.,(2,2),(2.,3.),.PIECEWISE_BEZIER_KNOTS.);
#2349 = CARTESIAN_POINT('',(13.077027098884,4.248983672715,
    3.179426097688));
#2350 = CARTESIAN_POINT('',(13.124579924703,4.264434522429,
    3.166028638078));
#2351 = PCURVE('',#919,#2352);
#2352 = DEFINITIONAL_REPRESENTATION('',(#2353),#2356);
#2353 = B_SPLINE_CURVE_WITH_KNOTS('',1,(#2354,#2355),.UNSPECIFIED.,.F.,
  .F.,(2,2),(2.,3.),.PIECEWISE_BEZIER_KNOTS.);
#2354 = CARTESIAN_POINT('',(4.777340593374E-02,3.888237003276E-02));
#2355 = CARTESIAN_POINT('',(8.194434716964E-02,0.));
#2356 = ( GEOMETRIC_REPRESENTATION_CONTEXT(2) 
PARAMETRIC_REPRESENTATION_CONTEXT() REPRESENTATION_CONTEXT('2D SPACE',''
  ) );
#2357 = PCURVE('',#880,#2358);
#2358 = DEFINITIONAL_REPRESENTATION('',(#2359),#2363);
#2359 = LINE('',#2360,#2361);
#2360 = CARTESIAN_POINT('',(0.,1.));
#2361 = VECTOR('',#2362,1.);
#2362 = DIRECTION('',(1.,0.));
#2363 = ( GEOMETRIC_REPRESENTATION_CONTEXT(2) 
PARAMETRIC_REPRESENTATION_CONTEXT() REPRESENTATION_CONTEXT('2D SPACE',''
  ) );
#2364 = ORIENTED_EDGE('',*,*,#2365,.T.);
#2365 = EDGE_CURVE('',#2345,#2366,#2368,.T.);
#2366 = VERTEX_POINT('',#2367);
#2367 = CARTESIAN_POINT('',(13.124579924714,4.264434522418,
    3.133971552245));
#2368 = SURFACE_CURVE('',#2369,(#2372,#2378),.PCURVE_S1.);
#2369 = B_SPLINE_CURVE_WITH_KNOTS('',1,(#2370,#2371),.UNSPECIFIED.,.F.,
  .F.,(2,2),(3.,4.),.PIECEWISE_BEZIER_KNOTS.);
#2370 = CARTESIAN_POINT('',(13.124579924703,4.264434522429,
    3.166028638078));
#2371 = CARTESIAN_POINT('',(13.124579924714,4.264434522418,
    3.133971552245));
#2372 = PCURVE('',#919,#2373);
#2373 = DEFINITIONAL_REPRESENTATION('',(#2374),#2377);
#2374 = B_SPLINE_CURVE_WITH_KNOTS('',1,(#2375,#2376),.UNSPECIFIED.,.F.,
  .F.,(2,2),(3.,4.),.PIECEWISE_BEZIER_KNOTS.);
#2375 = CARTESIAN_POINT('',(8.194434716964E-02,0.));
#2376 = CARTESIAN_POINT('',(6.416227536767E-02,-2.667310770295E-02));
#2377 = ( GEOMETRIC_REPRESENTATION_CONTEXT(2) 
PARAMETRIC_REPRESENTATION_CONTEXT() REPRESENTATION_CONTEXT('2D SPACE',''
  ) );
#2378 = PCURVE('',#2379,#2396);
#2379 = ( BOUNDED_SURFACE() B_SPLINE_SURFACE(1,7,(
    (#2380,#2381,#2382,#2383,#2384,#2385,#2386,#2387)
    ,(#2388,#2389,#2390,#2391,#2392,#2393,#2394,#2395
)),.UNSPECIFIED.,.F.,.F.,.F.) B_SPLINE_SURFACE_WITH_KNOTS((2,2),(8,8),(
    3.,4.),(0.,1.),.PIECEWISE_BEZIER_KNOTS.) 
GEOMETRIC_REPRESENTATION_ITEM() RATIONAL_B_SPLINE_SURFACE((
    (1.,1.,1.,1.000000000001,0.999999999999,1.,1.,1.)
    ,(1.,1.,1.,1.000000000001,0.999999999999,1.,1.,1.
))) REPRESENTATION_ITEM('') SURFACE() );
#2380 = CARTESIAN_POINT('',(4.418943019302,-13.60010818293,
    3.076314070028));
#2381 = CARTESIAN_POINT('',(7.441129080127,-12.54323038479,
    3.089098264956));
#2382 = CARTESIAN_POINT('',(10.172166452361,-10.70195182213,
    3.101893429478));
#2383 = CARTESIAN_POINT('',(12.367628510008,-8.171563631554,
    3.114699418937));
#2384 = CARTESIAN_POINT('',(13.82075898759,-5.142442512693,
    3.127516085942));
#2385 = CARTESIAN_POINT('',(14.415279428566,-1.881208411829,
    3.14034328042));
#2386 = CARTESIAN_POINT('',(14.151969754643,1.334189229405,
    3.153180849607));
#2387 = CARTESIAN_POINT('',(13.124579924703,4.264434522429,
    3.166028638078));
#2388 = CARTESIAN_POINT('',(4.418943019424,-13.60010818305,
    2.723686125865));
#2389 = CARTESIAN_POINT('',(7.441129080234,-12.54323038489,
    2.782151196018));
#2390 = CARTESIAN_POINT('',(10.172166452452,-10.70195182221,
    2.840666433929));
#2391 = CARTESIAN_POINT('',(12.367628510083,-8.171563631623,
    2.899231178223));
#2392 = CARTESIAN_POINT('',(13.820758987648,-5.142442512748,
    2.957844754903));
#2393 = CARTESIAN_POINT('',(14.415279428608,-1.881208411869,
    3.016506477464));
#2394 = CARTESIAN_POINT('',(14.15196975467,1.33418922938,3.07521564698)
  );
#2395 = CARTESIAN_POINT('',(13.124579924714,4.264434522418,
    3.133971552245));
#2396 = DEFINITIONAL_REPRESENTATION('',(#2397),#2401);
#2397 = LINE('',#2398,#2399);
#2398 = CARTESIAN_POINT('',(0.,1.));
#2399 = VECTOR('',#2400,1.);
#2400 = DIRECTION('',(1.,0.));
#2401 = ( GEOMETRIC_REPRESENTATION_CONTEXT(2) 
PARAMETRIC_REPRESENTATION_CONTEXT() REPRESENTATION_CONTEXT('2D SPACE',''
  ) );
#2402 = ORIENTED_EDGE('',*,*,#2403,.T.);
#2403 = EDGE_CURVE('',#2366,#2167,#2404,.T.);
#2404 = SURFACE_CURVE('',#2405,(#2408,#2414),.PCURVE_S1.);
#2405 = B_SPLINE_CURVE_WITH_KNOTS('',1,(#2406,#2407),.UNSPECIFIED.,.F.,
  .F.,(2,2),(4.,5.),.PIECEWISE_BEZIER_KNOTS.);
#2406 = CARTESIAN_POINT('',(13.124579924714,4.264434522418,
    3.133971552245));
#2407 = CARTESIAN_POINT('',(13.077027098904,4.248983672696,
    3.120574092612));
#2408 = PCURVE('',#919,#2409);
#2409 = DEFINITIONAL_REPRESENTATION('',(#2410),#2413);
#2410 = B_SPLINE_CURVE_WITH_KNOTS('',1,(#2411,#2412),.UNSPECIFIED.,.F.,
  .F.,(2,2),(4.,5.),.PIECEWISE_BEZIER_KNOTS.);
#2411 = CARTESIAN_POINT('',(6.416227536767E-02,-2.667310770295E-02));
#2412 = CARTESIAN_POINT('',(1.512818716978E-02,-1.008545811319E-02));
#2413 = ( GEOMETRIC_REPRESENTATION_CONTEXT(2) 
PARAMETRIC_REPRESENTATION_CONTEXT() REPRESENTATION_CONTEXT('2D SPACE',''
  ) );
#2414 = PCURVE('',#2187,#2415);
#2415 = DEFINITIONAL_REPRESENTATION('',(#2416),#2420);
#2416 = LINE('',#2417,#2418);
#2417 = CARTESIAN_POINT('',(0.,1.));
#2418 = VECTOR('',#2419,1.);
#2419 = DIRECTION('',(1.,0.));
#2420 = ( GEOMETRIC_REPRESENTATION_CONTEXT(2) 
PARAMETRIC_REPRESENTATION_CONTEXT() REPRESENTATION_CONTEXT('2D SPACE',''
  ) );
#2421 = ORIENTED_EDGE('',*,*,#2260,.T.);
#2422 = ADVANCED_FACE('',(#2423),#880,.T.);
#2423 = FACE_BOUND('',#2424,.T.);
#2424 = EDGE_LOOP('',(#2425,#2446,#2472,#2473));
#2425 = ORIENTED_EDGE('',*,*,#2426,.T.);
#2426 = EDGE_CURVE('',#839,#2427,#2429,.T.);
#2427 = VERTEX_POINT('',#2428);
#2428 = CARTESIAN_POINT('',(4.418943019312,-13.60010818296,
    3.076314069934));
#2429 = SURFACE_CURVE('',#2430,(#2433,#2439),.PCURVE_S1.);
#2430 = B_SPLINE_CURVE_WITH_KNOTS('',1,(#2431,#2432),.UNSPECIFIED.,.F.,
  .F.,(2,2),(2.,3.),.PIECEWISE_BEZIER_KNOTS.);
#2431 = CARTESIAN_POINT('',(4.248983672382,-13.07702709903,
    3.223686125637));
#2432 = CARTESIAN_POINT('',(4.418943019322,-13.60010818299,3.07631406984
    ));
#2433 = PCURVE('',#880,#2434);
#2434 = DEFINITIONAL_REPRESENTATION('',(#2435),#2438);
#2435 = B_SPLINE_CURVE_WITH_KNOTS('',1,(#2436,#2437),.UNSPECIFIED.,.F.,
  .F.,(2,2),(2.,3.),.PIECEWISE_BEZIER_KNOTS.);
#2436 = CARTESIAN_POINT('',(2.,0.));
#2437 = CARTESIAN_POINT('',(3.,0.));
#2438 = ( GEOMETRIC_REPRESENTATION_CONTEXT(2) 
PARAMETRIC_REPRESENTATION_CONTEXT() REPRESENTATION_CONTEXT('2D SPACE',''
  ) );
#2439 = PCURVE('',#1027,#2440);
#2440 = DEFINITIONAL_REPRESENTATION('',(#2441),#2445);
#2441 = LINE('',#2442,#2443);
#2442 = CARTESIAN_POINT('',(0.,1.));
#2443 = VECTOR('',#2444,1.);
#2444 = DIRECTION('',(1.,0.));
#2445 = ( GEOMETRIC_REPRESENTATION_CONTEXT(2) 
PARAMETRIC_REPRESENTATION_CONTEXT() REPRESENTATION_CONTEXT('2D SPACE',''
  ) );
#2446 = ORIENTED_EDGE('',*,*,#2447,.T.);
#2447 = EDGE_CURVE('',#2427,#2345,#2448,.T.);
#2448 = SURFACE_CURVE('',#2449,(#2458,#2465),.PCURVE_S1.);
#2449 = ( BOUNDED_CURVE() B_SPLINE_CURVE(7,(#2450,#2451,#2452,#2453,
    #2454,#2455,#2456,#2457),.UNSPECIFIED.,.F.,.F.) 
B_SPLINE_CURVE_WITH_KNOTS((8,8),(0.,1.),.PIECEWISE_BEZIER_KNOTS.) CURVE(
) GEOMETRIC_REPRESENTATION_ITEM() RATIONAL_B_SPLINE_CURVE((1.,1.,1.,
1.000000000001,0.999999999999,1.,1.,1.)) REPRESENTATION_ITEM('') );
#2450 = CARTESIAN_POINT('',(4.418943019302,-13.60010818293,
    3.076314070028));
#2451 = CARTESIAN_POINT('',(7.441129080127,-12.54323038479,
    3.089098264956));
#2452 = CARTESIAN_POINT('',(10.172166452361,-10.70195182213,
    3.101893429478));
#2453 = CARTESIAN_POINT('',(12.367628510008,-8.171563631554,
    3.114699418937));
#2454 = CARTESIAN_POINT('',(13.82075898759,-5.142442512693,
    3.127516085942));
#2455 = CARTESIAN_POINT('',(14.415279428566,-1.881208411829,
    3.14034328042));
#2456 = CARTESIAN_POINT('',(14.151969754643,1.334189229405,
    3.153180849607));
#2457 = CARTESIAN_POINT('',(13.124579924703,4.264434522429,
    3.166028638078));
#2458 = PCURVE('',#880,#2459);
#2459 = DEFINITIONAL_REPRESENTATION('',(#2460),#2464);
#2460 = LINE('',#2461,#2462);
#2461 = CARTESIAN_POINT('',(3.,0.));
#2462 = VECTOR('',#2463,1.);
#2463 = DIRECTION('',(0.,1.));
#2464 = ( GEOMETRIC_REPRESENTATION_CONTEXT(2) 
PARAMETRIC_REPRESENTATION_CONTEXT() REPRESENTATION_CONTEXT('2D SPACE',''
  ) );
#2465 = PCURVE('',#2379,#2466);
#2466 = DEFINITIONAL_REPRESENTATION('',(#2467),#2471);
#2467 = LINE('',#2468,#2469);
#2468 = CARTESIAN_POINT('',(3.,0.));
#2469 = VECTOR('',#2470,1.);
#2470 = DIRECTION('',(0.,1.));
#2471 = ( GEOMETRIC_REPRESENTATION_CONTEXT(2) 
PARAMETRIC_REPRESENTATION_CONTEXT() REPRESENTATION_CONTEXT('2D SPACE',''
  ) );
#2472 = ORIENTED_EDGE('',*,*,#2344,.F.);
#2473 = ORIENTED_EDGE('',*,*,#859,.F.);
#2474 = ADVANCED_FACE('',(#2475),#1027,.T.);
#2475 = FACE_BOUND('',#2476,.T.);
#2476 = EDGE_LOOP('',(#2477,#2521,#2573,#2574));
#2477 = ORIENTED_EDGE('',*,*,#2478,.T.);
#2478 = EDGE_CURVE('',#962,#2479,#2481,.T.);
#2479 = VERTEX_POINT('',#2480);
#2480 = CARTESIAN_POINT('',(14.300000000018,-5.805049436573E-13,
    2.276314072138));
#2481 = SURFACE_CURVE('',#2482,(#2485,#2491),.PCURVE_S1.);
#2482 = B_SPLINE_CURVE_WITH_KNOTS('',1,(#2483,#2484),.UNSPECIFIED.,.F.,
  .F.,(2,2),(2.,3.),.PIECEWISE_BEZIER_KNOTS.);
#2483 = CARTESIAN_POINT('',(13.750000000047,4.017972084747E-15,
    2.423686127919));
#2484 = CARTESIAN_POINT('',(14.300000000042,2.976282570609E-13,
    2.276314072062));
#2485 = PCURVE('',#1027,#2486);
#2486 = DEFINITIONAL_REPRESENTATION('',(#2487),#2490);
#2487 = B_SPLINE_CURVE_WITH_KNOTS('',1,(#2488,#2489),.UNSPECIFIED.,.F.,
  .F.,(2,2),(2.,3.),.PIECEWISE_BEZIER_KNOTS.);
#2488 = CARTESIAN_POINT('',(2.,0.));
#2489 = CARTESIAN_POINT('',(3.,0.));
#2490 = ( GEOMETRIC_REPRESENTATION_CONTEXT(2) 
PARAMETRIC_REPRESENTATION_CONTEXT() REPRESENTATION_CONTEXT('2D SPACE',''
  ) );
#2491 = PCURVE('',#2492,#2515);
#2492 = ( BOUNDED_SURFACE() B_SPLINE_SURFACE(1,6,(
    (#2493,#2494,#2495,#2496,#2497,#2498,#2499,#2500,#2501,#2502,#2503)
    ,(#2504,#2505,#2506,#2507,#2508,#2509,#2510,#2511,#2512,#2513,#2514
)),.UNSPECIFIED.,.F.,.F.,.F.) B_SPLINE_SURFACE_WITH_KNOTS((2,2),(7,4,7),
(2.,3.),(0.,0.5,1.),.UNSPECIFIED.) GEOMETRIC_REPRESENTATION_ITEM() 
RATIONAL_B_SPLINE_SURFACE((
    (1.,1.,1.,1.,1.,1.,1.,1.,1.,1.,1.)
,(1.,1.,1.,1.,1.,1.,1.,1.,1.,1.,1.
  ))) REPRESENTATION_ITEM('') SURFACE() );
#2493 = CARTESIAN_POINT('',(13.750000000012,4.995721874869E-15,
    1.423686127919));
#2494 = CARTESIAN_POINT('',(13.701445579749,7.197831642732,
    1.507019461254));
#2495 = CARTESIAN_POINT('',(9.369136897338,14.395663285456,
    1.590352794732));
#2496 = CARTESIAN_POINT('',(-8.163211905472E-02,18.087075014376,
    1.673686128415));
#2497 = CARTESIAN_POINT('',(-9.2445138853,14.395663285451,1.757019462075
    ));
#2498 = CARTESIAN_POINT('',(-18.25548611465,-1.234491016402E-11,
    1.923686129059));
#2499 = CARTESIAN_POINT('',(-9.244513885276,-14.39566328547,
    2.090352795401));
#2500 = CARTESIAN_POINT('',(-8.163211902168E-02,-18.08707501438,
    2.173686128408));
#2501 = CARTESIAN_POINT('',(9.369136897372,-14.39566328546,
    2.257019461417));
#2502 = CARTESIAN_POINT('',(13.701445579785,-7.197831642731,
    2.340352794587));
#2503 = CARTESIAN_POINT('',(13.750000000047,4.017972084747E-15,
    2.423686127919));
#2504 = CARTESIAN_POINT('',(14.300000000006,3.046566146641E-13,
    1.276314072062));
#2505 = CARTESIAN_POINT('',(14.249503403071,7.485744908481,
    1.359647405397));
#2506 = CARTESIAN_POINT('',(9.743902372892,14.971489816957,
    1.442980738882));
#2507 = CARTESIAN_POINT('',(-8.489740359082E-02,18.81055801481,
    1.526314072578));
#2508 = CARTESIAN_POINT('',(-9.614294440739,14.97148981695,
    1.609647406251));
#2509 = CARTESIAN_POINT('',(-18.98570555922,-1.289799144495E-11,
    1.776314073248));
#2510 = CARTESIAN_POINT('',(-9.614294440715,-14.97148981697,
    1.942980739577));
#2511 = CARTESIAN_POINT('',(-8.489740355713E-02,-18.81055801482,
    2.026314072571));
#2512 = CARTESIAN_POINT('',(9.743902372927,-14.97148981696,
    2.109647405566));
#2513 = CARTESIAN_POINT('',(14.249503403107,-7.48574490848,2.19298073873
    ));
#2514 = CARTESIAN_POINT('',(14.300000000042,2.976282570609E-13,
    2.276314072062));
#2515 = DEFINITIONAL_REPRESENTATION('',(#2516),#2520);
#2516 = LINE('',#2517,#2518);
#2517 = CARTESIAN_POINT('',(0.,1.));
#2518 = VECTOR('',#2519,1.);
#2519 = DIRECTION('',(1.,0.));
#2520 = ( GEOMETRIC_REPRESENTATION_CONTEXT(2) 
PARAMETRIC_REPRESENTATION_CONTEXT() REPRESENTATION_CONTEXT('2D SPACE',''
  ) );
#2521 = ORIENTED_EDGE('',*,*,#2522,.T.);
#2522 = EDGE_CURVE('',#2479,#2427,#2523,.T.);
#2523 = SURFACE_CURVE('',#2524,(#2536,#2543),.PCURVE_S1.);
#2524 = ( BOUNDED_CURVE() B_SPLINE_CURVE(6,(#2525,#2526,#2527,#2528,
    #2529,#2530,#2531,#2532,#2533,#2534,#2535),.UNSPECIFIED.,.F.,.F.) 
B_SPLINE_CURVE_WITH_KNOTS((7,4,7),(0.,0.5,1.),.UNSPECIFIED.) CURVE() 
GEOMETRIC_REPRESENTATION_ITEM() RATIONAL_B_SPLINE_CURVE((1.,1.,1.,1.,1.,
1.,1.,1.,1.,1.,1.)) REPRESENTATION_ITEM('') );
#2525 = CARTESIAN_POINT('',(14.299999999993,-1.458638144376E-12,
    2.276314072214));
#2526 = CARTESIAN_POINT('',(14.289290988298,5.992883740865,
    2.342980738891));
#2527 = CARTESIAN_POINT('',(11.320146279297,11.969877450761,
    2.409647404809));
#2528 = CARTESIAN_POINT('',(5.212294597451,16.103055531631,
    2.476314070049));
#2529 = CARTESIAN_POINT('',(-2.094986818128,16.328718421735,
    2.542980734938));
#2530 = CARTESIAN_POINT('',(-14.0019323364,10.17299931668,2.676314065417
    ));
#2531 = CARTESIAN_POINT('',(-16.17692058762,-3.053400623664,
    2.809647398232));
#2532 = CARTESIAN_POINT('',(-13.70422828547,-9.93330456231,2.87631406547
    ));
#2533 = CARTESIAN_POINT('',(-7.88591236989,-14.46499443714,
    2.942980733574));
#2534 = CARTESIAN_POINT('',(-1.283937380426,-15.44182622885,
    3.009647401791));
#2535 = CARTESIAN_POINT('',(4.418943019322,-13.60010818299,3.07631406984
    ));
#2536 = PCURVE('',#1027,#2537);
#2537 = DEFINITIONAL_REPRESENTATION('',(#2538),#2542);
#2538 = LINE('',#2539,#2540);
#2539 = CARTESIAN_POINT('',(3.,0.));
#2540 = VECTOR('',#2541,1.);
#2541 = DIRECTION('',(0.,1.));
#2542 = ( GEOMETRIC_REPRESENTATION_CONTEXT(2) 
PARAMETRIC_REPRESENTATION_CONTEXT() REPRESENTATION_CONTEXT('2D SPACE',''
  ) );
#2543 = PCURVE('',#2544,#2567);
#2544 = ( BOUNDED_SURFACE() B_SPLINE_SURFACE(1,6,(
    (#2545,#2546,#2547,#2548,#2549,#2550,#2551,#2552,#2553,#2554,#2555)
    ,(#2556,#2557,#2558,#2559,#2560,#2561,#2562,#2563,#2564,#2565,#2566
)),.UNSPECIFIED.,.F.,.F.,.F.) B_SPLINE_SURFACE_WITH_KNOTS((2,2),(7,4,7),
(3.,4.),(0.,0.5,1.),.UNSPECIFIED.) GEOMETRIC_REPRESENTATION_ITEM() 
RATIONAL_B_SPLINE_SURFACE((
    (1.,1.,1.,1.,1.,1.,1.,1.,1.,1.,1.)
,(1.,1.,1.,1.,1.,1.,1.,1.,1.,1.,1.
  ))) REPRESENTATION_ITEM('') SURFACE() );
#2545 = CARTESIAN_POINT('',(14.299999999993,-1.458638144376E-12,
    2.276314072214));
#2546 = CARTESIAN_POINT('',(14.289290988298,5.992883740865,
    2.342980738891));
#2547 = CARTESIAN_POINT('',(11.320146279297,11.969877450761,
    2.409647404809));
#2548 = CARTESIAN_POINT('',(5.212294597451,16.103055531631,
    2.476314070049));
#2549 = CARTESIAN_POINT('',(-2.094986818128,16.328718421735,
    2.542980734938));
#2550 = CARTESIAN_POINT('',(-14.0019323364,10.17299931668,2.676314065417
    ));
#2551 = CARTESIAN_POINT('',(-16.17692058762,-3.053400623664,
    2.809647398232));
#2552 = CARTESIAN_POINT('',(-13.70422828547,-9.93330456231,2.87631406547
    ));
#2553 = CARTESIAN_POINT('',(-7.88591236989,-14.46499443714,
    2.942980733574));
#2554 = CARTESIAN_POINT('',(-1.283937380426,-15.44182622885,
    3.009647401791));
#2555 = CARTESIAN_POINT('',(4.418943019322,-13.60010818299,3.07631406984
    ));
#2556 = CARTESIAN_POINT('',(14.300000000078,-1.455519125413E-12,
    1.923686128051));
#2557 = CARTESIAN_POINT('',(14.289290988382,5.992883740865,
    1.990352794728));
#2558 = CARTESIAN_POINT('',(11.320146279382,11.969877450761,
    2.057019460646));
#2559 = CARTESIAN_POINT('',(5.212294597536,16.103055531631,
    2.123686125886));
#2560 = CARTESIAN_POINT('',(-2.094986818043,16.328718421735,
    2.190352790775));
#2561 = CARTESIAN_POINT('',(-14.00193233631,10.17299931668,
    2.323686121254));
#2562 = CARTESIAN_POINT('',(-16.17692058754,-3.053400623664,
    2.457019454069));
#2563 = CARTESIAN_POINT('',(-13.70422828538,-9.93330456231,
    2.523686121307));
#2564 = CARTESIAN_POINT('',(-7.885912369805,-14.46499443714,
    2.590352789411));
#2565 = CARTESIAN_POINT('',(-1.283937380341,-15.44182622885,
    2.657019457628));
#2566 = CARTESIAN_POINT('',(4.418943019407,-13.60010818299,
    2.723686125678));
#2567 = DEFINITIONAL_REPRESENTATION('',(#2568),#2572);
#2568 = LINE('',#2569,#2570);
#2569 = CARTESIAN_POINT('',(3.,0.));
#2570 = VECTOR('',#2571,1.);
#2571 = DIRECTION('',(0.,1.));
#2572 = ( GEOMETRIC_REPRESENTATION_CONTEXT(2) 
PARAMETRIC_REPRESENTATION_CONTEXT() REPRESENTATION_CONTEXT('2D SPACE',''
  ) );
#2573 = ORIENTED_EDGE('',*,*,#2426,.F.);
#2574 = ORIENTED_EDGE('',*,*,#1005,.F.);
#2575 = ADVANCED_FACE('',(#2576),#975,.T.);
#2576 = FACE_BOUND('',#2577,.T.);
#2577 = EDGE_LOOP('',(#2578,#2579,#2623,#2652));
#2578 = ORIENTED_EDGE('',*,*,#1680,.F.);
#2579 = ORIENTED_EDGE('',*,*,#2580,.T.);
#2580 = EDGE_CURVE('',#1653,#2581,#2583,.T.);
#2581 = VERTEX_POINT('',#2582);
#2582 = CARTESIAN_POINT('',(13.750000000006,6.0000981577E-15,
    1.423686127919));
#2583 = SURFACE_CURVE('',#2584,(#2587,#2593),.PCURVE_S1.);
#2584 = B_SPLINE_CURVE_WITH_KNOTS('',1,(#2585,#2586),.UNSPECIFIED.,.F.,
  .F.,(2,2),(1.,2.),.PIECEWISE_BEZIER_KNOTS.);
#2585 = CARTESIAN_POINT('',(13.55,-1.91203607252E-14,1.423686127919));
#2586 = CARTESIAN_POINT('',(13.75,7.004474440531E-15,1.423686127919));
#2587 = PCURVE('',#975,#2588);
#2588 = DEFINITIONAL_REPRESENTATION('',(#2589),#2592);
#2589 = B_SPLINE_CURVE_WITH_KNOTS('',1,(#2590,#2591),.UNSPECIFIED.,.F.,
  .F.,(2,2),(1.749999999942,2.),.PIECEWISE_BEZIER_KNOTS.);
#2590 = CARTESIAN_POINT('',(1.749999999942,0.));
#2591 = CARTESIAN_POINT('',(2.,0.));
#2592 = ( GEOMETRIC_REPRESENTATION_CONTEXT(2) 
PARAMETRIC_REPRESENTATION_CONTEXT() REPRESENTATION_CONTEXT('2D SPACE',''
  ) );
#2593 = PCURVE('',#2594,#2617);
#2594 = ( BOUNDED_SURFACE() B_SPLINE_SURFACE(1,6,(
    (#2595,#2596,#2597,#2598,#2599,#2600,#2601,#2602,#2603,#2604,#2605)
    ,(#2606,#2607,#2608,#2609,#2610,#2611,#2612,#2613,#2614,#2615,#2616
)),.UNSPECIFIED.,.F.,.F.,.F.) B_SPLINE_SURFACE_WITH_KNOTS((2,2),(7,4,7),
(1.,2.),(0.,0.5,1.),.UNSPECIFIED.) GEOMETRIC_REPRESENTATION_ITEM() 
RATIONAL_B_SPLINE_SURFACE((
    (1.,1.,1.,1.,1.,1.,1.,1.,1.,1.,1.)
,(1.,1.,1.,1.,1.,1.,1.,1.,1.,1.,1.
  ))) REPRESENTATION_ITEM('') SURFACE() );
#2595 = CARTESIAN_POINT('',(13.55,-2.654869934928E-14,0.423686127919));
#2596 = CARTESIAN_POINT('',(13.5021518258,7.093135909732,0.507019461252)
  );
#2597 = CARTESIAN_POINT('',(9.232858542578,14.186271819459,
    0.590352794576));
#2598 = CARTESIAN_POINT('',(-8.044474287552E-02,17.823990286951,
    0.673686127922));
#2599 = CARTESIAN_POINT('',(-9.110048228796,14.18627181946,
    0.757019461256));
#2600 = CARTESIAN_POINT('',(-17.9899517712,5.76792424008E-13,
    0.923686127919));
#2601 = CARTESIAN_POINT('',(-9.110048228796,-14.18627181946,
    1.090352794581));
#2602 = CARTESIAN_POINT('',(-8.044474287486E-02,-17.82399028694,
    1.173686127915));
#2603 = CARTESIAN_POINT('',(9.232858542577,-14.18627181946,
    1.257019461261));
#2604 = CARTESIAN_POINT('',(13.5021518258,-7.093135909731,1.340352794585
    ));
#2605 = CARTESIAN_POINT('',(13.55,-1.91203607252E-14,1.423686127919));
#2606 = CARTESIAN_POINT('',(13.75,1.7763568394E-15,0.423686127919));
#2607 = CARTESIAN_POINT('',(13.701445579737,7.197831642732,
    0.507019461252));
#2608 = CARTESIAN_POINT('',(9.369136897326,14.395663285458,
    0.590352794576));
#2609 = CARTESIAN_POINT('',(-8.16321190679E-02,18.087075014382,
    0.673686127922));
#2610 = CARTESIAN_POINT('',(-9.244513885317,14.39566328546,
    0.757019461256));
#2611 = CARTESIAN_POINT('',(-18.25548611468,5.06771514457E-13,
    0.923686127919));
#2612 = CARTESIAN_POINT('',(-9.244513885318,-14.39566328546,
    1.090352794581));
#2613 = CARTESIAN_POINT('',(-8.163211906721E-02,-18.08707501438,
    1.173686127915));
#2614 = CARTESIAN_POINT('',(9.369136897325,-14.39566328546,
    1.257019461261));
#2615 = CARTESIAN_POINT('',(13.701445579738,-7.197831642731,
    1.340352794585));
#2616 = CARTESIAN_POINT('',(13.75,7.004474440531E-15,1.423686127919));
#2617 = DEFINITIONAL_REPRESENTATION('',(#2618),#2622);
#2618 = LINE('',#2619,#2620);
#2619 = CARTESIAN_POINT('',(0.,1.));
#2620 = VECTOR('',#2621,1.);
#2621 = DIRECTION('',(1.,0.));
#2622 = ( GEOMETRIC_REPRESENTATION_CONTEXT(2) 
PARAMETRIC_REPRESENTATION_CONTEXT() REPRESENTATION_CONTEXT('2D SPACE',''
  ) );
#2623 = ORIENTED_EDGE('',*,*,#2624,.T.);
#2624 = EDGE_CURVE('',#2581,#962,#2625,.T.);
#2625 = SURFACE_CURVE('',#2626,(#2638,#2645),.PCURVE_S1.);
#2626 = ( BOUNDED_CURVE() B_SPLINE_CURVE(6,(#2627,#2628,#2629,#2630,
    #2631,#2632,#2633,#2634,#2635,#2636,#2637),.UNSPECIFIED.,.F.,.F.) 
B_SPLINE_CURVE_WITH_KNOTS((7,4,7),(0.,0.5,1.),.UNSPECIFIED.) CURVE() 
GEOMETRIC_REPRESENTATION_ITEM() RATIONAL_B_SPLINE_CURVE((1.,1.,1.,1.,1.,
1.,1.,1.,1.,1.,1.)) REPRESENTATION_ITEM('') );
#2627 = CARTESIAN_POINT('',(13.750000000012,4.995721874869E-15,
    1.423686127919));
#2628 = CARTESIAN_POINT('',(13.701445579749,7.197831642732,
    1.507019461254));
#2629 = CARTESIAN_POINT('',(9.369136897338,14.395663285456,
    1.590352794732));
#2630 = CARTESIAN_POINT('',(-8.163211905472E-02,18.087075014376,
    1.673686128415));
#2631 = CARTESIAN_POINT('',(-9.2445138853,14.395663285451,1.757019462075
    ));
#2632 = CARTESIAN_POINT('',(-18.25548611465,-1.234491016402E-11,
    1.923686129059));
#2633 = CARTESIAN_POINT('',(-9.244513885276,-14.39566328547,
    2.090352795401));
#2634 = CARTESIAN_POINT('',(-8.163211902168E-02,-18.08707501438,
    2.173686128408));
#2635 = CARTESIAN_POINT('',(9.369136897372,-14.39566328546,
    2.257019461417));
#2636 = CARTESIAN_POINT('',(13.701445579785,-7.197831642731,
    2.340352794587));
#2637 = CARTESIAN_POINT('',(13.750000000047,4.017972084747E-15,
    2.423686127919));
#2638 = PCURVE('',#975,#2639);
#2639 = DEFINITIONAL_REPRESENTATION('',(#2640),#2644);
#2640 = LINE('',#2641,#2642);
#2641 = CARTESIAN_POINT('',(2.,0.));
#2642 = VECTOR('',#2643,1.);
#2643 = DIRECTION('',(0.,1.));
#2644 = ( GEOMETRIC_REPRESENTATION_CONTEXT(2) 
PARAMETRIC_REPRESENTATION_CONTEXT() REPRESENTATION_CONTEXT('2D SPACE',''
  ) );
#2645 = PCURVE('',#2492,#2646);
#2646 = DEFINITIONAL_REPRESENTATION('',(#2647),#2651);
#2647 = LINE('',#2648,#2649);
#2648 = CARTESIAN_POINT('',(2.,0.));
#2649 = VECTOR('',#2650,1.);
#2650 = DIRECTION('',(0.,1.));
#2651 = ( GEOMETRIC_REPRESENTATION_CONTEXT(2) 
PARAMETRIC_REPRESENTATION_CONTEXT() REPRESENTATION_CONTEXT('2D SPACE',''
  ) );
#2652 = ORIENTED_EDGE('',*,*,#961,.F.);
#2653 = ADVANCED_FACE('',(#2654),#1668,.T.);
#2654 = FACE_BOUND('',#2655,.T.);
#2655 = EDGE_LOOP('',(#2656,#3161,#3184,#3211,#3212,#3399,#3428,#3734));
#2656 = ORIENTED_EDGE('',*,*,#2657,.F.);
#2657 = EDGE_CURVE('',#2658,#1316,#2660,.T.);
#2658 = VERTEX_POINT('',#2659);
#2659 = CARTESIAN_POINT('',(13.7,-6.108690603934E-15,0.776314072082));
#2660 = SURFACE_CURVE('',#2661,(#2818,#2978),.PCURVE_S1.);
#2661 = B_SPLINE_CURVE_WITH_KNOTS('',8,(#2662,#2663,#2664,#2665,#2666,
    #2667,#2668,#2669,#2670,#2671,#2672,#2673,#2674,#2675,#2676,#2677,
    #2678,#2679,#2680,#2681,#2682,#2683,#2684,#2685,#2686,#2687,#2688,
    #2689,#2690,#2691,#2692,#2693,#2694,#2695,#2696,#2697,#2698,#2699,
    #2700,#2701,#2702,#2703,#2704,#2705,#2706,#2707,#2708,#2709,#2710,
    #2711,#2712,#2713,#2714,#2715,#2716,#2717,#2718,#2719,#2720,#2721,
    #2722,#2723,#2724,#2725,#2726,#2727,#2728,#2729,#2730,#2731,#2732,
    #2733,#2734,#2735,#2736,#2737,#2738,#2739,#2740,#2741,#2742,#2743,
    #2744,#2745,#2746,#2747,#2748,#2749,#2750,#2751,#2752,#2753,#2754,
    #2755,#2756,#2757,#2758,#2759,#2760,#2761,#2762,#2763,#2764,#2765,
    #2766,#2767,#2768,#2769,#2770,#2771,#2772,#2773,#2774,#2775,#2776,
    #2777,#2778,#2779,#2780,#2781,#2782,#2783,#2784,#2785,#2786,#2787,
    #2788,#2789,#2790,#2791,#2792,#2793,#2794,#2795,#2796,#2797,#2798,
    #2799,#2800,#2801,#2802,#2803,#2804,#2805,#2806,#2807,#2808,#2809,
    #2810,#2811,#2812,#2813,#2814,#2815,#2816,#2817),.UNSPECIFIED.,.F.,
  .F.,(9,7,7,7,7,7,7,7,7,7,7,7,7,7,7,7,7,7,7,7,7,7,9),(0.,
    1.293322058199E-02,6.57696194315E-02,0.103826448874,0.130845781737,
    0.234430725189,0.302186880769,0.36417968666,0.413965276835,
    0.449971101097,0.481139650782,0.500137016705,0.518985537798,
    0.543983684209,0.636710322653,0.699809426256,0.767449989726,
    0.828217980966,0.857226432856,0.89576054469,0.934666646963,
    0.986919588184,1.),.UNSPECIFIED.);
#2662 = CARTESIAN_POINT('',(13.7,-2.13162820728E-14,0.776314072083));
#2663 = CARTESIAN_POINT('',(13.7,0.139081491692,0.777930173238));
#2664 = CARTESIAN_POINT('',(13.698386322962,0.278177169694,
    0.779546186333));
#2665 = CARTESIAN_POINT('',(13.695158442794,0.417262962624,
    0.781162122208));
#2666 = CARTESIAN_POINT('',(13.690316281609,0.556315054956,0.78277799167
    ));
#2667 = CARTESIAN_POINT('',(13.683860209726,0.695309887021,
    0.784393805487));
#2668 = CARTESIAN_POINT('',(13.675791045669,0.834224155009,
    0.786009574391));
#2669 = CARTESIAN_POINT('',(13.666110056168,0.973034810966,
    0.787625309079));
#2670 = CARTESIAN_POINT('',(13.608691152192,1.678289191045,
    0.795841723978));
#2671 = CARTESIAN_POINT('',(13.535691287688,2.24273808922,0.802441900366
    ));
#2672 = CARTESIAN_POINT('',(13.435933847547,2.803526029943,
    0.809042455825));
#2673 = CARTESIAN_POINT('',(13.309643097856,3.359150833474,
    0.815643928753));
#2674 = CARTESIAN_POINT('',(13.15714218267,3.908145661881,0.822246588296
    ));
#2675 = CARTESIAN_POINT('',(12.978846576355,4.449077842061,
    0.828850505901));
#2676 = CARTESIAN_POINT('',(12.775261891492,4.980548717629,0.8354555996)
  );
#2677 = CARTESIAN_POINT('',(12.382564256496,5.876203601054,
    0.846819836277));
#2678 = CARTESIAN_POINT('',(12.205331776609,6.245598461421,
    0.851578542933));
#2679 = CARTESIAN_POINT('',(12.015513418904,6.608866693609,
    0.856337647662));
#2680 = CARTESIAN_POINT('',(11.813357070868,6.965508821731,
    0.861097040364));
#2681 = CARTESIAN_POINT('',(11.59913372281,7.315038457337,0.865856617081
    ));
#2682 = CARTESIAN_POINT('',(11.373137499412,7.656982445579,
    0.870616272879));
#2683 = CARTESIAN_POINT('',(11.135685691278,7.99088101138,0.875375894743
    ));
#2684 = CARTESIAN_POINT('',(10.710642920324,8.547318112793,
    0.883514443798));
#2685 = CARTESIAN_POINT('',(10.528563387605,8.774069337786,
    0.886893470265));
#2686 = CARTESIAN_POINT('',(10.341001709579,8.996382425016,
    0.890272393892));
#2687 = CARTESIAN_POINT('',(10.148084445321,9.214102783523,
    0.893651186345));
#2688 = CARTESIAN_POINT('',(9.949943183581,9.427080391937,0.897029827796
    ));
#2689 = CARTESIAN_POINT('',(9.746714534631,9.635169803468,0.900408303783
    ));
#2690 = CARTESIAN_POINT('',(9.538540122113,9.838230150893,0.903786602072
    ));
#2691 = CARTESIAN_POINT('',(8.509082579583,10.794802005461,
    0.920115475929));
#2692 = CARTESIAN_POINT('',(7.621809526747,11.47779711723,0.933067460419
    ));
#2693 = CARTESIAN_POINT('',(6.672288850791,12.077022709594,
    0.946014314931));
#2694 = CARTESIAN_POINT('',(5.669855360887,12.586019172319,0.95895715479
    ));
#2695 = CARTESIAN_POINT('',(4.624421012904,12.999563624751,
    0.971899368687));
#2696 = CARTESIAN_POINT('',(3.546465492524,13.313692070172,
    0.984844148269));
#2697 = CARTESIAN_POINT('',(2.447013474439,13.525692582846,
    0.997792625778));
#2698 = CARTESIAN_POINT('',(0.612223846513,13.705717335168,1.01920729147
    ));
#2699 = CARTESIAN_POINT('',(-0.117707454226,13.732784991252,
    1.027676896866));
#2700 = CARTESIAN_POINT('',(-0.848818316893,13.715408495195,
    1.03614713304));
#2701 = CARTESIAN_POINT('',(-1.577948059796,13.653558208251,
    1.044617890405));
#2702 = CARTESIAN_POINT('',(-2.30196493196,13.547467665276,
    1.053089273821));
#2703 = CARTESIAN_POINT('',(-3.017766460775,13.397623823883,
    1.061561312419));
#2704 = CARTESIAN_POINT('',(-3.722282018862,13.204776486908,
    1.070033685524));
#2705 = CARTESIAN_POINT('',(-5.043965051364,12.755130251543,
    1.086256632932));
#2706 = CARTESIAN_POINT('',(-5.66352351383,12.505146501998,
    1.094008013753));
#2707 = CARTESIAN_POINT('',(-6.268832839649,12.220799632024,
    1.101758979565));
#2708 = CARTESIAN_POINT('',(-6.857672773866,11.903050299032,
    1.109509328959));
#2709 = CARTESIAN_POINT('',(-7.427915142886,11.553020625495,
    1.117259115813));
#2710 = CARTESIAN_POINT('',(-7.977521718483,11.171988858154,
    1.125008463023));
#2711 = CARTESIAN_POINT('',(-8.504547767372,10.761393896302,
    1.132757360842));
#2712 = CARTESIAN_POINT('',(-9.410785425104,9.970660723743,
    1.146727836098));
#2713 = CARTESIAN_POINT('',(-9.798688222682,9.600428580643,
    1.152950005226));
#2714 = CARTESIAN_POINT('',(-10.16990839214,9.212981434955,
    1.159171850035));
#2715 = CARTESIAN_POINT('',(-10.52355747667,8.809200538956,
    1.165393428346));
#2716 = CARTESIAN_POINT('',(-10.85880641876,8.390017075699,
    1.171614887427));
#2717 = CARTESIAN_POINT('',(-11.17488449224,7.956411009235,
    1.177836385712));
#2718 = CARTESIAN_POINT('',(-11.471080597,7.50941193147,1.184058011802)
  );
#2719 = CARTESIAN_POINT('',(-11.94611370151,6.717920726051,
    1.194779336847));
#2720 = CARTESIAN_POINT('',(-12.13474574382,6.379294797796,
    1.199279080378));
#2721 = CARTESIAN_POINT('',(-12.31239891882,6.03463110869,1.203778934987
    ));
#2722 = CARTESIAN_POINT('',(-12.47884851477,5.684345599389,
    1.208278926762));
#2723 = CARTESIAN_POINT('',(-12.63388925377,5.328863121094,
    1.212779089193));
#2724 = CARTESIAN_POINT('',(-12.77733531278,4.968617393249,
    1.217279448107));
#2725 = CARTESIAN_POINT('',(-12.90902034459,4.604050961233,1.22178000663
    ));
#2726 = CARTESIAN_POINT('',(-13.13248295146,3.916677593342,
    1.230176794903));
#2727 = CARTESIAN_POINT('',(-13.22724593389,3.594838267,1.234073010684)
  );
#2728 = CARTESIAN_POINT('',(-13.31299137772,3.270389708462,
    1.237969359408));
#2729 = CARTESIAN_POINT('',(-13.38963596083,2.943627030933,
    1.241865830441));
#2730 = CARTESIAN_POINT('',(-13.45710810207,2.614847908852,
    1.245762415213));
#2731 = CARTESIAN_POINT('',(-13.51534795579,2.284352559338,
    1.249659101865));
#2732 = CARTESIAN_POINT('',(-13.56430740651,1.952443723647,
    1.253555869888));
#2733 = CARTESIAN_POINT('',(-13.62811243446,1.416451300179,
    1.259827810298));
#2734 = CARTESIAN_POINT('',(-13.64881371618,1.213063873954,
    1.262202957684));
#2735 = CARTESIAN_POINT('',(-13.66604570438,1.009333315139,
    1.264578121355));
#2736 = CARTESIAN_POINT('',(-13.67980184582,0.805328672544,
    1.266953296757));
#2737 = CARTESIAN_POINT('',(-13.69007723895,0.601119097731,
    1.269328480123));
#2738 = CARTESIAN_POINT('',(-13.69686863465,0.396773844137,
    1.271703668251));
#2739 = CARTESIAN_POINT('',(-13.700174437,0.192362266193,1.274078858282)
  );
#2740 = CARTESIAN_POINT('',(-13.69981637919,-0.214853084048,
    1.278810627001));
#2741 = CARTESIAN_POINT('',(-13.6962069235,-0.417657061894,
    1.281167207553));
#2742 = CARTESIAN_POINT('',(-13.6891663978,-0.620390264442,1.28352378617
    ));
#2743 = CARTESIAN_POINT('',(-13.67869646711,-0.822984946014,
    1.285880359865));
#2744 = CARTESIAN_POINT('',(-13.66480039914,-1.025373466631,
    1.288236925395));
#2745 = CARTESIAN_POINT('',(-13.64748306262,-1.227488292755,
    1.290593479054));
#2746 = CARTESIAN_POINT('',(-13.62675092589,-1.429261998031,
    1.292950016448));
#2747 = CARTESIAN_POINT('',(-13.57059749987,-1.897691102963,
    1.298431898328));
#2748 = CARTESIAN_POINT('',(-13.53259051261,-2.164036883074,
    1.301557230924));
#2749 = CARTESIAN_POINT('',(-13.4886099589,-2.429507342388,
    1.304682514842));
#2750 = CARTESIAN_POINT('',(-13.43867957361,-2.693946180549,
    1.307807739531));
#2751 = CARTESIAN_POINT('',(-13.38282796097,-2.957198063668,
    1.310932897421));
#2752 = CARTESIAN_POINT('',(-13.32108859458,-3.219108629186,
    1.314057982232));
#2753 = CARTESIAN_POINT('',(-13.25349981733,-3.479524490739,
    1.317182987278));
#2754 = CARTESIAN_POINT('',(-12.90785787998,-4.69815467187,
    1.331899283262));
#2755 = CARTESIAN_POINT('',(-12.5556680514,-5.635542948623,
    1.343491738031));
#2756 = CARTESIAN_POINT('',(-12.12576447128,-6.542403563676,
    1.355081639704));
#2757 = CARTESIAN_POINT('',(-11.62132195653,-7.411250006358,
    1.366669281325));
#2758 = CARTESIAN_POINT('',(-11.04629419343,-8.235083965016,
    1.378256423805));
#2759 = CARTESIAN_POINT('',(-10.40535854844,-9.007367709162,
    1.389844957673));
#2760 = CARTESIAN_POINT('',(-9.703965398743,-9.722062466726,
    1.401435515274));
#2761 = CARTESIAN_POINT('',(-8.434391546085,-10.8172080131,
    1.420911251811));
#2762 = CARTESIAN_POINT('',(-7.895159741435,-11.23157202877,
    1.428798499381));
#2763 = CARTESIAN_POINT('',(-7.332742437325,-11.61514652605,
    1.436686210156));
#2764 = CARTESIAN_POINT('',(-6.749201517057,-11.96642875231,
    1.444574365061));
#2765 = CARTESIAN_POINT('',(-6.146697615538,-12.28408924513,
    1.452463091462));
#2766 = CARTESIAN_POINT('',(-5.527486203845,-12.56696676082,
    1.460352444218));
#2767 = CARTESIAN_POINT('',(-4.893919898382,-12.81407421891,
    1.468242203412));
#2768 = CARTESIAN_POINT('',(-3.556537902035,-13.25031049981,
    1.484589007573));
#2769 = CARTESIAN_POINT('',(-2.850876799518,-13.43400958278,
    1.493046873474));
#2770 = CARTESIAN_POINT('',(-2.134504791434,-13.5747152733,
    1.501504361897));
#2771 = CARTESIAN_POINT('',(-1.410485806052,-13.67171973058,
    1.509961156314));
#2772 = CARTESIAN_POINT('',(-0.681912185382,-13.72457654482,
    1.51841729313));
#2773 = CARTESIAN_POINT('',(4.809774351299E-02,-13.73309137817,
    1.526872889149));
#2774 = CARTESIAN_POINT('',(0.776400115727,-13.69733161346,
    1.535327851618));
#2775 = CARTESIAN_POINT('',(2.149744894601,-13.54607389324,
    1.551376355853));
#2776 = CARTESIAN_POINT('',(2.795785739542,-13.43904053728,
    1.558970801768));
#2777 = CARTESIAN_POINT('',(3.435654473056,-13.29680282293,
    1.566564555864));
#2778 = CARTESIAN_POINT('',(4.067113045285,-13.11978758103,
    1.574157712794));
#2779 = CARTESIAN_POINT('',(4.687973624047,-12.90858585685,
    1.581750623739));
#2780 = CARTESIAN_POINT('',(5.296097786235,-12.66394783752,
    1.589343690418));
#2781 = CARTESIAN_POINT('',(5.889398689086,-12.38678744302,
    1.596937143967));
#2782 = CARTESIAN_POINT('',(6.741021526035,-11.93088640966,
    1.608155750921));
#2783 = CARTESIAN_POINT('',(7.012361746811,-11.77641105983,
    1.611780812053));
#2784 = CARTESIAN_POINT('',(7.279648516866,-11.61488746864,
    1.615406007229));
#2785 = CARTESIAN_POINT('',(7.542668396423,-11.44644010494,1.6190313591)
  );
#2786 = CARTESIAN_POINT('',(7.801212882899,-11.27120096426,
    1.622656892153));
#2787 = CARTESIAN_POINT('',(8.055078421093,-11.08930956426,
    1.626282627039));
#2788 = CARTESIAN_POINT('',(8.304066413364,-10.90091294006,
    1.629908574894));
#2789 = CARTESIAN_POINT('',(8.871996311215,-10.44746813022,
    1.638351628875));
#2790 = CARTESIAN_POINT('',(9.187063553979,-10.1775620884,1.64316893488)
  );
#2791 = CARTESIAN_POINT('',(9.492730048488,-9.896810926845,
    1.647986624072));
#2792 = CARTESIAN_POINT('',(9.788560737947,-9.60559788603,1.65280468738)
  );
#2793 = CARTESIAN_POINT('',(10.074140494355,-9.304325990553,
    1.657623112833));
#2794 = CARTESIAN_POINT('',(10.349074194456,-8.993418005417,
    1.662441866131));
#2795 = CARTESIAN_POINT('',(10.612986795708,-8.673316392346,
    1.667260871214));
#2796 = CARTESIAN_POINT('',(11.120497900108,-8.01247573739,
    1.676945631974));
#2797 = CARTESIAN_POINT('',(11.363878908445,-7.671563132203,
    1.681811450557));
#2798 = CARTESIAN_POINT('',(11.595301316123,-7.322221431148,
    1.68667730893));
#2799 = CARTESIAN_POINT('',(11.814425339593,-6.964941400094,
    1.691543086372));
#2800 = CARTESIAN_POINT('',(12.020936499261,-6.600228424572,
    1.69640867118));
#2801 = CARTESIAN_POINT('',(12.214545585886,-6.228602344185,
    1.701273952764));
#2802 = CARTESIAN_POINT('',(12.394988626962,-5.850597287012,
    1.706138813751));
#2803 = CARTESIAN_POINT('',(12.786367974486,-4.951249863543,
    1.717536143939));
#2804 = CARTESIAN_POINT('',(12.986531520426,-4.425217183966,
    1.724068218137));
#2805 = CARTESIAN_POINT('',(13.161942870405,-3.889983894003,
    1.730599139521));
#2806 = CARTESIAN_POINT('',(13.312115622337,-3.346903790476,
    1.737128833432));
#2807 = CARTESIAN_POINT('',(13.436649648191,-2.797363222922,
    1.743657372833));
#2808 = CARTESIAN_POINT('',(13.535233225871,-2.242781244215,
    1.75018502074));
#2809 = CARTESIAN_POINT('',(13.607649247316,-1.684610727243,
    1.75671229793));
#2810 = CARTESIAN_POINT('',(13.665334732579,-0.984088706454,
    1.764874166253));
#2811 = CARTESIAN_POINT('',(13.675237126665,-0.843706078489,
    1.766508279895));
#2812 = CARTESIAN_POINT('',(13.683490886378,-0.703216127721,
    1.768142427902));
#2813 = CARTESIAN_POINT('',(13.690094681362,-0.562642685706,
    1.769776621341));
#2814 = CARTESIAN_POINT('',(13.695047649636,-0.422009851533,
    1.771410871317));
#2815 = CARTESIAN_POINT('',(13.698349397593,-0.281341991828,
    1.773045188972));
#2816 = CARTESIAN_POINT('',(13.7,-0.140663740752,1.774679585487));
#2817 = CARTESIAN_POINT('',(13.7,-1.95399252334E-14,1.776314072083));
#2818 = PCURVE('',#1668,#2819);
#2819 = DEFINITIONAL_REPRESENTATION('',(#2820),#2977);
#2820 = B_SPLINE_CURVE_WITH_KNOTS('',8,(#2821,#2822,#2823,#2824,#2825,
    #2826,#2827,#2828,#2829,#2830,#2831,#2832,#2833,#2834,#2835,#2836,
    #2837,#2838,#2839,#2840,#2841,#2842,#2843,#2844,#2845,#2846,#2847,
    #2848,#2849,#2850,#2851,#2852,#2853,#2854,#2855,#2856,#2857,#2858,
    #2859,#2860,#2861,#2862,#2863,#2864,#2865,#2866,#2867,#2868,#2869,
    #2870,#2871,#2872,#2873,#2874,#2875,#2876,#2877,#2878,#2879,#2880,
    #2881,#2882,#2883,#2884,#2885,#2886,#2887,#2888,#2889,#2890,#2891,
    #2892,#2893,#2894,#2895,#2896,#2897,#2898,#2899,#2900,#2901,#2902,
    #2903,#2904,#2905,#2906,#2907,#2908,#2909,#2910,#2911,#2912,#2913,
    #2914,#2915,#2916,#2917,#2918,#2919,#2920,#2921,#2922,#2923,#2924,
    #2925,#2926,#2927,#2928,#2929,#2930,#2931,#2932,#2933,#2934,#2935,
    #2936,#2937,#2938,#2939,#2940,#2941,#2942,#2943,#2944,#2945,#2946,
    #2947,#2948,#2949,#2950,#2951,#2952,#2953,#2954,#2955,#2956,#2957,
    #2958,#2959,#2960,#2961,#2962,#2963,#2964,#2965,#2966,#2967,#2968,
    #2969,#2970,#2971,#2972,#2973,#2974,#2975,#2976),.UNSPECIFIED.,.F.,
  .F.,(9,7,7,7,7,7,7,7,7,7,7,7,7,7,7,7,7,7,7,7,7,7,9),(0.,
    1.293322058199E-02,6.57696194315E-02,0.103826448874,0.130845781737,
    0.234430725189,0.302186880769,0.36417968666,0.413965276835,
    0.449971101097,0.481139650782,0.500137016705,0.518985537798,
    0.543983684209,0.636710322653,0.699809426256,0.767449989726,
    0.828217980966,0.857226432856,0.89576054469,0.934666646963,
    0.986919588184,1.),.UNSPECIFIED.);
#2821 = CARTESIAN_POINT('',(0.,0.776314072083));
#2822 = CARTESIAN_POINT('',(1.015193370015E-02,0.777930173238));
#2823 = CARTESIAN_POINT('',(2.030490205864E-02,0.779546186333));
#2824 = CARTESIAN_POINT('',(3.045874411197E-02,0.781162122208));
#2825 = CARTESIAN_POINT('',(4.061331709025E-02,0.78277799167));
#2826 = CARTESIAN_POINT('',(5.076849641722E-02,0.784393805487));
#2827 = CARTESIAN_POINT('',(6.092417571023E-02,0.786009574391));
#2828 = CARTESIAN_POINT('',(7.108026678026E-02,0.787625309079));
#2829 = CARTESIAN_POINT('',(0.122729020407,0.795841723978));
#2830 = CARTESIAN_POINT('',(0.164226179325,0.802441900366));
#2831 = CARTESIAN_POINT('',(0.205724358555,0.809042455825));
#2832 = CARTESIAN_POINT('',(0.247221854011,0.815643928753));
#2833 = CARTESIAN_POINT('',(0.288718319604,0.822246588296));
#2834 = CARTESIAN_POINT('',(0.3302141136,0.828850505901));
#2835 = CARTESIAN_POINT('',(0.371709747097,0.8354555996));
#2836 = CARTESIAN_POINT('',(0.44309381339,0.846819836277));
#2837 = CARTESIAN_POINT('',(0.472982367342,0.851578542933));
#2838 = CARTESIAN_POINT('',(0.502870935214,0.856337647662));
#2839 = CARTESIAN_POINT('',(0.53275954847,0.861097040364));
#2840 = CARTESIAN_POINT('',(0.562648322767,0.865856617081));
#2841 = CARTESIAN_POINT('',(0.592537349427,0.870616272879));
#2842 = CARTESIAN_POINT('',(0.622426586918,0.875375894743));
#2843 = CARTESIAN_POINT('',(0.673536261785,0.883514443798));
#2844 = CARTESIAN_POINT('',(0.694756856097,0.886893470265));
#2845 = CARTESIAN_POINT('',(0.715977480017,0.890272393892));
#2846 = CARTESIAN_POINT('',(0.73719812026,0.893651186345));
#2847 = CARTESIAN_POINT('',(0.758418785008,0.897029827796));
#2848 = CARTESIAN_POINT('',(0.779639483418,0.900408303783));
#2849 = CARTESIAN_POINT('',(0.80086020513,0.903786602072));
#2850 = CARTESIAN_POINT('',(0.90343540492,0.920115475929));
#2851 = CARTESIAN_POINT('',(0.98481479048,0.933067460419));
#2852 = CARTESIAN_POINT('',(1.066181099416,0.946014314931));
#2853 = CARTESIAN_POINT('',(1.147536341293,0.95895715479));
#2854 = CARTESIAN_POINT('',(1.228891633441,0.971899368687));
#2855 = CARTESIAN_POINT('',(1.310258065935,0.984844148269));
#2856 = CARTESIAN_POINT('',(1.391637556069,0.997792625778));
#2857 = CARTESIAN_POINT('',(1.526206917549,1.01920729147));
#2858 = CARTESIAN_POINT('',(1.579424844492,1.027676896866));
#2859 = CARTESIAN_POINT('',(1.632641428083,1.03614713304));
#2860 = CARTESIAN_POINT('',(1.685856335313,1.044617890405));
#2861 = CARTESIAN_POINT('',(1.739071242258,1.053089273821));
#2862 = CARTESIAN_POINT('',(1.792287824327,1.061561312419));
#2863 = CARTESIAN_POINT('',(1.845505746603,1.070033685524));
#2864 = CARTESIAN_POINT('',(1.947409093225,1.086256632932));
#2865 = CARTESIAN_POINT('',(1.996099471531,1.094008013753));
#2866 = CARTESIAN_POINT('',(2.044788986709,1.101758979565));
#2867 = CARTESIAN_POINT('',(2.093477424055,1.109509328959));
#2868 = CARTESIAN_POINT('',(2.142165862747,1.117259115813));
#2869 = CARTESIAN_POINT('',(2.190855381876,1.125008463023));
#2870 = CARTESIAN_POINT('',(2.239545766448,1.132757360842));
#2871 = CARTESIAN_POINT('',(2.327335251428,1.146727836098));
#2872 = CARTESIAN_POINT('',(2.366436953537,1.152950005226));
#2873 = CARTESIAN_POINT('',(2.405538368762,1.159171850035));
#2874 = CARTESIAN_POINT('',(2.444639419465,1.165393428346));
#2875 = CARTESIAN_POINT('',(2.483740466294,1.171614887427));
#2876 = CARTESIAN_POINT('',(2.5228418724,1.177836385712));
#2877 = CARTESIAN_POINT('',(2.561943566852,1.184058011802));
#2878 = CARTESIAN_POINT('',(2.6293231751,1.194779336847));
#2879 = CARTESIAN_POINT('',(2.657601870178,1.199279080378));
#2880 = CARTESIAN_POINT('',(2.685880509087,1.203778934987));
#2881 = CARTESIAN_POINT('',(2.714159078339,1.208278926762));
#2882 = CARTESIAN_POINT('',(2.742437649201,1.212779089193));
#2883 = CARTESIAN_POINT('',(2.770716292538,1.217279448107));
#2884 = CARTESIAN_POINT('',(2.798994993648,1.22178000663));
#2885 = CARTESIAN_POINT('',(2.851752998978,1.230176794903));
#2886 = CARTESIAN_POINT('',(2.876232507518,1.234073010684));
#2887 = CARTESIAN_POINT('',(2.900711993389,1.237969359408));
#2888 = CARTESIAN_POINT('',(2.925191443566,1.241865830441));
#2889 = CARTESIAN_POINT('',(2.949670889522,1.245762415213));
#2890 = CARTESIAN_POINT('',(2.974150365396,1.249659101865));
#2891 = CARTESIAN_POINT('',(2.998629866172,1.253555869888));
#2892 = CARTESIAN_POINT('',(3.038029630282,1.259827810298));
#2893 = CARTESIAN_POINT('',(3.05294995954,1.262202957684));
#2894 = CARTESIAN_POINT('',(3.067870286952,1.264578121355));
#2895 = CARTESIAN_POINT('',(3.082790612598,1.266953296757));
#2896 = CARTESIAN_POINT('',(3.097710939765,1.269328480123));
#2897 = CARTESIAN_POINT('',(3.112631271408,1.271703668251));
#2898 = CARTESIAN_POINT('',(3.127551606607,1.274078858282));
#2899 = CARTESIAN_POINT('',(3.15727536629,1.278810627001));
#2900 = CARTESIAN_POINT('',(3.172078802291,1.281167207553));
#2901 = CARTESIAN_POINT('',(3.186882235734,1.28352378617));
#2902 = CARTESIAN_POINT('',(3.201685664883,1.285880359865));
#2903 = CARTESIAN_POINT('',(3.216489092147,1.288236925395));
#2904 = CARTESIAN_POINT('',(3.231292520672,1.290593479054));
#2905 = CARTESIAN_POINT('',(3.246095950928,1.292950016448));
#2906 = CARTESIAN_POINT('',(3.280532653454,1.298431898328));
#2907 = CARTESIAN_POINT('',(3.300165950677,1.301557230924));
#2908 = CARTESIAN_POINT('',(3.319799239735,1.304682514842));
#2909 = CARTESIAN_POINT('',(3.339432518879,1.307807739531));
#2910 = CARTESIAN_POINT('',(3.359065799934,1.310932897421));
#2911 = CARTESIAN_POINT('',(3.378699094387,1.314057982232));
#2912 = CARTESIAN_POINT('',(3.398332399479,1.317182987278));
#2913 = CARTESIAN_POINT('',(3.490792224025,1.331899283262));
#2914 = CARTESIAN_POINT('',(3.563632895759,1.343491738031));
#2915 = CARTESIAN_POINT('',(3.636466238164,1.355081639704));
#2916 = CARTESIAN_POINT('',(3.709292845366,1.366669281325));
#2917 = CARTESIAN_POINT('',(3.782119550199,1.378256423805));
#2918 = CARTESIAN_POINT('',(3.854953152018,1.389844957673));
#2919 = CARTESIAN_POINT('',(3.927794065218,1.401435515274));
#2920 = CARTESIAN_POINT('',(4.050177414306,1.420911251811));
#2921 = CARTESIAN_POINT('',(4.099736689946,1.428798499381));
#2922 = CARTESIAN_POINT('',(4.149295025256,1.436686210156));
#2923 = CARTESIAN_POINT('',(4.198852181155,1.444574365061));
#2924 = CARTESIAN_POINT('',(4.248409333499,1.452463091462));
#2925 = CARTESIAN_POINT('',(4.297967660492,1.460352444218));
#2926 = CARTESIAN_POINT('',(4.34752692979,1.468242203412));
#2927 = CARTESIAN_POINT('',(4.450208040002,1.484589007573));
#2928 = CARTESIAN_POINT('',(4.503334984332,1.493046873474));
#2929 = CARTESIAN_POINT('',(4.556460600566,1.501504361897));
#2930 = CARTESIAN_POINT('',(4.609584555979,1.509961156314));
#2931 = CARTESIAN_POINT('',(4.662708511771,1.51841729313));
#2932 = CARTESIAN_POINT('',(4.715834130636,1.526872889149));
#2933 = CARTESIAN_POINT('',(4.768961082959,1.535327851618));
#2934 = CARTESIAN_POINT('',(4.869811396601,1.551376355853));
#2935 = CARTESIAN_POINT('',(4.917539510162,1.558970801768));
#2936 = CARTESIAN_POINT('',(4.965266840362,1.566564555864));
#2937 = CARTESIAN_POINT('',(5.012993182683,1.574157712794));
#2938 = CARTESIAN_POINT('',(5.060719508736,1.581750623739));
#2939 = CARTESIAN_POINT('',(5.108446794617,1.589343690418));
#2940 = CARTESIAN_POINT('',(5.15617484894,1.596937143967));
#2941 = CARTESIAN_POINT('',(5.22668395444,1.608155750921));
#2942 = CARTESIAN_POINT('',(5.249466811291,1.611780812053));
#2943 = CARTESIAN_POINT('',(5.272249650083,1.615406007229));
#2944 = CARTESIAN_POINT('',(5.295032467648,1.6190313591));
#2945 = CARTESIAN_POINT('',(5.317815289477,1.622656892153));
#2946 = CARTESIAN_POINT('',(5.340598140509,1.626282627039));
#2947 = CARTESIAN_POINT('',(5.363381015933,1.629908574894));
#2948 = CARTESIAN_POINT('',(5.416428009317,1.638351628875));
#2949 = CARTESIAN_POINT('',(5.446692352379,1.64316893488));
#2950 = CARTESIAN_POINT('',(5.476956619118,1.647986624072));
#2951 = CARTESIAN_POINT('',(5.507220779154,1.65280468738));
#2952 = CARTESIAN_POINT('',(5.537484914872,1.657623112833));
#2953 = CARTESIAN_POINT('',(5.567749102512,1.662441866131));
#2954 = CARTESIAN_POINT('',(5.598013293272,1.667260871214));
#2955 = CARTESIAN_POINT('',(5.65883324919,1.676945631974));
#2956 = CARTESIAN_POINT('',(5.689389393302,1.681811450557));
#2957 = CARTESIAN_POINT('',(5.719945312436,1.68667730893));
#2958 = CARTESIAN_POINT('',(5.750500960811,1.691543086372));
#2959 = CARTESIAN_POINT('',(5.781056440165,1.69640867118));
#2960 = CARTESIAN_POINT('',(5.811611878764,1.701273952764));
#2961 = CARTESIAN_POINT('',(5.842167310398,1.706138813751));
#2962 = CARTESIAN_POINT('',(5.913759851473,1.717536143939));
#2963 = CARTESIAN_POINT('',(5.954797104065,1.724068218137));
#2964 = CARTESIAN_POINT('',(5.995834534046,1.730599139521));
#2965 = CARTESIAN_POINT('',(6.036872630291,1.737128833432));
#2966 = CARTESIAN_POINT('',(6.077911722763,1.743657372833));
#2967 = CARTESIAN_POINT('',(6.118951460637,1.75018502074));
#2968 = CARTESIAN_POINT('',(6.159990193466,1.75671229793));
#2969 = CARTESIAN_POINT('',(6.211296259512,1.764874166253));
#2970 = CARTESIAN_POINT('',(6.221567918941,1.766508279895));
#2971 = CARTESIAN_POINT('',(6.23183916225,1.768142427902));
#2972 = CARTESIAN_POINT('',(6.242109899022,1.769776621341));
#2973 = CARTESIAN_POINT('',(6.252380019832,1.771410871317));
#2974 = CARTESIAN_POINT('',(6.262649396252,1.773045188972));
#2975 = CARTESIAN_POINT('',(6.272917880847,1.774679585487));
#2976 = CARTESIAN_POINT('',(6.28318530718,1.776314072083));
#2977 = ( GEOMETRIC_REPRESENTATION_CONTEXT(2) 
PARAMETRIC_REPRESENTATION_CONTEXT() REPRESENTATION_CONTEXT('2D SPACE',''
  ) );
#2978 = PCURVE('',#2979,#3002);
#2979 = ( BOUNDED_SURFACE() B_SPLINE_SURFACE(1,6,(
    (#2980,#2981,#2982,#2983,#2984,#2985,#2986,#2987,#2988,#2989,#2990)
    ,(#2991,#2992,#2993,#2994,#2995,#2996,#2997,#2998,#2999,#3000,#3001
)),.UNSPECIFIED.,.F.,.F.,.F.) B_SPLINE_SURFACE_WITH_KNOTS((2,2),(7,4,7),
(5.,6.),(0.,0.5,1.),.UNSPECIFIED.) GEOMETRIC_REPRESENTATION_ITEM() 
RATIONAL_B_SPLINE_SURFACE((
    (1.,1.,1.,1.,1.,1.,1.,1.,1.,1.,1.)
,(1.,1.,1.,1.,1.,1.,1.,1.,1.,1.,1.
  ))) REPRESENTATION_ITEM('') SURFACE() );
#2980 = CARTESIAN_POINT('',(13.749999999988,9.013227006196E-15,
    0.776314072081));
#2981 = CARTESIAN_POINT('',(13.701445579726,7.197831642732,
    0.859647405417));
#2982 = CARTESIAN_POINT('',(9.369136897315,14.395663285456,
    0.942980738895));
#2983 = CARTESIAN_POINT('',(-8.163211907779E-02,18.087075014376,
    1.026314072578));
#2984 = CARTESIAN_POINT('',(-9.244513885323,14.395663285451,
    1.109647406238));
#2985 = CARTESIAN_POINT('',(-18.25548611467,-1.234089265889E-11,
    1.276314073222));
#2986 = CARTESIAN_POINT('',(-9.2445138853,-14.39566328547,1.442980739564
    ));
#2987 = CARTESIAN_POINT('',(-8.163211904475E-02,-18.08707501438,
    1.526314072571));
#2988 = CARTESIAN_POINT('',(9.369136897349,-14.39566328546,1.60964740558
    ));
#2989 = CARTESIAN_POINT('',(13.701445579762,-7.197831642731,
    1.69298073875));
#2990 = CARTESIAN_POINT('',(13.750000000024,8.035477216074E-15,
    1.776314072081));
#2991 = CARTESIAN_POINT('',(13.549999999988,-9.962179894056E-14,
    0.776314072089));
#2992 = CARTESIAN_POINT('',(13.502151825788,7.093135909731,
    0.859647405424));
#2993 = CARTESIAN_POINT('',(9.232858542566,14.186271819457,0.9429807389)
  );
#2994 = CARTESIAN_POINT('',(-8.04447428853E-02,17.823990286945,
    1.026314072578));
#2995 = CARTESIAN_POINT('',(-9.110048228801,14.186271819451,
    1.109647406233));
#2996 = CARTESIAN_POINT('',(-17.98995177119,-1.216424647386E-11,
    1.276314073213));
#2997 = CARTESIAN_POINT('',(-9.110048228778,-14.18627181947,
    1.442980739559));
#2998 = CARTESIAN_POINT('',(-8.044474285251E-02,-17.82399028695,
    1.526314072571));
#2999 = CARTESIAN_POINT('',(9.232858542601,-14.18627181946,
    1.609647405585));
#3000 = CARTESIAN_POINT('',(13.502151825824,-7.093135909731,
    1.692980738757));
#3001 = CARTESIAN_POINT('',(13.550000000024,-9.839932770773E-14,
    1.776314072089));
#3002 = DEFINITIONAL_REPRESENTATION('',(#3003),#3160);
#3003 = B_SPLINE_CURVE_WITH_KNOTS('',8,(#3004,#3005,#3006,#3007,#3008,
    #3009,#3010,#3011,#3012,#3013,#3014,#3015,#3016,#3017,#3018,#3019,
    #3020,#3021,#3022,#3023,#3024,#3025,#3026,#3027,#3028,#3029,#3030,
    #3031,#3032,#3033,#3034,#3035,#3036,#3037,#3038,#3039,#3040,#3041,
    #3042,#3043,#3044,#3045,#3046,#3047,#3048,#3049,#3050,#3051,#3052,
    #3053,#3054,#3055,#3056,#3057,#3058,#3059,#3060,#3061,#3062,#3063,
    #3064,#3065,#3066,#3067,#3068,#3069,#3070,#3071,#3072,#3073,#3074,
    #3075,#3076,#3077,#3078,#3079,#3080,#3081,#3082,#3083,#3084,#3085,
    #3086,#3087,#3088,#3089,#3090,#3091,#3092,#3093,#3094,#3095,#3096,
    #3097,#3098,#3099,#3100,#3101,#3102,#3103,#3104,#3105,#3106,#3107,
    #3108,#3109,#3110,#3111,#3112,#3113,#3114,#3115,#3116,#3117,#3118,
    #3119,#3120,#3121,#3122,#3123,#3124,#3125,#3126,#3127,#3128,#3129,
    #3130,#3131,#3132,#3133,#3134,#3135,#3136,#3137,#3138,#3139,#3140,
    #3141,#3142,#3143,#3144,#3145,#3146,#3147,#3148,#3149,#3150,#3151,
    #3152,#3153,#3154,#3155,#3156,#3157,#3158,#3159),.UNSPECIFIED.,.F.,
  .F.,(9,7,7,7,7,7,7,7,7,7,7,7,7,7,7,7,7,7,7,7,7,7,9),(0.,
    1.293322058199E-02,6.57696194315E-02,0.103826448874,0.130845781737,
    0.234430725189,0.302186880769,0.36417968666,0.413965276835,
    0.449971101097,0.481139650782,0.500137016705,0.518985537798,
    0.543983684209,0.636710322653,0.699809426256,0.767449989726,
    0.828217980966,0.857226432856,0.89576054469,0.934666646963,
    0.986919588184,1.),.UNSPECIFIED.);
#3004 = CARTESIAN_POINT('',(5.249999999942,0.));
#3005 = CARTESIAN_POINT('',(5.245308989138,1.616101155014E-03));
#3006 = CARTESIAN_POINT('',(5.241041743771,3.23211424954E-03));
#3007 = CARTESIAN_POINT('',(5.237174882999,4.848050125008E-03));
#3008 = CARTESIAN_POINT('',(5.233685775194,6.463919586566E-03));
#3009 = CARTESIAN_POINT('',(5.230552537941,8.079733403079E-03));
#3010 = CARTESIAN_POINT('',(5.22775403804,9.695502307127E-03));
#3011 = CARTESIAN_POINT('',(5.225269891503,1.131123699501E-02));
#3012 = CARTESIAN_POINT('',(5.214135940617,1.952765189115E-02));
#3013 = CARTESIAN_POINT('',(5.210110895286,2.612782827669E-02));
#3014 = CARTESIAN_POINT('',(5.209666730715,3.272838373278E-02));
#3015 = CARTESIAN_POINT('',(5.211684449686,3.932985665588E-02));
#3016 = CARTESIAN_POINT('',(5.215263482518,4.593251619396E-02));
#3017 = CARTESIAN_POINT('',(5.219709025431,5.253643379282E-02));
#3018 = CARTESIAN_POINT('',(5.224507889367,5.91415274844E-02));
#3019 = CARTESIAN_POINT('',(5.232739361806,7.050576414768E-02));
#3020 = CARTESIAN_POINT('',(5.236178773427,7.526447079811E-02));
#3021 = CARTESIAN_POINT('',(5.239474295045,8.002357552013E-02));
#3022 = CARTESIAN_POINT('',(5.242529221356,8.478296821537E-02));
#3023 = CARTESIAN_POINT('',(5.245280955174,8.954254492406E-02));
#3024 = CARTESIAN_POINT('',(5.247695021779,9.430220071414E-02));
#3025 = CARTESIAN_POINT('',(5.249759083265,9.906182257016E-02));
#3026 = CARTESIAN_POINT('',(5.252696594444,0.10720037161));
#3027 = CARTESIAN_POINT('',(5.253741744037,0.110579398071));
#3028 = CARTESIAN_POINT('',(5.254613913162,0.113958321691));
#3029 = CARTESIAN_POINT('',(5.255318690227,0.117337114137));
#3030 = CARTESIAN_POINT('',(5.255864913308,0.120715755581));
#3031 = CARTESIAN_POINT('',(5.256263842896,0.124094231561));
#3032 = CARTESIAN_POINT('',(5.256528334658,0.127472529842));
#3033 = CARTESIAN_POINT('',(5.257222833662,0.143801403663));
#3034 = CARTESIAN_POINT('',(5.255998616744,0.156753388121));
#3035 = CARTESIAN_POINT('',(5.253768729835,0.169700242599));
#3036 = CARTESIAN_POINT('',(5.251510583629,0.182643082422));
#3037 = CARTESIAN_POINT('',(5.249837284257,0.195585296281));
#3038 = CARTESIAN_POINT('',(5.248892231026,0.208530075824));
#3039 = CARTESIAN_POINT('',(5.248553100257,0.221478553295));
#3040 = CARTESIAN_POINT('',(5.248633598403,0.24289321892));
#3041 = CARTESIAN_POINT('',(5.24883122115,0.25136282429));
#3042 = CARTESIAN_POINT('',(5.249134701174,0.259833060438));
#3043 = CARTESIAN_POINT('',(5.249464656724,0.268303817777));
#3044 = CARTESIAN_POINT('',(5.249748886431,0.276775201167));
#3045 = CARTESIAN_POINT('',(5.249939192608,0.285247239739));
#3046 = CARTESIAN_POINT('',(5.250018398513,0.293719612819));
#3047 = CARTESIAN_POINT('',(5.249978493175,0.309942560179));
#3048 = CARTESIAN_POINT('',(5.249875718313,0.317693940978));
#3049 = CARTESIAN_POINT('',(5.249696597665,0.325444906768));
#3050 = CARTESIAN_POINT('',(5.249469096966,0.333195256141));
#3051 = CARTESIAN_POINT('',(5.249235395079,0.340945042975));
#3052 = CARTESIAN_POINT('',(5.249043108061,0.348694390165));
#3053 = CARTESIAN_POINT('',(5.248934127211,0.356443287966));
#3054 = CARTESIAN_POINT('',(5.248928616764,0.370413763189));
#3055 = CARTESIAN_POINT('',(5.248994623631,0.376635932304));
#3056 = CARTESIAN_POINT('',(5.249141023797,0.382857777099));
#3057 = CARTESIAN_POINT('',(5.249373120901,0.389079355397));
#3058 = CARTESIAN_POINT('',(5.249685501656,0.395300814466));
#3059 = CARTESIAN_POINT('',(5.250060667358,0.40152231274));
#3060 = CARTESIAN_POINT('',(5.250470385348,0.40774393882));
#3061 = CARTESIAN_POINT('',(5.251175827781,0.418465263848));
#3062 = CARTESIAN_POINT('',(5.251471602338,0.422965007373));
#3063 = CARTESIAN_POINT('',(5.251754396732,0.427464861975));
#3064 = CARTESIAN_POINT('',(5.252009051845,0.431964853745));
#3065 = CARTESIAN_POINT('',(5.252219814637,0.436465016169));
#3066 = CARTESIAN_POINT('',(5.252372215968,0.440965375079));
#3067 = CARTESIAN_POINT('',(5.252454948422,0.445465933597));
#3068 = CARTESIAN_POINT('',(5.252467626859,0.453862721862));
#3069 = CARTESIAN_POINT('',(5.25241666601,0.45775893764));
#3070 = CARTESIAN_POINT('',(5.252305230548,0.461655286361));
#3071 = CARTESIAN_POINT('',(5.25213269653,0.465551757391));
#3072 = CARTESIAN_POINT('',(5.251903126194,0.469448342161));
#3073 = CARTESIAN_POINT('',(5.251626947041,0.473345028811));
#3074 = CARTESIAN_POINT('',(5.251322630922,0.477241796833));
#3075 = CARTESIAN_POINT('',(5.250832926682,0.48351373724));
#3076 = CARTESIAN_POINT('',(5.250647530688,0.485888884625));
#3077 = CARTESIAN_POINT('',(5.250468564306,0.488264048297));
#3078 = CARTESIAN_POINT('',(5.250303819073,0.490639223698));
#3079 = CARTESIAN_POINT('',(5.250162637826,0.493014407063));
#3080 = CARTESIAN_POINT('',(5.250056053633,0.495389595191));
#3081 = CARTESIAN_POINT('',(5.249996928717,0.497764785222));
#3082 = CARTESIAN_POINT('',(5.250003233257,0.502496553941));
#3083 = CARTESIAN_POINT('',(5.250066465324,0.504853134493));
#3084 = CARTESIAN_POINT('',(5.250175374282,0.507209713111));
#3085 = CARTESIAN_POINT('',(5.250317501255,0.509566286806));
#3086 = CARTESIAN_POINT('',(5.250482185225,0.511922852337));
#3087 = CARTESIAN_POINT('',(5.250660404465,0.514279405996));
#3088 = CARTESIAN_POINT('',(5.250844617971,0.516635943391));
#3089 = CARTESIAN_POINT('',(5.251272625083,0.522117825273));
#3090 = CARTESIAN_POINT('',(5.251516239091,0.525243157871));
#3091 = CARTESIAN_POINT('',(5.251744975873,0.528368441791));
#3092 = CARTESIAN_POINT('',(5.251948408503,0.531493666481));
#3093 = CARTESIAN_POINT('',(5.252119580905,0.534618824373));
#3094 = CARTESIAN_POINT('',(5.252254432602,0.537743909187));
#3095 = CARTESIAN_POINT('',(5.252351223456,0.540868914235));
#3096 = CARTESIAN_POINT('',(5.252627826345,0.555585210231));
#3097 = CARTESIAN_POINT('',(5.252322588862,0.567177665013));
#3098 = CARTESIAN_POINT('',(5.25149384183,0.578767566702));
#3099 = CARTESIAN_POINT('',(5.250493347973,0.590355208341));
#3100 = CARTESIAN_POINT('',(5.24965009984,0.601942350842));
#3101 = CARTESIAN_POINT('',(5.249123795247,0.613530884733));
#3102 = CARTESIAN_POINT('',(5.248911472425,0.625121442358));
#3103 = CARTESIAN_POINT('',(5.248946056287,0.644597178941));
#3104 = CARTESIAN_POINT('',(5.249067615393,0.65248442653));
#3105 = CARTESIAN_POINT('',(5.249271625235,0.660372137325));
#3106 = CARTESIAN_POINT('',(5.249512798898,0.668260292251));
#3107 = CARTESIAN_POINT('',(5.249740764097,0.676149018674));
#3108 = CARTESIAN_POINT('',(5.249912216703,0.684038371451));
#3109 = CARTESIAN_POINT('',(5.250000130475,0.691928130667));
#3110 = CARTESIAN_POINT('',(5.249999907749,0.708274934876));
#3111 = CARTESIAN_POINT('',(5.249898596104,0.716732800802));
#3112 = CARTESIAN_POINT('',(5.249689035789,0.72519028925));
#3113 = CARTESIAN_POINT('',(5.24939289402,0.733647083693));
#3114 = CARTESIAN_POINT('',(5.249061983421,0.742103220535));
#3115 = CARTESIAN_POINT('',(5.248770311556,0.75055881658));
#3116 = CARTESIAN_POINT('',(5.248596754082,0.759013779074));
#3117 = CARTESIAN_POINT('',(5.248599786579,0.775062283357));
#3118 = CARTESIAN_POINT('',(5.248742921841,0.782656729295));
#3119 = CARTESIAN_POINT('',(5.249068944594,0.790250483414));
#3120 = CARTESIAN_POINT('',(5.249608732543,0.797843640366));
#3121 = CARTESIAN_POINT('',(5.250366053489,0.805436551333));
#3122 = CARTESIAN_POINT('',(5.251307330067,0.813029618034));
#3123 = CARTESIAN_POINT('',(5.252357969502,0.820623071604));
#3124 = CARTESIAN_POINT('',(5.2539051964,0.831841678588));
#3125 = CARTESIAN_POINT('',(5.254404383729,0.83546673973));
#3126 = CARTESIAN_POINT('',(5.254890782287,0.839091934915));
#3127 = CARTESIAN_POINT('',(5.255350277107,0.842717286795));
#3128 = CARTESIAN_POINT('',(5.255767104698,0.846342819858));
#3129 = CARTESIAN_POINT('',(5.256124281422,0.849968554752));
#3130 = CARTESIAN_POINT('',(5.256404031853,0.853594502617));
#3131 = CARTESIAN_POINT('',(5.256832884363,0.862037556618));
#3132 = CARTESIAN_POINT('',(5.256908768948,0.866854862634));
#3133 = CARTESIAN_POINT('',(5.25677437595,0.871672551837));
#3134 = CARTESIAN_POINT('',(5.25638651541,0.876490615155));
#3135 = CARTESIAN_POINT('',(5.255704722642,0.881309040618));
#3136 = CARTESIAN_POINT('',(5.254695678521,0.886127793927));
#3137 = CARTESIAN_POINT('',(5.253337629763,0.890946799019));
#3138 = CARTESIAN_POINT('',(5.249895453875,0.900631559797));
#3139 = CARTESIAN_POINT('',(5.247804583497,0.905497378389));
#3140 = CARTESIAN_POINT('',(5.245347186935,0.91036323677));
#3141 = CARTESIAN_POINT('',(5.242535617086,0.91522901422));
#3142 = CARTESIAN_POINT('',(5.239406272592,0.920094599035));
#3143 = CARTESIAN_POINT('',(5.236026279544,0.924959880627));
#3144 = CARTESIAN_POINT('',(5.232500173191,0.92982474162));
#3145 = CARTESIAN_POINT('',(5.224244208221,0.941222071822));
#3146 = CARTESIAN_POINT('',(5.219516161321,0.947754146028));
#3147 = CARTESIAN_POINT('',(5.215153541656,0.954285067418));
#3148 = CARTESIAN_POINT('',(5.211658116271,0.960814761334));
#3149 = CARTESIAN_POINT('',(5.209705844671,0.96734330074));
#3150 = CARTESIAN_POINT('',(5.210169612027,0.973870948651));
#3151 = CARTESIAN_POINT('',(5.214131167448,0.980398225843));
#3152 = CARTESIAN_POINT('',(5.225072918954,0.988560094169));
#3153 = CARTESIAN_POINT('',(5.227563665097,0.990194207811));
#3154 = CARTESIAN_POINT('',(5.230374773216,0.991828355819));
#3155 = CARTESIAN_POINT('',(5.233527294991,0.993462549258));
#3156 = CARTESIAN_POINT('',(5.237043066325,0.995096799233));
#3157 = CARTESIAN_POINT('',(5.24094470735,0.996731116888));
#3158 = CARTESIAN_POINT('',(5.245255622421,0.998365513404));
#3159 = CARTESIAN_POINT('',(5.250000000121,1.));
#3160 = ( GEOMETRIC_REPRESENTATION_CONTEXT(2) 
PARAMETRIC_REPRESENTATION_CONTEXT() REPRESENTATION_CONTEXT('2D SPACE',''
  ) );
#3161 = ORIENTED_EDGE('',*,*,#3162,.F.);
#3162 = EDGE_CURVE('',#3163,#2658,#3165,.T.);
#3163 = VERTEX_POINT('',#3164);
#3164 = CARTESIAN_POINT('',(13.7,-3.355532229664E-15,0.));
#3165 = SEAM_CURVE('',#3166,(#3170,#3177),.PCURVE_S1.);
#3166 = LINE('',#3167,#3168);
#3167 = CARTESIAN_POINT('',(13.7,-3.355532229664E-15,0.));
#3168 = VECTOR('',#3169,1.);
#3169 = DIRECTION('',(0.,0.,1.));
#3170 = PCURVE('',#1668,#3171);
#3171 = DEFINITIONAL_REPRESENTATION('',(#3172),#3176);
#3172 = LINE('',#3173,#3174);
#3173 = CARTESIAN_POINT('',(0.,-0.));
#3174 = VECTOR('',#3175,1.);
#3175 = DIRECTION('',(0.,1.));
#3176 = ( GEOMETRIC_REPRESENTATION_CONTEXT(2) 
PARAMETRIC_REPRESENTATION_CONTEXT() REPRESENTATION_CONTEXT('2D SPACE',''
  ) );
#3177 = PCURVE('',#1668,#3178);
#3178 = DEFINITIONAL_REPRESENTATION('',(#3179),#3183);
#3179 = LINE('',#3180,#3181);
#3180 = CARTESIAN_POINT('',(6.28318530718,-0.));
#3181 = VECTOR('',#3182,1.);
#3182 = DIRECTION('',(0.,1.));
#3183 = ( GEOMETRIC_REPRESENTATION_CONTEXT(2) 
PARAMETRIC_REPRESENTATION_CONTEXT() REPRESENTATION_CONTEXT('2D SPACE',''
  ) );
#3184 = ORIENTED_EDGE('',*,*,#3185,.T.);
#3185 = EDGE_CURVE('',#3163,#3163,#3186,.T.);
#3186 = SURFACE_CURVE('',#3187,(#3192,#3199),.PCURVE_S1.);
#3187 = CIRCLE('',#3188,13.7);
#3188 = AXIS2_PLACEMENT_3D('',#3189,#3190,#3191);
#3189 = CARTESIAN_POINT('',(0.,0.,0.));
#3190 = DIRECTION('',(0.,0.,1.));
#3191 = DIRECTION('',(1.,0.,-0.));
#3192 = PCURVE('',#1668,#3193);
#3193 = DEFINITIONAL_REPRESENTATION('',(#3194),#3198);
#3194 = LINE('',#3195,#3196);
#3195 = CARTESIAN_POINT('',(0.,0.));
#3196 = VECTOR('',#3197,1.);
#3197 = DIRECTION('',(1.,0.));
#3198 = ( GEOMETRIC_REPRESENTATION_CONTEXT(2) 
PARAMETRIC_REPRESENTATION_CONTEXT() REPRESENTATION_CONTEXT('2D SPACE',''
  ) );
#3199 = PCURVE('',#3200,#3205);
#3200 = PLANE('',#3201);
#3201 = AXIS2_PLACEMENT_3D('',#3202,#3203,#3204);
#3202 = CARTESIAN_POINT('',(0.,0.,0.));
#3203 = DIRECTION('',(0.,0.,1.));
#3204 = DIRECTION('',(1.,0.,-0.));
#3205 = DEFINITIONAL_REPRESENTATION('',(#3206),#3210);
#3206 = CIRCLE('',#3207,13.7);
#3207 = AXIS2_PLACEMENT_2D('',#3208,#3209);
#3208 = CARTESIAN_POINT('',(0.,0.));
#3209 = DIRECTION('',(1.,0.));
#3210 = ( GEOMETRIC_REPRESENTATION_CONTEXT(2) 
PARAMETRIC_REPRESENTATION_CONTEXT() REPRESENTATION_CONTEXT('2D SPACE',''
  ) );
#3211 = ORIENTED_EDGE('',*,*,#3162,.T.);
#3212 = ORIENTED_EDGE('',*,*,#3213,.F.);
#3213 = EDGE_CURVE('',#3214,#2658,#3216,.T.);
#3214 = VERTEX_POINT('',#3215);
#3215 = CARTESIAN_POINT('',(6.119332447009,-12.25739655893,0.6000001));
#3216 = SURFACE_CURVE('',#3217,(#3268,#3322),.PCURVE_S1.);
#3217 = B_SPLINE_CURVE_WITH_KNOTS('',7,(#3218,#3219,#3220,#3221,#3222,
    #3223,#3224,#3225,#3226,#3227,#3228,#3229,#3230,#3231,#3232,#3233,
    #3234,#3235,#3236,#3237,#3238,#3239,#3240,#3241,#3242,#3243,#3244,
    #3245,#3246,#3247,#3248,#3249,#3250,#3251,#3252,#3253,#3254,#3255,
    #3256,#3257,#3258,#3259,#3260,#3261,#3262,#3263,#3264,#3265,#3266,
    #3267),.UNSPECIFIED.,.F.,.F.,(8,6,6,6,6,6,6,6,8),(0.,0.3494992906,
    0.720305374683,0.745330007841,0.778370326942,0.818412126299,
    0.867387083685,0.92721219111,1.),.UNSPECIFIED.);
#3218 = CARTESIAN_POINT('',(6.119147549727,-12.25748886455,0.5999977));
#3219 = CARTESIAN_POINT('',(6.797118027325,-11.91903443619,
    0.608797845641));
#3220 = CARTESIAN_POINT('',(7.453279107173,-11.5368157356,0.61759891965)
  );
#3221 = CARTESIAN_POINT('',(8.084185436977,-11.1125440543,0.626400629408
    ));
#3222 = CARTESIAN_POINT('',(8.686630198646,-10.64824624702,
    0.635203452631));
#3223 = CARTESIAN_POINT('',(9.257620118335,-10.14622887707,
    0.644007939917));
#3224 = CARTESIAN_POINT('',(9.794377329464,-9.609077268736,
    0.652814086512));
#3225 = CARTESIAN_POINT('',(10.824840168351,-8.435589639063,
    0.670964348882));
#3226 = CARTESIAN_POINT('',(11.313983142429,-7.795138595515,
    0.680309530965));
#3227 = CARTESIAN_POINT('',(11.758747102481,-7.121793433256,
    0.689654817124));
#3228 = CARTESIAN_POINT('',(12.156524234039,-6.419264063877,
    0.698999557106));
#3229 = CARTESIAN_POINT('',(12.505095520693,-5.691476240052,
    0.708343031652));
#3230 = CARTESIAN_POINT('',(12.802630312135,-4.942567089123,
    0.717684429039));
#3231 = CARTESIAN_POINT('',(13.064278741653,-4.125235095959,
    0.727653178935));
#3232 = CARTESIAN_POINT('',(13.080581575341,-4.073486441288,
    0.728283397945));
#3233 = CARTESIAN_POINT('',(13.096645262809,-4.021662626003,
    0.728913606188));
#3234 = CARTESIAN_POINT('',(13.112469389167,-3.969764974352,0.7295438037
    ));
#3235 = CARTESIAN_POINT('',(13.128053548579,-3.917794813769,
    0.730173990532));
#3236 = CARTESIAN_POINT('',(13.143397344253,-3.86575347487,
    0.730804166757));
#3237 = CARTESIAN_POINT('',(13.17844111631,-3.744839279729,
    0.732266347706));
#3238 = CARTESIAN_POINT('',(13.19796216065,-3.675914513465,
    0.733098344616));
#3239 = CARTESIAN_POINT('',(13.217062628977,-3.60687106244,
    0.733930323406));
#3240 = CARTESIAN_POINT('',(13.235741656548,-3.53771200621,
    0.734762284352));
#3241 = CARTESIAN_POINT('',(13.253998406369,-3.468440434109,
    0.735594227793));
#3242 = CARTESIAN_POINT('',(13.271832069199,-3.399059445249,
    0.736426154131));
#3243 = CARTESIAN_POINT('',(13.310340918002,-3.245359995948,
    0.73826626116));
#3244 = CARTESIAN_POINT('',(13.330817429053,-3.160991707539,
    0.739274434054));
#3245 = CARTESIAN_POINT('',(13.350670005398,-3.076472816469,
    0.740282583346));
#3246 = CARTESIAN_POINT('',(13.369897316627,-2.991808878298,
    0.741290710014));
#3247 = CARTESIAN_POINT('',(13.388498093213,-2.907005470972,
    0.742298815179));
#3248 = CARTESIAN_POINT('',(13.406471126515,-2.822068194828,
    0.743306900106));
#3249 = CARTESIAN_POINT('',(13.445028816664,-2.632959387984,
    0.745547927637));
#3250 = CARTESIAN_POINT('',(13.465301568054,-2.528724254202,
    0.746780860897));
#3251 = CARTESIAN_POINT('',(13.484631421285,-2.424307557474,
    0.748013768569));
#3252 = CARTESIAN_POINT('',(13.503016415859,-2.319719641406,
    0.749246653548));
#3253 = CARTESIAN_POINT('',(13.520454732447,-2.214970906981,
    0.750479519038));
#3254 = CARTESIAN_POINT('',(13.536944692883,-2.11007181256,
    0.751712368553));
#3255 = CARTESIAN_POINT('',(13.571467649477,-1.876723098329,
    0.754451172061));
#3256 = CARTESIAN_POINT('',(13.589033141998,-1.748204665311,
    0.755957119972));
#3257 = CARTESIAN_POINT('',(13.605178428124,-1.619496734711,
    0.75746305667));
#3258 = CARTESIAN_POINT('',(13.619901037374,-1.490618629202,
    0.758968989685));
#3259 = CARTESIAN_POINT('',(13.63319883839,-1.361589834248,
    0.760474927051));
#3260 = CARTESIAN_POINT('',(13.645070038943,-1.232429998103,
    0.761980877311));
#3261 = CARTESIAN_POINT('',(13.668219118606,-0.945877849126,
    0.765319130674));
#3262 = CARTESIAN_POINT('',(13.678811138282,-0.78843216465,
    0.767151443864));
#3263 = CARTESIAN_POINT('',(13.687286588276,-0.630857537121,
    0.768983805593));
#3264 = CARTESIAN_POINT('',(13.693643681681,-0.473190117524,
    0.770816232483));
#3265 = CARTESIAN_POINT('',(13.697881501371,-0.3154665491,0.772648741272
    ));
#3266 = CARTESIAN_POINT('',(13.7,-0.157723967343,0.774481348815));
#3267 = CARTESIAN_POINT('',(13.7,-1.7763568394E-15,0.776314072081));
#3268 = PCURVE('',#1668,#3269);
#3269 = DEFINITIONAL_REPRESENTATION('',(#3270),#3321);
#3270 = B_SPLINE_CURVE_WITH_KNOTS('',7,(#3271,#3272,#3273,#3274,#3275,
    #3276,#3277,#3278,#3279,#3280,#3281,#3282,#3283,#3284,#3285,#3286,
    #3287,#3288,#3289,#3290,#3291,#3292,#3293,#3294,#3295,#3296,#3297,
    #3298,#3299,#3300,#3301,#3302,#3303,#3304,#3305,#3306,#3307,#3308,
    #3309,#3310,#3311,#3312,#3313,#3314,#3315,#3316,#3317,#3318,#3319,
    #3320),.UNSPECIFIED.,.F.,.F.,(8,6,6,6,6,6,6,6,8),(0.,0.3494992906,
    0.720305374683,0.745330007841,0.778370326942,0.818412126299,
    0.867387083685,0.92721219111,1.),.UNSPECIFIED.);
#3271 = CARTESIAN_POINT('',(5.175410040972,0.5999977));
#3272 = CARTESIAN_POINT('',(5.230720756331,0.608797845641));
#3273 = CARTESIAN_POINT('',(5.286033961441,0.61759891965));
#3274 = CARTESIAN_POINT('',(5.341345361664,0.626400629408));
#3275 = CARTESIAN_POINT('',(5.396655639156,0.635203452631));
#3276 = CARTESIAN_POINT('',(5.451967116756,0.644007939917));
#3277 = CARTESIAN_POINT('',(5.507280402498,0.652814086512));
#3278 = CARTESIAN_POINT('',(5.62127357037,0.670964348882));
#3279 = CARTESIAN_POINT('',(5.679959378957,0.680309530965));
#3280 = CARTESIAN_POINT('',(5.73864200034,0.689654817124));
#3281 = CARTESIAN_POINT('',(5.797322584104,0.698999557106));
#3282 = CARTESIAN_POINT('',(5.856003816384,0.708343031652));
#3283 = CARTESIAN_POINT('',(5.914687524113,0.717684429039));
#3284 = CARTESIAN_POINT('',(5.977329189984,0.727653178935));
#3285 = CARTESIAN_POINT('',(5.981289434375,0.728283397945));
#3286 = CARTESIAN_POINT('',(5.985249683166,0.728913606188));
#3287 = CARTESIAN_POINT('',(5.989209936512,0.7295438037));
#3288 = CARTESIAN_POINT('',(5.993170194538,0.730173990532));
#3289 = CARTESIAN_POINT('',(5.997130457341,0.730804166757));
#3290 = CARTESIAN_POINT('',(6.006319513204,0.732266347706));
#3291 = CARTESIAN_POINT('',(6.011548309845,0.733098344616));
#3292 = CARTESIAN_POINT('',(6.016777115091,0.733930323406));
#3293 = CARTESIAN_POINT('',(6.022005928962,0.734762284352));
#3294 = CARTESIAN_POINT('',(6.027234751321,0.735594227793));
#3295 = CARTESIAN_POINT('',(6.032463581873,0.736426154131));
#3296 = CARTESIAN_POINT('',(6.04402928674,0.73826626116));
#3297 = CARTESIAN_POINT('',(6.050366164594,0.739274434054));
#3298 = CARTESIAN_POINT('',(6.056703052982,0.740282583346));
#3299 = CARTESIAN_POINT('',(6.063039950553,0.741290710014));
#3300 = CARTESIAN_POINT('',(6.069376855352,0.742298815179));
#3301 = CARTESIAN_POINT('',(6.07571376482,0.743306900106));
#3302 = CARTESIAN_POINT('',(6.089801325104,0.745547927637));
#3303 = CARTESIAN_POINT('',(6.097551976364,0.746780860897));
#3304 = CARTESIAN_POINT('',(6.105302623977,0.748013768569));
#3305 = CARTESIAN_POINT('',(6.113053259991,0.749246653548));
#3306 = CARTESIAN_POINT('',(6.120803874096,0.750479519038));
#3307 = CARTESIAN_POINT('',(6.128554453625,0.751712368553));
#3308 = CARTESIAN_POINT('',(6.145772603533,0.754451172061));
#3309 = CARTESIAN_POINT('',(6.155240148048,0.755957119972));
#3310 = CARTESIAN_POINT('',(6.164707590533,0.75746305667));
#3311 = CARTESIAN_POINT('',(6.174174895202,0.758968989685));
#3312 = CARTESIAN_POINT('',(6.183642017046,0.760474927051));
#3313 = CARTESIAN_POINT('',(6.19310890183,0.761980877311));
#3314 = CARTESIAN_POINT('',(6.214093257751,0.765319130674));
#3315 = CARTESIAN_POINT('',(6.225610579256,0.767151443864));
#3316 = CARTESIAN_POINT('',(6.23712733911,0.768983805593));
#3317 = CARTESIAN_POINT('',(6.248643390817,0.770816232483));
#3318 = CARTESIAN_POINT('',(6.260158552886,0.772648741272));
#3319 = CARTESIAN_POINT('',(6.271672608833,0.774481348815));
#3320 = CARTESIAN_POINT('',(6.28318530718,0.776314072081));
#3321 = ( GEOMETRIC_REPRESENTATION_CONTEXT(2) 
PARAMETRIC_REPRESENTATION_CONTEXT() REPRESENTATION_CONTEXT('2D SPACE',''
  ) );
#3322 = PCURVE('',#3323,#3346);
#3323 = ( BOUNDED_SURFACE() B_SPLINE_SURFACE(1,6,(
    (#3324,#3325,#3326,#3327,#3328,#3329,#3330,#3331,#3332,#3333,#3334)
    ,(#3335,#3336,#3337,#3338,#3339,#3340,#3341,#3342,#3343,#3344,#3345
)),.UNSPECIFIED.,.F.,.F.,.F.) B_SPLINE_SURFACE_WITH_KNOTS((2,2),(7,4,7),
(5.,6.),(0.,0.5,1.),.UNSPECIFIED.) GEOMETRIC_REPRESENTATION_ITEM() 
RATIONAL_B_SPLINE_SURFACE((
    (1.,1.,1.,1.,1.,1.,1.,1.,1.,1.,1.)
,(1.,1.,1.,1.,1.,1.,1.,1.,1.,1.,1.
  ))) REPRESENTATION_ITEM('') SURFACE() );
#3324 = CARTESIAN_POINT('',(13.75,1.7763568394E-15,-0.223685927919));
#3325 = CARTESIAN_POINT('',(13.701445579737,7.197831642732,
    -0.140352594585));
#3326 = CARTESIAN_POINT('',(9.369136897326,14.395663285458,
    -5.701926126087E-02));
#3327 = CARTESIAN_POINT('',(-8.16321190679E-02,18.087075014382,
    2.631407208486E-02));
#3328 = CARTESIAN_POINT('',(-9.244513885317,14.39566328546,
    0.109647405419));
#3329 = CARTESIAN_POINT('',(-18.25548611468,5.06771514457E-13,
    0.276314072081));
#3330 = CARTESIAN_POINT('',(-9.244513885318,-14.39566328546,
    0.442980738744));
#3331 = CARTESIAN_POINT('',(-8.163211906721E-02,-18.08707501438,
    0.526314072078));
#3332 = CARTESIAN_POINT('',(9.369136897325,-14.39566328546,
    0.609647405424));
#3333 = CARTESIAN_POINT('',(13.701445579738,-7.197831642731,
    0.692980738748));
#3334 = CARTESIAN_POINT('',(13.75,7.004474440531E-15,0.776314072081));
#3335 = CARTESIAN_POINT('',(13.55,-2.654869934928E-14,-0.223685927919));
#3336 = CARTESIAN_POINT('',(13.5021518258,7.093135909732,-0.140352594585
    ));
#3337 = CARTESIAN_POINT('',(9.232858542578,14.186271819459,
    -5.701926126087E-02));
#3338 = CARTESIAN_POINT('',(-8.044474287552E-02,17.823990286951,
    2.631407208486E-02));
#3339 = CARTESIAN_POINT('',(-9.110048228796,14.18627181946,
    0.109647405419));
#3340 = CARTESIAN_POINT('',(-17.9899517712,5.76792424008E-13,
    0.276314072081));
#3341 = CARTESIAN_POINT('',(-9.110048228796,-14.18627181946,
    0.442980738744));
#3342 = CARTESIAN_POINT('',(-8.044474287486E-02,-17.82399028694,
    0.526314072078));
#3343 = CARTESIAN_POINT('',(9.232858542577,-14.18627181946,
    0.609647405424));
#3344 = CARTESIAN_POINT('',(13.5021518258,-7.093135909731,0.692980738748
    ));
#3345 = CARTESIAN_POINT('',(13.55,-1.91203607252E-14,0.776314072081));
#3346 = DEFINITIONAL_REPRESENTATION('',(#3347),#3398);
#3347 = B_SPLINE_CURVE_WITH_KNOTS('',7,(#3348,#3349,#3350,#3351,#3352,
    #3353,#3354,#3355,#3356,#3357,#3358,#3359,#3360,#3361,#3362,#3363,
    #3364,#3365,#3366,#3367,#3368,#3369,#3370,#3371,#3372,#3373,#3374,
    #3375,#3376,#3377,#3378,#3379,#3380,#3381,#3382,#3383,#3384,#3385,
    #3386,#3387,#3388,#3389,#3390,#3391,#3392,#3393,#3394,#3395,#3396,
    #3397),.UNSPECIFIED.,.F.,.F.,(8,6,6,6,6,6,6,6,8),(0.,0.3494992906,
    0.720305374683,0.745330007841,0.778370326942,0.818412126299,
    0.867387083685,0.92721219111,1.),.UNSPECIFIED.);
#3348 = CARTESIAN_POINT('',(5.252782095266,0.823683627917));
#3349 = CARTESIAN_POINT('',(5.253983166966,0.832483773557));
#3350 = CARTESIAN_POINT('',(5.255244556472,0.841284847566));
#3351 = CARTESIAN_POINT('',(5.256401974811,0.850086557325));
#3352 = CARTESIAN_POINT('',(5.257213754936,0.858889380548));
#3353 = CARTESIAN_POINT('',(5.257367944067,0.867693867833));
#3354 = CARTESIAN_POINT('',(5.256557470013,0.876500014428));
#3355 = CARTESIAN_POINT('',(5.252571383575,0.894650276799));
#3356 = CARTESIAN_POINT('',(5.249254499345,0.903995458881));
#3357 = CARTESIAN_POINT('',(5.244482147372,0.913340745041));
#3358 = CARTESIAN_POINT('',(5.238253828575,0.922685485023));
#3359 = CARTESIAN_POINT('',(5.23093893245,0.93202895957));
#3360 = CARTESIAN_POINT('',(5.223573878629,0.941370356957));
#3361 = CARTESIAN_POINT('',(5.217683634534,0.951339106853));
#3362 = CARTESIAN_POINT('',(5.217319661588,0.951969325862));
#3363 = CARTESIAN_POINT('',(5.216964682801,0.952599534106));
#3364 = CARTESIAN_POINT('',(5.21661929907,0.953229731618));
#3365 = CARTESIAN_POINT('',(5.216284129519,0.95385991845));
#3366 = CARTESIAN_POINT('',(5.215959811497,0.954490094675));
#3367 = CARTESIAN_POINT('',(5.215233992629,0.955952275624));
#3368 = CARTESIAN_POINT('',(5.21484104481,0.956784272533));
#3369 = CARTESIAN_POINT('',(5.214469665589,0.957616251324));
#3370 = CARTESIAN_POINT('',(5.214121421361,0.95844821227));
#3371 = CARTESIAN_POINT('',(5.213797936453,0.959280155711));
#3372 = CARTESIAN_POINT('',(5.213500893123,0.960112082049));
#3373 = CARTESIAN_POINT('',(5.212906196306,0.961952189078));
#3374 = CARTESIAN_POINT('',(5.212621753764,0.962960361972));
#3375 = CARTESIAN_POINT('',(5.212381800939,0.963968511264));
#3376 = CARTESIAN_POINT('',(5.212189565619,0.964976637932));
#3377 = CARTESIAN_POINT('',(5.21204840637,0.965984743097));
#3378 = CARTESIAN_POINT('',(5.211961812541,0.966992828024));
#3379 = CARTESIAN_POINT('',(5.211898658204,0.969233855555));
#3380 = CARTESIAN_POINT('',(5.211950958608,0.970466788815));
#3381 = CARTESIAN_POINT('',(5.212096929123,0.971699696487));
#3382 = CARTESIAN_POINT('',(5.21234349736,0.972932581466));
#3383 = CARTESIAN_POINT('',(5.212697894891,0.974165446956));
#3384 = CARTESIAN_POINT('',(5.213167657247,0.975398296472));
#3385 = CARTESIAN_POINT('',(5.214484959308,0.97813709998));
#3386 = CARTESIAN_POINT('',(5.215393139062,0.97964304789));
#3387 = CARTESIAN_POINT('',(5.216499457638,0.981148984589));
#3388 = CARTESIAN_POINT('',(5.217818897568,0.982654917603));
#3389 = CARTESIAN_POINT('',(5.219367129469,0.984160854969));
#3390 = CARTESIAN_POINT('',(5.221160512036,0.98566680523));
#3391 = CARTESIAN_POINT('',(5.225717068157,0.989005058592));
#3392 = CARTESIAN_POINT('',(5.228606156078,0.990837371782));
#3393 = CARTESIAN_POINT('',(5.231914095294,0.992669733511));
#3394 = CARTESIAN_POINT('',(5.23567307801,0.994502160401));
#3395 = CARTESIAN_POINT('',(5.239916749151,0.99633466919));
#3396 = CARTESIAN_POINT('',(5.244680206361,0.998167276733));
#3397 = CARTESIAN_POINT('',(5.25,1.));
#3398 = ( GEOMETRIC_REPRESENTATION_CONTEXT(2) 
PARAMETRIC_REPRESENTATION_CONTEXT() REPRESENTATION_CONTEXT('2D SPACE',''
  ) );
#3399 = ORIENTED_EDGE('',*,*,#3400,.F.);
#3400 = EDGE_CURVE('',#3401,#3214,#3403,.T.);
#3401 = VERTEX_POINT('',#3402);
#3402 = CARTESIAN_POINT('',(6.119332447009,12.257396558935,0.6000001));
#3403 = SURFACE_CURVE('',#3404,(#3409,#3416),.PCURVE_S1.);
#3404 = CIRCLE('',#3405,13.7);
#3405 = AXIS2_PLACEMENT_3D('',#3406,#3407,#3408);
#3406 = CARTESIAN_POINT('',(0.,0.,0.6000001));
#3407 = DIRECTION('',(0.,0.,1.));
#3408 = DIRECTION('',(1.,0.,-0.));
#3409 = PCURVE('',#1668,#3410);
#3410 = DEFINITIONAL_REPRESENTATION('',(#3411),#3415);
#3411 = LINE('',#3412,#3413);
#3412 = CARTESIAN_POINT('',(0.,0.6000001));
#3413 = VECTOR('',#3414,1.);
#3414 = DIRECTION('',(1.,0.));
#3415 = ( GEOMETRIC_REPRESENTATION_CONTEXT(2) 
PARAMETRIC_REPRESENTATION_CONTEXT() REPRESENTATION_CONTEXT('2D SPACE',''
  ) );
#3416 = PCURVE('',#3417,#3422);
#3417 = PLANE('',#3418);
#3418 = AXIS2_PLACEMENT_3D('',#3419,#3420,#3421);
#3419 = CARTESIAN_POINT('',(-1.147421969825E-15,1.811588507301E-16,
    0.6000001));
#3420 = DIRECTION('',(0.,0.,1.));
#3421 = DIRECTION('',(1.,0.,-0.));
#3422 = DEFINITIONAL_REPRESENTATION('',(#3423),#3427);
#3423 = CIRCLE('',#3424,13.7);
#3424 = AXIS2_PLACEMENT_2D('',#3425,#3426);
#3425 = CARTESIAN_POINT('',(1.147421969825E-15,-1.811588507301E-16));
#3426 = DIRECTION('',(1.,0.));
#3427 = ( GEOMETRIC_REPRESENTATION_CONTEXT(2) 
PARAMETRIC_REPRESENTATION_CONTEXT() REPRESENTATION_CONTEXT('2D SPACE',''
  ) );
#3428 = ORIENTED_EDGE('',*,*,#3429,.T.);
#3429 = EDGE_CURVE('',#3401,#1653,#3430,.T.);
#3430 = SURFACE_CURVE('',#3431,(#3530,#3632),.PCURVE_S1.);
#3431 = B_SPLINE_CURVE_WITH_KNOTS('',7,(#3432,#3433,#3434,#3435,#3436,
    #3437,#3438,#3439,#3440,#3441,#3442,#3443,#3444,#3445,#3446,#3447,
    #3448,#3449,#3450,#3451,#3452,#3453,#3454,#3455,#3456,#3457,#3458,
    #3459,#3460,#3461,#3462,#3463,#3464,#3465,#3466,#3467,#3468,#3469,
    #3470,#3471,#3472,#3473,#3474,#3475,#3476,#3477,#3478,#3479,#3480,
    #3481,#3482,#3483,#3484,#3485,#3486,#3487,#3488,#3489,#3490,#3491,
    #3492,#3493,#3494,#3495,#3496,#3497,#3498,#3499,#3500,#3501,#3502,
    #3503,#3504,#3505,#3506,#3507,#3508,#3509,#3510,#3511,#3512,#3513,
    #3514,#3515,#3516,#3517,#3518,#3519,#3520,#3521,#3522,#3523,#3524,
    #3525,#3526,#3527,#3528,#3529),.UNSPECIFIED.,.F.,.F.,(8,6,6,6,6,6,6,
    6,6,6,6,6,6,6,6,6,8),(0.,6.935750247444E-02,0.150978178105,
    0.227741138318,0.333012164008,0.369885363647,0.392881784742,
    0.446356424706,0.558672303971,0.635685023331,0.717509797625,
    0.791051622058,0.840345694177,0.873303667339,0.92020565328,
    0.983760931385,1.),.UNSPECIFIED.);
#3432 = CARTESIAN_POINT('',(6.119517342895,12.257304250528,0.5999977));
#3433 = CARTESIAN_POINT('',(5.490980960689,12.571104023539,
    0.608156307714));
#3434 = CARTESIAN_POINT('',(4.843650070349,12.847312340367,
    0.616314735134));
#3435 = CARTESIAN_POINT('',(4.180259358079,13.084558269938,
    0.624472822323));
#3436 = CARTESIAN_POINT('',(3.503626425637,13.28174823492,0.632630990213
    ));
#3437 = CARTESIAN_POINT('',(2.816642745008,13.438039509734,
    0.640789782121));
#3438 = CARTESIAN_POINT('',(2.122272436477,13.552840627377,0.64894944853
    ));
#3439 = CARTESIAN_POINT('',(0.601305021224,13.711743628036,
    0.666712502384));
#3440 = CARTESIAN_POINT('',(-0.22705004568,13.7397651531,0.676317064716)
  );
#3441 = CARTESIAN_POINT('',(-1.056522538127,13.709369411808,
    0.68592230497));
#3442 = CARTESIAN_POINT('',(-1.882183926144,13.620588572429,
    0.695528267261));
#3443 = CARTESIAN_POINT('',(-2.699156792229,13.473947101919,
    0.705135206473));
#3444 = CARTESIAN_POINT('',(-3.502618513807,13.270461354498,
    0.714742861906));
#3445 = CARTESIAN_POINT('',(-5.026275619959,12.768363231676,
    0.733384964434));
#3446 = CARTESIAN_POINT('',(-5.748663250246,12.476105977956,
    0.74242049365));
#3447 = CARTESIAN_POINT('',(-6.451021416713,12.136234140764,
    0.75145528347));
#3448 = CARTESIAN_POINT('',(-7.129610391655,11.750426040581,
    0.760489167085));
#3449 = CARTESIAN_POINT('',(-7.780881880128,11.320699044051,
    0.769522411069));
#3450 = CARTESIAN_POINT('',(-8.401481146422,10.849408335171,
    0.778555146644));
#3451 = CARTESIAN_POINT('',(-9.792989590928,9.639725726339,
    0.799972446567));
#3452 = CARTESIAN_POINT('',(-10.53432473995,8.866966752287,
    0.812359042508));
#3453 = CARTESIAN_POINT('',(-11.20402361725,8.028112996912,0.82474295335
    ));
#3454 = CARTESIAN_POINT('',(-11.7951949485,7.131207323282,0.837126037932
    ));
#3455 = CARTESIAN_POINT('',(-12.30205589857,6.18502365138,0.849510852506
    ));
#3456 = CARTESIAN_POINT('',(-12.71993220276,5.199065480698,
    0.861898969225));
#3457 = CARTESIAN_POINT('',(-13.15960987311,3.828075179174,
    0.878625230547));
#3458 = CARTESIAN_POINT('',(-13.26235418831,3.468802199969,
    0.882964326206));
#3459 = CARTESIAN_POINT('',(-13.35364844131,3.106334089481,
    0.887303584128));
#3460 = CARTESIAN_POINT('',(-13.43337484782,2.741108945116,
    0.891642991609));
#3461 = CARTESIAN_POINT('',(-13.50143677587,2.37356947884,0.895982535798
    ));
#3462 = CARTESIAN_POINT('',(-13.55775874752,2.004162972682,
    0.900322191265));
#3463 = CARTESIAN_POINT('',(-13.63005667999,1.402073730132,
    0.907368424598));
#3464 = CARTESIAN_POINT('',(-13.65323955337,1.170255295085,
    0.910074970908));
#3465 = CARTESIAN_POINT('',(-13.67182193658,0.937995265933,
    0.912781537659));
#3466 = CARTESIAN_POINT('',(-13.68579396896,0.705403187744,
    0.915488118008));
#3467 = CARTESIAN_POINT('',(-13.69514905515,0.472588811616,
    0.918194706505));
#3468 = CARTESIAN_POINT('',(-13.69988386701,0.239662092475,
    0.920901298495));
#3469 = CARTESIAN_POINT('',(-13.70026454731,-0.534907154121,
    0.929901650661));
#3470 = CARTESIAN_POINT('',(-13.67554753783,-1.076566106485,
    0.936195485382));
#3471 = CARTESIAN_POINT('',(-13.62584559587,-1.616849567096,
    0.942489236333));
#3472 = CARTESIAN_POINT('',(-13.55125572877,-2.154376712919,
    0.948782818132));
#3473 = CARTESIAN_POINT('',(-13.45196776954,-2.687779453632,
    0.955076192262));
#3474 = CARTESIAN_POINT('',(-13.32826435127,-3.215702688553,0.9613693054
    ));
#3475 = CARTESIAN_POINT('',(-12.87022494865,-4.831307465506,
    0.980878883178));
#3476 = CARTESIAN_POINT('',(-12.45381712897,-5.895997532859,
    0.994097236701));
#3477 = CARTESIAN_POINT('',(-11.93484357142,-6.918074198625,
    1.007311261916));
#3478 = CARTESIAN_POINT('',(-11.31871953246,-7.885862786283,
    1.020522952652));
#3479 = CARTESIAN_POINT('',(-10.61229510235,-8.788602995706,
    1.033735602415));
#3480 = CARTESIAN_POINT('',(-9.823856761892,-9.616447356085,
    1.046951741119));
#3481 = CARTESIAN_POINT('',(-8.3735801416,-10.87113804717,1.069227351006
    ));
#3482 = CARTESIAN_POINT('',(-7.749721622845,-11.34234406005,
    1.078289513382));
#3483 = CARTESIAN_POINT('',(-7.095101400244,-11.77163266364,
    1.087352186483));
#3484 = CARTESIAN_POINT('',(-6.413113738764,-12.15663487207,
    1.096415497899));
#3485 = CARTESIAN_POINT('',(-5.707347826767,-12.49532450287,
    1.105479714818));
#3486 = CARTESIAN_POINT('',(-4.981585564793,-12.78601939961,
    1.114544667324));
#3487 = CARTESIAN_POINT('',(-3.451716455483,-13.28392100522,
    1.13324020392));
#3488 = CARTESIAN_POINT('',(-2.645453346622,-13.48480685136,
    1.14287188141));
#3489 = CARTESIAN_POINT('',(-1.825834094483,-13.62851003909,
    1.152502817097));
#3490 = CARTESIAN_POINT('',(-0.997721730793,-13.71402593815,
    1.162132750345));
#3491 = CARTESIAN_POINT('',(-0.166032483161,-13.74084686687,
    1.171761946899));
#3492 = CARTESIAN_POINT('',(0.66426797868,-13.70896247355,1.181390462244
    ));
#3493 = CARTESIAN_POINT('',(2.228652267974,-13.53801995041,
    1.199669704145));
#3494 = CARTESIAN_POINT('',(2.96404307537,-13.41012930856,1.208321617111
    ));
#3495 = CARTESIAN_POINT('',(3.690700376217,-13.23565239739,
    1.216972520064));
#3496 = CARTESIAN_POINT('',(4.405097645667,-13.01533239041,
    1.225622737939));
#3497 = CARTESIAN_POINT('',(5.103804606982,-12.75022727611,
    1.234272976337));
#3498 = CARTESIAN_POINT('',(5.783489011818,-12.44170923548,
    1.242923761333));
#3499 = CARTESIAN_POINT('',(6.881603732261,-11.85676287224,
    1.257373504759));
#3500 = CARTESIAN_POINT('',(7.312300314312,-11.60328471819,1.26317252806
    ));
#3501 = CARTESIAN_POINT('',(7.732056922389,-11.33157968624,
    1.268971913285));
#3502 = CARTESIAN_POINT('',(8.139951804419,-11.04221841981,
    1.274771772534));
#3503 = CARTESIAN_POINT('',(8.535102336786,-10.73582699864,
    1.280572221556));
#3504 = CARTESIAN_POINT('',(8.916665151339,-10.41308689942,
    1.286373298846));
#3505 = CARTESIAN_POINT('',(9.529330089874,-9.848518143139,
    1.296053826205));
#3506 = CARTESIAN_POINT('',(9.768391126956,-9.615319070955,
    1.299933022026));
#3507 = CARTESIAN_POINT('',(10.000782625565,-9.375360911891,
    1.30381245557));
#3508 = CARTESIAN_POINT('',(10.226275876743,-9.128873225544,
    1.307692108435));
#3509 = CARTESIAN_POINT('',(10.444652358534,-8.876094940946,
    1.311571955561));
#3510 = CARTESIAN_POINT('',(10.655703758544,-8.617274343384,
    1.315451956601));
#3511 = CARTESIAN_POINT('',(11.14886990925,-7.976113343937,1.32485374482
    ));
#3512 = CARTESIAN_POINT('',(11.423274884136,-7.587838854578,
    1.330375677189));
#3513 = CARTESIAN_POINT('',(11.68187442226,-7.188590742237,
    1.335897629998));
#3514 = CARTESIAN_POINT('',(11.924145244668,-6.779142980933,
    1.341419421316));
#3515 = CARTESIAN_POINT('',(12.149613206995,-6.360297946885,
    1.346940881035));
#3516 = CARTESIAN_POINT('',(12.357853214098,-5.932885995794,
    1.352461830205));
#3517 = CARTESIAN_POINT('',(12.806813355028,-4.908147504926,
    1.365462335623));
#3518 = CARTESIAN_POINT('',(13.032815698203,-4.304369213223,
    1.372941363967));
#3519 = CARTESIAN_POINT('',(13.225565786889,-3.688553462603,
    1.380418796032));
#3520 = CARTESIAN_POINT('',(13.384311629669,-3.062890377993,
    1.387894552924));
#3521 = CARTESIAN_POINT('',(13.508473816363,-2.42963459588,
    1.395368867571));
#3522 = CARTESIAN_POINT('',(13.597656257706,-1.791107014033,
    1.402842429887));
#3523 = CARTESIAN_POINT('',(13.665475457722,-0.98581425509,
    1.412226377119));
#3524 = CARTESIAN_POINT('',(13.676981613824,-0.821740951813,
    1.414136148939));
#3525 = CARTESIAN_POINT('',(13.686188775442,-0.657520965328,
    1.416045970083));
#3526 = CARTESIAN_POINT('',(13.693094802266,-0.493195148168,
    1.417955859486));
#3527 = CARTESIAN_POINT('',(13.697698575927,-0.328804937001,
    1.419865836172));
#3528 = CARTESIAN_POINT('',(13.7,-0.164392352632,1.421775919251));
#3529 = CARTESIAN_POINT('',(13.7,-1.7763568394E-15,1.423686127919));
#3530 = PCURVE('',#1668,#3531);
#3531 = DEFINITIONAL_REPRESENTATION('',(#3532),#3631);
#3532 = B_SPLINE_CURVE_WITH_KNOTS('',7,(#3533,#3534,#3535,#3536,#3537,
    #3538,#3539,#3540,#3541,#3542,#3543,#3544,#3545,#3546,#3547,#3548,
    #3549,#3550,#3551,#3552,#3553,#3554,#3555,#3556,#3557,#3558,#3559,
    #3560,#3561,#3562,#3563,#3564,#3565,#3566,#3567,#3568,#3569,#3570,
    #3571,#3572,#3573,#3574,#3575,#3576,#3577,#3578,#3579,#3580,#3581,
    #3582,#3583,#3584,#3585,#3586,#3587,#3588,#3589,#3590,#3591,#3592,
    #3593,#3594,#3595,#3596,#3597,#3598,#3599,#3600,#3601,#3602,#3603,
    #3604,#3605,#3606,#3607,#3608,#3609,#3610,#3611,#3612,#3613,#3614,
    #3615,#3616,#3617,#3618,#3619,#3620,#3621,#3622,#3623,#3624,#3625,
    #3626,#3627,#3628,#3629,#3630),.UNSPECIFIED.,.F.,.F.,(8,6,6,6,6,6,6,
    6,6,6,6,6,6,6,6,6,8),(0.,6.935750247444E-02,0.150978178105,
    0.227741138318,0.333012164008,0.369885363647,0.392881784742,
    0.446356424706,0.558672303971,0.635685023331,0.717509797625,
    0.791051622058,0.840345694177,0.873303667339,0.92020565328,
    0.983760931385,1.),.UNSPECIFIED.);
#3533 = CARTESIAN_POINT('',(1.107745097226,0.5999977));
#3534 = CARTESIAN_POINT('',(1.159023614048,0.608156307714));
#3535 = CARTESIAN_POINT('',(1.210303867294,0.616314735134));
#3536 = CARTESIAN_POINT('',(1.261582873593,0.624472822323));
#3537 = CARTESIAN_POINT('',(1.312861094081,0.632630990213));
#3538 = CARTESIAN_POINT('',(1.36414013452,0.640789782121));
#3539 = CARTESIAN_POINT('',(1.415420444824,0.64894944853));
#3540 = CARTESIAN_POINT('',(1.527044209738,0.666712502384));
#3541 = CARTESIAN_POINT('',(1.587393269301,0.676317064716));
#3542 = CARTESIAN_POINT('',(1.647739490768,0.68592230497));
#3543 = CARTESIAN_POINT('',(1.708083903871,0.695528267261));
#3544 = CARTESIAN_POINT('',(1.768430119681,0.705135206473));
#3545 = CARTESIAN_POINT('',(1.828779173295,0.714742861906));
#3546 = CARTESIAN_POINT('',(1.945878064687,0.733384964434));
#3547 = CARTESIAN_POINT('',(2.002634628237,0.74242049365));
#3548 = CARTESIAN_POINT('',(2.059389103112,0.75145528347));
#3549 = CARTESIAN_POINT('',(2.116142245291,0.760489167085));
#3550 = CARTESIAN_POINT('',(2.17289671943,0.769522411069));
#3551 = CARTESIAN_POINT('',(2.229653291756,0.778555146644));
#3552 = CARTESIAN_POINT('',(2.364237813827,0.799972446567));
#3553 = CARTESIAN_POINT('',(2.442082396765,0.812359042508));
#3554 = CARTESIAN_POINT('',(2.519916007204,0.82474295335));
#3555 = CARTESIAN_POINT('',(2.597745180551,0.837126037932));
#3556 = CARTESIAN_POINT('',(2.675578769825,0.849510852506));
#3557 = CARTESIAN_POINT('',(2.753423348695,0.861898969225));
#3558 = CARTESIAN_POINT('',(2.858515877251,0.878625230547));
#3559 = CARTESIAN_POINT('',(2.885777684697,0.882964326206));
#3560 = CARTESIAN_POINT('',(2.913039436665,0.887303584128));
#3561 = CARTESIAN_POINT('',(2.940301150467,0.891642991609));
#3562 = CARTESIAN_POINT('',(2.967562893998,0.895982535798));
#3563 = CARTESIAN_POINT('',(2.994824688142,0.900322191265));
#3564 = CARTESIAN_POINT('',(3.039088514314,0.907368424598));
#3565 = CARTESIAN_POINT('',(3.056090625776,0.910074970908));
#3566 = CARTESIAN_POINT('',(3.073092733014,0.912781537659));
#3567 = CARTESIAN_POINT('',(3.090094838821,0.915488118008));
#3568 = CARTESIAN_POINT('',(3.107096950014,0.918194706505));
#3569 = CARTESIAN_POINT('',(3.124099068124,0.920901298495));
#3570 = CARTESIAN_POINT('',(3.180636976164,0.929901650661));
#3571 = CARTESIAN_POINT('',(3.220173232301,0.936195485382));
#3572 = CARTESIAN_POINT('',(3.259709137267,0.942489236333));
#3573 = CARTESIAN_POINT('',(3.299244822395,0.948782818132));
#3574 = CARTESIAN_POINT('',(3.338780732789,0.955076192262));
#3575 = CARTESIAN_POINT('',(3.378316997424,0.9613693054));
#3576 = CARTESIAN_POINT('',(3.500892127121,0.980878883178));
#3577 = CARTESIAN_POINT('',(3.583950426515,0.994097236701));
#3578 = CARTESIAN_POINT('',(3.666993445472,1.007311261916));
#3579 = CARTESIAN_POINT('',(3.750030719736,1.020522952652));
#3580 = CARTESIAN_POINT('',(3.833073771377,1.033735602415));
#3581 = CARTESIAN_POINT('',(3.916132099774,1.046951741119));
#3582 = CARTESIAN_POINT('',(4.056109777863,1.069227351006));
#3583 = CARTESIAN_POINT('',(4.11305105075,1.078289513382));
#3584 = CARTESIAN_POINT('',(4.169990195359,1.087352186483));
#3585 = CARTESIAN_POINT('',(4.22692798271,1.096415497899));
#3586 = CARTESIAN_POINT('',(4.283867120409,1.105479714818));
#3587 = CARTESIAN_POINT('',(4.340808385156,1.114544667324));
#3588 = CARTESIAN_POINT('',(4.458242854556,1.13324020392));
#3589 = CARTESIAN_POINT('',(4.518742868318,1.14287188141));
#3590 = CARTESIAN_POINT('',(4.579240009687,1.152502817097));
#3591 = CARTESIAN_POINT('',(4.639735323613,1.162132750345));
#3592 = CARTESIAN_POINT('',(4.700232466817,1.171761946899));
#3593 = CARTESIAN_POINT('',(4.76073248695,1.181390462244));
#3594 = CARTESIAN_POINT('',(4.875600818564,1.199669704145));
#3595 = CARTESIAN_POINT('',(4.929975357883,1.208321617111));
#3596 = CARTESIAN_POINT('',(4.984348199104,1.216972520064));
#3597 = CARTESIAN_POINT('',(5.038719944567,1.225622737939));
#3598 = CARTESIAN_POINT('',(5.093092743449,1.234272976337));
#3599 = CARTESIAN_POINT('',(5.147467215446,1.242923761333));
#3600 = CARTESIAN_POINT('',(5.238284280411,1.257373504759));
#3601 = CARTESIAN_POINT('',(5.274729500706,1.26317252806));
#3602 = CARTESIAN_POINT('',(5.311174497993,1.268971913285));
#3603 = CARTESIAN_POINT('',(5.347619362671,1.274771772534));
#3604 = CARTESIAN_POINT('',(5.384064389672,1.280572221556));
#3605 = CARTESIAN_POINT('',(5.420509656108,1.286373298846));
#3606 = CARTESIAN_POINT('',(5.48132165355,1.296053826205));
#3607 = CARTESIAN_POINT('',(5.505688747258,1.299933022026));
#3608 = CARTESIAN_POINT('',(5.530055796826,1.30381245557));
#3609 = CARTESIAN_POINT('',(5.554422802086,1.307692108435));
#3610 = CARTESIAN_POINT('',(5.578789788762,1.311571955561));
#3611 = CARTESIAN_POINT('',(5.603156752512,1.315451956601));
#3612 = CARTESIAN_POINT('',(5.662199694006,1.32485374482));
#3613 = CARTESIAN_POINT('',(5.696875898163,1.330375677189));
#3614 = CARTESIAN_POINT('',(5.731551728629,1.335897629998));
#3615 = CARTESIAN_POINT('',(5.766227217376,1.341419421316));
#3616 = CARTESIAN_POINT('',(5.800902603405,1.346940881035));
#3617 = CARTESIAN_POINT('',(5.835578020992,1.352461830205));
#3618 = CARTESIAN_POINT('',(5.917240321518,1.365462335623));
#3619 = CARTESIAN_POINT('',(5.964227436678,1.372941363967));
#3620 = CARTESIAN_POINT('',(6.0112148035,1.380418796032));
#3621 = CARTESIAN_POINT('',(6.058203308096,1.387894552924));
#3622 = CARTESIAN_POINT('',(6.105193293715,1.395368867571));
#3623 = CARTESIAN_POINT('',(6.152183019973,1.402842429887));
#3624 = CARTESIAN_POINT('',(6.211171594579,1.412226377119));
#3625 = CARTESIAN_POINT('',(6.223175982167,1.414136148939));
#3626 = CARTESIAN_POINT('',(6.235179784075,1.416045970083));
#3627 = CARTESIAN_POINT('',(6.247182839974,1.417955859486));
#3628 = CARTESIAN_POINT('',(6.259184948126,1.419865836172));
#3629 = CARTESIAN_POINT('',(6.271185865382,1.421775919251));
#3630 = CARTESIAN_POINT('',(6.28318530718,1.423686127919));
#3631 = ( GEOMETRIC_REPRESENTATION_CONTEXT(2) 
PARAMETRIC_REPRESENTATION_CONTEXT() REPRESENTATION_CONTEXT('2D SPACE',''
  ) );
#3632 = PCURVE('',#2594,#3633);
#3633 = DEFINITIONAL_REPRESENTATION('',(#3634),#3733);
#3634 = B_SPLINE_CURVE_WITH_KNOTS('',7,(#3635,#3636,#3637,#3638,#3639,
    #3640,#3641,#3642,#3643,#3644,#3645,#3646,#3647,#3648,#3649,#3650,
    #3651,#3652,#3653,#3654,#3655,#3656,#3657,#3658,#3659,#3660,#3661,
    #3662,#3663,#3664,#3665,#3666,#3667,#3668,#3669,#3670,#3671,#3672,
    #3673,#3674,#3675,#3676,#3677,#3678,#3679,#3680,#3681,#3682,#3683,
    #3684,#3685,#3686,#3687,#3688,#3689,#3690,#3691,#3692,#3693,#3694,
    #3695,#3696,#3697,#3698,#3699,#3700,#3701,#3702,#3703,#3704,#3705,
    #3706,#3707,#3708,#3709,#3710,#3711,#3712,#3713,#3714,#3715,#3716,
    #3717,#3718,#3719,#3720,#3721,#3722,#3723,#3724,#3725,#3726,#3727,
    #3728,#3729,#3730,#3731,#3732),.UNSPECIFIED.,.F.,.F.,(8,6,6,6,6,6,6,
    6,6,6,6,6,6,6,6,6,8),(0.,6.935750247444E-02,0.150978178105,
    0.227741138318,0.333012164008,0.369885363647,0.392881784742,
    0.446356424706,0.558672303971,0.635685023331,0.717509797625,
    0.791051622058,0.840345694177,0.873303667339,0.92020565328,
    0.983760931385,1.),.UNSPECIFIED.);
#3635 = CARTESIAN_POINT('',(1.747217249608,0.176311572083));
#3636 = CARTESIAN_POINT('',(1.748330788219,0.184470179797));
#3637 = CARTESIAN_POINT('',(1.749392863572,0.192628607217));
#3638 = CARTESIAN_POINT('',(1.750272081218,0.200786694405));
#3639 = CARTESIAN_POINT('',(1.750898789449,0.208944862296));
#3640 = CARTESIAN_POINT('',(1.751266167109,0.217103654203));
#3641 = CARTESIAN_POINT('',(1.751414832349,0.225263320612));
#3642 = CARTESIAN_POINT('',(1.751384661729,0.243026374466));
#3643 = CARTESIAN_POINT('',(1.751143716321,0.252630936797));
#3644 = CARTESIAN_POINT('',(1.750769756185,0.262236177052));
#3645 = CARTESIAN_POINT('',(1.750394639208,0.271842139342));
#3646 = CARTESIAN_POINT('',(1.750121848752,0.281449078554));
#3647 = CARTESIAN_POINT('',(1.749994521276,0.291056733986));
#3648 = CARTESIAN_POINT('',(1.750005373682,0.309698836514));
#3649 = CARTESIAN_POINT('',(1.750128132055,0.31873436573));
#3650 = CARTESIAN_POINT('',(1.750359932054,0.32776915555));
#3651 = CARTESIAN_POINT('',(1.750646960164,0.336803039164));
#3652 = CARTESIAN_POINT('',(1.750907546489,0.345836283149));
#3653 = CARTESIAN_POINT('',(1.751061138586,0.354869018724));
#3654 = CARTESIAN_POINT('',(1.751079185659,0.376286318646));
#3655 = CARTESIAN_POINT('',(1.750814443707,0.388672914587));
#3656 = CARTESIAN_POINT('',(1.750171424804,0.40105682543));
#3657 = CARTESIAN_POINT('',(1.749171734996,0.413439910012));
#3658 = CARTESIAN_POINT('',(1.7481142115,0.425824724585));
#3659 = CARTESIAN_POINT('',(1.747530866086,0.438212841305));
#3660 = CARTESIAN_POINT('',(1.74754044215,0.454939102627));
#3661 = CARTESIAN_POINT('',(1.747615446151,0.459278198286));
#3662 = CARTESIAN_POINT('',(1.747767861083,0.463617456209));
#3663 = CARTESIAN_POINT('',(1.74799692997,0.467956863689));
#3664 = CARTESIAN_POINT('',(1.748292302249,0.472296407879));
#3665 = CARTESIAN_POINT('',(1.748630088186,0.476636063346));
#3666 = CARTESIAN_POINT('',(1.749180225705,0.483682296679));
#3667 = CARTESIAN_POINT('',(1.749391925123,0.48638884299));
#3668 = CARTESIAN_POINT('',(1.749593930668,0.489095409741));
#3669 = CARTESIAN_POINT('',(1.749773466519,0.49180199009));
#3670 = CARTESIAN_POINT('',(1.749914628445,0.494508578586));
#3671 = CARTESIAN_POINT('',(1.749997950342,0.497215170577));
#3672 = CARTESIAN_POINT('',(1.75000466896,0.506215522743));
#3673 = CARTESIAN_POINT('',(1.749564543302,0.512509357464));
#3674 = CARTESIAN_POINT('',(1.748976306577,0.518803108415));
#3675 = CARTESIAN_POINT('',(1.748419010028,0.525096690214));
#3676 = CARTESIAN_POINT('',(1.74798524869,0.531390064344));
#3677 = CARTESIAN_POINT('',(1.74770904059,0.537683177483));
#3678 = CARTESIAN_POINT('',(1.74734114975,0.557192755261));
#3679 = CARTESIAN_POINT('',(1.747786189365,0.570411108784));
#3680 = CARTESIAN_POINT('',(1.748926715807,0.583625133999));
#3681 = CARTESIAN_POINT('',(1.750065401223,0.596836824735));
#3682 = CARTESIAN_POINT('',(1.750795259493,0.610049474498));
#3683 = CARTESIAN_POINT('',(1.751087152514,0.623265613203));
#3684 = CARTESIAN_POINT('',(1.751055401769,0.64554122309));
#3685 = CARTESIAN_POINT('',(1.75089679317,0.654603385466));
#3686 = CARTESIAN_POINT('',(1.75063273986,0.663666058566));
#3687 = CARTESIAN_POINT('',(1.750345112423,0.672729369983));
#3688 = CARTESIAN_POINT('',(1.750116045138,0.681793586901));
#3689 = CARTESIAN_POINT('',(1.749998676057,0.690858539407));
#3690 = CARTESIAN_POINT('',(1.750001376478,0.709554076003));
#3691 = CARTESIAN_POINT('',(1.750136815107,0.719185753492));
#3692 = CARTESIAN_POINT('',(1.750417114513,0.72881668918));
#3693 = CARTESIAN_POINT('',(1.750796448821,0.738446622427));
#3694 = CARTESIAN_POINT('',(1.751168721477,0.74807581898));
#3695 = CARTESIAN_POINT('',(1.751400662484,0.757704334325));
#3696 = CARTESIAN_POINT('',(1.7514025459,0.775983576226));
#3697 = CARTESIAN_POINT('',(1.751216449107,0.784635489192));
#3698 = CARTESIAN_POINT('',(1.750777847727,0.793286392144));
#3699 = CARTESIAN_POINT('',(1.750041408254,0.801936610019));
#3700 = CARTESIAN_POINT('',(1.749026002864,0.810586848417));
#3701 = CARTESIAN_POINT('',(1.747833166193,0.819237633413));
#3702 = CARTESIAN_POINT('',(1.74584021369,0.833687376838));
#3703 = CARTESIAN_POINT('',(1.745040141034,0.83948640014));
#3704 = CARTESIAN_POINT('',(1.74429272,0.845285785364));
#3705 = CARTESIAN_POINT('',(1.743665081959,0.851085644614));
#3706 = CARTESIAN_POINT('',(1.743236411249,0.856886093636));
#3707 = CARTESIAN_POINT('',(1.743090345203,0.862687170925));
#3708 = CARTESIAN_POINT('',(1.743443346323,0.872367698285));
#3709 = CARTESIAN_POINT('',(1.743744691309,0.876246894105));
#3710 = CARTESIAN_POINT('',(1.744228216624,0.880126327649));
#3711 = CARTESIAN_POINT('',(1.744914772348,0.884005980514));
#3712 = CARTESIAN_POINT('',(1.745821538459,0.88788582764));
#3713 = CARTESIAN_POINT('',(1.74695978574,0.891765828681));
#3714 = CARTESIAN_POINT('',(1.750286319803,0.901167616899));
#3715 = CARTESIAN_POINT('',(1.75271514882,0.906689549269));
#3716 = CARTESIAN_POINT('',(1.75562740256,0.912211502077));
#3717 = CARTESIAN_POINT('',(1.758997745152,0.917733293396));
#3718 = CARTESIAN_POINT('',(1.762750032256,0.923254753115));
#3719 = CARTESIAN_POINT('',(1.766740117279,0.928775702285));
#3720 = CARTESIAN_POINT('',(1.776156942929,0.941776207703));
#3721 = CARTESIAN_POINT('',(1.781591038462,0.949255236047));
#3722 = CARTESIAN_POINT('',(1.786468574185,0.956732668113));
#3723 = CARTESIAN_POINT('',(1.789935475529,0.964208425005));
#3724 = CARTESIAN_POINT('',(1.790765562503,0.971682739652));
#3725 = CARTESIAN_POINT('',(1.787313284817,0.979156301969));
#3726 = CARTESIAN_POINT('',(1.775004642494,0.9885402492));
#3727 = CARTESIAN_POINT('',(1.772085092272,0.99045002102));
#3728 = CARTESIAN_POINT('',(1.768716420466,0.992359842164));
#3729 = CARTESIAN_POINT('',(1.764862388644,0.994269731568));
#3730 = CARTESIAN_POINT('',(1.760485041792,0.996179708254));
#3731 = CARTESIAN_POINT('',(1.755544708307,0.998089791332));
#3732 = CARTESIAN_POINT('',(1.75,1.));
#3733 = ( GEOMETRIC_REPRESENTATION_CONTEXT(2) 
PARAMETRIC_REPRESENTATION_CONTEXT() REPRESENTATION_CONTEXT('2D SPACE',''
  ) );
#3734 = ORIENTED_EDGE('',*,*,#1652,.T.);
#3735 = ADVANCED_FACE('',(#3736),#1525,.T.);
#3736 = FACE_BOUND('',#3737,.T.);
#3737 = EDGE_LOOP('',(#3738,#3792,#3811,#3812));
#3738 = ORIENTED_EDGE('',*,*,#3739,.F.);
#3739 = EDGE_CURVE('',#3740,#2165,#3742,.T.);
#3740 = VERTEX_POINT('',#3741);
#3741 = CARTESIAN_POINT('',(13.750000000069,8.462613772207E-15,
    1.776314072081));
#3742 = SURFACE_CURVE('',#3743,(#3755,#3762),.PCURVE_S1.);
#3743 = ( BOUNDED_CURVE() B_SPLINE_CURVE(6,(#3744,#3745,#3746,#3747,
    #3748,#3749,#3750,#3751,#3752,#3753,#3754),.UNSPECIFIED.,.F.,.F.) 
B_SPLINE_CURVE_WITH_KNOTS((7,4,7),(0.,0.5,1.),.UNSPECIFIED.) CURVE() 
GEOMETRIC_REPRESENTATION_ITEM() RATIONAL_B_SPLINE_CURVE((1.,1.,1.,1.,1.,
1.,1.,1.,1.,1.,1.)) REPRESENTATION_ITEM('') );
#3744 = CARTESIAN_POINT('',(13.750000000113,8.889750328341E-15,
    1.776314072081));
#3745 = CARTESIAN_POINT('',(13.739702873192,5.762388212338,
    1.842980738759));
#3746 = CARTESIAN_POINT('',(10.884756038692,11.509497548309,
    1.909647404704));
#3747 = CARTESIAN_POINT('',(5.011821728084,15.483707242534,
    1.976314070001));
#3748 = CARTESIAN_POINT('',(-2.014410402113,15.700690789946,
    2.042980734957));
#3749 = CARTESIAN_POINT('',(-13.46339647716,9.781730112171,
    2.176314065546));
#3750 = CARTESIAN_POINT('',(-15.55473133402,-2.935962137904,
    2.309647398382));
#3751 = CARTESIAN_POINT('',(-13.17714258273,-9.551254386678,
    2.376314065597));
#3752 = CARTESIAN_POINT('',(-7.582608047137,-13.90864849785,
    2.442980733647));
#3753 = CARTESIAN_POINT('',(-1.23455517343,-14.84790983515,
    2.509647401803));
#3754 = CARTESIAN_POINT('',(4.248983672538,-13.07702709903,2.5763140698)
  );
#3755 = PCURVE('',#1525,#3756);
#3756 = DEFINITIONAL_REPRESENTATION('',(#3757),#3761);
#3757 = LINE('',#3758,#3759);
#3758 = CARTESIAN_POINT('',(5.,0.));
#3759 = VECTOR('',#3760,1.);
#3760 = DIRECTION('',(0.,1.));
#3761 = ( GEOMETRIC_REPRESENTATION_CONTEXT(2) 
PARAMETRIC_REPRESENTATION_CONTEXT() REPRESENTATION_CONTEXT('2D SPACE',''
  ) );
#3762 = PCURVE('',#3763,#3786);
#3763 = ( BOUNDED_SURFACE() B_SPLINE_SURFACE(1,6,(
    (#3764,#3765,#3766,#3767,#3768,#3769,#3770,#3771,#3772,#3773,#3774)
    ,(#3775,#3776,#3777,#3778,#3779,#3780,#3781,#3782,#3783,#3784,#3785
)),.UNSPECIFIED.,.F.,.F.,.F.) B_SPLINE_SURFACE_WITH_KNOTS((2,2),(7,4,7),
(4.,5.),(0.,0.5,1.),.UNSPECIFIED.) GEOMETRIC_REPRESENTATION_ITEM() 
RATIONAL_B_SPLINE_SURFACE((
    (1.,1.,1.,1.,1.,1.,1.,1.,1.,1.,1.)
,(1.,1.,1.,1.,1.,1.,1.,1.,1.,1.,1.
  ))) REPRESENTATION_ITEM('') SURFACE() );
#3764 = CARTESIAN_POINT('',(14.300000000078,-1.455519125413E-12,
    1.923686128051));
#3765 = CARTESIAN_POINT('',(14.289290988382,5.992883740865,
    1.990352794728));
#3766 = CARTESIAN_POINT('',(11.320146279382,11.969877450761,
    2.057019460646));
#3767 = CARTESIAN_POINT('',(5.212294597536,16.103055531631,
    2.123686125886));
#3768 = CARTESIAN_POINT('',(-2.094986818043,16.328718421735,
    2.190352790775));
#3769 = CARTESIAN_POINT('',(-14.00193233631,10.17299931668,
    2.323686121254));
#3770 = CARTESIAN_POINT('',(-16.17692058754,-3.053400623664,
    2.457019454069));
#3771 = CARTESIAN_POINT('',(-13.70422828538,-9.93330456231,
    2.523686121307));
#3772 = CARTESIAN_POINT('',(-7.885912369805,-14.46499443714,
    2.590352789411));
#3773 = CARTESIAN_POINT('',(-1.283937380341,-15.44182622885,
    2.657019457628));
#3774 = CARTESIAN_POINT('',(4.418943019407,-13.60010818299,
    2.723686125678));
#3775 = CARTESIAN_POINT('',(13.750000000113,8.889750328341E-15,
    1.776314072081));
#3776 = CARTESIAN_POINT('',(13.739702873192,5.762388212338,
    1.842980738759));
#3777 = CARTESIAN_POINT('',(10.884756038692,11.509497548309,
    1.909647404704));
#3778 = CARTESIAN_POINT('',(5.011821728084,15.483707242534,
    1.976314070001));
#3779 = CARTESIAN_POINT('',(-2.014410402113,15.700690789946,
    2.042980734957));
#3780 = CARTESIAN_POINT('',(-13.46339647716,9.781730112171,
    2.176314065546));
#3781 = CARTESIAN_POINT('',(-15.55473133402,-2.935962137904,
    2.309647398382));
#3782 = CARTESIAN_POINT('',(-13.17714258273,-9.551254386678,
    2.376314065597));
#3783 = CARTESIAN_POINT('',(-7.582608047137,-13.90864849785,
    2.442980733647));
#3784 = CARTESIAN_POINT('',(-1.23455517343,-14.84790983515,
    2.509647401803));
#3785 = CARTESIAN_POINT('',(4.248983672538,-13.07702709903,2.5763140698)
  );
#3786 = DEFINITIONAL_REPRESENTATION('',(#3787),#3791);
#3787 = LINE('',#3788,#3789);
#3788 = CARTESIAN_POINT('',(5.,0.));
#3789 = VECTOR('',#3790,1.);
#3790 = DIRECTION('',(0.,1.));
#3791 = ( GEOMETRIC_REPRESENTATION_CONTEXT(2) 
PARAMETRIC_REPRESENTATION_CONTEXT() REPRESENTATION_CONTEXT('2D SPACE',''
  ) );
#3792 = ORIENTED_EDGE('',*,*,#3793,.T.);
#3793 = EDGE_CURVE('',#3740,#1316,#3794,.T.);
#3794 = SURFACE_CURVE('',#3795,(#3798,#3804),.PCURVE_S1.);
#3795 = B_SPLINE_CURVE_WITH_KNOTS('',1,(#3796,#3797),.UNSPECIFIED.,.F.,
  .F.,(2,2),(5.,6.),.PIECEWISE_BEZIER_KNOTS.);
#3796 = CARTESIAN_POINT('',(13.750000000024,8.035477216074E-15,
    1.776314072081));
#3797 = CARTESIAN_POINT('',(13.550000000024,-9.839932770773E-14,
    1.776314072089));
#3798 = PCURVE('',#1525,#3799);
#3799 = DEFINITIONAL_REPRESENTATION('',(#3800),#3803);
#3800 = B_SPLINE_CURVE_WITH_KNOTS('',1,(#3801,#3802),.UNSPECIFIED.,.F.,
  .F.,(2,2),(5.,5.250000000567),.PIECEWISE_BEZIER_KNOTS.);
#3801 = CARTESIAN_POINT('',(5.,0.));
#3802 = CARTESIAN_POINT('',(5.250000000567,0.));
#3803 = ( GEOMETRIC_REPRESENTATION_CONTEXT(2) 
PARAMETRIC_REPRESENTATION_CONTEXT() REPRESENTATION_CONTEXT('2D SPACE',''
  ) );
#3804 = PCURVE('',#2979,#3805);
#3805 = DEFINITIONAL_REPRESENTATION('',(#3806),#3810);
#3806 = LINE('',#3807,#3808);
#3807 = CARTESIAN_POINT('',(0.,1.));
#3808 = VECTOR('',#3809,1.);
#3809 = DIRECTION('',(1.,0.));
#3810 = ( GEOMETRIC_REPRESENTATION_CONTEXT(2) 
PARAMETRIC_REPRESENTATION_CONTEXT() REPRESENTATION_CONTEXT('2D SPACE',''
  ) );
#3811 = ORIENTED_EDGE('',*,*,#1315,.T.);
#3812 = ORIENTED_EDGE('',*,*,#2211,.F.);
#3813 = ADVANCED_FACE('',(#3814),#2187,.T.);
#3814 = FACE_BOUND('',#3815,.T.);
#3815 = EDGE_LOOP('',(#3816,#3837,#3838,#3839));
#3816 = ORIENTED_EDGE('',*,*,#3817,.T.);
#3817 = EDGE_CURVE('',#3818,#2165,#3820,.T.);
#3818 = VERTEX_POINT('',#3819);
#3819 = CARTESIAN_POINT('',(4.418943019415,-13.60010818302,
    2.723686125771));
#3820 = SURFACE_CURVE('',#3821,(#3824,#3830),.PCURVE_S1.);
#3821 = B_SPLINE_CURVE_WITH_KNOTS('',1,(#3822,#3823),.UNSPECIFIED.,.F.,
  .F.,(2,2),(4.,5.),.PIECEWISE_BEZIER_KNOTS.);
#3822 = CARTESIAN_POINT('',(4.418943019407,-13.60010818299,
    2.723686125678));
#3823 = CARTESIAN_POINT('',(4.248983672538,-13.07702709903,2.5763140698)
  );
#3824 = PCURVE('',#2187,#3825);
#3825 = DEFINITIONAL_REPRESENTATION('',(#3826),#3829);
#3826 = B_SPLINE_CURVE_WITH_KNOTS('',1,(#3827,#3828),.UNSPECIFIED.,.F.,
  .F.,(2,2),(4.,5.),.PIECEWISE_BEZIER_KNOTS.);
#3827 = CARTESIAN_POINT('',(4.,0.));
#3828 = CARTESIAN_POINT('',(5.,0.));
#3829 = ( GEOMETRIC_REPRESENTATION_CONTEXT(2) 
PARAMETRIC_REPRESENTATION_CONTEXT() REPRESENTATION_CONTEXT('2D SPACE',''
  ) );
#3830 = PCURVE('',#3763,#3831);
#3831 = DEFINITIONAL_REPRESENTATION('',(#3832),#3836);
#3832 = LINE('',#3833,#3834);
#3833 = CARTESIAN_POINT('',(0.,1.));
#3834 = VECTOR('',#3835,1.);
#3835 = DIRECTION('',(1.,0.));
#3836 = ( GEOMETRIC_REPRESENTATION_CONTEXT(2) 
PARAMETRIC_REPRESENTATION_CONTEXT() REPRESENTATION_CONTEXT('2D SPACE',''
  ) );
#3837 = ORIENTED_EDGE('',*,*,#2164,.T.);
#3838 = ORIENTED_EDGE('',*,*,#2403,.F.);
#3839 = ORIENTED_EDGE('',*,*,#3840,.F.);
#3840 = EDGE_CURVE('',#3818,#2366,#3841,.T.);
#3841 = SURFACE_CURVE('',#3842,(#3851,#3858),.PCURVE_S1.);
#3842 = ( BOUNDED_CURVE() B_SPLINE_CURVE(7,(#3843,#3844,#3845,#3846,
    #3847,#3848,#3849,#3850),.UNSPECIFIED.,.F.,.F.) 
B_SPLINE_CURVE_WITH_KNOTS((8,8),(0.,1.),.PIECEWISE_BEZIER_KNOTS.) CURVE(
) GEOMETRIC_REPRESENTATION_ITEM() RATIONAL_B_SPLINE_CURVE((1.,1.,1.,
1.000000000001,0.999999999999,1.,1.,1.)) REPRESENTATION_ITEM('') );
#3843 = CARTESIAN_POINT('',(4.418943019424,-13.60010818305,
    2.723686125865));
#3844 = CARTESIAN_POINT('',(7.441129080234,-12.54323038489,
    2.782151196018));
#3845 = CARTESIAN_POINT('',(10.172166452452,-10.70195182221,
    2.840666433929));
#3846 = CARTESIAN_POINT('',(12.367628510083,-8.171563631623,
    2.899231178223));
#3847 = CARTESIAN_POINT('',(13.820758987648,-5.142442512748,
    2.957844754903));
#3848 = CARTESIAN_POINT('',(14.415279428608,-1.881208411869,
    3.016506477464));
#3849 = CARTESIAN_POINT('',(14.15196975467,1.33418922938,3.07521564698)
  );
#3850 = CARTESIAN_POINT('',(13.124579924714,4.264434522418,
    3.133971552245));
#3851 = PCURVE('',#2187,#3852);
#3852 = DEFINITIONAL_REPRESENTATION('',(#3853),#3857);
#3853 = LINE('',#3854,#3855);
#3854 = CARTESIAN_POINT('',(4.,0.));
#3855 = VECTOR('',#3856,1.);
#3856 = DIRECTION('',(0.,1.));
#3857 = ( GEOMETRIC_REPRESENTATION_CONTEXT(2) 
PARAMETRIC_REPRESENTATION_CONTEXT() REPRESENTATION_CONTEXT('2D SPACE',''
  ) );
#3858 = PCURVE('',#2379,#3859);
#3859 = DEFINITIONAL_REPRESENTATION('',(#3860),#3864);
#3860 = LINE('',#3861,#3862);
#3861 = CARTESIAN_POINT('',(4.,0.));
#3862 = VECTOR('',#3863,1.);
#3863 = DIRECTION('',(0.,1.));
#3864 = ( GEOMETRIC_REPRESENTATION_CONTEXT(2) 
PARAMETRIC_REPRESENTATION_CONTEXT() REPRESENTATION_CONTEXT('2D SPACE',''
  ) );
#3865 = ADVANCED_FACE('',(#3866),#2327,.F.);
#3866 = FACE_BOUND('',#3867,.F.);
#3867 = EDGE_LOOP('',(#3868,#3869,#3892,#3919));
#3868 = ORIENTED_EDGE('',*,*,#2310,.F.);
#3869 = ORIENTED_EDGE('',*,*,#3870,.F.);
#3870 = EDGE_CURVE('',#3871,#2311,#3873,.T.);
#3871 = VERTEX_POINT('',#3872);
#3872 = CARTESIAN_POINT('',(12.8,-3.135095805817E-15,-1.2));
#3873 = SEAM_CURVE('',#3874,(#3878,#3885),.PCURVE_S1.);
#3874 = LINE('',#3875,#3876);
#3875 = CARTESIAN_POINT('',(12.8,-3.135095805817E-15,-1.2));
#3876 = VECTOR('',#3877,1.);
#3877 = DIRECTION('',(0.,0.,1.));
#3878 = PCURVE('',#2327,#3879);
#3879 = DEFINITIONAL_REPRESENTATION('',(#3880),#3884);
#3880 = LINE('',#3881,#3882);
#3881 = CARTESIAN_POINT('',(0.,-1.2));
#3882 = VECTOR('',#3883,1.);
#3883 = DIRECTION('',(0.,1.));
#3884 = ( GEOMETRIC_REPRESENTATION_CONTEXT(2) 
PARAMETRIC_REPRESENTATION_CONTEXT() REPRESENTATION_CONTEXT('2D SPACE',''
  ) );
#3885 = PCURVE('',#2327,#3886);
#3886 = DEFINITIONAL_REPRESENTATION('',(#3887),#3891);
#3887 = LINE('',#3888,#3889);
#3888 = CARTESIAN_POINT('',(6.28318530718,-1.2));
#3889 = VECTOR('',#3890,1.);
#3890 = DIRECTION('',(0.,1.));
#3891 = ( GEOMETRIC_REPRESENTATION_CONTEXT(2) 
PARAMETRIC_REPRESENTATION_CONTEXT() REPRESENTATION_CONTEXT('2D SPACE',''
  ) );
#3892 = ORIENTED_EDGE('',*,*,#3893,.T.);
#3893 = EDGE_CURVE('',#3871,#3871,#3894,.T.);
#3894 = SURFACE_CURVE('',#3895,(#3900,#3907),.PCURVE_S1.);
#3895 = CIRCLE('',#3896,12.8);
#3896 = AXIS2_PLACEMENT_3D('',#3897,#3898,#3899);
#3897 = CARTESIAN_POINT('',(0.,0.,-1.2));
#3898 = DIRECTION('',(0.,0.,1.));
#3899 = DIRECTION('',(1.,0.,-0.));
#3900 = PCURVE('',#2327,#3901);
#3901 = DEFINITIONAL_REPRESENTATION('',(#3902),#3906);
#3902 = LINE('',#3903,#3904);
#3903 = CARTESIAN_POINT('',(0.,-1.2));
#3904 = VECTOR('',#3905,1.);
#3905 = DIRECTION('',(1.,0.));
#3906 = ( GEOMETRIC_REPRESENTATION_CONTEXT(2) 
PARAMETRIC_REPRESENTATION_CONTEXT() REPRESENTATION_CONTEXT('2D SPACE',''
  ) );
#3907 = PCURVE('',#3908,#3913);
#3908 = PLANE('',#3909);
#3909 = AXIS2_PLACEMENT_3D('',#3910,#3911,#3912);
#3910 = CARTESIAN_POINT('',(0.,0.,-1.2));
#3911 = DIRECTION('',(0.,0.,1.));
#3912 = DIRECTION('',(1.,0.,-0.));
#3913 = DEFINITIONAL_REPRESENTATION('',(#3914),#3918);
#3914 = CIRCLE('',#3915,12.8);
#3915 = AXIS2_PLACEMENT_2D('',#3916,#3917);
#3916 = CARTESIAN_POINT('',(0.,0.));
#3917 = DIRECTION('',(1.,0.));
#3918 = ( GEOMETRIC_REPRESENTATION_CONTEXT(2) 
PARAMETRIC_REPRESENTATION_CONTEXT() REPRESENTATION_CONTEXT('2D SPACE',''
  ) );
#3919 = ORIENTED_EDGE('',*,*,#3870,.T.);
#3920 = ADVANCED_FACE('',(#3921),#2379,.T.);
#3921 = FACE_BOUND('',#3922,.T.);
#3922 = EDGE_LOOP('',(#3923,#3942,#3943,#3944));
#3923 = ORIENTED_EDGE('',*,*,#3924,.T.);
#3924 = EDGE_CURVE('',#2427,#3818,#3925,.T.);
#3925 = SURFACE_CURVE('',#3926,(#3929,#3935),.PCURVE_S1.);
#3926 = B_SPLINE_CURVE_WITH_KNOTS('',1,(#3927,#3928),.UNSPECIFIED.,.F.,
  .F.,(2,2),(3.,4.),.PIECEWISE_BEZIER_KNOTS.);
#3927 = CARTESIAN_POINT('',(4.418943019322,-13.60010818299,3.07631406984
    ));
#3928 = CARTESIAN_POINT('',(4.418943019407,-13.60010818299,
    2.723686125678));
#3929 = PCURVE('',#2379,#3930);
#3930 = DEFINITIONAL_REPRESENTATION('',(#3931),#3934);
#3931 = B_SPLINE_CURVE_WITH_KNOTS('',1,(#3932,#3933),.UNSPECIFIED.,.F.,
  .F.,(2,2),(3.,4.),.PIECEWISE_BEZIER_KNOTS.);
#3932 = CARTESIAN_POINT('',(3.,0.));
#3933 = CARTESIAN_POINT('',(4.,0.));
#3934 = ( GEOMETRIC_REPRESENTATION_CONTEXT(2) 
PARAMETRIC_REPRESENTATION_CONTEXT() REPRESENTATION_CONTEXT('2D SPACE',''
  ) );
#3935 = PCURVE('',#2544,#3936);
#3936 = DEFINITIONAL_REPRESENTATION('',(#3937),#3941);
#3937 = LINE('',#3938,#3939);
#3938 = CARTESIAN_POINT('',(0.,1.));
#3939 = VECTOR('',#3940,1.);
#3940 = DIRECTION('',(1.,0.));
#3941 = ( GEOMETRIC_REPRESENTATION_CONTEXT(2) 
PARAMETRIC_REPRESENTATION_CONTEXT() REPRESENTATION_CONTEXT('2D SPACE',''
  ) );
#3942 = ORIENTED_EDGE('',*,*,#3840,.T.);
#3943 = ORIENTED_EDGE('',*,*,#2365,.F.);
#3944 = ORIENTED_EDGE('',*,*,#2447,.F.);
#3945 = ADVANCED_FACE('',(#3946),#2492,.T.);
#3946 = FACE_BOUND('',#3947,.T.);
#3947 = EDGE_LOOP('',(#3948,#3992,#4044,#4045));
#3948 = ORIENTED_EDGE('',*,*,#3949,.T.);
#3949 = EDGE_CURVE('',#2581,#3950,#3952,.T.);
#3950 = VERTEX_POINT('',#3951);
#3951 = CARTESIAN_POINT('',(14.300000000003,1.917521929052E-13,
    1.276314072072));
#3952 = SURFACE_CURVE('',#3953,(#3956,#3962),.PCURVE_S1.);
#3953 = B_SPLINE_CURVE_WITH_KNOTS('',1,(#3954,#3955),.UNSPECIFIED.,.F.,
  .F.,(2,2),(2.,3.),.PIECEWISE_BEZIER_KNOTS.);
#3954 = CARTESIAN_POINT('',(13.75,7.004474440531E-15,1.423686127919));
#3955 = CARTESIAN_POINT('',(14.3,7.88477711463E-14,1.276314072081));
#3956 = PCURVE('',#2492,#3957);
#3957 = DEFINITIONAL_REPRESENTATION('',(#3958),#3961);
#3958 = B_SPLINE_CURVE_WITH_KNOTS('',1,(#3959,#3960),.UNSPECIFIED.,.F.,
  .F.,(2,2),(2.,3.),.PIECEWISE_BEZIER_KNOTS.);
#3959 = CARTESIAN_POINT('',(2.,0.));
#3960 = CARTESIAN_POINT('',(3.,0.));
#3961 = ( GEOMETRIC_REPRESENTATION_CONTEXT(2) 
PARAMETRIC_REPRESENTATION_CONTEXT() REPRESENTATION_CONTEXT('2D SPACE',''
  ) );
#3962 = PCURVE('',#3963,#3986);
#3963 = ( BOUNDED_SURFACE() B_SPLINE_SURFACE(1,6,(
    (#3964,#3965,#3966,#3967,#3968,#3969,#3970,#3971,#3972,#3973,#3974)
    ,(#3975,#3976,#3977,#3978,#3979,#3980,#3981,#3982,#3983,#3984,#3985
)),.UNSPECIFIED.,.F.,.F.,.F.) B_SPLINE_SURFACE_WITH_KNOTS((2,2),(7,4,7),
(2.,3.),(0.,0.5,1.),.UNSPECIFIED.) GEOMETRIC_REPRESENTATION_ITEM() 
RATIONAL_B_SPLINE_SURFACE((
    (1.,1.,1.,1.,1.,1.,1.,1.,1.,1.,1.)
,(1.,1.,1.,1.,1.,1.,1.,1.,1.,1.,1.
  ))) REPRESENTATION_ITEM('') SURFACE() );
#3964 = CARTESIAN_POINT('',(13.75,1.7763568394E-15,0.423686127919));
#3965 = CARTESIAN_POINT('',(13.701445579737,7.197831642732,
    0.507019461252));
#3966 = CARTESIAN_POINT('',(9.369136897326,14.395663285458,
    0.590352794576));
#3967 = CARTESIAN_POINT('',(-8.16321190679E-02,18.087075014382,
    0.673686127922));
#3968 = CARTESIAN_POINT('',(-9.244513885317,14.39566328546,
    0.757019461256));
#3969 = CARTESIAN_POINT('',(-18.25548611468,5.06771514457E-13,
    0.923686127919));
#3970 = CARTESIAN_POINT('',(-9.244513885318,-14.39566328546,
    1.090352794581));
#3971 = CARTESIAN_POINT('',(-8.163211906721E-02,-18.08707501438,
    1.173686127915));
#3972 = CARTESIAN_POINT('',(9.369136897325,-14.39566328546,
    1.257019461261));
#3973 = CARTESIAN_POINT('',(13.701445579738,-7.197831642731,
    1.340352794585));
#3974 = CARTESIAN_POINT('',(13.75,7.004474440531E-15,1.423686127919));
#3975 = CARTESIAN_POINT('',(14.3,7.967026135827E-14,0.276314072081));
#3976 = CARTESIAN_POINT('',(14.249503403065,7.485744908481,
    0.359647405415));
#3977 = CARTESIAN_POINT('',(9.743902372885,14.971489816958,
    0.442980738739));
#3978 = CARTESIAN_POINT('',(-8.489740359846E-02,18.810558014815,
    0.526314072085));
#3979 = CARTESIAN_POINT('',(-9.614294440751,14.97148981696,
    0.609647405418));
#3980 = CARTESIAN_POINT('',(-18.98570555925,2.459951696351E-13,
    0.776314072081));
#3981 = CARTESIAN_POINT('',(-9.614294440751,-14.97148981696,
    0.942980738744));
#3982 = CARTESIAN_POINT('',(-8.489740359769E-02,-18.81055801481,
    1.026314072078));
#3983 = CARTESIAN_POINT('',(9.743902372885,-14.97148981696,
    1.109647405424));
#3984 = CARTESIAN_POINT('',(14.249503403065,-7.485744908481,
    1.192980738748));
#3985 = CARTESIAN_POINT('',(14.3,7.88477711463E-14,1.276314072081));
#3986 = DEFINITIONAL_REPRESENTATION('',(#3987),#3991);
#3987 = LINE('',#3988,#3989);
#3988 = CARTESIAN_POINT('',(0.,1.));
#3989 = VECTOR('',#3990,1.);
#3990 = DIRECTION('',(1.,0.));
#3991 = ( GEOMETRIC_REPRESENTATION_CONTEXT(2) 
PARAMETRIC_REPRESENTATION_CONTEXT() REPRESENTATION_CONTEXT('2D SPACE',''
  ) );
#3992 = ORIENTED_EDGE('',*,*,#3993,.T.);
#3993 = EDGE_CURVE('',#3950,#2479,#3994,.T.);
#3994 = SURFACE_CURVE('',#3995,(#4007,#4014),.PCURVE_S1.);
#3995 = ( BOUNDED_CURVE() B_SPLINE_CURVE(6,(#3996,#3997,#3998,#3999,
    #4000,#4001,#4002,#4003,#4004,#4005,#4006),.UNSPECIFIED.,.F.,.F.) 
B_SPLINE_CURVE_WITH_KNOTS((7,4,7),(0.,0.5,1.),.UNSPECIFIED.) CURVE() 
GEOMETRIC_REPRESENTATION_ITEM() RATIONAL_B_SPLINE_CURVE((1.,1.,1.,1.,1.,
1.,1.,1.,1.,1.,1.)) REPRESENTATION_ITEM('') );
#3996 = CARTESIAN_POINT('',(14.300000000006,3.046566146641E-13,
    1.276314072062));
#3997 = CARTESIAN_POINT('',(14.249503403071,7.485744908481,
    1.359647405397));
#3998 = CARTESIAN_POINT('',(9.743902372892,14.971489816957,
    1.442980738882));
#3999 = CARTESIAN_POINT('',(-8.489740359082E-02,18.81055801481,
    1.526314072578));
#4000 = CARTESIAN_POINT('',(-9.614294440739,14.97148981695,
    1.609647406251));
#4001 = CARTESIAN_POINT('',(-18.98570555922,-1.289799144495E-11,
    1.776314073248));
#4002 = CARTESIAN_POINT('',(-9.614294440715,-14.97148981697,
    1.942980739577));
#4003 = CARTESIAN_POINT('',(-8.489740355713E-02,-18.81055801482,
    2.026314072571));
#4004 = CARTESIAN_POINT('',(9.743902372927,-14.97148981696,
    2.109647405566));
#4005 = CARTESIAN_POINT('',(14.249503403107,-7.48574490848,2.19298073873
    ));
#4006 = CARTESIAN_POINT('',(14.300000000042,2.976282570609E-13,
    2.276314072062));
#4007 = PCURVE('',#2492,#4008);
#4008 = DEFINITIONAL_REPRESENTATION('',(#4009),#4013);
#4009 = LINE('',#4010,#4011);
#4010 = CARTESIAN_POINT('',(3.,0.));
#4011 = VECTOR('',#4012,1.);
#4012 = DIRECTION('',(0.,1.));
#4013 = ( GEOMETRIC_REPRESENTATION_CONTEXT(2) 
PARAMETRIC_REPRESENTATION_CONTEXT() REPRESENTATION_CONTEXT('2D SPACE',''
  ) );
#4014 = PCURVE('',#4015,#4038);
#4015 = ( BOUNDED_SURFACE() B_SPLINE_SURFACE(1,6,(
    (#4016,#4017,#4018,#4019,#4020,#4021,#4022,#4023,#4024,#4025,#4026)
    ,(#4027,#4028,#4029,#4030,#4031,#4032,#4033,#4034,#4035,#4036,#4037
)),.UNSPECIFIED.,.F.,.F.,.F.) B_SPLINE_SURFACE_WITH_KNOTS((2,2),(7,4,7),
(3.,4.),(0.,0.5,1.),.UNSPECIFIED.) GEOMETRIC_REPRESENTATION_ITEM() 
RATIONAL_B_SPLINE_SURFACE((
    (1.,1.,1.,1.,1.,1.,1.,1.,1.,1.,1.)
,(1.,1.,1.,1.,1.,1.,1.,1.,1.,1.,1.
  ))) REPRESENTATION_ITEM('') SURFACE() );
#4016 = CARTESIAN_POINT('',(14.300000000006,3.046566146641E-13,
    1.276314072062));
#4017 = CARTESIAN_POINT('',(14.249503403071,7.485744908481,
    1.359647405397));
#4018 = CARTESIAN_POINT('',(9.743902372892,14.971489816957,
    1.442980738882));
#4019 = CARTESIAN_POINT('',(-8.489740359082E-02,18.81055801481,
    1.526314072578));
#4020 = CARTESIAN_POINT('',(-9.614294440739,14.97148981695,
    1.609647406251));
#4021 = CARTESIAN_POINT('',(-18.98570555922,-1.289799144495E-11,
    1.776314073248));
#4022 = CARTESIAN_POINT('',(-9.614294440715,-14.97148981697,
    1.942980739577));
#4023 = CARTESIAN_POINT('',(-8.489740355713E-02,-18.81055801482,
    2.026314072571));
#4024 = CARTESIAN_POINT('',(9.743902372927,-14.97148981696,
    2.109647405566));
#4025 = CARTESIAN_POINT('',(14.249503403107,-7.48574490848,2.19298073873
    ));
#4026 = CARTESIAN_POINT('',(14.300000000042,2.976282570609E-13,
    2.276314072062));
#4027 = CARTESIAN_POINT('',(14.299999999994,3.068449769241E-13,
    0.923686127899));
#4028 = CARTESIAN_POINT('',(14.249503403059,7.485744908481,
    1.007019461234));
#4029 = CARTESIAN_POINT('',(9.743902372879,14.971489816957,
    1.090352794719));
#4030 = CARTESIAN_POINT('',(-8.489740360339E-02,18.81055801481,
    1.173686128415));
#4031 = CARTESIAN_POINT('',(-9.614294440751,14.97148981695,
    1.257019462088));
#4032 = CARTESIAN_POINT('',(-18.98570555923,-1.289580308269E-11,
    1.423686129085));
#4033 = CARTESIAN_POINT('',(-9.614294440728,-14.97148981697,
    1.590352795414));
#4034 = CARTESIAN_POINT('',(-8.48974035697E-02,-18.81055801482,
    1.673686128408));
#4035 = CARTESIAN_POINT('',(9.743902372914,-14.97148981696,
    1.757019461404));
#4036 = CARTESIAN_POINT('',(14.249503403095,-7.48574490848,
    1.840352794567));
#4037 = CARTESIAN_POINT('',(14.300000000029,2.998166193208E-13,
    1.923686127899));
#4038 = DEFINITIONAL_REPRESENTATION('',(#4039),#4043);
#4039 = LINE('',#4040,#4041);
#4040 = CARTESIAN_POINT('',(3.,0.));
#4041 = VECTOR('',#4042,1.);
#4042 = DIRECTION('',(0.,1.));
#4043 = ( GEOMETRIC_REPRESENTATION_CONTEXT(2) 
PARAMETRIC_REPRESENTATION_CONTEXT() REPRESENTATION_CONTEXT('2D SPACE',''
  ) );
#4044 = ORIENTED_EDGE('',*,*,#2478,.F.);
#4045 = ORIENTED_EDGE('',*,*,#2624,.F.);
#4046 = ADVANCED_FACE('',(#4047),#2544,.T.);
#4047 = FACE_BOUND('',#4048,.T.);
#4048 = EDGE_LOOP('',(#4049,#4070,#4099,#4100));
#4049 = ORIENTED_EDGE('',*,*,#4050,.T.);
#4050 = EDGE_CURVE('',#2479,#4051,#4053,.T.);
#4051 = VERTEX_POINT('',#4052);
#4052 = CARTESIAN_POINT('',(14.300000000054,-5.778512530463E-13,
    1.923686127975));
#4053 = SURFACE_CURVE('',#4054,(#4057,#4063),.PCURVE_S1.);
#4054 = B_SPLINE_CURVE_WITH_KNOTS('',1,(#4055,#4056),.UNSPECIFIED.,.F.,
  .F.,(2,2),(3.,4.),.PIECEWISE_BEZIER_KNOTS.);
#4055 = CARTESIAN_POINT('',(14.300000000042,2.976282570609E-13,
    2.276314072062));
#4056 = CARTESIAN_POINT('',(14.300000000029,2.998166193208E-13,
    1.923686127899));
#4057 = PCURVE('',#2544,#4058);
#4058 = DEFINITIONAL_REPRESENTATION('',(#4059),#4062);
#4059 = B_SPLINE_CURVE_WITH_KNOTS('',1,(#4060,#4061),.UNSPECIFIED.,.F.,
  .F.,(2,2),(3.,4.),.PIECEWISE_BEZIER_KNOTS.);
#4060 = CARTESIAN_POINT('',(3.,0.));
#4061 = CARTESIAN_POINT('',(4.,0.));
#4062 = ( GEOMETRIC_REPRESENTATION_CONTEXT(2) 
PARAMETRIC_REPRESENTATION_CONTEXT() REPRESENTATION_CONTEXT('2D SPACE',''
  ) );
#4063 = PCURVE('',#4015,#4064);
#4064 = DEFINITIONAL_REPRESENTATION('',(#4065),#4069);
#4065 = LINE('',#4066,#4067);
#4066 = CARTESIAN_POINT('',(0.,1.));
#4067 = VECTOR('',#4068,1.);
#4068 = DIRECTION('',(1.,0.));
#4069 = ( GEOMETRIC_REPRESENTATION_CONTEXT(2) 
PARAMETRIC_REPRESENTATION_CONTEXT() REPRESENTATION_CONTEXT('2D SPACE',''
  ) );
#4070 = ORIENTED_EDGE('',*,*,#4071,.T.);
#4071 = EDGE_CURVE('',#4051,#3818,#4072,.T.);
#4072 = SURFACE_CURVE('',#4073,(#4085,#4092),.PCURVE_S1.);
#4073 = ( BOUNDED_CURVE() B_SPLINE_CURVE(6,(#4074,#4075,#4076,#4077,
    #4078,#4079,#4080,#4081,#4082,#4083,#4084),.UNSPECIFIED.,.F.,.F.) 
B_SPLINE_CURVE_WITH_KNOTS((7,4,7),(0.,0.5,1.),.UNSPECIFIED.) CURVE() 
GEOMETRIC_REPRESENTATION_ITEM() RATIONAL_B_SPLINE_CURVE((1.,1.,1.,1.,1.,
1.,1.,1.,1.,1.,1.)) REPRESENTATION_ITEM('') );
#4074 = CARTESIAN_POINT('',(14.300000000078,-1.455519125413E-12,
    1.923686128051));
#4075 = CARTESIAN_POINT('',(14.289290988382,5.992883740865,
    1.990352794728));
#4076 = CARTESIAN_POINT('',(11.320146279382,11.969877450761,
    2.057019460646));
#4077 = CARTESIAN_POINT('',(5.212294597536,16.103055531631,
    2.123686125886));
#4078 = CARTESIAN_POINT('',(-2.094986818043,16.328718421735,
    2.190352790775));
#4079 = CARTESIAN_POINT('',(-14.00193233631,10.17299931668,
    2.323686121254));
#4080 = CARTESIAN_POINT('',(-16.17692058754,-3.053400623664,
    2.457019454069));
#4081 = CARTESIAN_POINT('',(-13.70422828538,-9.93330456231,
    2.523686121307));
#4082 = CARTESIAN_POINT('',(-7.885912369805,-14.46499443714,
    2.590352789411));
#4083 = CARTESIAN_POINT('',(-1.283937380341,-15.44182622885,
    2.657019457628));
#4084 = CARTESIAN_POINT('',(4.418943019407,-13.60010818299,
    2.723686125678));
#4085 = PCURVE('',#2544,#4086);
#4086 = DEFINITIONAL_REPRESENTATION('',(#4087),#4091);
#4087 = LINE('',#4088,#4089);
#4088 = CARTESIAN_POINT('',(4.,0.));
#4089 = VECTOR('',#4090,1.);
#4090 = DIRECTION('',(0.,1.));
#4091 = ( GEOMETRIC_REPRESENTATION_CONTEXT(2) 
PARAMETRIC_REPRESENTATION_CONTEXT() REPRESENTATION_CONTEXT('2D SPACE',''
  ) );
#4092 = PCURVE('',#3763,#4093);
#4093 = DEFINITIONAL_REPRESENTATION('',(#4094),#4098);
#4094 = LINE('',#4095,#4096);
#4095 = CARTESIAN_POINT('',(4.,0.));
#4096 = VECTOR('',#4097,1.);
#4097 = DIRECTION('',(0.,1.));
#4098 = ( GEOMETRIC_REPRESENTATION_CONTEXT(2) 
PARAMETRIC_REPRESENTATION_CONTEXT() REPRESENTATION_CONTEXT('2D SPACE',''
  ) );
#4099 = ORIENTED_EDGE('',*,*,#3924,.F.);
#4100 = ORIENTED_EDGE('',*,*,#2522,.F.);
#4101 = ADVANCED_FACE('',(#4102),#2594,.T.);
#4102 = FACE_BOUND('',#4103,.T.);
#4103 = EDGE_LOOP('',(#4104,#4105,#4134,#4163));
#4104 = ORIENTED_EDGE('',*,*,#3429,.F.);
#4105 = ORIENTED_EDGE('',*,*,#4106,.F.);
#4106 = EDGE_CURVE('',#4107,#3401,#4109,.T.);
#4107 = VERTEX_POINT('',#4108);
#4108 = CARTESIAN_POINT('',(6.141915257473,12.302631307285,0.6000001));
#4109 = SURFACE_CURVE('',#4110,(#4116,#4125),.PCURVE_S1.);
#4110 = B_SPLINE_CURVE_WITH_KNOTS('',4,(#4111,#4112,#4113,#4114,#4115),
  .UNSPECIFIED.,.F.,.F.,(5,5),(0.,1.),.PIECEWISE_BEZIER_KNOTS.);
#4111 = CARTESIAN_POINT('',(6.141915257473,12.302631307285,0.6000001));
#4112 = CARTESIAN_POINT('',(6.119581020175,12.257894466167,0.6000001));
#4113 = CARTESIAN_POINT('',(6.097246782877,12.213157625048,0.6000001));
#4114 = CARTESIAN_POINT('',(6.07491254558,12.16842078393,0.6000001));
#4115 = CARTESIAN_POINT('',(6.052578308282,12.123683942811,0.6000001));
#4116 = PCURVE('',#2594,#4117);
#4117 = DEFINITIONAL_REPRESENTATION('',(#4118),#4124);
#4118 = B_SPLINE_CURVE_WITH_KNOTS('',4,(#4119,#4120,#4121,#4122,#4123),
  .UNSPECIFIED.,.F.,.F.,(5,5),(0.,1.),.PIECEWISE_BEZIER_KNOTS.);
#4119 = CARTESIAN_POINT('',(2.,0.176313972083));
#4120 = CARTESIAN_POINT('',(1.75,0.176313972083));
#4121 = CARTESIAN_POINT('',(1.5,0.176313972083));
#4122 = CARTESIAN_POINT('',(1.25,0.176313972083));
#4123 = CARTESIAN_POINT('',(1.,0.176313972083));
#4124 = ( GEOMETRIC_REPRESENTATION_CONTEXT(2) 
PARAMETRIC_REPRESENTATION_CONTEXT() REPRESENTATION_CONTEXT('2D SPACE',''
  ) );
#4125 = PCURVE('',#3417,#4126);
#4126 = DEFINITIONAL_REPRESENTATION('',(#4127),#4133);
#4127 = B_SPLINE_CURVE_WITH_KNOTS('',4,(#4128,#4129,#4130,#4131,#4132),
  .UNSPECIFIED.,.F.,.F.,(5,5),(0.,1.),.PIECEWISE_BEZIER_KNOTS.);
#4128 = CARTESIAN_POINT('',(6.141915257473,12.302631307285));
#4129 = CARTESIAN_POINT('',(6.119581020175,12.257894466167));
#4130 = CARTESIAN_POINT('',(6.097246782877,12.213157625048));
#4131 = CARTESIAN_POINT('',(6.07491254558,12.16842078393));
#4132 = CARTESIAN_POINT('',(6.052578308282,12.123683942811));
#4133 = ( GEOMETRIC_REPRESENTATION_CONTEXT(2) 
PARAMETRIC_REPRESENTATION_CONTEXT() REPRESENTATION_CONTEXT('2D SPACE',''
  ) );
#4134 = ORIENTED_EDGE('',*,*,#4135,.T.);
#4135 = EDGE_CURVE('',#4107,#2581,#4136,.T.);
#4136 = SURFACE_CURVE('',#4137,(#4149,#4156),.PCURVE_S1.);
#4137 = ( BOUNDED_CURVE() B_SPLINE_CURVE(6,(#4138,#4139,#4140,#4141,
    #4142,#4143,#4144,#4145,#4146,#4147,#4148),.UNSPECIFIED.,.F.,.F.) 
B_SPLINE_CURVE_WITH_KNOTS((7,4,7),(0.,0.5,1.),.UNSPECIFIED.) CURVE() 
GEOMETRIC_REPRESENTATION_ITEM() RATIONAL_B_SPLINE_CURVE((1.,1.,1.,1.,1.,
1.,1.,1.,1.,1.,1.)) REPRESENTATION_ITEM('') );
#4138 = CARTESIAN_POINT('',(13.75,1.7763568394E-15,0.423686127919));
#4139 = CARTESIAN_POINT('',(13.701445579737,7.197831642732,
    0.507019461252));
#4140 = CARTESIAN_POINT('',(9.369136897326,14.395663285458,
    0.590352794576));
#4141 = CARTESIAN_POINT('',(-8.16321190679E-02,18.087075014382,
    0.673686127922));
#4142 = CARTESIAN_POINT('',(-9.244513885317,14.39566328546,
    0.757019461256));
#4143 = CARTESIAN_POINT('',(-18.25548611468,5.06771514457E-13,
    0.923686127919));
#4144 = CARTESIAN_POINT('',(-9.244513885318,-14.39566328546,
    1.090352794581));
#4145 = CARTESIAN_POINT('',(-8.163211906721E-02,-18.08707501438,
    1.173686127915));
#4146 = CARTESIAN_POINT('',(9.369136897325,-14.39566328546,
    1.257019461261));
#4147 = CARTESIAN_POINT('',(13.701445579738,-7.197831642731,
    1.340352794585));
#4148 = CARTESIAN_POINT('',(13.75,7.004474440531E-15,1.423686127919));
#4149 = PCURVE('',#2594,#4150);
#4150 = DEFINITIONAL_REPRESENTATION('',(#4151),#4155);
#4151 = LINE('',#4152,#4153);
#4152 = CARTESIAN_POINT('',(2.,0.));
#4153 = VECTOR('',#4154,1.);
#4154 = DIRECTION('',(0.,1.));
#4155 = ( GEOMETRIC_REPRESENTATION_CONTEXT(2) 
PARAMETRIC_REPRESENTATION_CONTEXT() REPRESENTATION_CONTEXT('2D SPACE',''
  ) );
#4156 = PCURVE('',#3963,#4157);
#4157 = DEFINITIONAL_REPRESENTATION('',(#4158),#4162);
#4158 = LINE('',#4159,#4160);
#4159 = CARTESIAN_POINT('',(2.,0.));
#4160 = VECTOR('',#4161,1.);
#4161 = DIRECTION('',(0.,1.));
#4162 = ( GEOMETRIC_REPRESENTATION_CONTEXT(2) 
PARAMETRIC_REPRESENTATION_CONTEXT() REPRESENTATION_CONTEXT('2D SPACE',''
  ) );
#4163 = ORIENTED_EDGE('',*,*,#2580,.F.);
#4164 = ADVANCED_FACE('',(#4165),#3417,.F.);
#4165 = FACE_BOUND('',#4166,.F.);
#4166 = EDGE_LOOP('',(#4167,#4211,#4240,#4307,#4334,#4335));
#4167 = ORIENTED_EDGE('',*,*,#4168,.F.);
#4168 = EDGE_CURVE('',#4169,#4107,#4171,.T.);
#4169 = VERTEX_POINT('',#4170);
#4170 = CARTESIAN_POINT('',(-1.815340106111E-02,14.025488251894,
    0.6000001));
#4171 = SURFACE_CURVE('',#4172,(#4183,#4197),.PCURVE_S1.);
#4172 = B_SPLINE_CURVE_WITH_KNOTS('',5,(#4173,#4174,#4175,#4176,#4177,
    #4178,#4179,#4180,#4181,#4182),.UNSPECIFIED.,.F.,.F.,(6,4,6),(0.,
    0.501761943066,1.),.UNSPECIFIED.);
#4173 = CARTESIAN_POINT('',(-1.843920342751E-02,14.0255,0.6000001));
#4174 = CARTESIAN_POINT('',(0.628792523129,13.998901703098,0.6000001));
#4175 = CARTESIAN_POINT('',(1.274484019852,13.934918500396,0.6000001));
#4176 = CARTESIAN_POINT('',(1.915736455684,13.833562829174,0.6000001));
#4177 = CARTESIAN_POINT('',(2.549662114354,13.695176879838,0.6000001));
#4178 = CARTESIAN_POINT('',(3.792734301447,13.34692745982,0.6000001));
#4179 = CARTESIAN_POINT('',(4.40203291195,13.137570165688,0.6000001));
#4180 = CARTESIAN_POINT('',(4.998472942951,12.8930319689,0.6000001));
#4181 = CARTESIAN_POINT('',(5.579317864542,12.61428681439,0.6000001));
#4182 = CARTESIAN_POINT('',(6.141915257473,12.302631307285,0.6000001));
#4183 = PCURVE('',#3417,#4184);
#4184 = DEFINITIONAL_REPRESENTATION('',(#4185),#4196);
#4185 = B_SPLINE_CURVE_WITH_KNOTS('',5,(#4186,#4187,#4188,#4189,#4190,
    #4191,#4192,#4193,#4194,#4195),.UNSPECIFIED.,.F.,.F.,(6,4,6),(0.,
    0.501761943066,1.),.UNSPECIFIED.);
#4186 = CARTESIAN_POINT('',(-1.84392034275E-02,14.0255));
#4187 = CARTESIAN_POINT('',(0.628792523129,13.998901703098));
#4188 = CARTESIAN_POINT('',(1.274484019852,13.934918500396));
#4189 = CARTESIAN_POINT('',(1.915736455684,13.833562829174));
#4190 = CARTESIAN_POINT('',(2.549662114354,13.695176879838));
#4191 = CARTESIAN_POINT('',(3.792734301447,13.34692745982));
#4192 = CARTESIAN_POINT('',(4.40203291195,13.137570165688));
#4193 = CARTESIAN_POINT('',(4.998472942951,12.8930319689));
#4194 = CARTESIAN_POINT('',(5.579317864542,12.61428681439));
#4195 = CARTESIAN_POINT('',(6.141915257473,12.302631307285));
#4196 = ( GEOMETRIC_REPRESENTATION_CONTEXT(2) 
PARAMETRIC_REPRESENTATION_CONTEXT() REPRESENTATION_CONTEXT('2D SPACE',''
  ) );
#4197 = PCURVE('',#3963,#4198);
#4198 = DEFINITIONAL_REPRESENTATION('',(#4199),#4210);
#4199 = B_SPLINE_CURVE_WITH_KNOTS('',5,(#4200,#4201,#4202,#4203,#4204,
    #4205,#4206,#4207,#4208,#4209),.UNSPECIFIED.,.F.,.F.,(6,4,6),(0.,
    0.501761943066,1.),.UNSPECIFIED.);
#4200 = CARTESIAN_POINT('',(2.50135280221,0.250199365243));
#4201 = CARTESIAN_POINT('',(2.45151790192,0.242855093535));
#4202 = CARTESIAN_POINT('',(2.401565887103,0.235493562418));
#4203 = CARTESIAN_POINT('',(2.351497255597,0.22811484526));
#4204 = CARTESIAN_POINT('',(2.301309029493,0.220718503201));
#4205 = CARTESIAN_POINT('',(2.201044292026,0.205942282713));
#4206 = CARTESIAN_POINT('',(2.150968713544,0.198562541765));
#4207 = CARTESIAN_POINT('',(2.100772063993,0.191164958325));
#4208 = CARTESIAN_POINT('',(2.05044990184,0.183748877834));
#4209 = CARTESIAN_POINT('',(2.,0.176313972083));
#4210 = ( GEOMETRIC_REPRESENTATION_CONTEXT(2) 
PARAMETRIC_REPRESENTATION_CONTEXT() REPRESENTATION_CONTEXT('2D SPACE',''
  ) );
#4211 = ORIENTED_EDGE('',*,*,#4212,.T.);
#4212 = EDGE_CURVE('',#4169,#4213,#4215,.T.);
#4213 = VERTEX_POINT('',#4214);
#4214 = CARTESIAN_POINT('',(-1.815340106151E-02,-14.02548825189,
    0.6000001));
#4215 = SURFACE_CURVE('',#4216,(#4221,#4228),.PCURVE_S1.);
#4216 = CIRCLE('',#4217,14.0255);
#4217 = AXIS2_PLACEMENT_3D('',#4218,#4219,#4220);
#4218 = CARTESIAN_POINT('',(0.,0.,0.6000001));
#4219 = DIRECTION('',(0.,0.,1.));
#4220 = DIRECTION('',(1.,0.,-0.));
#4221 = PCURVE('',#3417,#4222);
#4222 = DEFINITIONAL_REPRESENTATION('',(#4223),#4227);
#4223 = CIRCLE('',#4224,14.0255);
#4224 = AXIS2_PLACEMENT_2D('',#4225,#4226);
#4225 = CARTESIAN_POINT('',(1.147421969825E-15,-1.811588507301E-16));
#4226 = DIRECTION('',(1.,0.));
#4227 = ( GEOMETRIC_REPRESENTATION_CONTEXT(2) 
PARAMETRIC_REPRESENTATION_CONTEXT() REPRESENTATION_CONTEXT('2D SPACE',''
  ) );
#4228 = PCURVE('',#4229,#4234);
#4229 = CONICAL_SURFACE('',#4230,14.301,0.785398163397);
#4230 = AXIS2_PLACEMENT_3D('',#4231,#4232,#4233);
#4231 = CARTESIAN_POINT('',(0.,0.,0.8755001));
#4232 = DIRECTION('',(0.,0.,1.));
#4233 = DIRECTION('',(1.,0.,-0.));
#4234 = DEFINITIONAL_REPRESENTATION('',(#4235),#4239);
#4235 = LINE('',#4236,#4237);
#4236 = CARTESIAN_POINT('',(0.,-0.2755));
#4237 = VECTOR('',#4238,1.);
#4238 = DIRECTION('',(1.,-0.));
#4239 = ( GEOMETRIC_REPRESENTATION_CONTEXT(2) 
PARAMETRIC_REPRESENTATION_CONTEXT() REPRESENTATION_CONTEXT('2D SPACE',''
  ) );
#4240 = ORIENTED_EDGE('',*,*,#4241,.F.);
#4241 = EDGE_CURVE('',#4242,#4213,#4244,.T.);
#4242 = VERTEX_POINT('',#4243);
#4243 = CARTESIAN_POINT('',(6.141915257473,-12.30263130728,0.6000001));
#4244 = SURFACE_CURVE('',#4245,(#4256,#4270),.PCURVE_S1.);
#4245 = B_SPLINE_CURVE_WITH_KNOTS('',5,(#4246,#4247,#4248,#4249,#4250,
    #4251,#4252,#4253,#4254,#4255),.UNSPECIFIED.,.F.,.F.,(6,4,6),(0.,
    0.500232797686,1.),.UNSPECIFIED.);
#4246 = CARTESIAN_POINT('',(6.141915257473,-12.30263130728,0.6000001));
#4247 = CARTESIAN_POINT('',(5.577065452833,-12.61553455659,0.6000001));
#4248 = CARTESIAN_POINT('',(4.99382166975,-12.89526342577,0.6000001));
#4249 = CARTESIAN_POINT('',(4.394868404513,-13.14050563886,0.6000001));
#4250 = CARTESIAN_POINT('',(3.782975509099,-13.35027680687,0.6000001));
#4251 = CARTESIAN_POINT('',(2.539580776711,-13.69737397393,0.6000001));
#4252 = CARTESIAN_POINT('',(1.908088337008,-13.83476987519,0.6000001));
#4253 = CARTESIAN_POINT('',(1.269350080282,-13.93542664341,0.6000001));
#4254 = CARTESIAN_POINT('',(0.6262194725,-13.99900744384,0.6000001));
#4255 = CARTESIAN_POINT('',(-1.843920342792E-02,-14.0255,0.6000001));
#4256 = PCURVE('',#3417,#4257);
#4257 = DEFINITIONAL_REPRESENTATION('',(#4258),#4269);
#4258 = B_SPLINE_CURVE_WITH_KNOTS('',5,(#4259,#4260,#4261,#4262,#4263,
    #4264,#4265,#4266,#4267,#4268),.UNSPECIFIED.,.F.,.F.,(6,4,6),(0.,
    0.500232797686,1.),.UNSPECIFIED.);
#4259 = CARTESIAN_POINT('',(6.141915257473,-12.30263130728));
#4260 = CARTESIAN_POINT('',(5.577065452833,-12.61553455659));
#4261 = CARTESIAN_POINT('',(4.99382166975,-12.89526342577));
#4262 = CARTESIAN_POINT('',(4.394868404513,-13.14050563886));
#4263 = CARTESIAN_POINT('',(3.782975509099,-13.35027680687));
#4264 = CARTESIAN_POINT('',(2.539580776711,-13.69737397393));
#4265 = CARTESIAN_POINT('',(1.908088337008,-13.83476987519));
#4266 = CARTESIAN_POINT('',(1.269350080282,-13.93542664341));
#4267 = CARTESIAN_POINT('',(0.6262194725,-13.99900744384));
#4268 = CARTESIAN_POINT('',(-1.843920342792E-02,-14.0255));
#4269 = ( GEOMETRIC_REPRESENTATION_CONTEXT(2) 
PARAMETRIC_REPRESENTATION_CONTEXT() REPRESENTATION_CONTEXT('2D SPACE',''
  ) );
#4270 = PCURVE('',#4271,#4294);
#4271 = ( BOUNDED_SURFACE() B_SPLINE_SURFACE(1,6,(
    (#4272,#4273,#4274,#4275,#4276,#4277,#4278,#4279,#4280,#4281,#4282)
    ,(#4283,#4284,#4285,#4286,#4287,#4288,#4289,#4290,#4291,#4292,#4293
)),.UNSPECIFIED.,.F.,.F.,.F.) B_SPLINE_SURFACE_WITH_KNOTS((2,2),(7,4,7),
(4.,5.),(0.,0.5,1.),.UNSPECIFIED.) GEOMETRIC_REPRESENTATION_ITEM() 
RATIONAL_B_SPLINE_SURFACE((
    (1.,1.,1.,1.,1.,1.,1.,1.,1.,1.,1.)
,(1.,1.,1.,1.,1.,1.,1.,1.,1.,1.,1.
  ))) REPRESENTATION_ITEM('') SURFACE() );
#4272 = CARTESIAN_POINT('',(14.3,7.967026135827E-14,-7.631387208144E-02)
  );
#4273 = CARTESIAN_POINT('',(14.249503403065,7.485744908481,
    7.019461252072E-03));
#4274 = CARTESIAN_POINT('',(9.743902372885,14.971489816958,
    9.035279457624E-02));
#4275 = CARTESIAN_POINT('',(-8.489740359846E-02,18.810558014815,
    0.173686127922));
#4276 = CARTESIAN_POINT('',(-9.614294440751,14.97148981696,
    0.257019461256));
#4277 = CARTESIAN_POINT('',(-18.98570555925,2.459951696351E-13,
    0.423686127919));
#4278 = CARTESIAN_POINT('',(-9.614294440751,-14.97148981696,
    0.590352794582));
#4279 = CARTESIAN_POINT('',(-8.489740359769E-02,-18.81055801481,
    0.673686127915));
#4280 = CARTESIAN_POINT('',(9.743902372885,-14.97148981696,
    0.757019461261));
#4281 = CARTESIAN_POINT('',(14.249503403065,-7.485744908481,
    0.840352794585));
#4282 = CARTESIAN_POINT('',(14.3,7.88477711463E-14,0.923686127919));
#4283 = CARTESIAN_POINT('',(13.75,1.7763568394E-15,-0.223685927919));
#4284 = CARTESIAN_POINT('',(13.701445579737,7.197831642732,
    -0.140352594585));
#4285 = CARTESIAN_POINT('',(9.369136897326,14.395663285458,
    -5.701926126087E-02));
#4286 = CARTESIAN_POINT('',(-8.16321190679E-02,18.087075014382,
    2.631407208486E-02));
#4287 = CARTESIAN_POINT('',(-9.244513885317,14.39566328546,
    0.109647405419));
#4288 = CARTESIAN_POINT('',(-18.25548611468,5.06771514457E-13,
    0.276314072081));
#4289 = CARTESIAN_POINT('',(-9.244513885318,-14.39566328546,
    0.442980738744));
#4290 = CARTESIAN_POINT('',(-8.163211906721E-02,-18.08707501438,
    0.526314072078));
#4291 = CARTESIAN_POINT('',(9.369136897325,-14.39566328546,
    0.609647405424));
#4292 = CARTESIAN_POINT('',(13.701445579738,-7.197831642731,
    0.692980738748));
#4293 = CARTESIAN_POINT('',(13.75,7.004474440531E-15,0.776314072081));
#4294 = DEFINITIONAL_REPRESENTATION('',(#4295),#4306);
#4295 = B_SPLINE_CURVE_WITH_KNOTS('',5,(#4296,#4297,#4298,#4299,#4300,
    #4301,#4302,#4303,#4304,#4305),.UNSPECIFIED.,.F.,.F.,(6,4,6),(0.,
    0.500232797686,1.),.UNSPECIFIED.);
#4296 = CARTESIAN_POINT('',(5.,0.823686027917));
#4297 = CARTESIAN_POINT('',(4.949348117221,0.81622135582));
#4298 = CARTESIAN_POINT('',(4.898824995162,0.808775659455));
#4299 = CARTESIAN_POINT('',(4.848428387337,0.801348607753));
#4300 = CARTESIAN_POINT('',(4.798153789023,0.793939536843));
#4301 = CARTESIAN_POINT('',(4.697892891986,0.779163882327));
#4302 = CARTESIAN_POINT('',(4.647905605597,0.771797153166));
#4303 = CARTESIAN_POINT('',(4.59803694451,0.76444790606));
#4304 = CARTESIAN_POINT('',(4.548283980905,0.75711570953));
#4305 = CARTESIAN_POINT('',(4.49864719779,0.749800634757));
#4306 = ( GEOMETRIC_REPRESENTATION_CONTEXT(2) 
PARAMETRIC_REPRESENTATION_CONTEXT() REPRESENTATION_CONTEXT('2D SPACE',''
  ) );
#4307 = ORIENTED_EDGE('',*,*,#4308,.F.);
#4308 = EDGE_CURVE('',#3214,#4242,#4309,.T.);
#4309 = SURFACE_CURVE('',#4310,(#4316,#4325),.PCURVE_S1.);
#4310 = B_SPLINE_CURVE_WITH_KNOTS('',4,(#4311,#4312,#4313,#4314,#4315),
  .UNSPECIFIED.,.F.,.F.,(5,5),(0.,1.),.PIECEWISE_BEZIER_KNOTS.);
#4311 = CARTESIAN_POINT('',(6.052578308282,-12.12368394281,0.6000001));
#4312 = CARTESIAN_POINT('',(6.07491254558,-12.16842078393,0.6000001));
#4313 = CARTESIAN_POINT('',(6.097246782878,-12.21315762504,0.6000001));
#4314 = CARTESIAN_POINT('',(6.119581020175,-12.25789446616,0.6000001));
#4315 = CARTESIAN_POINT('',(6.141915257473,-12.30263130728,0.6000001));
#4316 = PCURVE('',#3417,#4317);
#4317 = DEFINITIONAL_REPRESENTATION('',(#4318),#4324);
#4318 = B_SPLINE_CURVE_WITH_KNOTS('',4,(#4319,#4320,#4321,#4322,#4323),
  .UNSPECIFIED.,.F.,.F.,(5,5),(0.,1.),.PIECEWISE_BEZIER_KNOTS.);
#4319 = CARTESIAN_POINT('',(6.052578308282,-12.12368394281));
#4320 = CARTESIAN_POINT('',(6.07491254558,-12.16842078393));
#4321 = CARTESIAN_POINT('',(6.097246782878,-12.21315762504));
#4322 = CARTESIAN_POINT('',(6.119581020175,-12.25789446616));
#4323 = CARTESIAN_POINT('',(6.141915257473,-12.30263130728));
#4324 = ( GEOMETRIC_REPRESENTATION_CONTEXT(2) 
PARAMETRIC_REPRESENTATION_CONTEXT() REPRESENTATION_CONTEXT('2D SPACE',''
  ) );
#4325 = PCURVE('',#3323,#4326);
#4326 = DEFINITIONAL_REPRESENTATION('',(#4327),#4333);
#4327 = B_SPLINE_CURVE_WITH_KNOTS('',4,(#4328,#4329,#4330,#4331,#4332),
  .UNSPECIFIED.,.F.,.F.,(5,5),(0.,1.),.PIECEWISE_BEZIER_KNOTS.);
#4328 = CARTESIAN_POINT('',(6.,0.823686027917));
#4329 = CARTESIAN_POINT('',(5.75,0.823686027917));
#4330 = CARTESIAN_POINT('',(5.5,0.823686027917));
#4331 = CARTESIAN_POINT('',(5.25,0.823686027917));
#4332 = CARTESIAN_POINT('',(5.,0.823686027917));
#4333 = ( GEOMETRIC_REPRESENTATION_CONTEXT(2) 
PARAMETRIC_REPRESENTATION_CONTEXT() REPRESENTATION_CONTEXT('2D SPACE',''
  ) );
#4334 = ORIENTED_EDGE('',*,*,#3400,.F.);
#4335 = ORIENTED_EDGE('',*,*,#4106,.F.);
#4336 = ADVANCED_FACE('',(#4337),#3323,.T.);
#4337 = FACE_BOUND('',#4338,.T.);
#4338 = EDGE_LOOP('',(#4339,#4370,#4371,#4372));
#4339 = ORIENTED_EDGE('',*,*,#4340,.F.);
#4340 = EDGE_CURVE('',#4242,#4341,#4343,.T.);
#4341 = VERTEX_POINT('',#4342);
#4342 = CARTESIAN_POINT('',(13.749999999994,8.008850723364E-15,
    0.776314072081));
#4343 = SURFACE_CURVE('',#4344,(#4356,#4363),.PCURVE_S1.);
#4344 = ( BOUNDED_CURVE() B_SPLINE_CURVE(6,(#4345,#4346,#4347,#4348,
    #4349,#4350,#4351,#4352,#4353,#4354,#4355),.UNSPECIFIED.,.F.,.F.) 
B_SPLINE_CURVE_WITH_KNOTS((7,4,7),(0.,0.5,1.),.UNSPECIFIED.) CURVE() 
GEOMETRIC_REPRESENTATION_ITEM() RATIONAL_B_SPLINE_CURVE((1.,1.,1.,1.,1.,
1.,1.,1.,1.,1.,1.)) REPRESENTATION_ITEM('') );
#4345 = CARTESIAN_POINT('',(13.75,1.7763568394E-15,-0.223685927919));
#4346 = CARTESIAN_POINT('',(13.701445579737,7.197831642732,
    -0.140352594585));
#4347 = CARTESIAN_POINT('',(9.369136897326,14.395663285458,
    -5.701926126087E-02));
#4348 = CARTESIAN_POINT('',(-8.16321190679E-02,18.087075014382,
    2.631407208486E-02));
#4349 = CARTESIAN_POINT('',(-9.244513885317,14.39566328546,
    0.109647405419));
#4350 = CARTESIAN_POINT('',(-18.25548611468,5.06771514457E-13,
    0.276314072081));
#4351 = CARTESIAN_POINT('',(-9.244513885318,-14.39566328546,
    0.442980738744));
#4352 = CARTESIAN_POINT('',(-8.163211906721E-02,-18.08707501438,
    0.526314072078));
#4353 = CARTESIAN_POINT('',(9.369136897325,-14.39566328546,
    0.609647405424));
#4354 = CARTESIAN_POINT('',(13.701445579738,-7.197831642731,
    0.692980738748));
#4355 = CARTESIAN_POINT('',(13.75,7.004474440531E-15,0.776314072081));
#4356 = PCURVE('',#3323,#4357);
#4357 = DEFINITIONAL_REPRESENTATION('',(#4358),#4362);
#4358 = LINE('',#4359,#4360);
#4359 = CARTESIAN_POINT('',(5.,0.));
#4360 = VECTOR('',#4361,1.);
#4361 = DIRECTION('',(0.,1.));
#4362 = ( GEOMETRIC_REPRESENTATION_CONTEXT(2) 
PARAMETRIC_REPRESENTATION_CONTEXT() REPRESENTATION_CONTEXT('2D SPACE',''
  ) );
#4363 = PCURVE('',#4271,#4364);
#4364 = DEFINITIONAL_REPRESENTATION('',(#4365),#4369);
#4365 = LINE('',#4366,#4367);
#4366 = CARTESIAN_POINT('',(5.,0.));
#4367 = VECTOR('',#4368,1.);
#4368 = DIRECTION('',(0.,1.));
#4369 = ( GEOMETRIC_REPRESENTATION_CONTEXT(2) 
PARAMETRIC_REPRESENTATION_CONTEXT() REPRESENTATION_CONTEXT('2D SPACE',''
  ) );
#4370 = ORIENTED_EDGE('',*,*,#4308,.F.);
#4371 = ORIENTED_EDGE('',*,*,#3213,.T.);
#4372 = ORIENTED_EDGE('',*,*,#4373,.F.);
#4373 = EDGE_CURVE('',#4341,#2658,#4374,.T.);
#4374 = SURFACE_CURVE('',#4375,(#4378,#4385),.PCURVE_S1.);
#4375 = B_SPLINE_CURVE_WITH_KNOTS('',1,(#4376,#4377),.UNSPECIFIED.,.F.,
  .F.,(2,2),(5.,6.),.PIECEWISE_BEZIER_KNOTS.);
#4376 = CARTESIAN_POINT('',(13.75,7.004474440531E-15,0.776314072081));
#4377 = CARTESIAN_POINT('',(13.55,-1.91203607252E-14,0.776314072081));
#4378 = PCURVE('',#3323,#4379);
#4379 = DEFINITIONAL_REPRESENTATION('',(#4380),#4384);
#4380 = LINE('',#4381,#4382);
#4381 = CARTESIAN_POINT('',(0.,1.));
#4382 = VECTOR('',#4383,1.);
#4383 = DIRECTION('',(1.,0.));
#4384 = ( GEOMETRIC_REPRESENTATION_CONTEXT(2) 
PARAMETRIC_REPRESENTATION_CONTEXT() REPRESENTATION_CONTEXT('2D SPACE',''
  ) );
#4385 = PCURVE('',#2979,#4386);
#4386 = DEFINITIONAL_REPRESENTATION('',(#4387),#4390);
#4387 = B_SPLINE_CURVE_WITH_KNOTS('',1,(#4388,#4389),.UNSPECIFIED.,.F.,
  .F.,(2,2),(5.,5.249999999942),.PIECEWISE_BEZIER_KNOTS.);
#4388 = CARTESIAN_POINT('',(5.,0.));
#4389 = CARTESIAN_POINT('',(5.249999999942,0.));
#4390 = ( GEOMETRIC_REPRESENTATION_CONTEXT(2) 
PARAMETRIC_REPRESENTATION_CONTEXT() REPRESENTATION_CONTEXT('2D SPACE',''
  ) );
#4391 = ADVANCED_FACE('',(#4392,#4423),#3200,.T.);
#4392 = FACE_BOUND('',#4393,.T.);
#4393 = EDGE_LOOP('',(#4394));
#4394 = ORIENTED_EDGE('',*,*,#4395,.T.);
#4395 = EDGE_CURVE('',#4396,#4396,#4398,.T.);
#4396 = VERTEX_POINT('',#4397);
#4397 = CARTESIAN_POINT('',(15.97,-3.911521876477E-15,0.));
#4398 = SURFACE_CURVE('',#4399,(#4404,#4411),.PCURVE_S1.);
#4399 = CIRCLE('',#4400,15.97);
#4400 = AXIS2_PLACEMENT_3D('',#4401,#4402,#4403);
#4401 = CARTESIAN_POINT('',(0.,0.,0.));
#4402 = DIRECTION('',(0.,0.,1.));
#4403 = DIRECTION('',(1.,0.,-0.));
#4404 = PCURVE('',#3200,#4405);
#4405 = DEFINITIONAL_REPRESENTATION('',(#4406),#4410);
#4406 = CIRCLE('',#4407,15.97);
#4407 = AXIS2_PLACEMENT_2D('',#4408,#4409);
#4408 = CARTESIAN_POINT('',(0.,0.));
#4409 = DIRECTION('',(1.,0.));
#4410 = ( GEOMETRIC_REPRESENTATION_CONTEXT(2) 
PARAMETRIC_REPRESENTATION_CONTEXT() REPRESENTATION_CONTEXT('2D SPACE',''
  ) );
#4411 = PCURVE('',#4412,#4417);
#4412 = CYLINDRICAL_SURFACE('',#4413,15.97);
#4413 = AXIS2_PLACEMENT_3D('',#4414,#4415,#4416);
#4414 = CARTESIAN_POINT('',(0.,0.,-1.2));
#4415 = DIRECTION('',(0.,0.,1.));
#4416 = DIRECTION('',(1.,0.,-0.));
#4417 = DEFINITIONAL_REPRESENTATION('',(#4418),#4422);
#4418 = LINE('',#4419,#4420);
#4419 = CARTESIAN_POINT('',(0.,1.2));
#4420 = VECTOR('',#4421,1.);
#4421 = DIRECTION('',(1.,0.));
#4422 = ( GEOMETRIC_REPRESENTATION_CONTEXT(2) 
PARAMETRIC_REPRESENTATION_CONTEXT() REPRESENTATION_CONTEXT('2D SPACE',''
  ) );
#4423 = FACE_BOUND('',#4424,.T.);
#4424 = EDGE_LOOP('',(#4425));
#4425 = ORIENTED_EDGE('',*,*,#3185,.F.);
#4426 = ADVANCED_FACE('',(#4427),#2979,.T.);
#4427 = FACE_BOUND('',#4428,.T.);
#4428 = EDGE_LOOP('',(#4429,#4481,#4482,#4483));
#4429 = ORIENTED_EDGE('',*,*,#4430,.F.);
#4430 = EDGE_CURVE('',#4341,#3740,#4431,.T.);
#4431 = SURFACE_CURVE('',#4432,(#4444,#4451),.PCURVE_S1.);
#4432 = ( BOUNDED_CURVE() B_SPLINE_CURVE(6,(#4433,#4434,#4435,#4436,
    #4437,#4438,#4439,#4440,#4441,#4442,#4443),.UNSPECIFIED.,.F.,.F.) 
B_SPLINE_CURVE_WITH_KNOTS((7,4,7),(0.,0.5,1.),.UNSPECIFIED.) CURVE() 
GEOMETRIC_REPRESENTATION_ITEM() RATIONAL_B_SPLINE_CURVE((1.,1.,1.,1.,1.,
1.,1.,1.,1.,1.,1.)) REPRESENTATION_ITEM('') );
#4433 = CARTESIAN_POINT('',(13.749999999988,9.013227006196E-15,
    0.776314072081));
#4434 = CARTESIAN_POINT('',(13.701445579726,7.197831642732,
    0.859647405417));
#4435 = CARTESIAN_POINT('',(9.369136897315,14.395663285456,
    0.942980738895));
#4436 = CARTESIAN_POINT('',(-8.163211907779E-02,18.087075014376,
    1.026314072578));
#4437 = CARTESIAN_POINT('',(-9.244513885323,14.395663285451,
    1.109647406238));
#4438 = CARTESIAN_POINT('',(-18.25548611467,-1.234089265889E-11,
    1.276314073222));
#4439 = CARTESIAN_POINT('',(-9.2445138853,-14.39566328547,1.442980739564
    ));
#4440 = CARTESIAN_POINT('',(-8.163211904475E-02,-18.08707501438,
    1.526314072571));
#4441 = CARTESIAN_POINT('',(9.369136897349,-14.39566328546,1.60964740558
    ));
#4442 = CARTESIAN_POINT('',(13.701445579762,-7.197831642731,
    1.69298073875));
#4443 = CARTESIAN_POINT('',(13.750000000024,8.035477216074E-15,
    1.776314072081));
#4444 = PCURVE('',#2979,#4445);
#4445 = DEFINITIONAL_REPRESENTATION('',(#4446),#4450);
#4446 = LINE('',#4447,#4448);
#4447 = CARTESIAN_POINT('',(5.,0.));
#4448 = VECTOR('',#4449,1.);
#4449 = DIRECTION('',(0.,1.));
#4450 = ( GEOMETRIC_REPRESENTATION_CONTEXT(2) 
PARAMETRIC_REPRESENTATION_CONTEXT() REPRESENTATION_CONTEXT('2D SPACE',''
  ) );
#4451 = PCURVE('',#4452,#4475);
#4452 = ( BOUNDED_SURFACE() B_SPLINE_SURFACE(1,6,(
    (#4453,#4454,#4455,#4456,#4457,#4458,#4459,#4460,#4461,#4462,#4463)
    ,(#4464,#4465,#4466,#4467,#4468,#4469,#4470,#4471,#4472,#4473,#4474
)),.UNSPECIFIED.,.F.,.F.,.F.) B_SPLINE_SURFACE_WITH_KNOTS((2,2),(7,4,7),
(4.,5.),(0.,0.5,1.),.UNSPECIFIED.) GEOMETRIC_REPRESENTATION_ITEM() 
RATIONAL_B_SPLINE_SURFACE((
    (1.,1.,1.,1.,1.,1.,1.,1.,1.,1.,1.)
,(1.,1.,1.,1.,1.,1.,1.,1.,1.,1.,1.
  ))) REPRESENTATION_ITEM('') SURFACE() );
#4453 = CARTESIAN_POINT('',(14.299999999994,3.068449769241E-13,
    0.923686127899));
#4454 = CARTESIAN_POINT('',(14.249503403059,7.485744908481,
    1.007019461234));
#4455 = CARTESIAN_POINT('',(9.743902372879,14.971489816957,
    1.090352794719));
#4456 = CARTESIAN_POINT('',(-8.489740360339E-02,18.81055801481,
    1.173686128415));
#4457 = CARTESIAN_POINT('',(-9.614294440751,14.97148981695,
    1.257019462088));
#4458 = CARTESIAN_POINT('',(-18.98570555923,-1.289580308269E-11,
    1.423686129085));
#4459 = CARTESIAN_POINT('',(-9.614294440728,-14.97148981697,
    1.590352795414));
#4460 = CARTESIAN_POINT('',(-8.48974035697E-02,-18.81055801482,
    1.673686128408));
#4461 = CARTESIAN_POINT('',(9.743902372914,-14.97148981696,
    1.757019461404));
#4462 = CARTESIAN_POINT('',(14.249503403095,-7.48574490848,
    1.840352794567));
#4463 = CARTESIAN_POINT('',(14.300000000029,2.998166193208E-13,
    1.923686127899));
#4464 = CARTESIAN_POINT('',(13.749999999988,9.013227006196E-15,
    0.776314072081));
#4465 = CARTESIAN_POINT('',(13.701445579726,7.197831642732,
    0.859647405417));
#4466 = CARTESIAN_POINT('',(9.369136897315,14.395663285456,
    0.942980738895));
#4467 = CARTESIAN_POINT('',(-8.163211907779E-02,18.087075014376,
    1.026314072578));
#4468 = CARTESIAN_POINT('',(-9.244513885323,14.395663285451,
    1.109647406238));
#4469 = CARTESIAN_POINT('',(-18.25548611467,-1.234089265889E-11,
    1.276314073222));
#4470 = CARTESIAN_POINT('',(-9.2445138853,-14.39566328547,1.442980739564
    ));
#4471 = CARTESIAN_POINT('',(-8.163211904475E-02,-18.08707501438,
    1.526314072571));
#4472 = CARTESIAN_POINT('',(9.369136897349,-14.39566328546,1.60964740558
    ));
#4473 = CARTESIAN_POINT('',(13.701445579762,-7.197831642731,
    1.69298073875));
#4474 = CARTESIAN_POINT('',(13.750000000024,8.035477216074E-15,
    1.776314072081));
#4475 = DEFINITIONAL_REPRESENTATION('',(#4476),#4480);
#4476 = LINE('',#4477,#4478);
#4477 = CARTESIAN_POINT('',(5.,0.));
#4478 = VECTOR('',#4479,1.);
#4479 = DIRECTION('',(0.,1.));
#4480 = ( GEOMETRIC_REPRESENTATION_CONTEXT(2) 
PARAMETRIC_REPRESENTATION_CONTEXT() REPRESENTATION_CONTEXT('2D SPACE',''
  ) );
#4481 = ORIENTED_EDGE('',*,*,#4373,.T.);
#4482 = ORIENTED_EDGE('',*,*,#2657,.T.);
#4483 = ORIENTED_EDGE('',*,*,#3793,.F.);
#4484 = ADVANCED_FACE('',(#4485),#3763,.T.);
#4485 = FACE_BOUND('',#4486,.T.);
#4486 = EDGE_LOOP('',(#4487,#4506,#4507,#4508));
#4487 = ORIENTED_EDGE('',*,*,#4488,.T.);
#4488 = EDGE_CURVE('',#4051,#3740,#4489,.T.);
#4489 = SURFACE_CURVE('',#4490,(#4493,#4499),.PCURVE_S1.);
#4490 = B_SPLINE_CURVE_WITH_KNOTS('',1,(#4491,#4492),.UNSPECIFIED.,.F.,
  .F.,(2,2),(4.,5.),.PIECEWISE_BEZIER_KNOTS.);
#4491 = CARTESIAN_POINT('',(14.300000000029,2.998166193208E-13,
    1.923686127899));
#4492 = CARTESIAN_POINT('',(13.750000000024,8.035477216074E-15,
    1.776314072081));
#4493 = PCURVE('',#3763,#4494);
#4494 = DEFINITIONAL_REPRESENTATION('',(#4495),#4498);
#4495 = B_SPLINE_CURVE_WITH_KNOTS('',1,(#4496,#4497),.UNSPECIFIED.,.F.,
  .F.,(2,2),(4.,5.),.PIECEWISE_BEZIER_KNOTS.);
#4496 = CARTESIAN_POINT('',(4.,0.));
#4497 = CARTESIAN_POINT('',(5.,0.));
#4498 = ( GEOMETRIC_REPRESENTATION_CONTEXT(2) 
PARAMETRIC_REPRESENTATION_CONTEXT() REPRESENTATION_CONTEXT('2D SPACE',''
  ) );
#4499 = PCURVE('',#4452,#4500);
#4500 = DEFINITIONAL_REPRESENTATION('',(#4501),#4505);
#4501 = LINE('',#4502,#4503);
#4502 = CARTESIAN_POINT('',(0.,1.));
#4503 = VECTOR('',#4504,1.);
#4504 = DIRECTION('',(1.,0.));
#4505 = ( GEOMETRIC_REPRESENTATION_CONTEXT(2) 
PARAMETRIC_REPRESENTATION_CONTEXT() REPRESENTATION_CONTEXT('2D SPACE',''
  ) );
#4506 = ORIENTED_EDGE('',*,*,#3739,.T.);
#4507 = ORIENTED_EDGE('',*,*,#3817,.F.);
#4508 = ORIENTED_EDGE('',*,*,#4071,.F.);
#4509 = ADVANCED_FACE('',(#4510,#4536),#3908,.F.);
#4510 = FACE_BOUND('',#4511,.F.);
#4511 = EDGE_LOOP('',(#4512));
#4512 = ORIENTED_EDGE('',*,*,#4513,.T.);
#4513 = EDGE_CURVE('',#4514,#4514,#4516,.T.);
#4514 = VERTEX_POINT('',#4515);
#4515 = CARTESIAN_POINT('',(15.97,-3.911521876477E-15,-1.2));
#4516 = SURFACE_CURVE('',#4517,(#4522,#4529),.PCURVE_S1.);
#4517 = CIRCLE('',#4518,15.97);
#4518 = AXIS2_PLACEMENT_3D('',#4519,#4520,#4521);
#4519 = CARTESIAN_POINT('',(0.,0.,-1.2));
#4520 = DIRECTION('',(0.,0.,1.));
#4521 = DIRECTION('',(1.,0.,-0.));
#4522 = PCURVE('',#3908,#4523);
#4523 = DEFINITIONAL_REPRESENTATION('',(#4524),#4528);
#4524 = CIRCLE('',#4525,15.97);
#4525 = AXIS2_PLACEMENT_2D('',#4526,#4527);
#4526 = CARTESIAN_POINT('',(0.,0.));
#4527 = DIRECTION('',(1.,0.));
#4528 = ( GEOMETRIC_REPRESENTATION_CONTEXT(2) 
PARAMETRIC_REPRESENTATION_CONTEXT() REPRESENTATION_CONTEXT('2D SPACE',''
  ) );
#4529 = PCURVE('',#4412,#4530);
#4530 = DEFINITIONAL_REPRESENTATION('',(#4531),#4535);
#4531 = LINE('',#4532,#4533);
#4532 = CARTESIAN_POINT('',(0.,0.));
#4533 = VECTOR('',#4534,1.);
#4534 = DIRECTION('',(1.,0.));
#4535 = ( GEOMETRIC_REPRESENTATION_CONTEXT(2) 
PARAMETRIC_REPRESENTATION_CONTEXT() REPRESENTATION_CONTEXT('2D SPACE',''
  ) );
#4536 = FACE_BOUND('',#4537,.F.);
#4537 = EDGE_LOOP('',(#4538));
#4538 = ORIENTED_EDGE('',*,*,#3893,.F.);
#4539 = ADVANCED_FACE('',(#4540),#3963,.T.);
#4540 = FACE_BOUND('',#4541,.T.);
#4541 = EDGE_LOOP('',(#4542,#4543,#4544,#4654,#4708,#4748,#4800));
#4542 = ORIENTED_EDGE('',*,*,#4135,.F.);
#4543 = ORIENTED_EDGE('',*,*,#4168,.F.);
#4544 = ORIENTED_EDGE('',*,*,#4545,.T.);
#4545 = EDGE_CURVE('',#4169,#4546,#4548,.T.);
#4546 = VERTEX_POINT('',#4547);
#4547 = CARTESIAN_POINT('',(-11.66289280772,-8.274512540771,
    0.874522003191));
#4548 = SURFACE_CURVE('',#4549,(#4582,#4618),.PCURVE_S1.);
#4549 = B_SPLINE_CURVE_WITH_KNOTS('',7,(#4550,#4551,#4552,#4553,#4554,
    #4555,#4556,#4557,#4558,#4559,#4560,#4561,#4562,#4563,#4564,#4565,
    #4566,#4567,#4568,#4569,#4570,#4571,#4572,#4573,#4574,#4575,#4576,
    #4577,#4578,#4579,#4580,#4581),.UNSPECIFIED.,.F.,.F.,(8,6,6,6,6,8),(
    0.,0.248598887635,0.501867773223,0.713761145359,0.785066221079,1.),
  .UNSPECIFIED.);
#4550 = CARTESIAN_POINT('',(-1.815340106113E-02,14.025488251894,
    0.6000001));
#4551 = CARTESIAN_POINT('',(-1.117858854303,14.033921378749,
    0.609856578518));
#4552 = CARTESIAN_POINT('',(-2.218539437347,13.941760690468,
    0.619715107183));
#4553 = CARTESIAN_POINT('',(-3.308791264308,13.748944419476,
    0.629562196599));
#4554 = CARTESIAN_POINT('',(-4.377678673358,13.457108816571,
    0.639387844072));
#4555 = CARTESIAN_POINT('',(-5.414661238061,13.069235791183,
    0.64919203737));
#4556 = CARTESIAN_POINT('',(-6.409610612378,12.589635219997,
    0.65898250252));
#4557 = CARTESIAN_POINT('',(-8.313944078151,11.448267936229,
    0.678728631109));
#4558 = CARTESIAN_POINT('',(-9.221728530333,10.783033324201,
    0.688687657467));
#4559 = CARTESIAN_POINT('',(-10.06605412384,10.034733436893,
    0.698645567489));
#4560 = CARTESIAN_POINT('',(-10.83806517825,9.210826226121,
    0.708612406437));
#4561 = CARTESIAN_POINT('',(-11.53000237286,8.319746187931,
    0.718591777052));
#4562 = CARTESIAN_POINT('',(-12.13519298058,7.370895550601,
    0.728570278248));
#4563 = CARTESIAN_POINT('',(-13.07767917464,5.5415547373,0.746862675738)
  );
#4564 = CARTESIAN_POINT('',(-13.4427002474,4.675002955334,0.755184325158
    ));
#4565 = CARTESIAN_POINT('',(-13.74028960893,3.781333282051,
    0.763485218393));
#4566 = CARTESIAN_POINT('',(-13.96817354909,2.866867329435,
    0.771756419098));
#4567 = CARTESIAN_POINT('',(-14.12479928455,1.938085263084,
    0.779996423522));
#4568 = CARTESIAN_POINT('',(-14.20934202554,1.001618508289,
    0.788223807969));
#4569 = CARTESIAN_POINT('',(-14.22605984912,-0.251152669828,
    0.79927957821));
#4570 = CARTESIAN_POINT('',(-14.22211245946,-0.566691687105,
    0.802068828258));
#4571 = CARTESIAN_POINT('',(-14.21000548356,-0.882086839119,
    0.804862020483));
#4572 = CARTESIAN_POINT('',(-14.18974472055,-1.197084899858,
    0.807656254992));
#4573 = CARTESIAN_POINT('',(-14.16134819847,-1.511433318427,
    0.810451110778));
#4574 = CARTESIAN_POINT('',(-14.12484245225,-1.82488043709,
    0.813244971041));
#4575 = CARTESIAN_POINT('',(-13.94589605146,-3.078520700123,
    0.824454169018));
#4576 = CARTESIAN_POINT('',(-13.73817478832,-4.009489655137,
    0.832857661737));
#4577 = CARTESIAN_POINT('',(-13.45812043008,-4.92306198755,
    0.841226197301));
#4578 = CARTESIAN_POINT('',(-13.10761619234,-5.812568059613,
    0.849565226051));
#4579 = CARTESIAN_POINT('',(-12.68925322686,-6.671635524544,
    0.857888171582));
#4580 = CARTESIAN_POINT('',(-12.20631366512,-7.494190415927,
    0.866205512565));
#4581 = CARTESIAN_POINT('',(-11.66289280798,-8.274512540404,
    0.874522003186));
#4582 = PCURVE('',#3963,#4583);
#4583 = DEFINITIONAL_REPRESENTATION('',(#4584),#4617);
#4584 = B_SPLINE_CURVE_WITH_KNOTS('',7,(#4585,#4586,#4587,#4588,#4589,
    #4590,#4591,#4592,#4593,#4594,#4595,#4596,#4597,#4598,#4599,#4600,
    #4601,#4602,#4603,#4604,#4605,#4606,#4607,#4608,#4609,#4610,#4611,
    #4612,#4613,#4614,#4615,#4616),.UNSPECIFIED.,.F.,.F.,(8,6,6,6,6,8),(
    0.,0.248598887635,0.501867773223,0.713761145359,0.785066221079,1.),
  .UNSPECIFIED.);
#4585 = CARTESIAN_POINT('',(2.50133078558,0.250196120607));
#4586 = CARTESIAN_POINT('',(2.519127014654,0.262675265989));
#4587 = CARTESIAN_POINT('',(2.536867011891,0.275148174517));
#4588 = CARTESIAN_POINT('',(2.554614543176,0.287610754105));
#4589 = CARTESIAN_POINT('',(2.572436419122,0.300062848074));
#4590 = CARTESIAN_POINT('',(2.590340251256,0.312505565921));
#4591 = CARTESIAN_POINT('',(2.608272077508,0.324938681171));
#4592 = CARTESIAN_POINT('',(2.644411926332,0.350010813578));
#4593 = CARTESIAN_POINT('',(2.662625342754,0.362653988558));
#4594 = CARTESIAN_POINT('',(2.680751463085,0.375283182197));
#4595 = CARTESIAN_POINT('',(2.698732465649,0.387899918459));
#4596 = CARTESIAN_POINT('',(2.71656058742,0.400506656032));
#4597 = CARTESIAN_POINT('',(2.734341304298,0.413105538028));
#4598 = CARTESIAN_POINT('',(2.767087893737,0.436223867726));
#4599 = CARTESIAN_POINT('',(2.782043233906,0.446749516372));
#4600 = CARTESIAN_POINT('',(2.797093241465,0.457268360162));
#4601 = CARTESIAN_POINT('',(2.812301250617,0.467780796441));
#4602 = CARTESIAN_POINT('',(2.827681744927,0.478287455931));
#4603 = CARTESIAN_POINT('',(2.843106565181,0.48878802785));
#4604 = CARTESIAN_POINT('',(2.863243425031,0.502811408526));
#4605 = CARTESIAN_POINT('',(2.868270388401,0.5063414925));
#4606 = CARTESIAN_POINT('',(2.873265123739,0.509870769141));
#4607 = CARTESIAN_POINT('',(2.878247225131,0.513399226174));
#4608 = CARTESIAN_POINT('',(2.883219459693,0.516926850391));
#4609 = CARTESIAN_POINT('',(2.888192698005,0.520453627007));
#4610 = CARTESIAN_POINT('',(2.908174690624,0.534607612317));
#4611 = CARTESIAN_POINT('',(2.923223060461,0.545228814236));
#4612 = CARTESIAN_POINT('',(2.938446934138,0.555840923361));
#4613 = CARTESIAN_POINT('',(2.953810292485,0.566444081816));
#4614 = CARTESIAN_POINT('',(2.969230073504,0.577039472176));
#4615 = CARTESIAN_POINT('',(2.984640306559,0.587627850886));
#4616 = CARTESIAN_POINT('',(3.,0.598207931107));
#4617 = ( GEOMETRIC_REPRESENTATION_CONTEXT(2) 
PARAMETRIC_REPRESENTATION_CONTEXT() REPRESENTATION_CONTEXT('2D SPACE',''
  ) );
#4618 = PCURVE('',#4229,#4619);
#4619 = DEFINITIONAL_REPRESENTATION('',(#4620),#4653);
#4620 = B_SPLINE_CURVE_WITH_KNOTS('',7,(#4621,#4622,#4623,#4624,#4625,
    #4626,#4627,#4628,#4629,#4630,#4631,#4632,#4633,#4634,#4635,#4636,
    #4637,#4638,#4639,#4640,#4641,#4642,#4643,#4644,#4645,#4646,#4647,
    #4648,#4649,#4650,#4651,#4652),.UNSPECIFIED.,.F.,.F.,(8,6,6,6,6,8),(
    0.,0.248598887635,0.501867773223,0.713761145359,0.785066221079,1.),
  .UNSPECIFIED.);
#4621 = CARTESIAN_POINT('',(1.57209064116,-0.2755));
#4622 = CARTESIAN_POINT('',(1.650497372969,-0.265643518762));
#4623 = CARTESIAN_POINT('',(1.728854101254,-0.255784996669));
#4624 = CARTESIAN_POINT('',(1.807136487797,-0.245937902832));
#4625 = CARTESIAN_POINT('',(1.885348864491,-0.236112253455));
#4626 = CARTESIAN_POINT('',(1.963504736765,-0.226308064213));
#4627 = CARTESIAN_POINT('',(2.041607837565,-0.21651759748));
#4628 = CARTESIAN_POINT('',(2.199125363937,-0.196771468891));
#4629 = CARTESIAN_POINT('',(2.278566296329,-0.186812442533));
#4630 = CARTESIAN_POINT('',(2.357930237756,-0.176854532511));
#4631 = CARTESIAN_POINT('',(2.437225117233,-0.166887693563));
#4632 = CARTESIAN_POINT('',(2.516460063389,-0.156908322948));
#4633 = CARTESIAN_POINT('',(2.595641927282,-0.146929821752));
#4634 = CARTESIAN_POINT('',(2.740923595871,-0.128637424262));
#4635 = CARTESIAN_POINT('',(2.807064493367,-0.120315774842));
#4636 = CARTESIAN_POINT('',(2.873155664985,-0.112014881607));
#4637 = CARTESIAN_POINT('',(2.939198701189,-0.103743680902));
#4638 = CARTESIAN_POINT('',(3.005199988609,-9.550367647847E-02));
#4639 = CARTESIAN_POINT('',(3.071161913762,-8.727629203146E-02));
#4640 = CARTESIAN_POINT('',(3.159253202565,-7.622052178999E-02));
#4641 = CARTESIAN_POINT('',(3.181428282401,-7.343127175604E-02));
#4642 = CARTESIAN_POINT('',(3.203598312437,-7.063807946966E-02));
#4643 = CARTESIAN_POINT('',(3.225763291971,-6.78438450777E-02));
#4644 = CARTESIAN_POINT('',(3.24792323947,-6.50489891773E-02));
#4645 = CARTESIAN_POINT('',(3.270078166404,-6.225512895914E-02));
#4646 = CARTESIAN_POINT('',(3.358993974167,-5.104593098161E-02));
#4647 = CARTESIAN_POINT('',(3.425720338346,-4.26424382661E-02));
#4648 = CARTESIAN_POINT('',(3.492396014069,-3.427390269509E-02));
#4649 = CARTESIAN_POINT('',(3.559023550118,-2.593487394702E-02));
#4650 = CARTESIAN_POINT('',(3.625609274602,-1.761192842425E-02));
#4651 = CARTESIAN_POINT('',(3.692154581018,-9.294587432055E-03));
#4652 = CARTESIAN_POINT('',(3.758648367203,-9.780968110682E-04));
#4653 = ( GEOMETRIC_REPRESENTATION_CONTEXT(2) 
PARAMETRIC_REPRESENTATION_CONTEXT() REPRESENTATION_CONTEXT('2D SPACE',''
  ) );
#4654 = ORIENTED_EDGE('',*,*,#4655,.T.);
#4655 = EDGE_CURVE('',#4546,#4656,#4658,.T.);
#4656 = VERTEX_POINT('',#4657);
#4657 = CARTESIAN_POINT('',(7.550449059646,-12.14534149366,
    1.114824352014));
#4658 = SURFACE_CURVE('',#4659,(#4671,#4678),.PCURVE_S1.);
#4659 = ( BOUNDED_CURVE() B_SPLINE_CURVE(6,(#4660,#4661,#4662,#4663,
    #4664,#4665,#4666,#4667,#4668,#4669,#4670),.UNSPECIFIED.,.F.,.F.) 
B_SPLINE_CURVE_WITH_KNOTS((7,4,7),(0.,0.5,1.),.UNSPECIFIED.) CURVE() 
GEOMETRIC_REPRESENTATION_ITEM() RATIONAL_B_SPLINE_CURVE((1.,1.,1.,1.,1.,
1.,1.,1.,1.,1.,1.)) REPRESENTATION_ITEM('') );
#4660 = CARTESIAN_POINT('',(14.3,7.967026135827E-14,0.276314072081));
#4661 = CARTESIAN_POINT('',(14.249503403065,7.485744908481,
    0.359647405415));
#4662 = CARTESIAN_POINT('',(9.743902372885,14.971489816958,
    0.442980738739));
#4663 = CARTESIAN_POINT('',(-8.489740359846E-02,18.810558014815,
    0.526314072085));
#4664 = CARTESIAN_POINT('',(-9.614294440751,14.97148981696,
    0.609647405418));
#4665 = CARTESIAN_POINT('',(-18.98570555925,2.459951696351E-13,
    0.776314072081));
#4666 = CARTESIAN_POINT('',(-9.614294440751,-14.97148981696,
    0.942980738744));
#4667 = CARTESIAN_POINT('',(-8.489740359769E-02,-18.81055801481,
    1.026314072078));
#4668 = CARTESIAN_POINT('',(9.743902372885,-14.97148981696,
    1.109647405424));
#4669 = CARTESIAN_POINT('',(14.249503403065,-7.485744908481,
    1.192980738748));
#4670 = CARTESIAN_POINT('',(14.3,7.88477711463E-14,1.276314072081));
#4671 = PCURVE('',#3963,#4672);
#4672 = DEFINITIONAL_REPRESENTATION('',(#4673),#4677);
#4673 = LINE('',#4674,#4675);
#4674 = CARTESIAN_POINT('',(3.,0.));
#4675 = VECTOR('',#4676,1.);
#4676 = DIRECTION('',(0.,1.));
#4677 = ( GEOMETRIC_REPRESENTATION_CONTEXT(2) 
PARAMETRIC_REPRESENTATION_CONTEXT() REPRESENTATION_CONTEXT('2D SPACE',''
  ) );
#4678 = PCURVE('',#4679,#4702);
#4679 = ( BOUNDED_SURFACE() B_SPLINE_SURFACE(1,6,(
    (#4680,#4681,#4682,#4683,#4684,#4685,#4686,#4687,#4688,#4689,#4690)
    ,(#4691,#4692,#4693,#4694,#4695,#4696,#4697,#4698,#4699,#4700,#4701
)),.UNSPECIFIED.,.F.,.F.,.F.) B_SPLINE_SURFACE_WITH_KNOTS((2,2),(7,4,7),
(3.,4.),(0.,0.5,1.),.UNSPECIFIED.) GEOMETRIC_REPRESENTATION_ITEM() 
RATIONAL_B_SPLINE_SURFACE((
    (1.,1.,1.,1.,1.,1.,1.,1.,1.,1.,1.)
,(1.,1.,1.,1.,1.,1.,1.,1.,1.,1.,1.
  ))) REPRESENTATION_ITEM('') SURFACE() );
#4680 = CARTESIAN_POINT('',(14.3,7.967026135827E-14,0.276314072081));
#4681 = CARTESIAN_POINT('',(14.249503403065,7.485744908481,
    0.359647405415));
#4682 = CARTESIAN_POINT('',(9.743902372885,14.971489816958,
    0.442980738739));
#4683 = CARTESIAN_POINT('',(-8.489740359846E-02,18.810558014815,
    0.526314072085));
#4684 = CARTESIAN_POINT('',(-9.614294440751,14.97148981696,
    0.609647405418));
#4685 = CARTESIAN_POINT('',(-18.98570555925,2.459951696351E-13,
    0.776314072081));
#4686 = CARTESIAN_POINT('',(-9.614294440751,-14.97148981696,
    0.942980738744));
#4687 = CARTESIAN_POINT('',(-8.489740359769E-02,-18.81055801481,
    1.026314072078));
#4688 = CARTESIAN_POINT('',(9.743902372885,-14.97148981696,
    1.109647405424));
#4689 = CARTESIAN_POINT('',(14.249503403065,-7.485744908481,
    1.192980738748));
#4690 = CARTESIAN_POINT('',(14.3,7.88477711463E-14,1.276314072081));
#4691 = CARTESIAN_POINT('',(14.3,7.967026135827E-14,-7.631387208144E-02)
  );
#4692 = CARTESIAN_POINT('',(14.249503403065,7.485744908481,
    7.019461252072E-03));
#4693 = CARTESIAN_POINT('',(9.743902372885,14.971489816958,
    9.035279457624E-02));
#4694 = CARTESIAN_POINT('',(-8.489740359846E-02,18.810558014815,
    0.173686127922));
#4695 = CARTESIAN_POINT('',(-9.614294440751,14.97148981696,
    0.257019461256));
#4696 = CARTESIAN_POINT('',(-18.98570555925,2.459951696351E-13,
    0.423686127919));
#4697 = CARTESIAN_POINT('',(-9.614294440751,-14.97148981696,
    0.590352794582));
#4698 = CARTESIAN_POINT('',(-8.489740359769E-02,-18.81055801481,
    0.673686127915));
#4699 = CARTESIAN_POINT('',(9.743902372885,-14.97148981696,
    0.757019461261));
#4700 = CARTESIAN_POINT('',(14.249503403065,-7.485744908481,
    0.840352794585));
#4701 = CARTESIAN_POINT('',(14.3,7.88477711463E-14,0.923686127919));
#4702 = DEFINITIONAL_REPRESENTATION('',(#4703),#4707);
#4703 = LINE('',#4704,#4705);
#4704 = CARTESIAN_POINT('',(3.,0.));
#4705 = VECTOR('',#4706,1.);
#4706 = DIRECTION('',(0.,1.));
#4707 = ( GEOMETRIC_REPRESENTATION_CONTEXT(2) 
PARAMETRIC_REPRESENTATION_CONTEXT() REPRESENTATION_CONTEXT('2D SPACE',''
  ) );
#4708 = ORIENTED_EDGE('',*,*,#4709,.T.);
#4709 = EDGE_CURVE('',#4656,#4710,#4712,.T.);
#4710 = VERTEX_POINT('',#4711);
#4711 = CARTESIAN_POINT('',(10.699907955182,-9.488444063736,
    1.160845732632));
#4712 = SURFACE_CURVE('',#4713,(#4721,#4732),.PCURVE_S1.);
#4713 = B_SPLINE_CURVE_WITH_KNOTS('',6,(#4714,#4715,#4716,#4717,#4718,
    #4719,#4720),.UNSPECIFIED.,.F.,.F.,(7,7),(0.,1.),
  .PIECEWISE_BEZIER_KNOTS.);
#4714 = CARTESIAN_POINT('',(7.550449059644,-12.14534149366,
    1.114824352014));
#4715 = CARTESIAN_POINT('',(8.135709018111,-11.78150030357,
    1.122547009195));
#4716 = CARTESIAN_POINT('',(8.69993984734,-11.38380973597,1.130262692832
    ));
#4717 = CARTESIAN_POINT('',(9.240672112242,-10.9538019518,1.137961863437
    ));
#4718 = CARTESIAN_POINT('',(9.755622559732,-10.49323161126,
    1.145632899595));
#4719 = CARTESIAN_POINT('',(10.242676718369,-10.00405358994,
    1.153263303959));
#4720 = CARTESIAN_POINT('',(10.699907955181,-9.488444063736,
    1.160845732632));
#4721 = PCURVE('',#3963,#4722);
#4722 = DEFINITIONAL_REPRESENTATION('',(#4723),#4731);
#4723 = B_SPLINE_CURVE_WITH_KNOTS('',6,(#4724,#4725,#4726,#4727,#4728,
    #4729,#4730),.UNSPECIFIED.,.F.,.F.,(7,7),(0.,1.),
  .PIECEWISE_BEZIER_KNOTS.);
#4724 = CARTESIAN_POINT('',(3.,0.83851027993));
#4725 = CARTESIAN_POINT('',(2.999628109098,0.846178130785));
#4726 = CARTESIAN_POINT('',(2.999309570102,0.853846870675));
#4727 = CARTESIAN_POINT('',(2.999108753626,0.861516446543));
#4728 = CARTESIAN_POINT('',(2.99910653083,0.869187155123));
#4729 = CARTESIAN_POINT('',(2.999388285129,0.876859082197));
#4730 = CARTESIAN_POINT('',(3.,0.884531660549));
#4731 = ( GEOMETRIC_REPRESENTATION_CONTEXT(2) 
PARAMETRIC_REPRESENTATION_CONTEXT() REPRESENTATION_CONTEXT('2D SPACE',''
  ) );
#4732 = PCURVE('',#4733,#4738);
#4733 = CYLINDRICAL_SURFACE('',#4734,14.301);
#4734 = AXIS2_PLACEMENT_3D('',#4735,#4736,#4737);
#4735 = CARTESIAN_POINT('',(0.,0.,0.6000001));
#4736 = DIRECTION('',(-0.,-0.,-1.));
#4737 = DIRECTION('',(1.,0.,-0.));
#4738 = DEFINITIONAL_REPRESENTATION('',(#4739),#4747);
#4739 = B_SPLINE_CURVE_WITH_KNOTS('',6,(#4740,#4741,#4742,#4743,#4744,
    #4745,#4746),.UNSPECIFIED.,.F.,.F.,(7,7),(0.,1.),
  .PIECEWISE_BEZIER_KNOTS.);
#4740 = CARTESIAN_POINT('',(-5.268593347591,-0.514824252014));
#4741 = CARTESIAN_POINT('',(-5.316781367564,-0.522546909195));
#4742 = CARTESIAN_POINT('',(-5.364970224549,-0.530262592832));
#4743 = CARTESIAN_POINT('',(-5.413158149587,-0.537961763437));
#4744 = CARTESIAN_POINT('',(-5.461346120547,-0.545632799595));
#4745 = CARTESIAN_POINT('',(-5.509535111846,-0.553263203959));
#4746 = CARTESIAN_POINT('',(-5.557723332564,-0.560845632632));
#4747 = ( GEOMETRIC_REPRESENTATION_CONTEXT(2) 
PARAMETRIC_REPRESENTATION_CONTEXT() REPRESENTATION_CONTEXT('2D SPACE',''
  ) );
#4748 = ORIENTED_EDGE('',*,*,#4749,.T.);
#4749 = EDGE_CURVE('',#4710,#3950,#4750,.T.);
#4750 = SURFACE_CURVE('',#4751,(#4763,#4770),.PCURVE_S1.);
#4751 = ( BOUNDED_CURVE() B_SPLINE_CURVE(6,(#4752,#4753,#4754,#4755,
    #4756,#4757,#4758,#4759,#4760,#4761,#4762),.UNSPECIFIED.,.F.,.F.) 
B_SPLINE_CURVE_WITH_KNOTS((7,4,7),(0.,0.5,1.),.UNSPECIFIED.) CURVE() 
GEOMETRIC_REPRESENTATION_ITEM() RATIONAL_B_SPLINE_CURVE((1.,1.,1.,1.,1.,
1.,1.,1.,1.,1.,1.)) REPRESENTATION_ITEM('') );
#4752 = CARTESIAN_POINT('',(14.3,7.967026135827E-14,0.276314072081));
#4753 = CARTESIAN_POINT('',(14.249503403065,7.485744908481,
    0.359647405415));
#4754 = CARTESIAN_POINT('',(9.743902372885,14.971489816958,
    0.442980738739));
#4755 = CARTESIAN_POINT('',(-8.489740359846E-02,18.810558014815,
    0.526314072085));
#4756 = CARTESIAN_POINT('',(-9.614294440751,14.97148981696,
    0.609647405418));
#4757 = CARTESIAN_POINT('',(-18.98570555925,2.459951696351E-13,
    0.776314072081));
#4758 = CARTESIAN_POINT('',(-9.614294440751,-14.97148981696,
    0.942980738744));
#4759 = CARTESIAN_POINT('',(-8.489740359769E-02,-18.81055801481,
    1.026314072078));
#4760 = CARTESIAN_POINT('',(9.743902372885,-14.97148981696,
    1.109647405424));
#4761 = CARTESIAN_POINT('',(14.249503403065,-7.485744908481,
    1.192980738748));
#4762 = CARTESIAN_POINT('',(14.3,7.88477711463E-14,1.276314072081));
#4763 = PCURVE('',#3963,#4764);
#4764 = DEFINITIONAL_REPRESENTATION('',(#4765),#4769);
#4765 = LINE('',#4766,#4767);
#4766 = CARTESIAN_POINT('',(3.,0.));
#4767 = VECTOR('',#4768,1.);
#4768 = DIRECTION('',(0.,1.));
#4769 = ( GEOMETRIC_REPRESENTATION_CONTEXT(2) 
PARAMETRIC_REPRESENTATION_CONTEXT() REPRESENTATION_CONTEXT('2D SPACE',''
  ) );
#4770 = PCURVE('',#4771,#4794);
#4771 = ( BOUNDED_SURFACE() B_SPLINE_SURFACE(1,6,(
    (#4772,#4773,#4774,#4775,#4776,#4777,#4778,#4779,#4780,#4781,#4782)
    ,(#4783,#4784,#4785,#4786,#4787,#4788,#4789,#4790,#4791,#4792,#4793
)),.UNSPECIFIED.,.F.,.F.,.F.) B_SPLINE_SURFACE_WITH_KNOTS((2,2),(7,4,7),
(3.,4.),(0.,0.5,1.),.UNSPECIFIED.) GEOMETRIC_REPRESENTATION_ITEM() 
RATIONAL_B_SPLINE_SURFACE((
    (1.,1.,1.,1.,1.,1.,1.,1.,1.,1.,1.)
,(1.,1.,1.,1.,1.,1.,1.,1.,1.,1.,1.
  ))) REPRESENTATION_ITEM('') SURFACE() );
#4772 = CARTESIAN_POINT('',(14.3,7.967026135827E-14,0.276314072081));
#4773 = CARTESIAN_POINT('',(14.249503403065,7.485744908481,
    0.359647405415));
#4774 = CARTESIAN_POINT('',(9.743902372885,14.971489816958,
    0.442980738739));
#4775 = CARTESIAN_POINT('',(-8.489740359846E-02,18.810558014815,
    0.526314072085));
#4776 = CARTESIAN_POINT('',(-9.614294440751,14.97148981696,
    0.609647405418));
#4777 = CARTESIAN_POINT('',(-18.98570555925,2.459951696351E-13,
    0.776314072081));
#4778 = CARTESIAN_POINT('',(-9.614294440751,-14.97148981696,
    0.942980738744));
#4779 = CARTESIAN_POINT('',(-8.489740359769E-02,-18.81055801481,
    1.026314072078));
#4780 = CARTESIAN_POINT('',(9.743902372885,-14.97148981696,
    1.109647405424));
#4781 = CARTESIAN_POINT('',(14.249503403065,-7.485744908481,
    1.192980738748));
#4782 = CARTESIAN_POINT('',(14.3,7.88477711463E-14,1.276314072081));
#4783 = CARTESIAN_POINT('',(14.3,7.967026135827E-14,-7.631387208144E-02)
  );
#4784 = CARTESIAN_POINT('',(14.249503403065,7.485744908481,
    7.019461252072E-03));
#4785 = CARTESIAN_POINT('',(9.743902372885,14.971489816958,
    9.035279457624E-02));
#4786 = CARTESIAN_POINT('',(-8.489740359846E-02,18.810558014815,
    0.173686127922));
#4787 = CARTESIAN_POINT('',(-9.614294440751,14.97148981696,
    0.257019461256));
#4788 = CARTESIAN_POINT('',(-18.98570555925,2.459951696351E-13,
    0.423686127919));
#4789 = CARTESIAN_POINT('',(-9.614294440751,-14.97148981696,
    0.590352794582));
#4790 = CARTESIAN_POINT('',(-8.489740359769E-02,-18.81055801481,
    0.673686127915));
#4791 = CARTESIAN_POINT('',(9.743902372885,-14.97148981696,
    0.757019461261));
#4792 = CARTESIAN_POINT('',(14.249503403065,-7.485744908481,
    0.840352794585));
#4793 = CARTESIAN_POINT('',(14.3,7.88477711463E-14,0.923686127919));
#4794 = DEFINITIONAL_REPRESENTATION('',(#4795),#4799);
#4795 = LINE('',#4796,#4797);
#4796 = CARTESIAN_POINT('',(3.,0.));
#4797 = VECTOR('',#4798,1.);
#4798 = DIRECTION('',(0.,1.));
#4799 = ( GEOMETRIC_REPRESENTATION_CONTEXT(2) 
PARAMETRIC_REPRESENTATION_CONTEXT() REPRESENTATION_CONTEXT('2D SPACE',''
  ) );
#4800 = ORIENTED_EDGE('',*,*,#3949,.F.);
#4801 = ADVANCED_FACE('',(#4802),#4015,.T.);
#4802 = FACE_BOUND('',#4803,.T.);
#4803 = EDGE_LOOP('',(#4804,#4825,#4854,#4855));
#4804 = ORIENTED_EDGE('',*,*,#4805,.T.);
#4805 = EDGE_CURVE('',#3950,#4806,#4808,.T.);
#4806 = VERTEX_POINT('',#4807);
#4807 = CARTESIAN_POINT('',(14.299999999997,1.928463740352E-13,
    0.923686127909));
#4808 = SURFACE_CURVE('',#4809,(#4812,#4818),.PCURVE_S1.);
#4809 = B_SPLINE_CURVE_WITH_KNOTS('',1,(#4810,#4811),.UNSPECIFIED.,.F.,
  .F.,(2,2),(3.,4.),.PIECEWISE_BEZIER_KNOTS.);
#4810 = CARTESIAN_POINT('',(14.3,7.88477711463E-14,1.276314072081));
#4811 = CARTESIAN_POINT('',(14.3,7.88477711463E-14,0.923686127919));
#4812 = PCURVE('',#4015,#4813);
#4813 = DEFINITIONAL_REPRESENTATION('',(#4814),#4817);
#4814 = B_SPLINE_CURVE_WITH_KNOTS('',1,(#4815,#4816),.UNSPECIFIED.,.F.,
  .F.,(2,2),(3.,4.),.PIECEWISE_BEZIER_KNOTS.);
#4815 = CARTESIAN_POINT('',(3.,0.));
#4816 = CARTESIAN_POINT('',(4.,0.));
#4817 = ( GEOMETRIC_REPRESENTATION_CONTEXT(2) 
PARAMETRIC_REPRESENTATION_CONTEXT() REPRESENTATION_CONTEXT('2D SPACE',''
  ) );
#4818 = PCURVE('',#4771,#4819);
#4819 = DEFINITIONAL_REPRESENTATION('',(#4820),#4824);
#4820 = LINE('',#4821,#4822);
#4821 = CARTESIAN_POINT('',(0.,1.));
#4822 = VECTOR('',#4823,1.);
#4823 = DIRECTION('',(1.,0.));
#4824 = ( GEOMETRIC_REPRESENTATION_CONTEXT(2) 
PARAMETRIC_REPRESENTATION_CONTEXT() REPRESENTATION_CONTEXT('2D SPACE',''
  ) );
#4825 = ORIENTED_EDGE('',*,*,#4826,.T.);
#4826 = EDGE_CURVE('',#4806,#4051,#4827,.T.);
#4827 = SURFACE_CURVE('',#4828,(#4840,#4847),.PCURVE_S1.);
#4828 = ( BOUNDED_CURVE() B_SPLINE_CURVE(6,(#4829,#4830,#4831,#4832,
    #4833,#4834,#4835,#4836,#4837,#4838,#4839),.UNSPECIFIED.,.F.,.F.) 
B_SPLINE_CURVE_WITH_KNOTS((7,4,7),(0.,0.5,1.),.UNSPECIFIED.) CURVE() 
GEOMETRIC_REPRESENTATION_ITEM() RATIONAL_B_SPLINE_CURVE((1.,1.,1.,1.,1.,
1.,1.,1.,1.,1.,1.)) REPRESENTATION_ITEM('') );
#4829 = CARTESIAN_POINT('',(14.299999999994,3.068449769241E-13,
    0.923686127899));
#4830 = CARTESIAN_POINT('',(14.249503403059,7.485744908481,
    1.007019461234));
#4831 = CARTESIAN_POINT('',(9.743902372879,14.971489816957,
    1.090352794719));
#4832 = CARTESIAN_POINT('',(-8.489740360339E-02,18.81055801481,
    1.173686128415));
#4833 = CARTESIAN_POINT('',(-9.614294440751,14.97148981695,
    1.257019462088));
#4834 = CARTESIAN_POINT('',(-18.98570555923,-1.289580308269E-11,
    1.423686129085));
#4835 = CARTESIAN_POINT('',(-9.614294440728,-14.97148981697,
    1.590352795414));
#4836 = CARTESIAN_POINT('',(-8.48974035697E-02,-18.81055801482,
    1.673686128408));
#4837 = CARTESIAN_POINT('',(9.743902372914,-14.97148981696,
    1.757019461404));
#4838 = CARTESIAN_POINT('',(14.249503403095,-7.48574490848,
    1.840352794567));
#4839 = CARTESIAN_POINT('',(14.300000000029,2.998166193208E-13,
    1.923686127899));
#4840 = PCURVE('',#4015,#4841);
#4841 = DEFINITIONAL_REPRESENTATION('',(#4842),#4846);
#4842 = LINE('',#4843,#4844);
#4843 = CARTESIAN_POINT('',(4.,0.));
#4844 = VECTOR('',#4845,1.);
#4845 = DIRECTION('',(0.,1.));
#4846 = ( GEOMETRIC_REPRESENTATION_CONTEXT(2) 
PARAMETRIC_REPRESENTATION_CONTEXT() REPRESENTATION_CONTEXT('2D SPACE',''
  ) );
#4847 = PCURVE('',#4452,#4848);
#4848 = DEFINITIONAL_REPRESENTATION('',(#4849),#4853);
#4849 = LINE('',#4850,#4851);
#4850 = CARTESIAN_POINT('',(4.,0.));
#4851 = VECTOR('',#4852,1.);
#4852 = DIRECTION('',(0.,1.));
#4853 = ( GEOMETRIC_REPRESENTATION_CONTEXT(2) 
PARAMETRIC_REPRESENTATION_CONTEXT() REPRESENTATION_CONTEXT('2D SPACE',''
  ) );
#4854 = ORIENTED_EDGE('',*,*,#4050,.F.);
#4855 = ORIENTED_EDGE('',*,*,#3993,.F.);
#4856 = ADVANCED_FACE('',(#4857),#4271,.T.);
#4857 = FACE_BOUND('',#4858,.T.);
#4858 = EDGE_LOOP('',(#4859,#4890,#4962,#4963,#4964));
#4859 = ORIENTED_EDGE('',*,*,#4860,.F.);
#4860 = EDGE_CURVE('',#4861,#4806,#4863,.T.);
#4861 = VERTEX_POINT('',#4862);
#4862 = CARTESIAN_POINT('',(13.445961807953,-4.850513316655,
    0.868602673299));
#4863 = SURFACE_CURVE('',#4864,(#4876,#4883),.PCURVE_S1.);
#4864 = ( BOUNDED_CURVE() B_SPLINE_CURVE(6,(#4865,#4866,#4867,#4868,
    #4869,#4870,#4871,#4872,#4873,#4874,#4875),.UNSPECIFIED.,.F.,.F.) 
B_SPLINE_CURVE_WITH_KNOTS((7,4,7),(0.,0.5,1.),.UNSPECIFIED.) CURVE() 
GEOMETRIC_REPRESENTATION_ITEM() RATIONAL_B_SPLINE_CURVE((1.,1.,1.,1.,1.,
1.,1.,1.,1.,1.,1.)) REPRESENTATION_ITEM('') );
#4865 = CARTESIAN_POINT('',(14.3,7.967026135827E-14,-7.631387208144E-02)
  );
#4866 = CARTESIAN_POINT('',(14.249503403065,7.485744908481,
    7.019461252072E-03));
#4867 = CARTESIAN_POINT('',(9.743902372885,14.971489816958,
    9.035279457624E-02));
#4868 = CARTESIAN_POINT('',(-8.489740359846E-02,18.810558014815,
    0.173686127922));
#4869 = CARTESIAN_POINT('',(-9.614294440751,14.97148981696,
    0.257019461256));
#4870 = CARTESIAN_POINT('',(-18.98570555925,2.459951696351E-13,
    0.423686127919));
#4871 = CARTESIAN_POINT('',(-9.614294440751,-14.97148981696,
    0.590352794582));
#4872 = CARTESIAN_POINT('',(-8.489740359769E-02,-18.81055801481,
    0.673686127915));
#4873 = CARTESIAN_POINT('',(9.743902372885,-14.97148981696,
    0.757019461261));
#4874 = CARTESIAN_POINT('',(14.249503403065,-7.485744908481,
    0.840352794585));
#4875 = CARTESIAN_POINT('',(14.3,7.88477711463E-14,0.923686127919));
#4876 = PCURVE('',#4271,#4877);
#4877 = DEFINITIONAL_REPRESENTATION('',(#4878),#4882);
#4878 = LINE('',#4879,#4880);
#4879 = CARTESIAN_POINT('',(4.,0.));
#4880 = VECTOR('',#4881,1.);
#4881 = DIRECTION('',(0.,1.));
#4882 = ( GEOMETRIC_REPRESENTATION_CONTEXT(2) 
PARAMETRIC_REPRESENTATION_CONTEXT() REPRESENTATION_CONTEXT('2D SPACE',''
  ) );
#4883 = PCURVE('',#4771,#4884);
#4884 = DEFINITIONAL_REPRESENTATION('',(#4885),#4889);
#4885 = LINE('',#4886,#4887);
#4886 = CARTESIAN_POINT('',(4.,0.));
#4887 = VECTOR('',#4888,1.);
#4888 = DIRECTION('',(0.,1.));
#4889 = ( GEOMETRIC_REPRESENTATION_CONTEXT(2) 
PARAMETRIC_REPRESENTATION_CONTEXT() REPRESENTATION_CONTEXT('2D SPACE',''
  ) );
#4890 = ORIENTED_EDGE('',*,*,#4891,.F.);
#4891 = EDGE_CURVE('',#4213,#4861,#4892,.T.);
#4892 = SURFACE_CURVE('',#4893,(#4914,#4938),.PCURVE_S1.);
#4893 = B_SPLINE_CURVE_WITH_KNOTS('',7,(#4894,#4895,#4896,#4897,#4898,
    #4899,#4900,#4901,#4902,#4903,#4904,#4905,#4906,#4907,#4908,#4909,
    #4910,#4911,#4912,#4913),.UNSPECIFIED.,.F.,.F.,(8,6,6,8),(0.,
    0.451107873885,0.626430074627,1.),.UNSPECIFIED.);
#4894 = CARTESIAN_POINT('',(-1.815340106157E-02,-14.02548825189,
    0.6000001));
#4895 = CARTESIAN_POINT('',(1.100293433165,-14.04429946558,
    0.617363679546));
#4896 = CARTESIAN_POINT('',(2.220723995242,-13.95901797537,
    0.634690977363));
#4897 = CARTESIAN_POINT('',(3.33111848898,-13.76952854131,0.65195700736)
  );
#4898 = CARTESIAN_POINT('',(4.419976408287,-13.47754939959,
    0.669144674086));
#4899 = CARTESIAN_POINT('',(5.476249239929,-13.08622258298,
    0.686252339725));
#4900 = CARTESIAN_POINT('',(6.489338663656,-12.60012349322,
    0.703315943805));
#4901 = CARTESIAN_POINT('',(7.822294073897,-11.8023028445,0.72701393824)
  );
#4902 = CARTESIAN_POINT('',(8.187351782314,-11.56563641805,
    0.733647279456));
#4903 = CARTESIAN_POINT('',(8.543834181193,-11.31595160554,
    0.740284460954));
#4904 = CARTESIAN_POINT('',(8.891193131841,-11.0536346357,0.746929022251
    ));
#4905 = CARTESIAN_POINT('',(9.228904070133,-10.77909951877,
    0.753584713652));
#4906 = CARTESIAN_POINT('',(9.556465775158,-10.49278747915,
    0.760255145943));
#4907 = CARTESIAN_POINT('',(10.54871191082,-9.561006604801,
    0.781194604665));
#4908 = CARTESIAN_POINT('',(11.175818060534,-8.875461072205,
    0.795527731681));
#4909 = CARTESIAN_POINT('',(11.750031233174,-8.143097001982,
    0.809971593357));
#4910 = CARTESIAN_POINT('',(12.26733187076,-7.368913193424,
    0.824546037479));
#4911 = CARTESIAN_POINT('',(12.724263964968,-6.55825479661,
    0.839241459201));
#4912 = CARTESIAN_POINT('',(13.117917765154,-5.716789391918,
    0.853982375817));
#4913 = CARTESIAN_POINT('',(13.445961807953,-4.850513316655,
    0.868602673299));
#4914 = PCURVE('',#4271,#4915);
#4915 = DEFINITIONAL_REPRESENTATION('',(#4916),#4937);
#4916 = B_SPLINE_CURVE_WITH_KNOTS('',7,(#4917,#4918,#4919,#4920,#4921,
    #4922,#4923,#4924,#4925,#4926,#4927,#4928,#4929,#4930,#4931,#4932,
    #4933,#4934,#4935,#4936),.UNSPECIFIED.,.F.,.F.,(8,6,6,8),(0.,
    0.451107873885,0.626430074627,1.),.UNSPECIFIED.);
#4917 = CARTESIAN_POINT('',(4.498669209553,0.749803878676));
#4918 = CARTESIAN_POINT('',(4.466971476886,0.762496098193));
#4919 = CARTESIAN_POINT('',(4.435401401632,0.775170849117));
#4920 = CARTESIAN_POINT('',(4.404097670837,0.787823583951));
#4921 = CARTESIAN_POINT('',(4.373188057602,0.800456037428));
#4922 = CARTESIAN_POINT('',(4.3427047541,0.813071315962));
#4923 = CARTESIAN_POINT('',(4.312421925688,0.825672077362));
#4924 = CARTESIAN_POINT('',(4.270179185356,0.84314467231));
#4925 = CARTESIAN_POINT('',(4.258334687587,0.848032465539));
#4926 = CARTESIAN_POINT('',(4.246448265787,0.85291792062));
#4927 = CARTESIAN_POINT('',(4.234496162777,0.857801075924));
#4928 = CARTESIAN_POINT('',(4.222453140243,0.862681962337));
#4929 = CARTESIAN_POINT('',(4.210294635929,0.86756057085));
#4930 = CARTESIAN_POINT('',(4.171799675381,0.882826948098));
#4931 = CARTESIAN_POINT('',(4.144976185077,0.893207042202));
#4932 = CARTESIAN_POINT('',(4.117322393501,0.903575507762));
#4933 = CARTESIAN_POINT('',(4.088700271471,0.913931850919));
#4934 = CARTESIAN_POINT('',(4.059167954949,0.924275034442));
#4935 = CARTESIAN_POINT('',(4.029227653838,0.934603587331));
#4936 = CARTESIAN_POINT('',(4.,0.944916545379));
#4937 = ( GEOMETRIC_REPRESENTATION_CONTEXT(2) 
PARAMETRIC_REPRESENTATION_CONTEXT() REPRESENTATION_CONTEXT('2D SPACE',''
  ) );
#4938 = PCURVE('',#4229,#4939);
#4939 = DEFINITIONAL_REPRESENTATION('',(#4940),#4961);
#4940 = B_SPLINE_CURVE_WITH_KNOTS('',7,(#4941,#4942,#4943,#4944,#4945,
    #4946,#4947,#4948,#4949,#4950,#4951,#4952,#4953,#4954,#4955,#4956,
    #4957,#4958,#4959,#4960),.UNSPECIFIED.,.F.,.F.,(8,6,6,8),(0.,
    0.451107873885,0.626430074627,1.),.UNSPECIFIED.);
#4941 = CARTESIAN_POINT('',(4.711094666019,-0.2755));
#4942 = CARTESIAN_POINT('',(4.790840147108,-0.258136421961));
#4943 = CARTESIAN_POINT('',(4.870487099562,-0.240809118605));
#4944 = CARTESIAN_POINT('',(4.950008227934,-0.223543097737));
#4945 = CARTESIAN_POINT('',(5.029412458201,-0.206355422506));
#4946 = CARTESIAN_POINT('',(5.108711344459,-0.189247761292));
#4947 = CARTESIAN_POINT('',(5.187912431193,-0.172184156195));
#4948 = CARTESIAN_POINT('',(5.297717912379,-0.14848616176));
#4949 = CARTESIAN_POINT('',(5.328433093444,-0.141852820544));
#4950 = CARTESIAN_POINT('',(5.359131374339,-0.135215639046));
#4951 = CARTESIAN_POINT('',(5.389812739346,-0.128571077749));
#4952 = CARTESIAN_POINT('',(5.420477241392,-0.121915386348));
#4953 = CARTESIAN_POINT('',(5.451124828872,-0.115244954057));
#4954 = CARTESIAN_POINT('',(5.547021152101,-9.43054953348E-02));
#4955 = CARTESIAN_POINT('',(5.612213089896,-7.997236831946E-02));
#4956 = CARTESIAN_POINT('',(5.677322681171,-6.552850664317E-02));
#4957 = CARTESIAN_POINT('',(5.742351914484,-5.09540625212E-02));
#4958 = CARTESIAN_POINT('',(5.807303285389,-3.625864079891E-02));
#4959 = CARTESIAN_POINT('',(5.872178199858,-2.151772418257E-02));
#4960 = CARTESIAN_POINT('',(5.936973659709,-6.897426701306E-03));
#4961 = ( GEOMETRIC_REPRESENTATION_CONTEXT(2) 
PARAMETRIC_REPRESENTATION_CONTEXT() REPRESENTATION_CONTEXT('2D SPACE',''
  ) );
#4962 = ORIENTED_EDGE('',*,*,#4241,.F.);
#4963 = ORIENTED_EDGE('',*,*,#4340,.T.);
#4964 = ORIENTED_EDGE('',*,*,#4965,.F.);
#4965 = EDGE_CURVE('',#4806,#4341,#4966,.T.);
#4966 = SURFACE_CURVE('',#4967,(#4970,#4977),.PCURVE_S1.);
#4967 = B_SPLINE_CURVE_WITH_KNOTS('',1,(#4968,#4969),.UNSPECIFIED.,.F.,
  .F.,(2,2),(4.,5.),.PIECEWISE_BEZIER_KNOTS.);
#4968 = CARTESIAN_POINT('',(14.3,7.88477711463E-14,0.923686127919));
#4969 = CARTESIAN_POINT('',(13.75,7.004474440531E-15,0.776314072081));
#4970 = PCURVE('',#4271,#4971);
#4971 = DEFINITIONAL_REPRESENTATION('',(#4972),#4976);
#4972 = LINE('',#4973,#4974);
#4973 = CARTESIAN_POINT('',(0.,1.));
#4974 = VECTOR('',#4975,1.);
#4975 = DIRECTION('',(1.,0.));
#4976 = ( GEOMETRIC_REPRESENTATION_CONTEXT(2) 
PARAMETRIC_REPRESENTATION_CONTEXT() REPRESENTATION_CONTEXT('2D SPACE',''
  ) );
#4977 = PCURVE('',#4452,#4978);
#4978 = DEFINITIONAL_REPRESENTATION('',(#4979),#4982);
#4979 = B_SPLINE_CURVE_WITH_KNOTS('',1,(#4980,#4981),.UNSPECIFIED.,.F.,
  .F.,(2,2),(4.,5.),.PIECEWISE_BEZIER_KNOTS.);
#4980 = CARTESIAN_POINT('',(4.,0.));
#4981 = CARTESIAN_POINT('',(5.,0.));
#4982 = ( GEOMETRIC_REPRESENTATION_CONTEXT(2) 
PARAMETRIC_REPRESENTATION_CONTEXT() REPRESENTATION_CONTEXT('2D SPACE',''
  ) );
#4983 = ADVANCED_FACE('',(#4984),#4229,.T.);
#4984 = FACE_BOUND('',#4985,.F.);
#4985 = EDGE_LOOP('',(#4986,#5111,#5135,#5183,#5184,#5185));
#4986 = ORIENTED_EDGE('',*,*,#4987,.F.);
#4987 = EDGE_CURVE('',#4988,#4546,#4990,.T.);
#4988 = VERTEX_POINT('',#4989);
#4989 = CARTESIAN_POINT('',(7.550449059645,-12.14534149366,0.8755001));
#4990 = SURFACE_CURVE('',#4991,(#5029,#5070),.PCURVE_S1.);
#4991 = B_SPLINE_CURVE_WITH_KNOTS('',8,(#4992,#4993,#4994,#4995,#4996,
    #4997,#4998,#4999,#5000,#5001,#5002,#5003,#5004,#5005,#5006,#5007,
    #5008,#5009,#5010,#5011,#5012,#5013,#5014,#5015,#5016,#5017,#5018,
    #5019,#5020,#5021,#5022,#5023,#5024,#5025,#5026,#5027,#5028),
  .UNSPECIFIED.,.F.,.F.,(9,7,7,7,7,9),(0.,0.199555262057,0.302892338705,
    0.343878977137,0.801331752431,1.),.UNSPECIFIED.);
#4992 = CARTESIAN_POINT('',(7.550449059644,-12.14534149366,0.8755001));
#4993 = CARTESIAN_POINT('',(7.09297054725,-12.42955597969,0.875340236113
    ));
#4994 = CARTESIAN_POINT('',(6.62324374905,-12.69407019934,0.875163292106
    ));
#4995 = CARTESIAN_POINT('',(6.142274657126,-12.93827426266,
    0.874983601247));
#4996 = CARTESIAN_POINT('',(5.651096394585,-13.1616242373,0.874813102715
    ));
#4997 = CARTESIAN_POINT('',(5.150767271379,-13.36363823815,
    0.874660587036));
#4998 = CARTESIAN_POINT('',(4.642369978026,-13.54389502717,
    0.874531453633));
#4999 = CARTESIAN_POINT('',(4.127011917194,-13.70203512318,
    0.874427980471));
#5000 = CARTESIAN_POINT('',(3.335937726362,-13.90805005985,
    0.874309779455));
#5001 = CARTESIAN_POINT('',(3.064484224155,-13.9723266572,0.874276342602
    ));
#5002 = CARTESIAN_POINT('',(2.791622623188,-14.03055343979,
    0.874249728418));
#5003 = CARTESIAN_POINT('',(2.517510260899,-14.08269446416,
    0.874229747559));
#5004 = CARTESIAN_POINT('',(2.242305355534,-14.12871861742,
    0.874216088183));
#5005 = CARTESIAN_POINT('',(1.966167006148,-14.16859961729,0.87420831595
    ));
#5006 = CARTESIAN_POINT('',(1.689255192604,-14.20231601202,
    0.874205874022));
#5007 = CARTESIAN_POINT('',(1.301656121776,-14.24077246863,
    0.874208959234));
#5008 = CARTESIAN_POINT('',(1.191485054539,-14.25072136282,
    0.874210571808));
#5009 = CARTESIAN_POINT('',(1.081227592423,-14.25969683157,
    0.874212881379));
#5010 = CARTESIAN_POINT('',(0.970893763743,-14.26769796653,0.87421584751
    ));
#5011 = CARTESIAN_POINT('',(0.860493606578,-14.27472398244,
    0.874219428734));
#5012 = CARTESIAN_POINT('',(0.750037168767,-14.28077421712,
    0.874223582555));
#5013 = CARTESIAN_POINT('',(0.639534507909,-14.28584813147,
    0.874228265446));
#5014 = CARTESIAN_POINT('',(-0.704730477448,-14.335674004,0.87429110634)
  );
#5015 = CARTESIAN_POINT('',(-1.943473115471,-14.25975119489,
    0.874409190613));
#5016 = CARTESIAN_POINT('',(-3.172464941419,-14.06139440186,
    0.874526600937));
#5017 = CARTESIAN_POINT('',(-4.37761042833,-13.74220102926,
    0.874574468508));
#5018 = CARTESIAN_POINT('',(-5.545338861843,-13.30551265566,
    0.874525439651));
#5019 = CARTESIAN_POINT('',(-6.662642381407,-12.75646151562,
    0.874424273705));
#5020 = CARTESIAN_POINT('',(-7.717084297461,-12.10190168275,
    0.874333307664));
#5021 = CARTESIAN_POINT('',(-9.122646945567,-11.02489750025,
    0.874275480698));
#5022 = CARTESIAN_POINT('',(-9.534276603439,-10.68055591471,
    0.874267526609));
#5023 = CARTESIAN_POINT('',(-9.931024901636,-10.31868732139,
    0.874272412532));
#5024 = CARTESIAN_POINT('',(-10.31202520647,-9.940047647638,0.8742927318
    ));
#5025 = CARTESIAN_POINT('',(-10.67645910547,-9.545439383712,
    0.87432961306));
#5026 = CARTESIAN_POINT('',(-11.02355536262,-9.135710307793,
    0.874382278988));
#5027 = CARTESIAN_POINT('',(-11.35259075748,-8.711754056414,
    0.874447937175));
#5028 = CARTESIAN_POINT('',(-11.66289280798,-8.274512540404,
    0.874522003186));
#5029 = PCURVE('',#4229,#5030);
#5030 = DEFINITIONAL_REPRESENTATION('',(#5031),#5069);
#5031 = B_SPLINE_CURVE_WITH_KNOTS('',8,(#5032,#5033,#5034,#5035,#5036,
    #5037,#5038,#5039,#5040,#5041,#5042,#5043,#5044,#5045,#5046,#5047,
    #5048,#5049,#5050,#5051,#5052,#5053,#5054,#5055,#5056,#5057,#5058,
    #5059,#5060,#5061,#5062,#5063,#5064,#5065,#5066,#5067,#5068),
  .UNSPECIFIED.,.F.,.F.,(9,7,7,7,7,9),(0.,0.199555262057,0.302892338705,
    0.343878977137,0.801331752431,1.),.UNSPECIFIED.);
#5032 = CARTESIAN_POINT('',(5.268593347591,0.));
#5033 = CARTESIAN_POINT('',(5.230933302392,-1.598638869087E-04));
#5034 = CARTESIAN_POINT('',(5.193272231252,-3.368078936273E-04));
#5035 = CARTESIAN_POINT('',(5.155610804257,-5.164987525797E-04));
#5036 = CARTESIAN_POINT('',(5.11794914075,-6.86997285247E-04));
#5037 = CARTESIAN_POINT('',(5.080287090458,-8.39512963971E-04));
#5038 = CARTESIAN_POINT('',(5.042624516207,-9.686463672524E-04));
#5039 = CARTESIAN_POINT('',(5.004961578232,-1.072119528548E-03));
#5040 = CARTESIAN_POINT('',(4.947795958025,-1.190320545274E-03));
#5041 = CARTESIAN_POINT('',(4.928292868464,-1.223757397885E-03));
#5042 = CARTESIAN_POINT('',(4.908789767222,-1.250371581814E-03));
#5043 = CARTESIAN_POINT('',(4.889286668212,-1.270352440736E-03));
#5044 = CARTESIAN_POINT('',(4.869783583429,-1.284011816582E-03));
#5045 = CARTESIAN_POINT('',(4.850280522954,-1.291784049541E-03));
#5046 = CARTESIAN_POINT('',(4.830777494949,-1.294225978057E-03));
#5047 = CARTESIAN_POINT('',(4.803539024884,-1.291140766454E-03));
#5048 = CARTESIAN_POINT('',(4.795803549277,-1.289528191892E-03));
#5049 = CARTESIAN_POINT('',(4.788068079157,-1.287218621064E-03));
#5050 = CARTESIAN_POINT('',(4.780332614797,-1.284252490204E-03));
#5051 = CARTESIAN_POINT('',(4.77259715642,-1.280671265856E-03));
#5052 = CARTESIAN_POINT('',(4.764861704209,-1.276517444877E-03));
#5053 = CARTESIAN_POINT('',(4.757126258298,-1.271834554434E-03));
#5054 = CARTESIAN_POINT('',(4.663055407714,-1.208993659597E-03));
#5055 = CARTESIAN_POINT('',(4.576684964161,-1.090909362219E-03));
#5056 = CARTESIAN_POINT('',(4.490334126694,-9.734991505498E-04));
#5057 = CARTESIAN_POINT('',(4.403999802061,-9.256313676884E-04));
#5058 = CARTESIAN_POINT('',(4.317664553166,-9.746604386749E-04));
#5059 = CARTESIAN_POINT('',(4.231312000297,-1.075826269987E-03));
#5060 = CARTESIAN_POINT('',(4.144940488058,-1.166792335633E-03));
#5061 = CARTESIAN_POINT('',(4.021110244405,-1.22461930241E-03));
#5062 = CARTESIAN_POINT('',(3.983614959595,-1.232573393152E-03));
#5063 = CARTESIAN_POINT('',(3.946119952224,-1.227687465997E-03));
#5064 = CARTESIAN_POINT('',(3.908625329935,-1.20736819714E-03));
#5065 = CARTESIAN_POINT('',(3.87113088666,-1.170486941764E-03));
#5066 = CARTESIAN_POINT('',(3.833636415903,-1.117821016489E-03));
#5067 = CARTESIAN_POINT('',(3.796142013118,-1.052162822748E-03));
#5068 = CARTESIAN_POINT('',(3.758648367203,-9.780968110655E-04));
#5069 = ( GEOMETRIC_REPRESENTATION_CONTEXT(2) 
PARAMETRIC_REPRESENTATION_CONTEXT() REPRESENTATION_CONTEXT('2D SPACE',''
  ) );
#5070 = PCURVE('',#4679,#5071);
#5071 = DEFINITIONAL_REPRESENTATION('',(#5072),#5110);
#5072 = B_SPLINE_CURVE_WITH_KNOTS('',8,(#5073,#5074,#5075,#5076,#5077,
    #5078,#5079,#5080,#5081,#5082,#5083,#5084,#5085,#5086,#5087,#5088,
    #5089,#5090,#5091,#5092,#5093,#5094,#5095,#5096,#5097,#5098,#5099,
    #5100,#5101,#5102,#5103,#5104,#5105,#5106,#5107,#5108,#5109),
  .UNSPECIFIED.,.F.,.F.,(9,7,7,7,7,9),(0.,0.199555262057,0.302892338705,
    0.343878977137,0.801331752431,1.),.UNSPECIFIED.);
#5073 = CARTESIAN_POINT('',(3.678687710305,0.83851027993));
#5074 = CARTESIAN_POINT('',(3.662146940079,0.832517678244));
#5075 = CARTESIAN_POINT('',(3.645655389863,0.826525352788));
#5076 = CARTESIAN_POINT('',(3.629172452786,0.820533317714));
#5077 = CARTESIAN_POINT('',(3.612663993082,0.814541474975));
#5078 = CARTESIAN_POINT('',(3.596104655663,0.808549674185));
#5079 = CARTESIAN_POINT('',(3.579478717427,0.802557770362));
#5080 = CARTESIAN_POINT('',(3.562779480342,0.796565679559));
#5081 = CARTESIAN_POINT('',(3.537321904,0.787470425734));
#5082 = CARTESIAN_POINT('',(3.528616887184,0.784367356697));
#5083 = CARTESIAN_POINT('',(3.519892317005,0.781264215267));
#5084 = CARTESIAN_POINT('',(3.511148706464,0.778160992999));
#5085 = CARTESIAN_POINT('',(3.502386920384,0.775057683011));
#5086 = CARTESIAN_POINT('',(3.493608175411,0.771954279986));
#5087 = CARTESIAN_POINT('',(3.48481404001,0.76885078017));
#5088 = CARTESIAN_POINT('',(3.472513069304,0.764516199371));
#5089 = CARTESIAN_POINT('',(3.469017571288,0.763285201666));
#5090 = CARTESIAN_POINT('',(3.465520051783,0.762054188124));
#5091 = CARTESIAN_POINT('',(3.462020625196,0.760823158652));
#5092 = CARTESIAN_POINT('',(3.458519408972,0.759592113197));
#5093 = CARTESIAN_POINT('',(3.455016523599,0.75836105175));
#5094 = CARTESIAN_POINT('',(3.451512092605,0.757129974344));
#5095 = CARTESIAN_POINT('',(3.408877372919,0.742158621686));
#5096 = CARTESIAN_POINT('',(3.369555404917,0.728410681223));
#5097 = CARTESIAN_POINT('',(3.330238454004,0.714663835975));
#5098 = CARTESIAN_POINT('',(3.291122767681,0.700918419494));
#5099 = CARTESIAN_POINT('',(3.252282122222,0.687173093679));
#5100 = CARTESIAN_POINT('',(3.213585716504,0.673426493739));
#5101 = CARTESIAN_POINT('',(3.1748573539,0.659678824812));
#5102 = CARTESIAN_POINT('',(3.11913406607,0.639971409416));
#5103 = CARTESIAN_POINT('',(3.102235127967,0.634004417526));
#5104 = CARTESIAN_POINT('',(3.085300800789,0.628037786471));
#5105 = CARTESIAN_POINT('',(3.068323668029,0.622071494315));
#5106 = CARTESIAN_POINT('',(3.051300263651,0.616105447486));
#5107 = CARTESIAN_POINT('',(3.034232479378,0.610139535735));
#5108 = CARTESIAN_POINT('',(3.017128033327,0.604173688275));
#5109 = CARTESIAN_POINT('',(3.,0.598207931107));
#5110 = ( GEOMETRIC_REPRESENTATION_CONTEXT(2) 
PARAMETRIC_REPRESENTATION_CONTEXT() REPRESENTATION_CONTEXT('2D SPACE',''
  ) );
#5111 = ORIENTED_EDGE('',*,*,#5112,.T.);
#5112 = EDGE_CURVE('',#4988,#5113,#5115,.T.);
#5113 = VERTEX_POINT('',#5114);
#5114 = CARTESIAN_POINT('',(10.699907955179,-9.488444063739,0.8755001));
#5115 = SURFACE_CURVE('',#5116,(#5121,#5128),.PCURVE_S1.);
#5116 = CIRCLE('',#5117,14.301);
#5117 = AXIS2_PLACEMENT_3D('',#5118,#5119,#5120);
#5118 = CARTESIAN_POINT('',(0.,0.,0.8755001));
#5119 = DIRECTION('',(0.,0.,1.));
#5120 = DIRECTION('',(1.,0.,-0.));
#5121 = PCURVE('',#4229,#5122);
#5122 = DEFINITIONAL_REPRESENTATION('',(#5123),#5127);
#5123 = LINE('',#5124,#5125);
#5124 = CARTESIAN_POINT('',(0.,-0.));
#5125 = VECTOR('',#5126,1.);
#5126 = DIRECTION('',(1.,-0.));
#5127 = ( GEOMETRIC_REPRESENTATION_CONTEXT(2) 
PARAMETRIC_REPRESENTATION_CONTEXT() REPRESENTATION_CONTEXT('2D SPACE',''
  ) );
#5128 = PCURVE('',#4733,#5129);
#5129 = DEFINITIONAL_REPRESENTATION('',(#5130),#5134);
#5130 = LINE('',#5131,#5132);
#5131 = CARTESIAN_POINT('',(-0.,-0.2755));
#5132 = VECTOR('',#5133,1.);
#5133 = DIRECTION('',(-1.,0.));
#5134 = ( GEOMETRIC_REPRESENTATION_CONTEXT(2) 
PARAMETRIC_REPRESENTATION_CONTEXT() REPRESENTATION_CONTEXT('2D SPACE',''
  ) );
#5135 = ORIENTED_EDGE('',*,*,#5136,.F.);
#5136 = EDGE_CURVE('',#4861,#5113,#5137,.T.);
#5137 = SURFACE_CURVE('',#5138,(#5151,#5167),.PCURVE_S1.);
#5138 = B_SPLINE_CURVE_WITH_KNOTS('',6,(#5139,#5140,#5141,#5142,#5143,
    #5144,#5145,#5146,#5147,#5148,#5149,#5150),.UNSPECIFIED.,.F.,.F.,(7,
    5,7),(0.,0.781014587458,1.),.UNSPECIFIED.);
#5139 = CARTESIAN_POINT('',(13.445961807953,-4.850513316655,
    0.868602673299));
#5140 = CARTESIAN_POINT('',(13.207488047619,-5.514831742935,
    0.869706366198));
#5141 = CARTESIAN_POINT('',(12.929801430605,-6.165081651927,
    0.870973178346));
#5142 = CARTESIAN_POINT('',(12.613748533252,-6.7982656521,0.872183539069
    ));
#5143 = CARTESIAN_POINT('',(12.260566082508,-7.411548773756,
    0.873225242847));
#5144 = CARTESIAN_POINT('',(11.871814213843,-8.002229704342,
    0.874059385666));
#5145 = CARTESIAN_POINT('',(11.330963292552,-8.726327575477,
    0.874862018521));
#5146 = CARTESIAN_POINT('',(11.20987726628,-8.882918971965,
    0.875021482358));
#5147 = CARTESIAN_POINT('',(11.086184973101,-9.037479605314,
    0.875164687077));
#5148 = CARTESIAN_POINT('',(10.959929342968,-9.189955521805,
    0.875291870221));
#5149 = CARTESIAN_POINT('',(10.831154938538,-9.3402941026,0.875403464941
    ));
#5150 = CARTESIAN_POINT('',(10.699907955178,-9.48844406374,0.8755001));
#5151 = PCURVE('',#4229,#5152);
#5152 = DEFINITIONAL_REPRESENTATION('',(#5153),#5166);
#5153 = B_SPLINE_CURVE_WITH_KNOTS('',6,(#5154,#5155,#5156,#5157,#5158,
    #5159,#5160,#5161,#5162,#5163,#5164,#5165),.UNSPECIFIED.,.F.,.F.,(7,
    5,7),(0.,0.781014587458,1.),.UNSPECIFIED.);
#5154 = CARTESIAN_POINT('',(5.936973659709,-6.897426701307E-03));
#5155 = CARTESIAN_POINT('',(5.887594975441,-5.793733802022E-03));
#5156 = CARTESIAN_POINT('',(5.838220371092,-4.526921653842E-03));
#5157 = CARTESIAN_POINT('',(5.788852955757,-3.316560931002E-03));
#5158 = CARTESIAN_POINT('',(5.739488653763,-2.274857152762E-03));
#5159 = CARTESIAN_POINT('',(5.690124510675,-1.440714333834E-03));
#5160 = CARTESIAN_POINT('',(5.626923218576,-6.380814790929E-04));
#5161 = CARTESIAN_POINT('',(5.613083146235,-4.786176421421E-04));
#5162 = CARTESIAN_POINT('',(5.59924314038,-3.35412922798E-04));
#5163 = CARTESIAN_POINT('',(5.585403181,-2.082297789476E-04));
#5164 = CARTESIAN_POINT('',(5.571563250273,-9.663505862276E-05));
#5165 = CARTESIAN_POINT('',(5.557723332563,0.));
#5166 = ( GEOMETRIC_REPRESENTATION_CONTEXT(2) 
PARAMETRIC_REPRESENTATION_CONTEXT() REPRESENTATION_CONTEXT('2D SPACE',''
  ) );
#5167 = PCURVE('',#4771,#5168);
#5168 = DEFINITIONAL_REPRESENTATION('',(#5169),#5182);
#5169 = B_SPLINE_CURVE_WITH_KNOTS('',6,(#5170,#5171,#5172,#5173,#5174,
    #5175,#5176,#5177,#5178,#5179,#5180,#5181),.UNSPECIFIED.,.F.,.F.,(7,
    5,7),(0.,0.781014587458,1.),.UNSPECIFIED.);
#5170 = CARTESIAN_POINT('',(4.,0.944916545379));
#5171 = CARTESIAN_POINT('',(3.974582586862,0.937057348138));
#5172 = CARTESIAN_POINT('',(3.948699437482,0.929197038531));
#5173 = CARTESIAN_POINT('',(3.922975324244,0.921336358087));
#5174 = CARTESIAN_POINT('',(3.897728726347,0.913475405952));
#5175 = CARTESIAN_POINT('',(3.873070504749,0.905614370782));
#5176 = CARTESIAN_POINT('',(3.842254170892,0.895550303182));
#5177 = CARTESIAN_POINT('',(3.835552193481,0.893346462502));
#5178 = CARTESIAN_POINT('',(3.828896467463,0.891142672239));
#5179 = CARTESIAN_POINT('',(3.82228633662,0.888938938533));
#5180 = CARTESIAN_POINT('',(3.815720587284,0.886735266563));
#5181 = CARTESIAN_POINT('',(3.809197448346,0.884531660549));
#5182 = ( GEOMETRIC_REPRESENTATION_CONTEXT(2) 
PARAMETRIC_REPRESENTATION_CONTEXT() REPRESENTATION_CONTEXT('2D SPACE',''
  ) );
#5183 = ORIENTED_EDGE('',*,*,#4891,.F.);
#5184 = ORIENTED_EDGE('',*,*,#4212,.F.);
#5185 = ORIENTED_EDGE('',*,*,#4545,.T.);
#5186 = ADVANCED_FACE('',(#5187),#4412,.T.);
#5187 = FACE_BOUND('',#5188,.T.);
#5188 = EDGE_LOOP('',(#5189,#5190,#5211,#5212));
#5189 = ORIENTED_EDGE('',*,*,#4395,.F.);
#5190 = ORIENTED_EDGE('',*,*,#5191,.F.);
#5191 = EDGE_CURVE('',#4514,#4396,#5192,.T.);
#5192 = SEAM_CURVE('',#5193,(#5197,#5204),.PCURVE_S1.);
#5193 = LINE('',#5194,#5195);
#5194 = CARTESIAN_POINT('',(15.97,-3.911521876477E-15,-1.2));
#5195 = VECTOR('',#5196,1.);
#5196 = DIRECTION('',(0.,0.,1.));
#5197 = PCURVE('',#4412,#5198);
#5198 = DEFINITIONAL_REPRESENTATION('',(#5199),#5203);
#5199 = LINE('',#5200,#5201);
#5200 = CARTESIAN_POINT('',(6.28318530718,-0.));
#5201 = VECTOR('',#5202,1.);
#5202 = DIRECTION('',(0.,1.));
#5203 = ( GEOMETRIC_REPRESENTATION_CONTEXT(2) 
PARAMETRIC_REPRESENTATION_CONTEXT() REPRESENTATION_CONTEXT('2D SPACE',''
  ) );
#5204 = PCURVE('',#4412,#5205);
#5205 = DEFINITIONAL_REPRESENTATION('',(#5206),#5210);
#5206 = LINE('',#5207,#5208);
#5207 = CARTESIAN_POINT('',(0.,-0.));
#5208 = VECTOR('',#5209,1.);
#5209 = DIRECTION('',(0.,1.));
#5210 = ( GEOMETRIC_REPRESENTATION_CONTEXT(2) 
PARAMETRIC_REPRESENTATION_CONTEXT() REPRESENTATION_CONTEXT('2D SPACE',''
  ) );
#5211 = ORIENTED_EDGE('',*,*,#4513,.T.);
#5212 = ORIENTED_EDGE('',*,*,#5191,.T.);
#5213 = ADVANCED_FACE('',(#5214),#4452,.T.);
#5214 = FACE_BOUND('',#5215,.T.);
#5215 = EDGE_LOOP('',(#5216,#5217,#5218,#5219));
#5216 = ORIENTED_EDGE('',*,*,#4965,.T.);
#5217 = ORIENTED_EDGE('',*,*,#4430,.T.);
#5218 = ORIENTED_EDGE('',*,*,#4488,.F.);
#5219 = ORIENTED_EDGE('',*,*,#4826,.F.);
#5220 = ADVANCED_FACE('',(#5221),#4771,.T.);
#5221 = FACE_BOUND('',#5222,.T.);
#5222 = EDGE_LOOP('',(#5223,#5224,#5225,#5226,#5227));
#5223 = ORIENTED_EDGE('',*,*,#5136,.F.);
#5224 = ORIENTED_EDGE('',*,*,#4860,.T.);
#5225 = ORIENTED_EDGE('',*,*,#4805,.F.);
#5226 = ORIENTED_EDGE('',*,*,#4749,.F.);
#5227 = ORIENTED_EDGE('',*,*,#5228,.F.);
#5228 = EDGE_CURVE('',#5113,#4710,#5229,.T.);
#5229 = SURFACE_CURVE('',#5230,(#5237,#5247),.PCURVE_S1.);
#5230 = B_SPLINE_CURVE_WITH_KNOTS('',5,(#5231,#5232,#5233,#5234,#5235,
    #5236),.UNSPECIFIED.,.F.,.F.,(6,6),(0.,1.),
  .PIECEWISE_BEZIER_KNOTS.);
#5231 = CARTESIAN_POINT('',(10.699907955178,-9.48844406374,0.8754995));
#5232 = CARTESIAN_POINT('',(10.699907955178,-9.48844406374,
    0.923371837967));
#5233 = CARTESIAN_POINT('',(10.699907955181,-9.488444063737,
    0.987725936294));
#5234 = CARTESIAN_POINT('',(10.699907955172,-9.488444063746,
    1.049610044226));
#5235 = CARTESIAN_POINT('',(10.69990795518,-9.488444063738,
    1.104354862344));
#5236 = CARTESIAN_POINT('',(10.69990795518,-9.488444063738,
    1.160845732632));
#5237 = PCURVE('',#4771,#5238);
#5238 = DEFINITIONAL_REPRESENTATION('',(#5239),#5246);
#5239 = B_SPLINE_CURVE_WITH_KNOTS('',5,(#5240,#5241,#5242,#5243,#5244,
    #5245),.UNSPECIFIED.,.F.,.F.,(6,6),(0.,1.),
  .PIECEWISE_BEZIER_KNOTS.);
#5240 = CARTESIAN_POINT('',(3.809199149856,0.884531660549));
#5241 = CARTESIAN_POINT('',(3.673440374183,0.884531660549));
#5242 = CARTESIAN_POINT('',(3.490941796314,0.884531660549));
#5243 = CARTESIAN_POINT('',(3.315447741018,0.884531660549));
#5244 = CARTESIAN_POINT('',(3.160199641644,0.884531660549));
#5245 = CARTESIAN_POINT('',(3.,0.884531660549));
#5246 = ( GEOMETRIC_REPRESENTATION_CONTEXT(2) 
PARAMETRIC_REPRESENTATION_CONTEXT() REPRESENTATION_CONTEXT('2D SPACE',''
  ) );
#5247 = PCURVE('',#4733,#5248);
#5248 = DEFINITIONAL_REPRESENTATION('',(#5249),#5256);
#5249 = B_SPLINE_CURVE_WITH_KNOTS('',5,(#5250,#5251,#5252,#5253,#5254,
    #5255),.UNSPECIFIED.,.F.,.F.,(6,6),(0.,1.),
  .PIECEWISE_BEZIER_KNOTS.);
#5250 = CARTESIAN_POINT('',(-5.557723332563,-0.2754994));
#5251 = CARTESIAN_POINT('',(-5.557723332563,-0.323371737967));
#5252 = CARTESIAN_POINT('',(-5.557723332564,-0.387725836294));
#5253 = CARTESIAN_POINT('',(-5.557723332563,-0.449609944226));
#5254 = CARTESIAN_POINT('',(-5.557723332563,-0.504354762344));
#5255 = CARTESIAN_POINT('',(-5.557723332563,-0.560845632632));
#5256 = ( GEOMETRIC_REPRESENTATION_CONTEXT(2) 
PARAMETRIC_REPRESENTATION_CONTEXT() REPRESENTATION_CONTEXT('2D SPACE',''
  ) );
#5257 = ADVANCED_FACE('',(#5258),#4733,.T.);
#5258 = FACE_BOUND('',#5259,.F.);
#5259 = EDGE_LOOP('',(#5260,#5261,#5288,#5289));
#5260 = ORIENTED_EDGE('',*,*,#5112,.F.);
#5261 = ORIENTED_EDGE('',*,*,#5262,.T.);
#5262 = EDGE_CURVE('',#4988,#4656,#5263,.T.);
#5263 = SURFACE_CURVE('',#5264,(#5270,#5279),.PCURVE_S1.);
#5264 = B_SPLINE_CURVE_WITH_KNOTS('',4,(#5265,#5266,#5267,#5268,#5269),
  .UNSPECIFIED.,.F.,.F.,(5,5),(0.,1.),.PIECEWISE_BEZIER_KNOTS.);
#5265 = CARTESIAN_POINT('',(7.550449059646,-12.14534149366,0.8754995));
#5266 = CARTESIAN_POINT('',(7.550449059646,-12.14534149366,
    0.935330713003));
#5267 = CARTESIAN_POINT('',(7.550449059652,-12.14534149365,
    0.995161926007));
#5268 = CARTESIAN_POINT('',(7.550449059649,-12.14534149366,1.05499313901
    ));
#5269 = CARTESIAN_POINT('',(7.550449059649,-12.14534149366,
    1.114824352014));
#5270 = PCURVE('',#4733,#5271);
#5271 = DEFINITIONAL_REPRESENTATION('',(#5272),#5278);
#5272 = B_SPLINE_CURVE_WITH_KNOTS('',4,(#5273,#5274,#5275,#5276,#5277),
  .UNSPECIFIED.,.F.,.F.,(5,5),(0.,1.),.PIECEWISE_BEZIER_KNOTS.);
#5273 = CARTESIAN_POINT('',(-5.268593347592,-0.2754994));
#5274 = CARTESIAN_POINT('',(-5.268593347592,-0.335330613003));
#5275 = CARTESIAN_POINT('',(-5.268593347592,-0.395161826007));
#5276 = CARTESIAN_POINT('',(-5.268593347592,-0.45499303901));
#5277 = CARTESIAN_POINT('',(-5.268593347592,-0.514824252014));
#5278 = ( GEOMETRIC_REPRESENTATION_CONTEXT(2) 
PARAMETRIC_REPRESENTATION_CONTEXT() REPRESENTATION_CONTEXT('2D SPACE',''
  ) );
#5279 = PCURVE('',#4679,#5280);
#5280 = DEFINITIONAL_REPRESENTATION('',(#5281),#5287);
#5281 = B_SPLINE_CURVE_WITH_KNOTS('',4,(#5282,#5283,#5284,#5285,#5286),
  .UNSPECIFIED.,.F.,.F.,(5,5),(0.,1.),.PIECEWISE_BEZIER_KNOTS.);
#5282 = CARTESIAN_POINT('',(3.678689411816,0.83851027993));
#5283 = CARTESIAN_POINT('',(3.509017058862,0.83851027993));
#5284 = CARTESIAN_POINT('',(3.339344705908,0.83851027993));
#5285 = CARTESIAN_POINT('',(3.169672352954,0.83851027993));
#5286 = CARTESIAN_POINT('',(3.,0.83851027993));
#5287 = ( GEOMETRIC_REPRESENTATION_CONTEXT(2) 
PARAMETRIC_REPRESENTATION_CONTEXT() REPRESENTATION_CONTEXT('2D SPACE',''
  ) );
#5288 = ORIENTED_EDGE('',*,*,#4709,.T.);
#5289 = ORIENTED_EDGE('',*,*,#5228,.F.);
#5290 = ADVANCED_FACE('',(#5291),#4679,.T.);
#5291 = FACE_BOUND('',#5292,.T.);
#5292 = EDGE_LOOP('',(#5293,#5294,#5295));
#5293 = ORIENTED_EDGE('',*,*,#4655,.F.);
#5294 = ORIENTED_EDGE('',*,*,#4987,.F.);
#5295 = ORIENTED_EDGE('',*,*,#5262,.T.);
#5296 = ( GEOMETRIC_REPRESENTATION_CONTEXT(3) 
GLOBAL_UNCERTAINTY_ASSIGNED_CONTEXT((#5300)) 
GLOBAL_UNIT_ASSIGNED_CONTEXT((#5297,#5298,#5299)) REPRESENTATION_CONTEXT
('Context #1','3D Context with UNIT and UNCERTAINTY') );
#5297 = ( LENGTH_UNIT() NAMED_UNIT(*) SI_UNIT(.MILLI.,.METRE.) );
#5298 = ( NAMED_UNIT(*) PLANE_ANGLE_UNIT() SI_UNIT($,.RADIAN.) );
#5299 = ( NAMED_UNIT(*) SI_UNIT($,.STERADIAN.) SOLID_ANGLE_UNIT() );
#5300 = UNCERTAINTY_MEASURE_WITH_UNIT(LENGTH_MEASURE(2.E-06),#5297,
  'distance_accuracy_value','confusion accuracy');
#5301 = PRODUCT_RELATED_PRODUCT_CATEGORY('part',$,(#7));
ENDSEC;
END-ISO-10303-21;
