ISO-10303-21;
HEADER;
FILE_DESCRIPTION(('Open CASCADE Model'),'2;1');
FILE_NAME('Open CASCADE Shape Model','2026-09-10T17:40:58',('Author'),(
    'Open CASCADE'),'Open CASCADE STEP processor 7.9','build123d',
  'Unknown');
FILE_SCHEMA(('AUTOMOTIVE_DESIGN { 1 0 10303 214 1 1 1 1 }'));
ENDSEC;
DATA;
#1 = APPLICATION_PROTOCOL_DEFINITION('international standard',
  'automotive_design',2000,#2);
#2 = APPLICATION_CONTEXT(
  'core data for automotive mechanical design processes');
#3 = SHAPE_DEFINITION_REPRESENTATION(#4,#10);
#4 = PRODUCT_DEFINITION_SHAPE('','',#5);
#5 = PRODUCT_DEFINITION('design','',#6,#9);
#6 = PRODUCT_DEFINITION_FORMATION('','',#7);
#7 = PRODUCT('COMPOUND','COMPOUND','',(#8));
#8 = PRODUCT_CONTEXT('',#2,'mechanical');
#9 = PRODUCT_DEFINITION_CONTEXT('part definition',#2,'design');
#10 = ADVANCED_BREP_SHAPE_REPRESENTATION('',(#11,#15),#3116);
#11 = AXIS2_PLACEMENT_3D('',#12,#13,#14);
#12 = CARTESIAN_POINT('',(0.,0.,0.));
#13 = DIRECTION('',(0.,0.,1.));
#14 = DIRECTION('',(1.,0.,-0.));
#15 = MANIFOLD_SOLID_BREP('',#16);
#16 = CLOSED_SHELL('',(#17,#105,#140,#466,#521,#887,#934,#1209,#1286,
    #1333,#1608,#1685,#1732,#2061,#2138,#2173,#2254,#2261,#2342,#2349,
    #2430,#2438,#2468,#2492,#2542,#2608,#2638,#2668,#2692,#2742,#2808,
    #2838,#2868,#2918,#2984,#3032,#3038,#3068,#3095,#3102,#3109));
#17 = ADVANCED_FACE('',(#18),#31,.T.);
#18 = FACE_BOUND('',#19,.T.);
#19 = EDGE_LOOP('',(#20,#54,#77,#104));
#20 = ORIENTED_EDGE('',*,*,#21,.F.);
#21 = EDGE_CURVE('',#22,#22,#24,.T.);
#22 = VERTEX_POINT('',#23);
#23 = CARTESIAN_POINT('',(15.97,-3.911521876477E-15,6.45));
#24 = SURFACE_CURVE('',#25,(#30,#42),.PCURVE_S1.);
#25 = CIRCLE('',#26,15.97);
#26 = AXIS2_PLACEMENT_3D('',#27,#28,#29);
#27 = CARTESIAN_POINT('',(0.,0.,6.45));
#28 = DIRECTION('',(0.,0.,1.));
#29 = DIRECTION('',(1.,0.,-0.));
#30 = PCURVE('',#31,#36);
#31 = CYLINDRICAL_SURFACE('',#32,15.97);
#32 = AXIS2_PLACEMENT_3D('',#33,#34,#35);
#33 = CARTESIAN_POINT('',(0.,0.,0.2));
#34 = DIRECTION('',(0.,0.,1.));
#35 = DIRECTION('',(1.,0.,-0.));
#36 = DEFINITIONAL_REPRESENTATION('',(#37),#41);
#37 = LINE('',#38,#39);
#38 = CARTESIAN_POINT('',(0.,6.25));
#39 = VECTOR('',#40,1.);
#40 = DIRECTION('',(1.,0.));
#41 = ( GEOMETRIC_REPRESENTATION_CONTEXT(2) 
PARAMETRIC_REPRESENTATION_CONTEXT() REPRESENTATION_CONTEXT('2D SPACE',''
  ) );
#42 = PCURVE('',#43,#48);
#43 = PLANE('',#44);
#44 = AXIS2_PLACEMENT_3D('',#45,#46,#47);
#45 = CARTESIAN_POINT('',(0.,0.,6.45));
#46 = DIRECTION('',(0.,0.,1.));
#47 = DIRECTION('',(1.,0.,-0.));
#48 = DEFINITIONAL_REPRESENTATION('',(#49),#53);
#49 = CIRCLE('',#50,15.97);
#50 = AXIS2_PLACEMENT_2D('',#51,#52);
#51 = CARTESIAN_POINT('',(0.,0.));
#52 = DIRECTION('',(1.,0.));
#53 = ( GEOMETRIC_REPRESENTATION_CONTEXT(2) 
PARAMETRIC_REPRESENTATION_CONTEXT() REPRESENTATION_CONTEXT('2D SPACE',''
  ) );
#54 = ORIENTED_EDGE('',*,*,#55,.F.);
#55 = EDGE_CURVE('',#56,#22,#58,.T.);
#56 = VERTEX_POINT('',#57);
#57 = CARTESIAN_POINT('',(15.97,-3.911521876477E-15,0.2));
#58 = SEAM_CURVE('',#59,(#63,#70),.PCURVE_S1.);
#59 = LINE('',#60,#61);
#60 = CARTESIAN_POINT('',(15.97,-3.911521876477E-15,0.2));
#61 = VECTOR('',#62,1.);
#62 = DIRECTION('',(0.,0.,1.));
#63 = PCURVE('',#31,#64);
#64 = DEFINITIONAL_REPRESENTATION('',(#65),#69);
#65 = LINE('',#66,#67);
#66 = CARTESIAN_POINT('',(6.28318530718,-0.));
#67 = VECTOR('',#68,1.);
#68 = DIRECTION('',(0.,1.));
#69 = ( GEOMETRIC_REPRESENTATION_CONTEXT(2) 
PARAMETRIC_REPRESENTATION_CONTEXT() REPRESENTATION_CONTEXT('2D SPACE',''
  ) );
#70 = PCURVE('',#31,#71);
#71 = DEFINITIONAL_REPRESENTATION('',(#72),#76);
#72 = LINE('',#73,#74);
#73 = CARTESIAN_POINT('',(0.,-0.));
#74 = VECTOR('',#75,1.);
#75 = DIRECTION('',(0.,1.));
#76 = ( GEOMETRIC_REPRESENTATION_CONTEXT(2) 
PARAMETRIC_REPRESENTATION_CONTEXT() REPRESENTATION_CONTEXT('2D SPACE',''
  ) );
#77 = ORIENTED_EDGE('',*,*,#78,.T.);
#78 = EDGE_CURVE('',#56,#56,#79,.T.);
#79 = SURFACE_CURVE('',#80,(#85,#92),.PCURVE_S1.);
#80 = CIRCLE('',#81,15.97);
#81 = AXIS2_PLACEMENT_3D('',#82,#83,#84);
#82 = CARTESIAN_POINT('',(0.,0.,0.2));
#83 = DIRECTION('',(0.,0.,1.));
#84 = DIRECTION('',(1.,0.,-0.));
#85 = PCURVE('',#31,#86);
#86 = DEFINITIONAL_REPRESENTATION('',(#87),#91);
#87 = LINE('',#88,#89);
#88 = CARTESIAN_POINT('',(0.,0.));
#89 = VECTOR('',#90,1.);
#90 = DIRECTION('',(1.,0.));
#91 = ( GEOMETRIC_REPRESENTATION_CONTEXT(2) 
PARAMETRIC_REPRESENTATION_CONTEXT() REPRESENTATION_CONTEXT('2D SPACE',''
  ) );
#92 = PCURVE('',#93,#98);
#93 = PLANE('',#94);
#94 = AXIS2_PLACEMENT_3D('',#95,#96,#97);
#95 = CARTESIAN_POINT('',(0.,0.,0.2));
#96 = DIRECTION('',(0.,0.,1.));
#97 = DIRECTION('',(1.,0.,-0.));
#98 = DEFINITIONAL_REPRESENTATION('',(#99),#103);
#99 = CIRCLE('',#100,15.97);
#100 = AXIS2_PLACEMENT_2D('',#101,#102);
#101 = CARTESIAN_POINT('',(0.,0.));
#102 = DIRECTION('',(1.,0.));
#103 = ( GEOMETRIC_REPRESENTATION_CONTEXT(2) 
PARAMETRIC_REPRESENTATION_CONTEXT() REPRESENTATION_CONTEXT('2D SPACE',''
  ) );
#104 = ORIENTED_EDGE('',*,*,#55,.T.);
#105 = ADVANCED_FACE('',(#106,#109),#43,.T.);
#106 = FACE_BOUND('',#107,.T.);
#107 = EDGE_LOOP('',(#108));
#108 = ORIENTED_EDGE('',*,*,#21,.T.);
#109 = FACE_BOUND('',#110,.T.);
#110 = EDGE_LOOP('',(#111));
#111 = ORIENTED_EDGE('',*,*,#112,.F.);
#112 = EDGE_CURVE('',#113,#113,#115,.T.);
#113 = VERTEX_POINT('',#114);
#114 = CARTESIAN_POINT('',(13.8,-3.380025165647E-15,6.45));
#115 = SURFACE_CURVE('',#116,(#121,#128),.PCURVE_S1.);
#116 = CIRCLE('',#117,13.8);
#117 = AXIS2_PLACEMENT_3D('',#118,#119,#120);
#118 = CARTESIAN_POINT('',(0.,0.,6.45));
#119 = DIRECTION('',(0.,0.,1.));
#120 = DIRECTION('',(1.,0.,-0.));
#121 = PCURVE('',#43,#122);
#122 = DEFINITIONAL_REPRESENTATION('',(#123),#127);
#123 = CIRCLE('',#124,13.8);
#124 = AXIS2_PLACEMENT_2D('',#125,#126);
#125 = CARTESIAN_POINT('',(0.,0.));
#126 = DIRECTION('',(1.,0.));
#127 = ( GEOMETRIC_REPRESENTATION_CONTEXT(2) 
PARAMETRIC_REPRESENTATION_CONTEXT() REPRESENTATION_CONTEXT('2D SPACE',''
  ) );
#128 = PCURVE('',#129,#134);
#129 = CYLINDRICAL_SURFACE('',#130,13.8);
#130 = AXIS2_PLACEMENT_3D('',#131,#132,#133);
#131 = CARTESIAN_POINT('',(0.,0.,0.2));
#132 = DIRECTION('',(0.,0.,1.));
#133 = DIRECTION('',(1.,0.,-0.));
#134 = DEFINITIONAL_REPRESENTATION('',(#135),#139);
#135 = LINE('',#136,#137);
#136 = CARTESIAN_POINT('',(0.,6.25));
#137 = VECTOR('',#138,1.);
#138 = DIRECTION('',(1.,0.));
#139 = ( GEOMETRIC_REPRESENTATION_CONTEXT(2) 
PARAMETRIC_REPRESENTATION_CONTEXT() REPRESENTATION_CONTEXT('2D SPACE',''
  ) );
#140 = ADVANCED_FACE('',(#141,#144),#93,.F.);
#141 = FACE_BOUND('',#142,.F.);
#142 = EDGE_LOOP('',(#143));
#143 = ORIENTED_EDGE('',*,*,#78,.T.);
#144 = FACE_BOUND('',#145,.F.);
#145 = EDGE_LOOP('',(#146,#177,#203,#232,#258,#282,#308,#337,#363,#387,
    #413,#442));
#146 = ORIENTED_EDGE('',*,*,#147,.F.);
#147 = EDGE_CURVE('',#148,#150,#152,.T.);
#148 = VERTEX_POINT('',#149);
#149 = CARTESIAN_POINT('',(11.304298211188,7.915354821644,0.2));
#150 = VERTEX_POINT('',#151);
#151 = CARTESIAN_POINT('',(3.338522159275,13.390081022609,0.2));
#152 = SURFACE_CURVE('',#153,(#158,#165),.PCURVE_S1.);
#153 = CIRCLE('',#154,13.8);
#154 = AXIS2_PLACEMENT_3D('',#155,#156,#157);
#155 = CARTESIAN_POINT('',(0.,0.,0.2));
#156 = DIRECTION('',(0.,0.,1.));
#157 = DIRECTION('',(1.,0.,-0.));
#158 = PCURVE('',#93,#159);
#159 = DEFINITIONAL_REPRESENTATION('',(#160),#164);
#160 = CIRCLE('',#161,13.8);
#161 = AXIS2_PLACEMENT_2D('',#162,#163);
#162 = CARTESIAN_POINT('',(0.,0.));
#163 = DIRECTION('',(1.,0.));
#164 = ( GEOMETRIC_REPRESENTATION_CONTEXT(2) 
PARAMETRIC_REPRESENTATION_CONTEXT() REPRESENTATION_CONTEXT('2D SPACE',''
  ) );
#165 = PCURVE('',#166,#171);
#166 = CYLINDRICAL_SURFACE('',#167,13.8);
#167 = AXIS2_PLACEMENT_3D('',#168,#169,#170);
#168 = CARTESIAN_POINT('',(0.,0.,0.2));
#169 = DIRECTION('',(0.,0.,1.));
#170 = DIRECTION('',(1.,0.,-0.));
#171 = DEFINITIONAL_REPRESENTATION('',(#172),#176);
#172 = LINE('',#173,#174);
#173 = CARTESIAN_POINT('',(0.,0.));
#174 = VECTOR('',#175,1.);
#175 = DIRECTION('',(1.,0.));
#176 = ( GEOMETRIC_REPRESENTATION_CONTEXT(2) 
PARAMETRIC_REPRESENTATION_CONTEXT() REPRESENTATION_CONTEXT('2D SPACE',''
  ) );
#177 = ORIENTED_EDGE('',*,*,#178,.T.);
#178 = EDGE_CURVE('',#148,#179,#181,.T.);
#179 = VERTEX_POINT('',#180);
#180 = CARTESIAN_POINT('',(12.000577448834,8.402894792543,0.2));
#181 = SURFACE_CURVE('',#182,(#186,#192),.PCURVE_S1.);
#182 = LINE('',#183,#184);
#183 = CARTESIAN_POINT('',(6.819440768706,4.775023832622,0.2));
#184 = VECTOR('',#185,1.);
#185 = DIRECTION('',(0.819152044289,0.573576436351,-0.));
#186 = PCURVE('',#93,#187);
#187 = DEFINITIONAL_REPRESENTATION('',(#188),#191);
#188 = B_SPLINE_CURVE_WITH_KNOTS('',1,(#189,#190),.UNSPECIFIED.,.F.,.F.,
  (2,2),(4.675,6.325),.PIECEWISE_BEZIER_KNOTS.);
#189 = CARTESIAN_POINT('',(10.648976575757,7.456493672564));
#190 = CARTESIAN_POINT('',(12.000577448834,8.402894792543));
#191 = ( GEOMETRIC_REPRESENTATION_CONTEXT(2) 
PARAMETRIC_REPRESENTATION_CONTEXT() REPRESENTATION_CONTEXT('2D SPACE',''
  ) );
#192 = PCURVE('',#193,#198);
#193 = PLANE('',#194);
#194 = AXIS2_PLACEMENT_3D('',#195,#196,#197);
#195 = CARTESIAN_POINT('',(13.638881537412,9.550047665245,-0.3));
#196 = DIRECTION('',(0.573576436351,-0.819152044289,0.));
#197 = DIRECTION('',(-0.819152044289,-0.573576436351,0.));
#198 = DEFINITIONAL_REPRESENTATION('',(#199),#202);
#199 = B_SPLINE_CURVE_WITH_KNOTS('',1,(#200,#201),.UNSPECIFIED.,.F.,.F.,
  (2,2),(4.675,6.325),.PIECEWISE_BEZIER_KNOTS.);
#200 = CARTESIAN_POINT('',(3.65,-0.5));
#201 = CARTESIAN_POINT('',(2.,-0.5));
#202 = ( GEOMETRIC_REPRESENTATION_CONTEXT(2) 
PARAMETRIC_REPRESENTATION_CONTEXT() REPRESENTATION_CONTEXT('2D SPACE',''
  ) );
#203 = ORIENTED_EDGE('',*,*,#204,.F.);
#204 = EDGE_CURVE('',#205,#179,#207,.T.);
#205 = VERTEX_POINT('',#206);
#206 = CARTESIAN_POINT('',(10.538328074961,-10.17674512722,0.2));
#207 = SURFACE_CURVE('',#208,(#213,#220),.PCURVE_S1.);
#208 = CIRCLE('',#209,14.65);
#209 = AXIS2_PLACEMENT_3D('',#210,#211,#212);
#210 = CARTESIAN_POINT('',(0.,0.,0.2));
#211 = DIRECTION('',(0.,0.,1.));
#212 = DIRECTION('',(1.,0.,-0.));
#213 = PCURVE('',#93,#214);
#214 = DEFINITIONAL_REPRESENTATION('',(#215),#219);
#215 = CIRCLE('',#216,14.65);
#216 = AXIS2_PLACEMENT_2D('',#217,#218);
#217 = CARTESIAN_POINT('',(0.,0.));
#218 = DIRECTION('',(1.,0.));
#219 = ( GEOMETRIC_REPRESENTATION_CONTEXT(2) 
PARAMETRIC_REPRESENTATION_CONTEXT() REPRESENTATION_CONTEXT('2D SPACE',''
  ) );
#220 = PCURVE('',#221,#226);
#221 = CYLINDRICAL_SURFACE('',#222,14.65);
#222 = AXIS2_PLACEMENT_3D('',#223,#224,#225);
#223 = CARTESIAN_POINT('',(0.,0.,-0.3));
#224 = DIRECTION('',(0.,0.,1.));
#225 = DIRECTION('',(1.,0.,-0.));
#226 = DEFINITIONAL_REPRESENTATION('',(#227),#231);
#227 = LINE('',#228,#229);
#228 = CARTESIAN_POINT('',(0.,0.5));
#229 = VECTOR('',#230,1.);
#230 = DIRECTION('',(1.,0.));
#231 = ( GEOMETRIC_REPRESENTATION_CONTEXT(2) 
PARAMETRIC_REPRESENTATION_CONTEXT() REPRESENTATION_CONTEXT('2D SPACE',''
  ) );
#232 = ORIENTED_EDGE('',*,*,#233,.T.);
#233 = EDGE_CURVE('',#205,#234,#236,.T.);
#234 = VERTEX_POINT('',#235);
#235 = CARTESIAN_POINT('',(9.926889244673,-9.586285512334,0.2));
#236 = SURFACE_CURVE('',#237,(#241,#247),.PCURVE_S1.);
#237 = LINE('',#238,#239);
#238 = CARTESIAN_POINT('',(0.,0.,0.2));
#239 = VECTOR('',#240,1.);
#240 = DIRECTION('',(-0.719339800339,0.694658370459,0.));
#241 = PCURVE('',#93,#242);
#242 = DEFINITIONAL_REPRESENTATION('',(#243),#246);
#243 = B_SPLINE_CURVE_WITH_KNOTS('',1,(#244,#245),.UNSPECIFIED.,.F.,.F.,
  (2,2),(-14.65,-13.),.PIECEWISE_BEZIER_KNOTS.);
#244 = CARTESIAN_POINT('',(10.538328074961,-10.17674512722));
#245 = CARTESIAN_POINT('',(9.351417404402,-9.030558815967));
#246 = ( GEOMETRIC_REPRESENTATION_CONTEXT(2) 
PARAMETRIC_REPRESENTATION_CONTEXT() REPRESENTATION_CONTEXT('2D SPACE',''
  ) );
#247 = PCURVE('',#248,#253);
#248 = PLANE('',#249);
#249 = AXIS2_PLACEMENT_3D('',#250,#251,#252);
#250 = CARTESIAN_POINT('',(0.,0.,-0.3));
#251 = DIRECTION('',(0.694658370459,0.719339800339,-0.));
#252 = DIRECTION('',(0.719339800339,-0.694658370459,0.));
#253 = DEFINITIONAL_REPRESENTATION('',(#254),#257);
#254 = B_SPLINE_CURVE_WITH_KNOTS('',1,(#255,#256),.UNSPECIFIED.,.F.,.F.,
  (2,2),(-14.65,-13.),.PIECEWISE_BEZIER_KNOTS.);
#255 = CARTESIAN_POINT('',(14.65,-0.5));
#256 = CARTESIAN_POINT('',(13.,-0.5));
#257 = ( GEOMETRIC_REPRESENTATION_CONTEXT(2) 
PARAMETRIC_REPRESENTATION_CONTEXT() REPRESENTATION_CONTEXT('2D SPACE',''
  ) );
#258 = ORIENTED_EDGE('',*,*,#259,.F.);
#259 = EDGE_CURVE('',#260,#234,#262,.T.);
#260 = VERTEX_POINT('',#261);
#261 = CARTESIAN_POINT('',(1.202749249918,-13.74748683366,0.2));
#262 = SURFACE_CURVE('',#263,(#268,#275),.PCURVE_S1.);
#263 = CIRCLE('',#264,13.8);
#264 = AXIS2_PLACEMENT_3D('',#265,#266,#267);
#265 = CARTESIAN_POINT('',(0.,0.,0.2));
#266 = DIRECTION('',(0.,0.,1.));
#267 = DIRECTION('',(1.,0.,-0.));
#268 = PCURVE('',#93,#269);
#269 = DEFINITIONAL_REPRESENTATION('',(#270),#274);
#270 = CIRCLE('',#271,13.8);
#271 = AXIS2_PLACEMENT_2D('',#272,#273);
#272 = CARTESIAN_POINT('',(0.,0.));
#273 = DIRECTION('',(1.,0.));
#274 = ( GEOMETRIC_REPRESENTATION_CONTEXT(2) 
PARAMETRIC_REPRESENTATION_CONTEXT() REPRESENTATION_CONTEXT('2D SPACE',''
  ) );
#275 = PCURVE('',#166,#276);
#276 = DEFINITIONAL_REPRESENTATION('',(#277),#281);
#277 = LINE('',#278,#279);
#278 = CARTESIAN_POINT('',(0.,0.));
#279 = VECTOR('',#280,1.);
#280 = DIRECTION('',(1.,0.));
#281 = ( GEOMETRIC_REPRESENTATION_CONTEXT(2) 
PARAMETRIC_REPRESENTATION_CONTEXT() REPRESENTATION_CONTEXT('2D SPACE',''
  ) );
#282 = ORIENTED_EDGE('',*,*,#283,.T.);
#283 = EDGE_CURVE('',#260,#284,#286,.T.);
#284 = VERTEX_POINT('',#285);
#285 = CARTESIAN_POINT('',(1.276831631253,-14.59425232704,0.2));
#286 = SURFACE_CURVE('',#287,(#291,#297),.PCURVE_S1.);
#287 = LINE('',#288,#289);
#288 = CARTESIAN_POINT('',(0.725571558374,-8.293320861614,0.2));
#289 = VECTOR('',#290,1.);
#290 = DIRECTION('',(8.715574274766E-02,-0.996194698092,0.));
#291 = PCURVE('',#93,#292);
#292 = DEFINITIONAL_REPRESENTATION('',(#293),#296);
#293 = B_SPLINE_CURVE_WITH_KNOTS('',1,(#294,#295),.UNSPECIFIED.,.F.,.F.,
  (2,2),(4.675,6.325),.PIECEWISE_BEZIER_KNOTS.);
#294 = CARTESIAN_POINT('',(1.13302465572,-12.95053107519));
#295 = CARTESIAN_POINT('',(1.276831631253,-14.59425232704));
#296 = ( GEOMETRIC_REPRESENTATION_CONTEXT(2) 
PARAMETRIC_REPRESENTATION_CONTEXT() REPRESENTATION_CONTEXT('2D SPACE',''
  ) );
#297 = PCURVE('',#298,#303);
#298 = PLANE('',#299);
#299 = AXIS2_PLACEMENT_3D('',#300,#301,#302);
#300 = CARTESIAN_POINT('',(1.451143116749,-16.58664172322,-0.3));
#301 = DIRECTION('',(-0.996194698092,-8.715574274766E-02,0.));
#302 = DIRECTION('',(-8.715574274766E-02,0.996194698092,0.));
#303 = DEFINITIONAL_REPRESENTATION('',(#304),#307);
#304 = B_SPLINE_CURVE_WITH_KNOTS('',1,(#305,#306),.UNSPECIFIED.,.F.,.F.,
  (2,2),(4.675,6.325),.PIECEWISE_BEZIER_KNOTS.);
#305 = CARTESIAN_POINT('',(3.65,-0.5));
#306 = CARTESIAN_POINT('',(2.,-0.5));
#307 = ( GEOMETRIC_REPRESENTATION_CONTEXT(2) 
PARAMETRIC_REPRESENTATION_CONTEXT() REPRESENTATION_CONTEXT('2D SPACE',''
  ) );
#308 = ORIENTED_EDGE('',*,*,#309,.F.);
#309 = EDGE_CURVE('',#310,#284,#312,.T.);
#310 = VERTEX_POINT('',#311);
#311 = CARTESIAN_POINT('',(-14.08248384549,-4.038087262719,0.2));
#312 = SURFACE_CURVE('',#313,(#318,#325),.PCURVE_S1.);
#313 = CIRCLE('',#314,14.65);
#314 = AXIS2_PLACEMENT_3D('',#315,#316,#317);
#315 = CARTESIAN_POINT('',(0.,0.,0.2));
#316 = DIRECTION('',(0.,0.,1.));
#317 = DIRECTION('',(1.,0.,-0.));
#318 = PCURVE('',#93,#319);
#319 = DEFINITIONAL_REPRESENTATION('',(#320),#324);
#320 = CIRCLE('',#321,14.65);
#321 = AXIS2_PLACEMENT_2D('',#322,#323);
#322 = CARTESIAN_POINT('',(0.,0.));
#323 = DIRECTION('',(1.,0.));
#324 = ( GEOMETRIC_REPRESENTATION_CONTEXT(2) 
PARAMETRIC_REPRESENTATION_CONTEXT() REPRESENTATION_CONTEXT('2D SPACE',''
  ) );
#325 = PCURVE('',#326,#331);
#326 = CYLINDRICAL_SURFACE('',#327,14.65);
#327 = AXIS2_PLACEMENT_3D('',#328,#329,#330);
#328 = CARTESIAN_POINT('',(0.,0.,-0.3));
#329 = DIRECTION('',(0.,0.,1.));
#330 = DIRECTION('',(1.,0.,-0.));
#331 = DEFINITIONAL_REPRESENTATION('',(#332),#336);
#332 = LINE('',#333,#334);
#333 = CARTESIAN_POINT('',(0.,0.5));
#334 = VECTOR('',#335,1.);
#335 = DIRECTION('',(1.,0.));
#336 = ( GEOMETRIC_REPRESENTATION_CONTEXT(2) 
PARAMETRIC_REPRESENTATION_CONTEXT() REPRESENTATION_CONTEXT('2D SPACE',''
  ) );
#337 = ORIENTED_EDGE('',*,*,#338,.T.);
#338 = EDGE_CURVE('',#310,#339,#341,.T.);
#339 = VERTEX_POINT('',#340);
#340 = CARTESIAN_POINT('',(-13.26541140394,-3.803795510275,0.2));
#341 = SURFACE_CURVE('',#342,(#346,#352),.PCURVE_S1.);
#342 = LINE('',#343,#344);
#343 = CARTESIAN_POINT('',(0.,0.,0.2));
#344 = VECTOR('',#345,1.);
#345 = DIRECTION('',(0.961261695938,0.275637355817,-0.));
#346 = PCURVE('',#93,#347);
#347 = DEFINITIONAL_REPRESENTATION('',(#348),#351);
#348 = B_SPLINE_CURVE_WITH_KNOTS('',1,(#349,#350),.UNSPECIFIED.,.F.,.F.,
  (2,2),(-14.65,-13.),.PIECEWISE_BEZIER_KNOTS.);
#349 = CARTESIAN_POINT('',(-14.08248384549,-4.038087262719));
#350 = CARTESIAN_POINT('',(-12.49640204719,-3.583285625621));
#351 = ( GEOMETRIC_REPRESENTATION_CONTEXT(2) 
PARAMETRIC_REPRESENTATION_CONTEXT() REPRESENTATION_CONTEXT('2D SPACE',''
  ) );
#352 = PCURVE('',#353,#358);
#353 = PLANE('',#354);
#354 = AXIS2_PLACEMENT_3D('',#355,#356,#357);
#355 = CARTESIAN_POINT('',(0.,0.,-0.3));
#356 = DIRECTION('',(0.275637355817,-0.961261695938,0.));
#357 = DIRECTION('',(-0.961261695938,-0.275637355817,0.));
#358 = DEFINITIONAL_REPRESENTATION('',(#359),#362);
#359 = B_SPLINE_CURVE_WITH_KNOTS('',1,(#360,#361),.UNSPECIFIED.,.F.,.F.,
  (2,2),(-14.65,-13.),.PIECEWISE_BEZIER_KNOTS.);
#360 = CARTESIAN_POINT('',(14.65,-0.5));
#361 = CARTESIAN_POINT('',(13.,-0.5));
#362 = ( GEOMETRIC_REPRESENTATION_CONTEXT(2) 
PARAMETRIC_REPRESENTATION_CONTEXT() REPRESENTATION_CONTEXT('2D SPACE',''
  ) );
#363 = ORIENTED_EDGE('',*,*,#364,.F.);
#364 = EDGE_CURVE('',#365,#339,#367,.T.);
#365 = VERTEX_POINT('',#366);
#366 = CARTESIAN_POINT('',(-12.5070474611,5.832132012022,0.2));
#367 = SURFACE_CURVE('',#368,(#373,#380),.PCURVE_S1.);
#368 = CIRCLE('',#369,13.8);
#369 = AXIS2_PLACEMENT_3D('',#370,#371,#372);
#370 = CARTESIAN_POINT('',(0.,0.,0.2));
#371 = DIRECTION('',(0.,0.,1.));
#372 = DIRECTION('',(1.,0.,-0.));
#373 = PCURVE('',#93,#374);
#374 = DEFINITIONAL_REPRESENTATION('',(#375),#379);
#375 = CIRCLE('',#376,13.8);
#376 = AXIS2_PLACEMENT_2D('',#377,#378);
#377 = CARTESIAN_POINT('',(0.,0.));
#378 = DIRECTION('',(1.,0.));
#379 = ( GEOMETRIC_REPRESENTATION_CONTEXT(2) 
PARAMETRIC_REPRESENTATION_CONTEXT() REPRESENTATION_CONTEXT('2D SPACE',''
  ) );
#380 = PCURVE('',#166,#381);
#381 = DEFINITIONAL_REPRESENTATION('',(#382),#386);
#382 = LINE('',#383,#384);
#383 = CARTESIAN_POINT('',(0.,0.));
#384 = VECTOR('',#385,1.);
#385 = DIRECTION('',(1.,0.));
#386 = ( GEOMETRIC_REPRESENTATION_CONTEXT(2) 
PARAMETRIC_REPRESENTATION_CONTEXT() REPRESENTATION_CONTEXT('2D SPACE',''
  ) );
#387 = ORIENTED_EDGE('',*,*,#388,.T.);
#388 = EDGE_CURVE('',#365,#389,#391,.T.);
#389 = VERTEX_POINT('',#390);
#390 = CARTESIAN_POINT('',(-13.27740908008,6.191357534501,0.2));
#391 = SURFACE_CURVE('',#392,(#396,#402),.PCURVE_S1.);
#392 = LINE('',#393,#394);
#393 = CARTESIAN_POINT('',(-7.54501232708,3.518297028991,0.2));
#394 = VECTOR('',#395,1.);
#395 = DIRECTION('',(-0.906307787037,0.422618261741,0.));
#396 = PCURVE('',#93,#397);
#397 = DEFINITIONAL_REPRESENTATION('',(#398),#401);
#398 = B_SPLINE_CURVE_WITH_KNOTS('',1,(#399,#400),.UNSPECIFIED.,.F.,.F.,
  (2,2),(4.675,6.325),.PIECEWISE_BEZIER_KNOTS.);
#399 = CARTESIAN_POINT('',(-11.78200123147,5.494037402629));
#400 = CARTESIAN_POINT('',(-13.27740908008,6.191357534501));
#401 = ( GEOMETRIC_REPRESENTATION_CONTEXT(2) 
PARAMETRIC_REPRESENTATION_CONTEXT() REPRESENTATION_CONTEXT('2D SPACE',''
  ) );
#402 = PCURVE('',#403,#408);
#403 = PLANE('',#404);
#404 = AXIS2_PLACEMENT_3D('',#405,#406,#407);
#405 = CARTESIAN_POINT('',(-15.09002465416,7.036594057983,-0.3));
#406 = DIRECTION('',(0.422618261741,0.906307787037,-0.));
#407 = DIRECTION('',(0.906307787037,-0.422618261741,0.));
#408 = DEFINITIONAL_REPRESENTATION('',(#409),#412);
#409 = B_SPLINE_CURVE_WITH_KNOTS('',1,(#410,#411),.UNSPECIFIED.,.F.,.F.,
  (2,2),(4.675,6.325),.PIECEWISE_BEZIER_KNOTS.);
#410 = CARTESIAN_POINT('',(3.65,-0.5));
#411 = CARTESIAN_POINT('',(2.,-0.5));
#412 = ( GEOMETRIC_REPRESENTATION_CONTEXT(2) 
PARAMETRIC_REPRESENTATION_CONTEXT() REPRESENTATION_CONTEXT('2D SPACE',''
  ) );
#413 = ORIENTED_EDGE('',*,*,#414,.F.);
#414 = EDGE_CURVE('',#415,#389,#417,.T.);
#415 = VERTEX_POINT('',#416);
#416 = CARTESIAN_POINT('',(3.544155770535,14.214832389943,0.2));
#417 = SURFACE_CURVE('',#418,(#423,#430),.PCURVE_S1.);
#418 = CIRCLE('',#419,14.65);
#419 = AXIS2_PLACEMENT_3D('',#420,#421,#422);
#420 = CARTESIAN_POINT('',(0.,0.,0.2));
#421 = DIRECTION('',(0.,0.,1.));
#422 = DIRECTION('',(1.,0.,-0.));
#423 = PCURVE('',#93,#424);
#424 = DEFINITIONAL_REPRESENTATION('',(#425),#429);
#425 = CIRCLE('',#426,14.65);
#426 = AXIS2_PLACEMENT_2D('',#427,#428);
#427 = CARTESIAN_POINT('',(0.,0.));
#428 = DIRECTION('',(1.,0.));
#429 = ( GEOMETRIC_REPRESENTATION_CONTEXT(2) 
PARAMETRIC_REPRESENTATION_CONTEXT() REPRESENTATION_CONTEXT('2D SPACE',''
  ) );
#430 = PCURVE('',#431,#436);
#431 = CYLINDRICAL_SURFACE('',#432,14.65);
#432 = AXIS2_PLACEMENT_3D('',#433,#434,#435);
#433 = CARTESIAN_POINT('',(0.,0.,-0.3));
#434 = DIRECTION('',(0.,0.,1.));
#435 = DIRECTION('',(1.,0.,-0.));
#436 = DEFINITIONAL_REPRESENTATION('',(#437),#441);
#437 = LINE('',#438,#439);
#438 = CARTESIAN_POINT('',(0.,0.5));
#439 = VECTOR('',#440,1.);
#440 = DIRECTION('',(1.,0.));
#441 = ( GEOMETRIC_REPRESENTATION_CONTEXT(2) 
PARAMETRIC_REPRESENTATION_CONTEXT() REPRESENTATION_CONTEXT('2D SPACE',''
  ) );
#442 = ORIENTED_EDGE('',*,*,#443,.T.);
#443 = EDGE_CURVE('',#415,#150,#444,.T.);
#444 = SURFACE_CURVE('',#445,(#449,#455),.PCURVE_S1.);
#445 = LINE('',#446,#447);
#446 = CARTESIAN_POINT('',(0.,0.,0.2));
#447 = VECTOR('',#448,1.);
#448 = DIRECTION('',(-0.2419218956,-0.970295726276,0.));
#449 = PCURVE('',#93,#450);
#450 = DEFINITIONAL_REPRESENTATION('',(#451),#454);
#451 = B_SPLINE_CURVE_WITH_KNOTS('',1,(#452,#453),.UNSPECIFIED.,.F.,.F.,
  (2,2),(-14.65,-13.),.PIECEWISE_BEZIER_KNOTS.);
#452 = CARTESIAN_POINT('',(3.544155770535,14.214832389943));
#453 = CARTESIAN_POINT('',(3.144984642796,12.613844441588));
#454 = ( GEOMETRIC_REPRESENTATION_CONTEXT(2) 
PARAMETRIC_REPRESENTATION_CONTEXT() REPRESENTATION_CONTEXT('2D SPACE',''
  ) );
#455 = PCURVE('',#456,#461);
#456 = PLANE('',#457);
#457 = AXIS2_PLACEMENT_3D('',#458,#459,#460);
#458 = CARTESIAN_POINT('',(0.,0.,-0.3));
#459 = DIRECTION('',(-0.970295726276,0.2419218956,0.));
#460 = DIRECTION('',(0.2419218956,0.970295726276,0.));
#461 = DEFINITIONAL_REPRESENTATION('',(#462),#465);
#462 = B_SPLINE_CURVE_WITH_KNOTS('',1,(#463,#464),.UNSPECIFIED.,.F.,.F.,
  (2,2),(-14.65,-13.),.PIECEWISE_BEZIER_KNOTS.);
#463 = CARTESIAN_POINT('',(14.65,-0.5));
#464 = CARTESIAN_POINT('',(13.,-0.5));
#465 = ( GEOMETRIC_REPRESENTATION_CONTEXT(2) 
PARAMETRIC_REPRESENTATION_CONTEXT() REPRESENTATION_CONTEXT('2D SPACE',''
  ) );
#466 = ADVANCED_FACE('',(#467),#129,.F.);
#467 = FACE_BOUND('',#468,.F.);
#468 = EDGE_LOOP('',(#469,#498,#519,#520));
#469 = ORIENTED_EDGE('',*,*,#470,.T.);
#470 = EDGE_CURVE('',#471,#471,#473,.T.);
#471 = VERTEX_POINT('',#472);
#472 = CARTESIAN_POINT('',(13.8,-3.380025165647E-15,5.7875));
#473 = SURFACE_CURVE('',#474,(#479,#486),.PCURVE_S1.);
#474 = CIRCLE('',#475,13.8);
#475 = AXIS2_PLACEMENT_3D('',#476,#477,#478);
#476 = CARTESIAN_POINT('',(0.,0.,5.7875));
#477 = DIRECTION('',(0.,0.,1.));
#478 = DIRECTION('',(1.,0.,-0.));
#479 = PCURVE('',#129,#480);
#480 = DEFINITIONAL_REPRESENTATION('',(#481),#485);
#481 = LINE('',#482,#483);
#482 = CARTESIAN_POINT('',(0.,5.5875));
#483 = VECTOR('',#484,1.);
#484 = DIRECTION('',(1.,0.));
#485 = ( GEOMETRIC_REPRESENTATION_CONTEXT(2) 
PARAMETRIC_REPRESENTATION_CONTEXT() REPRESENTATION_CONTEXT('2D SPACE',''
  ) );
#486 = PCURVE('',#487,#492);
#487 = PLANE('',#488);
#488 = AXIS2_PLACEMENT_3D('',#489,#490,#491);
#489 = CARTESIAN_POINT('',(0.,0.,5.7875));
#490 = DIRECTION('',(0.,0.,1.));
#491 = DIRECTION('',(1.,0.,-0.));
#492 = DEFINITIONAL_REPRESENTATION('',(#493),#497);
#493 = CIRCLE('',#494,13.8);
#494 = AXIS2_PLACEMENT_2D('',#495,#496);
#495 = CARTESIAN_POINT('',(0.,0.));
#496 = DIRECTION('',(1.,0.));
#497 = ( GEOMETRIC_REPRESENTATION_CONTEXT(2) 
PARAMETRIC_REPRESENTATION_CONTEXT() REPRESENTATION_CONTEXT('2D SPACE',''
  ) );
#498 = ORIENTED_EDGE('',*,*,#499,.T.);
#499 = EDGE_CURVE('',#471,#113,#500,.T.);
#500 = SEAM_CURVE('',#501,(#505,#512),.PCURVE_S1.);
#501 = LINE('',#502,#503);
#502 = CARTESIAN_POINT('',(13.8,-3.380025165647E-15,0.2));
#503 = VECTOR('',#504,1.);
#504 = DIRECTION('',(0.,0.,1.));
#505 = PCURVE('',#129,#506);
#506 = DEFINITIONAL_REPRESENTATION('',(#507),#511);
#507 = LINE('',#508,#509);
#508 = CARTESIAN_POINT('',(0.,-0.));
#509 = VECTOR('',#510,1.);
#510 = DIRECTION('',(0.,1.));
#511 = ( GEOMETRIC_REPRESENTATION_CONTEXT(2) 
PARAMETRIC_REPRESENTATION_CONTEXT() REPRESENTATION_CONTEXT('2D SPACE',''
  ) );
#512 = PCURVE('',#129,#513);
#513 = DEFINITIONAL_REPRESENTATION('',(#514),#518);
#514 = LINE('',#515,#516);
#515 = CARTESIAN_POINT('',(6.28318530718,-0.));
#516 = VECTOR('',#517,1.);
#517 = DIRECTION('',(0.,1.));
#518 = ( GEOMETRIC_REPRESENTATION_CONTEXT(2) 
PARAMETRIC_REPRESENTATION_CONTEXT() REPRESENTATION_CONTEXT('2D SPACE',''
  ) );
#519 = ORIENTED_EDGE('',*,*,#112,.F.);
#520 = ORIENTED_EDGE('',*,*,#499,.F.);
#521 = ADVANCED_FACE('',(#522),#166,.F.);
#522 = FACE_BOUND('',#523,.F.);
#523 = EDGE_LOOP('',(#524,#545,#574,#597,#624,#625,#649,#675,#694,#695,
    #716,#745,#771,#790,#791,#812,#841,#867,#886));
#524 = ORIENTED_EDGE('',*,*,#525,.T.);
#525 = EDGE_CURVE('',#234,#526,#528,.T.);
#526 = VERTEX_POINT('',#527);
#527 = CARTESIAN_POINT('',(9.926889244673,-9.586285512334,3.1));
#528 = SURFACE_CURVE('',#529,(#533,#539),.PCURVE_S1.);
#529 = LINE('',#530,#531);
#530 = CARTESIAN_POINT('',(9.926889244673,-9.586285512334,0.2));
#531 = VECTOR('',#532,1.);
#532 = DIRECTION('',(0.,0.,1.));
#533 = PCURVE('',#166,#534);
#534 = DEFINITIONAL_REPRESENTATION('',(#535),#538);
#535 = B_SPLINE_CURVE_WITH_KNOTS('',1,(#536,#537),.UNSPECIFIED.,.F.,.F.,
  (2,2),(-5.999999999895E-07,3.24),.PIECEWISE_BEZIER_KNOTS.);
#536 = CARTESIAN_POINT('',(5.515240436302,-5.999999999895E-07));
#537 = CARTESIAN_POINT('',(5.515240436302,3.24));
#538 = ( GEOMETRIC_REPRESENTATION_CONTEXT(2) 
PARAMETRIC_REPRESENTATION_CONTEXT() REPRESENTATION_CONTEXT('2D SPACE',''
  ) );
#539 = PCURVE('',#248,#540);
#540 = DEFINITIONAL_REPRESENTATION('',(#541),#544);
#541 = B_SPLINE_CURVE_WITH_KNOTS('',1,(#542,#543),.UNSPECIFIED.,.F.,.F.,
  (2,2),(-5.999999999895E-07,3.24),.PIECEWISE_BEZIER_KNOTS.);
#542 = CARTESIAN_POINT('',(13.8,-0.4999994));
#543 = CARTESIAN_POINT('',(13.8,-3.74));
#544 = ( GEOMETRIC_REPRESENTATION_CONTEXT(2) 
PARAMETRIC_REPRESENTATION_CONTEXT() REPRESENTATION_CONTEXT('2D SPACE',''
  ) );
#545 = ORIENTED_EDGE('',*,*,#546,.T.);
#546 = EDGE_CURVE('',#526,#547,#549,.T.);
#547 = VERTEX_POINT('',#548);
#548 = CARTESIAN_POINT('',(13.8,-3.380025165647E-15,3.1));
#549 = SURFACE_CURVE('',#550,(#555,#562),.PCURVE_S1.);
#550 = CIRCLE('',#551,13.8);
#551 = AXIS2_PLACEMENT_3D('',#552,#553,#554);
#552 = CARTESIAN_POINT('',(0.,0.,3.1));
#553 = DIRECTION('',(0.,0.,1.));
#554 = DIRECTION('',(1.,0.,-0.));
#555 = PCURVE('',#166,#556);
#556 = DEFINITIONAL_REPRESENTATION('',(#557),#561);
#557 = LINE('',#558,#559);
#558 = CARTESIAN_POINT('',(0.,2.9));
#559 = VECTOR('',#560,1.);
#560 = DIRECTION('',(1.,0.));
#561 = ( GEOMETRIC_REPRESENTATION_CONTEXT(2) 
PARAMETRIC_REPRESENTATION_CONTEXT() REPRESENTATION_CONTEXT('2D SPACE',''
  ) );
#562 = PCURVE('',#563,#568);
#563 = PLANE('',#564);
#564 = AXIS2_PLACEMENT_3D('',#565,#566,#567);
#565 = CARTESIAN_POINT('',(10.035703593239,-0.789827001974,3.1));
#566 = DIRECTION('',(0.,0.,1.));
#567 = DIRECTION('',(1.,0.,-0.));
#568 = DEFINITIONAL_REPRESENTATION('',(#569),#573);
#569 = CIRCLE('',#570,13.8);
#570 = AXIS2_PLACEMENT_2D('',#571,#572);
#571 = CARTESIAN_POINT('',(-10.03570359323,0.789827001974));
#572 = DIRECTION('',(1.,0.));
#573 = ( GEOMETRIC_REPRESENTATION_CONTEXT(2) 
PARAMETRIC_REPRESENTATION_CONTEXT() REPRESENTATION_CONTEXT('2D SPACE',''
  ) );
#574 = ORIENTED_EDGE('',*,*,#575,.T.);
#575 = EDGE_CURVE('',#547,#576,#578,.T.);
#576 = VERTEX_POINT('',#577);
#577 = CARTESIAN_POINT('',(13.8,-3.380025165647E-15,3.7625));
#578 = SEAM_CURVE('',#579,(#583,#590),.PCURVE_S1.);
#579 = LINE('',#580,#581);
#580 = CARTESIAN_POINT('',(13.8,-3.380025165647E-15,0.2));
#581 = VECTOR('',#582,1.);
#582 = DIRECTION('',(0.,0.,1.));
#583 = PCURVE('',#166,#584);
#584 = DEFINITIONAL_REPRESENTATION('',(#585),#589);
#585 = LINE('',#586,#587);
#586 = CARTESIAN_POINT('',(0.,-0.));
#587 = VECTOR('',#588,1.);
#588 = DIRECTION('',(0.,1.));
#589 = ( GEOMETRIC_REPRESENTATION_CONTEXT(2) 
PARAMETRIC_REPRESENTATION_CONTEXT() REPRESENTATION_CONTEXT('2D SPACE',''
  ) );
#590 = PCURVE('',#166,#591);
#591 = DEFINITIONAL_REPRESENTATION('',(#592),#596);
#592 = LINE('',#593,#594);
#593 = CARTESIAN_POINT('',(6.28318530718,-0.));
#594 = VECTOR('',#595,1.);
#595 = DIRECTION('',(0.,1.));
#596 = ( GEOMETRIC_REPRESENTATION_CONTEXT(2) 
PARAMETRIC_REPRESENTATION_CONTEXT() REPRESENTATION_CONTEXT('2D SPACE',''
  ) );
#597 = ORIENTED_EDGE('',*,*,#598,.F.);
#598 = EDGE_CURVE('',#576,#576,#599,.T.);
#599 = SURFACE_CURVE('',#600,(#605,#612),.PCURVE_S1.);
#600 = CIRCLE('',#601,13.8);
#601 = AXIS2_PLACEMENT_3D('',#602,#603,#604);
#602 = CARTESIAN_POINT('',(0.,0.,3.7625));
#603 = DIRECTION('',(0.,0.,1.));
#604 = DIRECTION('',(1.,0.,-0.));
#605 = PCURVE('',#166,#606);
#606 = DEFINITIONAL_REPRESENTATION('',(#607),#611);
#607 = LINE('',#608,#609);
#608 = CARTESIAN_POINT('',(0.,3.5625));
#609 = VECTOR('',#610,1.);
#610 = DIRECTION('',(1.,0.));
#611 = ( GEOMETRIC_REPRESENTATION_CONTEXT(2) 
PARAMETRIC_REPRESENTATION_CONTEXT() REPRESENTATION_CONTEXT('2D SPACE',''
  ) );
#612 = PCURVE('',#613,#618);
#613 = PLANE('',#614);
#614 = AXIS2_PLACEMENT_3D('',#615,#616,#617);
#615 = CARTESIAN_POINT('',(0.,0.,3.7625));
#616 = DIRECTION('',(0.,0.,1.));
#617 = DIRECTION('',(1.,0.,-0.));
#618 = DEFINITIONAL_REPRESENTATION('',(#619),#623);
#619 = CIRCLE('',#620,13.8);
#620 = AXIS2_PLACEMENT_2D('',#621,#622);
#621 = CARTESIAN_POINT('',(0.,0.));
#622 = DIRECTION('',(1.,0.));
#623 = ( GEOMETRIC_REPRESENTATION_CONTEXT(2) 
PARAMETRIC_REPRESENTATION_CONTEXT() REPRESENTATION_CONTEXT('2D SPACE',''
  ) );
#624 = ORIENTED_EDGE('',*,*,#575,.F.);
#625 = ORIENTED_EDGE('',*,*,#626,.T.);
#626 = EDGE_CURVE('',#547,#627,#629,.T.);
#627 = VERTEX_POINT('',#628);
#628 = CARTESIAN_POINT('',(11.304298211188,7.915354821644,3.1));
#629 = SURFACE_CURVE('',#630,(#635,#642),.PCURVE_S1.);
#630 = CIRCLE('',#631,13.8);
#631 = AXIS2_PLACEMENT_3D('',#632,#633,#634);
#632 = CARTESIAN_POINT('',(0.,0.,3.1));
#633 = DIRECTION('',(0.,0.,1.));
#634 = DIRECTION('',(1.,0.,-0.));
#635 = PCURVE('',#166,#636);
#636 = DEFINITIONAL_REPRESENTATION('',(#637),#641);
#637 = LINE('',#638,#639);
#638 = CARTESIAN_POINT('',(0.,2.9));
#639 = VECTOR('',#640,1.);
#640 = DIRECTION('',(1.,0.));
#641 = ( GEOMETRIC_REPRESENTATION_CONTEXT(2) 
PARAMETRIC_REPRESENTATION_CONTEXT() REPRESENTATION_CONTEXT('2D SPACE',''
  ) );
#642 = PCURVE('',#563,#643);
#643 = DEFINITIONAL_REPRESENTATION('',(#644),#648);
#644 = CIRCLE('',#645,13.8);
#645 = AXIS2_PLACEMENT_2D('',#646,#647);
#646 = CARTESIAN_POINT('',(-10.03570359323,0.789827001974));
#647 = DIRECTION('',(1.,0.));
#648 = ( GEOMETRIC_REPRESENTATION_CONTEXT(2) 
PARAMETRIC_REPRESENTATION_CONTEXT() REPRESENTATION_CONTEXT('2D SPACE',''
  ) );
#649 = ORIENTED_EDGE('',*,*,#650,.F.);
#650 = EDGE_CURVE('',#651,#627,#653,.T.);
#651 = VERTEX_POINT('',#652);
#652 = CARTESIAN_POINT('',(11.304298211227,7.915354821588,2.220000001416
    ));
#653 = SURFACE_CURVE('',#654,(#658,#664),.PCURVE_S1.);
#654 = LINE('',#655,#656);
#655 = CARTESIAN_POINT('',(11.304298211188,7.915354821644,0.2));
#656 = VECTOR('',#657,1.);
#657 = DIRECTION('',(0.,0.,1.));
#658 = PCURVE('',#166,#659);
#659 = DEFINITIONAL_REPRESENTATION('',(#660),#663);
#660 = B_SPLINE_CURVE_WITH_KNOTS('',1,(#661,#662),.UNSPECIFIED.,.F.,.F.,
  (2,2),(-5.999999999895E-07,3.24),.PIECEWISE_BEZIER_KNOTS.);
#661 = CARTESIAN_POINT('',(0.610865238198,-5.999999999895E-07));
#662 = CARTESIAN_POINT('',(0.610865238198,3.24));
#663 = ( GEOMETRIC_REPRESENTATION_CONTEXT(2) 
PARAMETRIC_REPRESENTATION_CONTEXT() REPRESENTATION_CONTEXT('2D SPACE',''
  ) );
#664 = PCURVE('',#665,#670);
#665 = PLANE('',#666);
#666 = AXIS2_PLACEMENT_3D('',#667,#668,#669);
#667 = CARTESIAN_POINT('',(13.638881537412,9.550047665245,-0.3));
#668 = DIRECTION('',(0.573576436351,-0.819152044289,0.));
#669 = DIRECTION('',(-0.819152044289,-0.573576436351,0.));
#670 = DEFINITIONAL_REPRESENTATION('',(#671),#674);
#671 = B_SPLINE_CURVE_WITH_KNOTS('',1,(#672,#673),.UNSPECIFIED.,.F.,.F.,
  (2,2),(-5.999999999895E-07,3.24),.PIECEWISE_BEZIER_KNOTS.);
#672 = CARTESIAN_POINT('',(2.85,-0.4999994));
#673 = CARTESIAN_POINT('',(2.85,-3.74));
#674 = ( GEOMETRIC_REPRESENTATION_CONTEXT(2) 
PARAMETRIC_REPRESENTATION_CONTEXT() REPRESENTATION_CONTEXT('2D SPACE',''
  ) );
#675 = ORIENTED_EDGE('',*,*,#676,.F.);
#676 = EDGE_CURVE('',#148,#651,#677,.T.);
#677 = SURFACE_CURVE('',#678,(#682,#688),.PCURVE_S1.);
#678 = LINE('',#679,#680);
#679 = CARTESIAN_POINT('',(11.304298211188,7.915354821644,0.2));
#680 = VECTOR('',#681,1.);
#681 = DIRECTION('',(0.,0.,1.));
#682 = PCURVE('',#166,#683);
#683 = DEFINITIONAL_REPRESENTATION('',(#684),#687);
#684 = B_SPLINE_CURVE_WITH_KNOTS('',1,(#685,#686),.UNSPECIFIED.,.F.,.F.,
  (2,2),(-5.999999999895E-07,3.24),.PIECEWISE_BEZIER_KNOTS.);
#685 = CARTESIAN_POINT('',(0.610865238198,-5.999999999895E-07));
#686 = CARTESIAN_POINT('',(0.610865238198,3.24));
#687 = ( GEOMETRIC_REPRESENTATION_CONTEXT(2) 
PARAMETRIC_REPRESENTATION_CONTEXT() REPRESENTATION_CONTEXT('2D SPACE',''
  ) );
#688 = PCURVE('',#193,#689);
#689 = DEFINITIONAL_REPRESENTATION('',(#690),#693);
#690 = B_SPLINE_CURVE_WITH_KNOTS('',1,(#691,#692),.UNSPECIFIED.,.F.,.F.,
  (2,2),(-5.999999999895E-07,3.24),.PIECEWISE_BEZIER_KNOTS.);
#691 = CARTESIAN_POINT('',(2.85,-0.4999994));
#692 = CARTESIAN_POINT('',(2.85,-3.74));
#693 = ( GEOMETRIC_REPRESENTATION_CONTEXT(2) 
PARAMETRIC_REPRESENTATION_CONTEXT() REPRESENTATION_CONTEXT('2D SPACE',''
  ) );
#694 = ORIENTED_EDGE('',*,*,#147,.T.);
#695 = ORIENTED_EDGE('',*,*,#696,.T.);
#696 = EDGE_CURVE('',#150,#697,#699,.T.);
#697 = VERTEX_POINT('',#698);
#698 = CARTESIAN_POINT('',(3.338522159275,13.390081022609,3.1));
#699 = SURFACE_CURVE('',#700,(#704,#710),.PCURVE_S1.);
#700 = LINE('',#701,#702);
#701 = CARTESIAN_POINT('',(3.338522159275,13.390081022609,0.2));
#702 = VECTOR('',#703,1.);
#703 = DIRECTION('',(0.,0.,1.));
#704 = PCURVE('',#166,#705);
#705 = DEFINITIONAL_REPRESENTATION('',(#706),#709);
#706 = B_SPLINE_CURVE_WITH_KNOTS('',1,(#707,#708),.UNSPECIFIED.,.F.,.F.,
  (2,2),(-5.999999999895E-07,3.24),.PIECEWISE_BEZIER_KNOTS.);
#707 = CARTESIAN_POINT('',(1.326450231516,-5.999999999895E-07));
#708 = CARTESIAN_POINT('',(1.326450231516,3.24));
#709 = ( GEOMETRIC_REPRESENTATION_CONTEXT(2) 
PARAMETRIC_REPRESENTATION_CONTEXT() REPRESENTATION_CONTEXT('2D SPACE',''
  ) );
#710 = PCURVE('',#456,#711);
#711 = DEFINITIONAL_REPRESENTATION('',(#712),#715);
#712 = B_SPLINE_CURVE_WITH_KNOTS('',1,(#713,#714),.UNSPECIFIED.,.F.,.F.,
  (2,2),(-5.999999999895E-07,3.24),.PIECEWISE_BEZIER_KNOTS.);
#713 = CARTESIAN_POINT('',(13.8,-0.4999994));
#714 = CARTESIAN_POINT('',(13.8,-3.74));
#715 = ( GEOMETRIC_REPRESENTATION_CONTEXT(2) 
PARAMETRIC_REPRESENTATION_CONTEXT() REPRESENTATION_CONTEXT('2D SPACE',''
  ) );
#716 = ORIENTED_EDGE('',*,*,#717,.T.);
#717 = EDGE_CURVE('',#697,#718,#720,.T.);
#718 = VERTEX_POINT('',#719);
#719 = CARTESIAN_POINT('',(-12.5070474611,5.832132012022,3.1));
#720 = SURFACE_CURVE('',#721,(#726,#733),.PCURVE_S1.);
#721 = CIRCLE('',#722,13.8);
#722 = AXIS2_PLACEMENT_3D('',#723,#724,#725);
#723 = CARTESIAN_POINT('',(0.,0.,3.1));
#724 = DIRECTION('',(0.,0.,1.));
#725 = DIRECTION('',(1.,0.,-0.));
#726 = PCURVE('',#166,#727);
#727 = DEFINITIONAL_REPRESENTATION('',(#728),#732);
#728 = LINE('',#729,#730);
#729 = CARTESIAN_POINT('',(0.,2.9));
#730 = VECTOR('',#731,1.);
#731 = DIRECTION('',(1.,0.));
#732 = ( GEOMETRIC_REPRESENTATION_CONTEXT(2) 
PARAMETRIC_REPRESENTATION_CONTEXT() REPRESENTATION_CONTEXT('2D SPACE',''
  ) );
#733 = PCURVE('',#734,#739);
#734 = PLANE('',#735);
#735 = AXIS2_PLACEMENT_3D('',#736,#737,#738);
#736 = CARTESIAN_POINT('',(-4.333841548315,9.086087757583,3.1));
#737 = DIRECTION('',(0.,0.,1.));
#738 = DIRECTION('',(1.,0.,-0.));
#739 = DEFINITIONAL_REPRESENTATION('',(#740),#744);
#740 = CIRCLE('',#741,13.8);
#741 = AXIS2_PLACEMENT_2D('',#742,#743);
#742 = CARTESIAN_POINT('',(4.333841548315,-9.086087757583));
#743 = DIRECTION('',(1.,0.));
#744 = ( GEOMETRIC_REPRESENTATION_CONTEXT(2) 
PARAMETRIC_REPRESENTATION_CONTEXT() REPRESENTATION_CONTEXT('2D SPACE',''
  ) );
#745 = ORIENTED_EDGE('',*,*,#746,.F.);
#746 = EDGE_CURVE('',#747,#718,#749,.T.);
#747 = VERTEX_POINT('',#748);
#748 = CARTESIAN_POINT('',(-12.50704746107,5.832132012084,2.220000001416
    ));
#749 = SURFACE_CURVE('',#750,(#754,#760),.PCURVE_S1.);
#750 = LINE('',#751,#752);
#751 = CARTESIAN_POINT('',(-12.5070474611,5.832132012022,0.2));
#752 = VECTOR('',#753,1.);
#753 = DIRECTION('',(0.,0.,1.));
#754 = PCURVE('',#166,#755);
#755 = DEFINITIONAL_REPRESENTATION('',(#756),#759);
#756 = B_SPLINE_CURVE_WITH_KNOTS('',1,(#757,#758),.UNSPECIFIED.,.F.,.F.,
  (2,2),(-5.999999999895E-07,3.24),.PIECEWISE_BEZIER_KNOTS.);
#757 = CARTESIAN_POINT('',(2.705260340591,-5.999999999895E-07));
#758 = CARTESIAN_POINT('',(2.705260340591,3.24));
#759 = ( GEOMETRIC_REPRESENTATION_CONTEXT(2) 
PARAMETRIC_REPRESENTATION_CONTEXT() REPRESENTATION_CONTEXT('2D SPACE',''
  ) );
#760 = PCURVE('',#761,#766);
#761 = PLANE('',#762);
#762 = AXIS2_PLACEMENT_3D('',#763,#764,#765);
#763 = CARTESIAN_POINT('',(-15.09002465416,7.036594057983,-0.3));
#764 = DIRECTION('',(0.422618261741,0.906307787037,-0.));
#765 = DIRECTION('',(0.906307787037,-0.422618261741,0.));
#766 = DEFINITIONAL_REPRESENTATION('',(#767),#770);
#767 = B_SPLINE_CURVE_WITH_KNOTS('',1,(#768,#769),.UNSPECIFIED.,.F.,.F.,
  (2,2),(-5.999999999895E-07,3.24),.PIECEWISE_BEZIER_KNOTS.);
#768 = CARTESIAN_POINT('',(2.85,-0.4999994));
#769 = CARTESIAN_POINT('',(2.85,-3.74));
#770 = ( GEOMETRIC_REPRESENTATION_CONTEXT(2) 
PARAMETRIC_REPRESENTATION_CONTEXT() REPRESENTATION_CONTEXT('2D SPACE',''
  ) );
#771 = ORIENTED_EDGE('',*,*,#772,.F.);
#772 = EDGE_CURVE('',#365,#747,#773,.T.);
#773 = SURFACE_CURVE('',#774,(#778,#784),.PCURVE_S1.);
#774 = LINE('',#775,#776);
#775 = CARTESIAN_POINT('',(-12.5070474611,5.832132012022,0.2));
#776 = VECTOR('',#777,1.);
#777 = DIRECTION('',(0.,0.,1.));
#778 = PCURVE('',#166,#779);
#779 = DEFINITIONAL_REPRESENTATION('',(#780),#783);
#780 = B_SPLINE_CURVE_WITH_KNOTS('',1,(#781,#782),.UNSPECIFIED.,.F.,.F.,
  (2,2),(-5.999999999895E-07,3.24),.PIECEWISE_BEZIER_KNOTS.);
#781 = CARTESIAN_POINT('',(2.705260340591,-5.999999999895E-07));
#782 = CARTESIAN_POINT('',(2.705260340591,3.24));
#783 = ( GEOMETRIC_REPRESENTATION_CONTEXT(2) 
PARAMETRIC_REPRESENTATION_CONTEXT() REPRESENTATION_CONTEXT('2D SPACE',''
  ) );
#784 = PCURVE('',#403,#785);
#785 = DEFINITIONAL_REPRESENTATION('',(#786),#789);
#786 = B_SPLINE_CURVE_WITH_KNOTS('',1,(#787,#788),.UNSPECIFIED.,.F.,.F.,
  (2,2),(-5.999999999895E-07,3.24),.PIECEWISE_BEZIER_KNOTS.);
#787 = CARTESIAN_POINT('',(2.85,-0.4999994));
#788 = CARTESIAN_POINT('',(2.85,-3.74));
#789 = ( GEOMETRIC_REPRESENTATION_CONTEXT(2) 
PARAMETRIC_REPRESENTATION_CONTEXT() REPRESENTATION_CONTEXT('2D SPACE',''
  ) );
#790 = ORIENTED_EDGE('',*,*,#364,.T.);
#791 = ORIENTED_EDGE('',*,*,#792,.T.);
#792 = EDGE_CURVE('',#339,#793,#795,.T.);
#793 = VERTEX_POINT('',#794);
#794 = CARTESIAN_POINT('',(-13.26541140394,-3.803795510275,3.1));
#795 = SURFACE_CURVE('',#796,(#800,#806),.PCURVE_S1.);
#796 = LINE('',#797,#798);
#797 = CARTESIAN_POINT('',(-13.26541140394,-3.803795510275,0.2));
#798 = VECTOR('',#799,1.);
#799 = DIRECTION('',(0.,0.,1.));
#800 = PCURVE('',#166,#801);
#801 = DEFINITIONAL_REPRESENTATION('',(#802),#805);
#802 = B_SPLINE_CURVE_WITH_KNOTS('',1,(#803,#804),.UNSPECIFIED.,.F.,.F.,
  (2,2),(-5.999999999895E-07,3.24),.PIECEWISE_BEZIER_KNOTS.);
#803 = CARTESIAN_POINT('',(3.420845333909,-5.999999999895E-07));
#804 = CARTESIAN_POINT('',(3.420845333909,3.24));
#805 = ( GEOMETRIC_REPRESENTATION_CONTEXT(2) 
PARAMETRIC_REPRESENTATION_CONTEXT() REPRESENTATION_CONTEXT('2D SPACE',''
  ) );
#806 = PCURVE('',#353,#807);
#807 = DEFINITIONAL_REPRESENTATION('',(#808),#811);
#808 = B_SPLINE_CURVE_WITH_KNOTS('',1,(#809,#810),.UNSPECIFIED.,.F.,.F.,
  (2,2),(-5.999999999895E-07,3.24),.PIECEWISE_BEZIER_KNOTS.);
#809 = CARTESIAN_POINT('',(13.8,-0.4999994));
#810 = CARTESIAN_POINT('',(13.8,-3.74));
#811 = ( GEOMETRIC_REPRESENTATION_CONTEXT(2) 
PARAMETRIC_REPRESENTATION_CONTEXT() REPRESENTATION_CONTEXT('2D SPACE',''
  ) );
#812 = ORIENTED_EDGE('',*,*,#813,.T.);
#813 = EDGE_CURVE('',#793,#814,#816,.T.);
#814 = VERTEX_POINT('',#815);
#815 = CARTESIAN_POINT('',(1.202749249918,-13.74748683366,3.1));
#816 = SURFACE_CURVE('',#817,(#822,#829),.PCURVE_S1.);
#817 = CIRCLE('',#818,13.8);
#818 = AXIS2_PLACEMENT_3D('',#819,#820,#821);
#819 = CARTESIAN_POINT('',(0.,0.,3.1));
#820 = DIRECTION('',(0.,0.,1.));
#821 = DIRECTION('',(1.,0.,-0.));
#822 = PCURVE('',#166,#823);
#823 = DEFINITIONAL_REPRESENTATION('',(#824),#828);
#824 = LINE('',#825,#826);
#825 = CARTESIAN_POINT('',(0.,2.9));
#826 = VECTOR('',#827,1.);
#827 = DIRECTION('',(1.,0.));
#828 = ( GEOMETRIC_REPRESENTATION_CONTEXT(2) 
PARAMETRIC_REPRESENTATION_CONTEXT() REPRESENTATION_CONTEXT('2D SPACE',''
  ) );
#829 = PCURVE('',#830,#835);
#830 = PLANE('',#831);
#831 = AXIS2_PLACEMENT_3D('',#832,#833,#834);
#832 = CARTESIAN_POINT('',(-5.701862044924,-8.296260755609,3.1));
#833 = DIRECTION('',(0.,0.,1.));
#834 = DIRECTION('',(1.,0.,-0.));
#835 = DEFINITIONAL_REPRESENTATION('',(#836),#840);
#836 = CIRCLE('',#837,13.8);
#837 = AXIS2_PLACEMENT_2D('',#838,#839);
#838 = CARTESIAN_POINT('',(5.701862044924,8.296260755609));
#839 = DIRECTION('',(1.,0.));
#840 = ( GEOMETRIC_REPRESENTATION_CONTEXT(2) 
PARAMETRIC_REPRESENTATION_CONTEXT() REPRESENTATION_CONTEXT('2D SPACE',''
  ) );
#841 = ORIENTED_EDGE('',*,*,#842,.F.);
#842 = EDGE_CURVE('',#843,#814,#845,.T.);
#843 = VERTEX_POINT('',#844);
#844 = CARTESIAN_POINT('',(1.20274924985,-13.74748683367,2.220000001416)
  );
#845 = SURFACE_CURVE('',#846,(#850,#856),.PCURVE_S1.);
#846 = LINE('',#847,#848);
#847 = CARTESIAN_POINT('',(1.202749249918,-13.74748683366,0.2));
#848 = VECTOR('',#849,1.);
#849 = DIRECTION('',(0.,0.,1.));
#850 = PCURVE('',#166,#851);
#851 = DEFINITIONAL_REPRESENTATION('',(#852),#855);
#852 = B_SPLINE_CURVE_WITH_KNOTS('',1,(#853,#854),.UNSPECIFIED.,.F.,.F.,
  (2,2),(-5.999999999895E-07,3.24),.PIECEWISE_BEZIER_KNOTS.);
#853 = CARTESIAN_POINT('',(4.799655442984,-5.999999999895E-07));
#854 = CARTESIAN_POINT('',(4.799655442984,3.24));
#855 = ( GEOMETRIC_REPRESENTATION_CONTEXT(2) 
PARAMETRIC_REPRESENTATION_CONTEXT() REPRESENTATION_CONTEXT('2D SPACE',''
  ) );
#856 = PCURVE('',#857,#862);
#857 = PLANE('',#858);
#858 = AXIS2_PLACEMENT_3D('',#859,#860,#861);
#859 = CARTESIAN_POINT('',(1.451143116749,-16.58664172322,-0.3));
#860 = DIRECTION('',(-0.996194698092,-8.715574274766E-02,0.));
#861 = DIRECTION('',(-8.715574274766E-02,0.996194698092,0.));
#862 = DEFINITIONAL_REPRESENTATION('',(#863),#866);
#863 = B_SPLINE_CURVE_WITH_KNOTS('',1,(#864,#865),.UNSPECIFIED.,.F.,.F.,
  (2,2),(-5.999999999895E-07,3.24),.PIECEWISE_BEZIER_KNOTS.);
#864 = CARTESIAN_POINT('',(2.85,-0.4999994));
#865 = CARTESIAN_POINT('',(2.85,-3.74));
#866 = ( GEOMETRIC_REPRESENTATION_CONTEXT(2) 
PARAMETRIC_REPRESENTATION_CONTEXT() REPRESENTATION_CONTEXT('2D SPACE',''
  ) );
#867 = ORIENTED_EDGE('',*,*,#868,.F.);
#868 = EDGE_CURVE('',#260,#843,#869,.T.);
#869 = SURFACE_CURVE('',#870,(#874,#880),.PCURVE_S1.);
#870 = LINE('',#871,#872);
#871 = CARTESIAN_POINT('',(1.202749249918,-13.74748683366,0.2));
#872 = VECTOR('',#873,1.);
#873 = DIRECTION('',(0.,0.,1.));
#874 = PCURVE('',#166,#875);
#875 = DEFINITIONAL_REPRESENTATION('',(#876),#879);
#876 = B_SPLINE_CURVE_WITH_KNOTS('',1,(#877,#878),.UNSPECIFIED.,.F.,.F.,
  (2,2),(-5.999999999895E-07,3.24),.PIECEWISE_BEZIER_KNOTS.);
#877 = CARTESIAN_POINT('',(4.799655442984,-5.999999999895E-07));
#878 = CARTESIAN_POINT('',(4.799655442984,3.24));
#879 = ( GEOMETRIC_REPRESENTATION_CONTEXT(2) 
PARAMETRIC_REPRESENTATION_CONTEXT() REPRESENTATION_CONTEXT('2D SPACE',''
  ) );
#880 = PCURVE('',#298,#881);
#881 = DEFINITIONAL_REPRESENTATION('',(#882),#885);
#882 = B_SPLINE_CURVE_WITH_KNOTS('',1,(#883,#884),.UNSPECIFIED.,.F.,.F.,
  (2,2),(-5.999999999895E-07,3.24),.PIECEWISE_BEZIER_KNOTS.);
#883 = CARTESIAN_POINT('',(2.85,-0.4999994));
#884 = CARTESIAN_POINT('',(2.85,-3.74));
#885 = ( GEOMETRIC_REPRESENTATION_CONTEXT(2) 
PARAMETRIC_REPRESENTATION_CONTEXT() REPRESENTATION_CONTEXT('2D SPACE',''
  ) );
#886 = ORIENTED_EDGE('',*,*,#259,.T.);
#887 = ADVANCED_FACE('',(#888),#456,.T.);
#888 = FACE_BOUND('',#889,.T.);
#889 = EDGE_LOOP('',(#890,#911,#912,#913));
#890 = ORIENTED_EDGE('',*,*,#891,.F.);
#891 = EDGE_CURVE('',#415,#892,#894,.T.);
#892 = VERTEX_POINT('',#893);
#893 = CARTESIAN_POINT('',(3.544155770536,14.214832389943,3.1));
#894 = SURFACE_CURVE('',#895,(#899,#905),.PCURVE_S1.);
#895 = LINE('',#896,#897);
#896 = CARTESIAN_POINT('',(3.544155770535,14.214832389943,-0.3));
#897 = VECTOR('',#898,1.);
#898 = DIRECTION('',(0.,0.,1.));
#899 = PCURVE('',#456,#900);
#900 = DEFINITIONAL_REPRESENTATION('',(#901),#904);
#901 = B_SPLINE_CURVE_WITH_KNOTS('',1,(#902,#903),.UNSPECIFIED.,.F.,.F.,
  (2,2),(-6.000000000173E-07,3.4000006),.PIECEWISE_BEZIER_KNOTS.);
#902 = CARTESIAN_POINT('',(14.65,6.000000000173E-07));
#903 = CARTESIAN_POINT('',(14.65,-3.4000006));
#904 = ( GEOMETRIC_REPRESENTATION_CONTEXT(2) 
PARAMETRIC_REPRESENTATION_CONTEXT() REPRESENTATION_CONTEXT('2D SPACE',''
  ) );
#905 = PCURVE('',#431,#906);
#906 = DEFINITIONAL_REPRESENTATION('',(#907),#910);
#907 = B_SPLINE_CURVE_WITH_KNOTS('',1,(#908,#909),.UNSPECIFIED.,.F.,.F.,
  (2,2),(-6.000000000173E-07,3.4000006),.PIECEWISE_BEZIER_KNOTS.);
#908 = CARTESIAN_POINT('',(1.326450231516,-6.000000000173E-07));
#909 = CARTESIAN_POINT('',(1.326450231516,3.4000006));
#910 = ( GEOMETRIC_REPRESENTATION_CONTEXT(2) 
PARAMETRIC_REPRESENTATION_CONTEXT() REPRESENTATION_CONTEXT('2D SPACE',''
  ) );
#911 = ORIENTED_EDGE('',*,*,#443,.T.);
#912 = ORIENTED_EDGE('',*,*,#696,.T.);
#913 = ORIENTED_EDGE('',*,*,#914,.T.);
#914 = EDGE_CURVE('',#697,#892,#915,.T.);
#915 = SURFACE_CURVE('',#916,(#920,#927),.PCURVE_S1.);
#916 = LINE('',#917,#918);
#917 = CARTESIAN_POINT('',(0.,0.,3.1));
#918 = VECTOR('',#919,1.);
#919 = DIRECTION('',(0.2419218956,0.970295726276,0.));
#920 = PCURVE('',#456,#921);
#921 = DEFINITIONAL_REPRESENTATION('',(#922),#926);
#922 = LINE('',#923,#924);
#923 = CARTESIAN_POINT('',(0.,-3.4));
#924 = VECTOR('',#925,1.);
#925 = DIRECTION('',(1.,0.));
#926 = ( GEOMETRIC_REPRESENTATION_CONTEXT(2) 
PARAMETRIC_REPRESENTATION_CONTEXT() REPRESENTATION_CONTEXT('2D SPACE',''
  ) );
#927 = PCURVE('',#734,#928);
#928 = DEFINITIONAL_REPRESENTATION('',(#929),#933);
#929 = LINE('',#930,#931);
#930 = CARTESIAN_POINT('',(4.333841548315,-9.086087757583));
#931 = VECTOR('',#932,1.);
#932 = DIRECTION('',(0.2419218956,0.970295726276));
#933 = ( GEOMETRIC_REPRESENTATION_CONTEXT(2) 
PARAMETRIC_REPRESENTATION_CONTEXT() REPRESENTATION_CONTEXT('2D SPACE',''
  ) );
#934 = ADVANCED_FACE('',(#935),#431,.F.);
#935 = FACE_BOUND('',#936,.F.);
#936 = EDGE_LOOP('',(#937,#961,#962,#963,#984,#1055,#1087,#1158,#1190));
#937 = ORIENTED_EDGE('',*,*,#938,.F.);
#938 = EDGE_CURVE('',#892,#939,#941,.T.);
#939 = VERTEX_POINT('',#940);
#940 = CARTESIAN_POINT('',(-13.27740908008,6.191357534501,3.1));
#941 = SURFACE_CURVE('',#942,(#947,#954),.PCURVE_S1.);
#942 = CIRCLE('',#943,14.65);
#943 = AXIS2_PLACEMENT_3D('',#944,#945,#946);
#944 = CARTESIAN_POINT('',(0.,0.,3.1));
#945 = DIRECTION('',(0.,0.,1.));
#946 = DIRECTION('',(1.,0.,-0.));
#947 = PCURVE('',#431,#948);
#948 = DEFINITIONAL_REPRESENTATION('',(#949),#953);
#949 = LINE('',#950,#951);
#950 = CARTESIAN_POINT('',(0.,3.4));
#951 = VECTOR('',#952,1.);
#952 = DIRECTION('',(1.,0.));
#953 = ( GEOMETRIC_REPRESENTATION_CONTEXT(2) 
PARAMETRIC_REPRESENTATION_CONTEXT() REPRESENTATION_CONTEXT('2D SPACE',''
  ) );
#954 = PCURVE('',#734,#955);
#955 = DEFINITIONAL_REPRESENTATION('',(#956),#960);
#956 = CIRCLE('',#957,14.65);
#957 = AXIS2_PLACEMENT_2D('',#958,#959);
#958 = CARTESIAN_POINT('',(4.333841548315,-9.086087757583));
#959 = DIRECTION('',(1.,0.));
#960 = ( GEOMETRIC_REPRESENTATION_CONTEXT(2) 
PARAMETRIC_REPRESENTATION_CONTEXT() REPRESENTATION_CONTEXT('2D SPACE',''
  ) );
#961 = ORIENTED_EDGE('',*,*,#891,.F.);
#962 = ORIENTED_EDGE('',*,*,#414,.T.);
#963 = ORIENTED_EDGE('',*,*,#964,.T.);
#964 = EDGE_CURVE('',#389,#965,#967,.T.);
#965 = VERTEX_POINT('',#966);
#966 = CARTESIAN_POINT('',(-13.27740908008,6.191357534501,1.218900173232
    ));
#967 = SURFACE_CURVE('',#968,(#972,#978),.PCURVE_S1.);
#968 = LINE('',#969,#970);
#969 = CARTESIAN_POINT('',(-13.27740908008,6.191357534501,-0.3));
#970 = VECTOR('',#971,1.);
#971 = DIRECTION('',(0.,0.,1.));
#972 = PCURVE('',#431,#973);
#973 = DEFINITIONAL_REPRESENTATION('',(#974),#977);
#974 = B_SPLINE_CURVE_WITH_KNOTS('',1,(#975,#976),.UNSPECIFIED.,.F.,.F.,
  (2,2),(-6.000000000173E-07,3.4000006),.PIECEWISE_BEZIER_KNOTS.);
#975 = CARTESIAN_POINT('',(2.705260340591,-6.000000000173E-07));
#976 = CARTESIAN_POINT('',(2.705260340591,3.4000006));
#977 = ( GEOMETRIC_REPRESENTATION_CONTEXT(2) 
PARAMETRIC_REPRESENTATION_CONTEXT() REPRESENTATION_CONTEXT('2D SPACE',''
  ) );
#978 = PCURVE('',#403,#979);
#979 = DEFINITIONAL_REPRESENTATION('',(#980),#983);
#980 = B_SPLINE_CURVE_WITH_KNOTS('',1,(#981,#982),.UNSPECIFIED.,.F.,.F.,
  (2,2),(-6.000000000173E-07,3.4000006),.PIECEWISE_BEZIER_KNOTS.);
#981 = CARTESIAN_POINT('',(2.,6.000000000173E-07));
#982 = CARTESIAN_POINT('',(2.,-3.4000006));
#983 = ( GEOMETRIC_REPRESENTATION_CONTEXT(2) 
PARAMETRIC_REPRESENTATION_CONTEXT() REPRESENTATION_CONTEXT('2D SPACE',''
  ) );
#984 = ORIENTED_EDGE('',*,*,#985,.F.);
#985 = EDGE_CURVE('',#986,#965,#988,.T.);
#986 = VERTEX_POINT('',#987);
#987 = CARTESIAN_POINT('',(-3.590898069285,14.203096530546,
    0.609161958376));
#988 = SURFACE_CURVE('',#989,(#1004,#1022),.PCURVE_S1.);
#989 = B_SPLINE_CURVE_WITH_KNOTS('',4,(#990,#991,#992,#993,#994,#995,
    #996,#997,#998,#999,#1000,#1001,#1002,#1003),.UNSPECIFIED.,.F.,.F.,(
    5,3,3,3,5),(0.,0.250927509293,0.500851003726,0.75077449359,1.),
  .UNSPECIFIED.);
#990 = CARTESIAN_POINT('',(-3.590898069285,14.203096530546,
    0.609161958376));
#991 = CARTESIAN_POINT('',(-4.381049155283,14.003326571717,0.64741191612
    ));
#992 = CARTESIAN_POINT('',(-5.156389947591,13.744943550422,
    0.685661995285));
#993 = CARTESIAN_POINT('',(-5.910364636542,13.429606719777,0.72391202486
    ));
#994 = CARTESIAN_POINT('',(-7.360615496984,12.692627046307,
    0.800258849309));
#995 = CARTESIAN_POINT('',(-8.057125043053,12.271407203779,
    0.838355890778));
#996 = CARTESIAN_POINT('',(-8.720516642811,11.799747085496,
    0.876452988196));
#997 = CARTESIAN_POINT('',(-9.970771169155,10.764068193181,
    0.952646926634));
#998 = CARTESIAN_POINT('',(-10.5576466128,10.20003905318,0.990744024168)
  );
#999 = CARTESIAN_POINT('',(-11.1011260105,9.5940837554,1.028841066246));
#1000 = CARTESIAN_POINT('',(-12.09173982436,8.310691571458,1.1049284478)
  );
#1001 = CARTESIAN_POINT('',(-12.53914891124,7.633446306336,
    1.142919030386));
#1002 = CARTESIAN_POINT('',(-12.93530583181,6.925000317943,
    1.180909659022));
#1003 = CARTESIAN_POINT('',(-13.27740908008,6.191357534501,
    1.218900173232));
#1004 = PCURVE('',#431,#1005);
#1005 = DEFINITIONAL_REPRESENTATION('',(#1006),#1021);
#1006 = B_SPLINE_CURVE_WITH_KNOTS('',4,(#1007,#1008,#1009,#1010,#1011,
    #1012,#1013,#1014,#1015,#1016,#1017,#1018,#1019,#1020),
  .UNSPECIFIED.,.F.,.F.,(5,3,3,3,5),(0.,0.250927509293,0.500851003726,
    0.75077449359,1.),.UNSPECIFIED.);
#1007 = CARTESIAN_POINT('',(1.818432053541,0.909161958376));
#1008 = CARTESIAN_POINT('',(1.874064364727,0.94741191612));
#1009 = CARTESIAN_POINT('',(1.929696863093,0.985661995285));
#1010 = CARTESIAN_POINT('',(1.985329362226,1.02391202486));
#1011 = CARTESIAN_POINT('',(2.096371388577,1.100258849309));
#1012 = CARTESIAN_POINT('',(2.151781286168,1.138355890778));
#1013 = CARTESIAN_POINT('',(2.207191182861,1.176452988196));
#1014 = CARTESIAN_POINT('',(2.318010608692,1.252646926634));
#1015 = CARTESIAN_POINT('',(2.37342050436,1.290744024168));
#1016 = CARTESIAN_POINT('',(2.428830400916,1.328841066246));
#1017 = CARTESIAN_POINT('',(2.53949508078,1.4049284478));
#1018 = CARTESIAN_POINT('',(2.594750228164,1.442919030386));
#1019 = CARTESIAN_POINT('',(2.650005374881,1.480909659022));
#1020 = CARTESIAN_POINT('',(2.705260340591,1.518900173232));
#1021 = ( GEOMETRIC_REPRESENTATION_CONTEXT(2) 
PARAMETRIC_REPRESENTATION_CONTEXT() REPRESENTATION_CONTEXT('2D SPACE',''
  ) );
#1022 = PCURVE('',#1023,#1038);
#1023 = B_SPLINE_SURFACE_WITH_KNOTS('',1,6,(
    (#1024,#1025,#1026,#1027,#1028,#1029,#1030)
    ,(#1031,#1032,#1033,#1034,#1035,#1036,#1037
  )),.UNSPECIFIED.,.F.,.F.,.F.,(2,2),(7,7),(0.,0.9),(0.,1.080210122553),
  .PIECEWISE_BEZIER_KNOTS.);
#1024 = CARTESIAN_POINT('',(-3.385283634859,13.378422077291,
    0.609161958376));
#1025 = CARTESIAN_POINT('',(-5.370012499158,12.876205128366,
    0.711161963956));
#1026 = CARTESIAN_POINT('',(-7.265334938552,12.02065968281,
    0.813161942742));
#1027 = CARTESIAN_POINT('',(-8.992648919632,10.831663230811,
    0.91516195895));
#1028 = CARTESIAN_POINT('',(-10.47909253257,9.352538088363,
    1.017161975594));
#1029 = CARTESIAN_POINT('',(-11.66868023466,7.646933694986,
    1.119161954189));
#1030 = CARTESIAN_POINT('',(-12.52741470605,5.788454306824,
    1.221161959792));
#1031 = CARTESIAN_POINT('',(-3.603013340899,14.25168823094,
    0.609161958376));
#1032 = CARTESIAN_POINT('',(-5.717293849406,13.717170429299,
    0.711161952773));
#1033 = CARTESIAN_POINT('',(-7.736417597879,12.80626088798,
    0.813161974178));
#1034 = CARTESIAN_POINT('',(-9.57665193987,11.540115544933,
    0.915161957533));
#1035 = CARTESIAN_POINT('',(-11.16037322204,9.964865409031,
    1.017161941326));
#1036 = CARTESIAN_POINT('',(-12.42793022892,8.148298252795,1.11916196254
    ));
#1037 = CARTESIAN_POINT('',(-13.34309171444,6.168810742267,1.22116195696
    ));
#1038 = DEFINITIONAL_REPRESENTATION('',(#1039),#1054);
#1039 = B_SPLINE_CURVE_WITH_KNOTS('',4,(#1040,#1041,#1042,#1043,#1044,
    #1045,#1046,#1047,#1048,#1049,#1050,#1051,#1052,#1053),
  .UNSPECIFIED.,.F.,.F.,(5,3,3,3,5),(0.,0.250927509293,0.500851003726,
    0.75077449359,1.),.UNSPECIFIED.);
#1040 = CARTESIAN_POINT('',(0.849920731301,0.));
#1041 = CARTESIAN_POINT('',(0.849920736003,6.751306137174E-02));
#1042 = CARTESIAN_POINT('',(0.849920872069,0.135026330516));
#1043 = CARTESIAN_POINT('',(0.849921142226,0.202539513085));
#1044 = CARTESIAN_POINT('',(0.849921157827,0.337295414107));
#1045 = CARTESIAN_POINT('',(0.849920953798,0.404538567957));
#1046 = CARTESIAN_POINT('',(0.84992076867,0.471781822422));
#1047 = CARTESIAN_POINT('',(0.849920770715,0.606267878656));
#1048 = CARTESIAN_POINT('',(0.849920957712,0.673511133338));
#1049 = CARTESIAN_POINT('',(0.849921167067,0.740754288292));
#1050 = CARTESIAN_POINT('',(0.849921155504,0.875052259894));
#1051 = CARTESIAN_POINT('',(0.849920893312,0.942107505803));
#1052 = CARTESIAN_POINT('',(0.849920730577,1.009162832041));
#1053 = CARTESIAN_POINT('',(0.849920734199,1.076217962485));
#1054 = ( GEOMETRIC_REPRESENTATION_CONTEXT(2) 
PARAMETRIC_REPRESENTATION_CONTEXT() REPRESENTATION_CONTEXT('2D SPACE',''
  ) );
#1055 = ORIENTED_EDGE('',*,*,#1056,.T.);
#1056 = EDGE_CURVE('',#986,#1057,#1059,.T.);
#1057 = VERTEX_POINT('',#1058);
#1058 = CARTESIAN_POINT('',(-3.524648348074,14.219681924094,
    2.024612672971));
#1059 = SURFACE_CURVE('',#1060,(#1065,#1075),.PCURVE_S1.);
#1060 = ELLIPSE('',#1061,303.98596734882,14.65);
#1061 = AXIS2_PLACEMENT_3D('',#1062,#1063,#1064);
#1062 = CARTESIAN_POINT('',(0.,0.,1.608000000002));
#1063 = DIRECTION('',(0.96916828303,0.241640792427,-4.819301406499E-02)
  );
#1064 = DIRECTION('',(4.676147558361E-02,1.165894531726E-02,
    0.998838041624));
#1065 = PCURVE('',#431,#1066);
#1066 = DEFINITIONAL_REPRESENTATION('',(#1067),#1074);
#1067 = B_SPLINE_CURVE_WITH_KNOTS('',5,(#1068,#1069,#1070,#1071,#1072,
    #1073),.UNSPECIFIED.,.F.,.F.,(6,6),(4.708613566407,4.714442930523),
  .PIECEWISE_BEZIER_KNOTS.);
#1068 = CARTESIAN_POINT('',(1.818917836052,0.761663401233));
#1069 = CARTESIAN_POINT('',(1.817751963229,1.11565804784));
#1070 = CARTESIAN_POINT('',(1.816586090405,1.469654642158));
#1071 = CARTESIAN_POINT('',(1.815420217582,1.823652181748));
#1072 = CARTESIAN_POINT('',(1.814254344759,2.177649664161));
#1073 = CARTESIAN_POINT('',(1.813088471936,2.531646086954));
#1074 = ( GEOMETRIC_REPRESENTATION_CONTEXT(2) 
PARAMETRIC_REPRESENTATION_CONTEXT() REPRESENTATION_CONTEXT('2D SPACE',''
  ) );
#1075 = PCURVE('',#1076,#1081);
#1076 = PLANE('',#1077);
#1077 = AXIS2_PLACEMENT_3D('',#1078,#1079,#1080);
#1078 = CARTESIAN_POINT('',(-3.47893587837,13.880718935631,
    1.244329262827));
#1079 = DIRECTION('',(0.96916828303,0.241640792427,-4.819301406499E-02)
  );
#1080 = DIRECTION('',(-4.676147558361E-02,-1.165894531726E-02,
    -0.998838041624));
#1081 = DEFINITIONAL_REPRESENTATION('',(#1082),#1086);
#1082 = ELLIPSE('',#1083,303.98596734882,14.65);
#1083 = AXIS2_PLACEMENT_2D('',#1084,#1085);
#1084 = CARTESIAN_POINT('',(-0.364093799015,-14.31003302324));
#1085 = DIRECTION('',(-1.,-3.734258968758E-16));
#1086 = ( GEOMETRIC_REPRESENTATION_CONTEXT(2) 
PARAMETRIC_REPRESENTATION_CONTEXT() REPRESENTATION_CONTEXT('2D SPACE',''
  ) );
#1087 = ORIENTED_EDGE('',*,*,#1088,.T.);
#1088 = EDGE_CURVE('',#1057,#1089,#1091,.T.);
#1089 = VERTEX_POINT('',#1090);
#1090 = CARTESIAN_POINT('',(-13.26890145729,6.20956955969,2.636612670148
    ));
#1091 = SURFACE_CURVE('',#1092,(#1107,#1125),.PCURVE_S1.);
#1092 = B_SPLINE_CURVE_WITH_KNOTS('',4,(#1093,#1094,#1095,#1096,#1097,
    #1098,#1099,#1100,#1101,#1102,#1103,#1104,#1105,#1106),
  .UNSPECIFIED.,.F.,.F.,(5,3,3,3,5),(0.,0.251000152193,0.500999992321,
    0.747615433518,1.),.UNSPECIFIED.);
#1093 = CARTESIAN_POINT('',(-3.524648348074,14.219681924094,
    2.024612672971));
#1094 = CARTESIAN_POINT('',(-4.318886397674,14.022813256817,
    2.063015627459));
#1095 = CARTESIAN_POINT('',(-5.098471103678,13.766792706181,
    2.10141888006));
#1096 = CARTESIAN_POINT('',(-5.856759643534,13.453268667386,
    2.139822236606));
#1097 = CARTESIAN_POINT('',(-7.31560346005,12.718832144392,2.21647507589
    ));
#1098 = CARTESIAN_POINT('',(-8.016391677532,12.298345121825,
    2.254724870293));
#1099 = CARTESIAN_POINT('',(-8.683963093851,11.82689858144,
    2.292974746916));
#1100 = CARTESIAN_POINT('',(-9.933712789245,10.797695701022,
    2.368956870937));
#1101 = CARTESIAN_POINT('',(-10.51693696415,10.241184156338,
    2.406689364134));
#1102 = CARTESIAN_POINT('',(-11.05775966549,9.643382883727,
    2.444421828935));
#1103 = CARTESIAN_POINT('',(-12.05818269897,8.360604517125,
    2.520768646654));
#1104 = CARTESIAN_POINT('',(-12.51559732269,7.673901957843,
    2.559383172553));
#1105 = CARTESIAN_POINT('',(-12.9201539501,6.954789701258,2.597997900709
    ));
#1106 = CARTESIAN_POINT('',(-13.26890145729,6.20956955969,2.636612670148
    ));
#1107 = PCURVE('',#431,#1108);
#1108 = DEFINITIONAL_REPRESENTATION('',(#1109),#1124);
#1109 = B_SPLINE_CURVE_WITH_KNOTS('',4,(#1110,#1111,#1112,#1113,#1114,
    #1115,#1116,#1117,#1118,#1119,#1120,#1121,#1122,#1123),
  .UNSPECIFIED.,.F.,.F.,(5,3,3,3,5),(0.,0.251000152193,0.500999992321,
    0.747615433518,1.),.UNSPECIFIED.);
#1110 = CARTESIAN_POINT('',(1.813770327641,2.324612672971));
#1111 = CARTESIAN_POINT('',(1.869625166999,2.363015627459));
#1112 = CARTESIAN_POINT('',(1.925480196168,2.40141888006));
#1113 = CARTESIAN_POINT('',(1.981335225184,2.439822236606));
#1114 = CARTESIAN_POINT('',(2.09282230597,2.51647507589));
#1115 = CARTESIAN_POINT('',(2.148454735251,2.554724870293));
#1116 = CARTESIAN_POINT('',(2.204087163477,2.592974746916));
#1117 = CARTESIAN_POINT('',(2.314598515872,2.668956870937));
#1118 = CARTESIAN_POINT('',(2.3694778017,2.706689364134));
#1119 = CARTESIAN_POINT('',(2.424357088289,2.744421828935));
#1120 = CARTESIAN_POINT('',(2.535399114356,2.820768646654));
#1121 = CARTESIAN_POINT('',(2.591562225224,2.859383172553));
#1122 = CARTESIAN_POINT('',(2.647725334417,2.897997900709));
#1123 = CARTESIAN_POINT('',(2.703888246167,2.936612670148));
#1124 = ( GEOMETRIC_REPRESENTATION_CONTEXT(2) 
PARAMETRIC_REPRESENTATION_CONTEXT() REPRESENTATION_CONTEXT('2D SPACE',''
  ) );
#1125 = PCURVE('',#1126,#1141);
#1126 = B_SPLINE_SURFACE_WITH_KNOTS('',1,6,(
    (#1127,#1128,#1129,#1130,#1131,#1132,#1133)
    ,(#1134,#1135,#1136,#1137,#1138,#1139,#1140
  )),.UNSPECIFIED.,.F.,.F.,.F.,(2,2),(7,7),(0.,0.622289530744),(0.,
    1.080210122553),.PIECEWISE_BEZIER_KNOTS.);
#1127 = CARTESIAN_POINT('',(-3.533960602706,14.268905012244,
    2.08414752981));
#1128 = CARTESIAN_POINT('',(-5.650795276951,13.744631408422,
    2.186147524224));
#1129 = CARTESIAN_POINT('',(-7.674296878234,12.843511275864,
    2.288147545488));
#1130 = CARTESIAN_POINT('',(-9.520631680112,11.58629508647,
    2.390147529166));
#1131 = CARTESIAN_POINT('',(-11.11195404012,10.018737090165,
    2.492147512636));
#1132 = CARTESIAN_POINT('',(-12.38828526345,8.208335259931,
    2.594147533991));
#1133 = CARTESIAN_POINT('',(-13.31301537451,6.23330967239,2.696147528394
    ));
#1134 = CARTESIAN_POINT('',(-3.459483107075,13.875228885747,1.608));
#1135 = CARTESIAN_POINT('',(-5.517914749662,13.362004235311,
    1.709999999379));
#1136 = CARTESIAN_POINT('',(-7.48498031017,12.482330199132,
    1.812000001746));
#1137 = CARTESIAN_POINT('',(-9.279158964758,11.256519940645,
    1.913999999921));
#1138 = CARTESIAN_POINT('',(-10.82479306284,9.729201025282,
    2.015999998096));
#1139 = CARTESIAN_POINT('',(-12.06363881277,7.966125718566,
    2.118000000464));
#1140 = CARTESIAN_POINT('',(-12.96020135462,6.043441142885,
    2.219999999843));
#1141 = DEFINITIONAL_REPRESENTATION('',(#1142),#1157);
#1142 = B_SPLINE_CURVE_WITH_KNOTS('',4,(#1143,#1144,#1145,#1146,#1147,
    #1148,#1149,#1150,#1151,#1152,#1153,#1154,#1155,#1156),
  .UNSPECIFIED.,.F.,.F.,(5,3,3,3,5),(0.,0.251000152193,0.500999992321,
    0.747615433518,1.),.UNSPECIFIED.);
#1143 = CARTESIAN_POINT('',(7.780764533278E-02,0.));
#1144 = CARTESIAN_POINT('',(7.780764839575E-02,6.778311229585E-02));
#1145 = CARTESIAN_POINT('',(7.780742315224E-02,0.135566435885));
#1146 = CARTESIAN_POINT('',(7.780699653404E-02,0.20334967194));
#1147 = CARTESIAN_POINT('',(7.78069737143E-02,0.338645673405));
#1148 = CARTESIAN_POINT('',(7.780729894081E-02,0.406158882951));
#1149 = CARTESIAN_POINT('',(7.78075900821E-02,0.473672193455));
#1150 = CARTESIAN_POINT('',(7.780758800713E-02,0.607784384003));
#1151 = CARTESIAN_POINT('',(7.780730435275E-02,0.674383710959));
#1152 = CARTESIAN_POINT('',(7.780698690675E-02,0.740982940352));
#1153 = CARTESIAN_POINT('',(7.780699737869E-02,0.875738843716));
#1154 = CARTESIAN_POINT('',(7.78074204021E-02,0.943895951538));
#1155 = CARTESIAN_POINT('',(7.780764429686E-02,1.012053146397));
#1156 = CARTESIAN_POINT('',(7.78076473768E-02,1.080210122553));
#1157 = ( GEOMETRIC_REPRESENTATION_CONTEXT(2) 
PARAMETRIC_REPRESENTATION_CONTEXT() REPRESENTATION_CONTEXT('2D SPACE',''
  ) );
#1158 = ORIENTED_EDGE('',*,*,#1159,.F.);
#1159 = EDGE_CURVE('',#1160,#1089,#1162,.T.);
#1160 = VERTEX_POINT('',#1161);
#1161 = CARTESIAN_POINT('',(-13.27740908008,6.191357534501,2.22));
#1162 = SURFACE_CURVE('',#1163,(#1168,#1178),.PCURVE_S1.);
#1163 = ELLIPSE('',#1164,303.98596734883,14.65);
#1164 = AXIS2_PLACEMENT_3D('',#1165,#1166,#1167);
#1165 = CARTESIAN_POINT('',(0.,0.,2.220000000006));
#1166 = DIRECTION('',(0.422127196912,0.905254695112,-4.819301406498E-02)
  );
#1167 = DIRECTION('',(2.036724783219E-02,4.367770392786E-02,
    0.998838041624));
#1168 = PCURVE('',#431,#1169);
#1169 = DEFINITIONAL_REPRESENTATION('',(#1170),#1177);
#1170 = B_SPLINE_CURVE_WITH_KNOTS('',5,(#1171,#1172,#1173,#1174,#1175,
    #1176),.UNSPECIFIED.,.F.,.F.,(6,6),(4.712388980385,4.714442930519),
  .PIECEWISE_BEZIER_KNOTS.);
#1171 = CARTESIAN_POINT('',(2.705260340591,2.52));
#1172 = CARTESIAN_POINT('',(2.704849550564,2.644729304807));
#1173 = CARTESIAN_POINT('',(2.704438760538,2.769458609614));
#1174 = CARTESIAN_POINT('',(2.704027970511,2.894187870571));
#1175 = CARTESIAN_POINT('',(2.703617180484,3.018917043829));
#1176 = CARTESIAN_POINT('',(2.703206390457,3.143646085537));
#1177 = ( GEOMETRIC_REPRESENTATION_CONTEXT(2) 
PARAMETRIC_REPRESENTATION_CONTEXT() REPRESENTATION_CONTEXT('2D SPACE',''
  ) );
#1178 = PCURVE('',#1179,#1184);
#1179 = PLANE('',#1180);
#1180 = AXIS2_PLACEMENT_3D('',#1181,#1182,#1183);
#1181 = CARTESIAN_POINT('',(-12.97670994932,6.031778500088,
    1.856329262638));
#1182 = DIRECTION('',(0.422127196912,0.905254695112,-4.819301406498E-02)
  );
#1183 = DIRECTION('',(-0.906307787037,0.422618261741,-9.358329086079E-20
    ));
#1184 = DEFINITIONAL_REPRESENTATION('',(#1185),#1189);
#1185 = ELLIPSE('',#1186,303.98596734883,14.65);
#1186 = AXIS2_PLACEMENT_2D('',#1187,#1188);
#1187 = CARTESIAN_POINT('',(-14.31003302209,0.364093799208));
#1188 = DIRECTION('',(7.629512076096E-18,1.));
#1189 = ( GEOMETRIC_REPRESENTATION_CONTEXT(2) 
PARAMETRIC_REPRESENTATION_CONTEXT() REPRESENTATION_CONTEXT('2D SPACE',''
  ) );
#1190 = ORIENTED_EDGE('',*,*,#1191,.T.);
#1191 = EDGE_CURVE('',#1160,#939,#1192,.T.);
#1192 = SURFACE_CURVE('',#1193,(#1197,#1203),.PCURVE_S1.);
#1193 = LINE('',#1194,#1195);
#1194 = CARTESIAN_POINT('',(-13.27740908008,6.191357534501,-0.3));
#1195 = VECTOR('',#1196,1.);
#1196 = DIRECTION('',(0.,0.,1.));
#1197 = PCURVE('',#431,#1198);
#1198 = DEFINITIONAL_REPRESENTATION('',(#1199),#1202);
#1199 = B_SPLINE_CURVE_WITH_KNOTS('',1,(#1200,#1201),.UNSPECIFIED.,.F.,
  .F.,(2,2),(-6.000000000173E-07,3.4000006),.PIECEWISE_BEZIER_KNOTS.);
#1200 = CARTESIAN_POINT('',(2.705260340591,-6.000000000173E-07));
#1201 = CARTESIAN_POINT('',(2.705260340591,3.4000006));
#1202 = ( GEOMETRIC_REPRESENTATION_CONTEXT(2) 
PARAMETRIC_REPRESENTATION_CONTEXT() REPRESENTATION_CONTEXT('2D SPACE',''
  ) );
#1203 = PCURVE('',#761,#1204);
#1204 = DEFINITIONAL_REPRESENTATION('',(#1205),#1208);
#1205 = B_SPLINE_CURVE_WITH_KNOTS('',1,(#1206,#1207),.UNSPECIFIED.,.F.,
  .F.,(2,2),(-6.000000000173E-07,3.4000006),.PIECEWISE_BEZIER_KNOTS.);
#1206 = CARTESIAN_POINT('',(2.,6.000000000173E-07));
#1207 = CARTESIAN_POINT('',(2.,-3.4000006));
#1208 = ( GEOMETRIC_REPRESENTATION_CONTEXT(2) 
PARAMETRIC_REPRESENTATION_CONTEXT() REPRESENTATION_CONTEXT('2D SPACE',''
  ) );
#1209 = ADVANCED_FACE('',(#1210),#403,.T.);
#1210 = FACE_BOUND('',#1211,.T.);
#1211 = EDGE_LOOP('',(#1212,#1213,#1214,#1215,#1244));
#1212 = ORIENTED_EDGE('',*,*,#772,.F.);
#1213 = ORIENTED_EDGE('',*,*,#388,.T.);
#1214 = ORIENTED_EDGE('',*,*,#964,.T.);
#1215 = ORIENTED_EDGE('',*,*,#1216,.T.);
#1216 = EDGE_CURVE('',#965,#1217,#1219,.T.);
#1217 = VERTEX_POINT('',#1218);
#1218 = CARTESIAN_POINT('',(-12.50712372493,5.832167574428,
    1.218760876989));
#1219 = SURFACE_CURVE('',#1220,(#1226,#1235),.PCURVE_S1.);
#1220 = B_SPLINE_CURVE_WITH_KNOTS('',4,(#1221,#1222,#1223,#1224,#1225),
  .UNSPECIFIED.,.F.,.F.,(5,5),(0.,1.),.PIECEWISE_BEZIER_KNOTS.);
#1221 = CARTESIAN_POINT('',(-13.27740908008,6.191357534501,
    1.218900173232));
#1222 = CARTESIAN_POINT('',(-13.0848377086,6.101560029238,1.218867369524
    ));
#1223 = CARTESIAN_POINT('',(-12.89226635764,6.011762533543,
    1.218833296911));
#1224 = CARTESIAN_POINT('',(-12.69969502898,5.921965048251,
    1.218797845832));
#1225 = CARTESIAN_POINT('',(-12.50712372493,5.832167574428,
    1.218760876989));
#1226 = PCURVE('',#403,#1227);
#1227 = DEFINITIONAL_REPRESENTATION('',(#1228),#1234);
#1228 = B_SPLINE_CURVE_WITH_KNOTS('',4,(#1229,#1230,#1231,#1232,#1233),
  .UNSPECIFIED.,.F.,.F.,(5,5),(0.,1.),.PIECEWISE_BEZIER_KNOTS.);
#1229 = CARTESIAN_POINT('',(2.,-1.518900173232));
#1230 = CARTESIAN_POINT('',(2.212478999117,-1.518867369524));
#1231 = CARTESIAN_POINT('',(2.424957975594,-1.518833296911));
#1232 = CARTESIAN_POINT('',(2.637436927455,-1.518797845832));
#1233 = CARTESIAN_POINT('',(2.849915852177,-1.518760876989));
#1234 = ( GEOMETRIC_REPRESENTATION_CONTEXT(2) 
PARAMETRIC_REPRESENTATION_CONTEXT() REPRESENTATION_CONTEXT('2D SPACE',''
  ) );
#1235 = PCURVE('',#1023,#1236);
#1236 = DEFINITIONAL_REPRESENTATION('',(#1237),#1243);
#1237 = B_SPLINE_CURVE_WITH_KNOTS('',4,(#1238,#1239,#1240,#1241,#1242),
  .UNSPECIFIED.,.F.,.F.,(5,5),(0.,1.),.PIECEWISE_BEZIER_KNOTS.);
#1238 = CARTESIAN_POINT('',(0.849920734198,1.076217962481));
#1239 = CARTESIAN_POINT('',(0.637440585384,1.076160061238));
#1240 = CARTESIAN_POINT('',(0.424960414737,1.076099920326));
#1241 = CARTESIAN_POINT('',(0.212480220395,1.076037346346));
#1242 = CARTESIAN_POINT('',(0.,1.075972093447));
#1243 = ( GEOMETRIC_REPRESENTATION_CONTEXT(2) 
PARAMETRIC_REPRESENTATION_CONTEXT() REPRESENTATION_CONTEXT('2D SPACE',''
  ) );
#1244 = ORIENTED_EDGE('',*,*,#1245,.T.);
#1245 = EDGE_CURVE('',#1217,#747,#1246,.T.);
#1246 = SURFACE_CURVE('',#1247,(#1253,#1262),.PCURVE_S1.);
#1247 = B_SPLINE_CURVE_WITH_KNOTS('',4,(#1248,#1249,#1250,#1251,#1252),
  .UNSPECIFIED.,.F.,.F.,(5,5),(0.,1.),.PIECEWISE_BEZIER_KNOTS.);
#1248 = CARTESIAN_POINT('',(-12.50712372493,5.832167574428,
    1.218760876989));
#1249 = CARTESIAN_POINT('',(-12.50708559242,5.832149792949,
    1.469070654496));
#1250 = CARTESIAN_POINT('',(-12.50706017083,5.832137938666,
    1.719380435605));
#1251 = CARTESIAN_POINT('',(-12.50704746039,5.832132011689,
    1.969690218508));
#1252 = CARTESIAN_POINT('',(-12.5070474611,5.832132012022,2.220000001416
    ));
#1253 = PCURVE('',#403,#1254);
#1254 = DEFINITIONAL_REPRESENTATION('',(#1255),#1261);
#1255 = B_SPLINE_CURVE_WITH_KNOTS('',4,(#1256,#1257,#1258,#1259,#1260),
  .UNSPECIFIED.,.F.,.F.,(5,5),(0.,1.),.PIECEWISE_BEZIER_KNOTS.);
#1256 = CARTESIAN_POINT('',(2.849915852177,-1.518760876989));
#1257 = CARTESIAN_POINT('',(2.849957926741,-1.769070654496));
#1258 = CARTESIAN_POINT('',(2.849985976366,-2.019380435605));
#1259 = CARTESIAN_POINT('',(2.850000000788,-2.269690218508));
#1260 = CARTESIAN_POINT('',(2.85,-2.520000001416));
#1261 = ( GEOMETRIC_REPRESENTATION_CONTEXT(2) 
PARAMETRIC_REPRESENTATION_CONTEXT() REPRESENTATION_CONTEXT('2D SPACE',''
  ) );
#1262 = PCURVE('',#1263,#1278);
#1263 = B_SPLINE_SURFACE_WITH_KNOTS('',1,6,(
    (#1264,#1265,#1266,#1267,#1268,#1269,#1270)
    ,(#1271,#1272,#1273,#1274,#1275,#1276,#1277
  )),.UNSPECIFIED.,.F.,.F.,.F.,(2,2),(7,7),(0.,1.),(0.,1.080210122553),
  .PIECEWISE_BEZIER_KNOTS.);
#1264 = CARTESIAN_POINT('',(-3.338522159275,13.390081022609,1.608));
#1265 = CARTESIAN_POINT('',(-5.324980666191,12.894801290349,
    1.710000005592));
#1266 = CARTESIAN_POINT('',(-7.223267721655,12.045885085149,
    1.811999984282));
#1267 = CARTESIAN_POINT('',(-8.954712842404,10.862935321688,
    1.914000000708));
#1268 = CARTESIAN_POINT('',(-10.44630379091,9.389019180466,
    2.016000017134));
#1269 = CARTESIAN_POINT('',(-11.6418332604,7.687589853116,2.117999995825
    ));
#1270 = CARTESIAN_POINT('',(-12.50704746107,5.832132012084,
    2.220000001416));
#1271 = CARTESIAN_POINT('',(-3.385283634859,13.378422077291,
    0.609161958376));
#1272 = CARTESIAN_POINT('',(-5.370012499158,12.876205128366,
    0.711161963956));
#1273 = CARTESIAN_POINT('',(-7.265334938552,12.02065968281,
    0.813161942742));
#1274 = CARTESIAN_POINT('',(-8.992648919632,10.831663230811,
    0.91516195895));
#1275 = CARTESIAN_POINT('',(-10.47909253257,9.352538088363,
    1.017161975594));
#1276 = CARTESIAN_POINT('',(-11.66868023466,7.646933694986,
    1.119161954189));
#1277 = CARTESIAN_POINT('',(-12.52741470605,5.788454306824,
    1.221161959792));
#1278 = DEFINITIONAL_REPRESENTATION('',(#1279),#1285);
#1279 = B_SPLINE_CURVE_WITH_KNOTS('',4,(#1280,#1281,#1282,#1283,#1284),
  .UNSPECIFIED.,.F.,.F.,(5,5),(0.,1.),.PIECEWISE_BEZIER_KNOTS.);
#1280 = CARTESIAN_POINT('',(1.,1.075972093447));
#1281 = CARTESIAN_POINT('',(0.74999999872,1.077031592114));
#1282 = CARTESIAN_POINT('',(0.499999998722,1.0780910994));
#1283 = CARTESIAN_POINT('',(0.249999999359,1.079150610969));
#1284 = CARTESIAN_POINT('',(0.,1.080210122553));
#1285 = ( GEOMETRIC_REPRESENTATION_CONTEXT(2) 
PARAMETRIC_REPRESENTATION_CONTEXT() REPRESENTATION_CONTEXT('2D SPACE',''
  ) );
#1286 = ADVANCED_FACE('',(#1287),#353,.T.);
#1287 = FACE_BOUND('',#1288,.T.);
#1288 = EDGE_LOOP('',(#1289,#1310,#1311,#1312));
#1289 = ORIENTED_EDGE('',*,*,#1290,.F.);
#1290 = EDGE_CURVE('',#310,#1291,#1293,.T.);
#1291 = VERTEX_POINT('',#1292);
#1292 = CARTESIAN_POINT('',(-14.08248384549,-4.038087262719,3.1));
#1293 = SURFACE_CURVE('',#1294,(#1298,#1304),.PCURVE_S1.);
#1294 = LINE('',#1295,#1296);
#1295 = CARTESIAN_POINT('',(-14.08248384549,-4.038087262719,-0.3));
#1296 = VECTOR('',#1297,1.);
#1297 = DIRECTION('',(0.,0.,1.));
#1298 = PCURVE('',#353,#1299);
#1299 = DEFINITIONAL_REPRESENTATION('',(#1300),#1303);
#1300 = B_SPLINE_CURVE_WITH_KNOTS('',1,(#1301,#1302),.UNSPECIFIED.,.F.,
  .F.,(2,2),(-6.000000000173E-07,3.4000006),.PIECEWISE_BEZIER_KNOTS.);
#1301 = CARTESIAN_POINT('',(14.65,6.000000000173E-07));
#1302 = CARTESIAN_POINT('',(14.65,-3.4000006));
#1303 = ( GEOMETRIC_REPRESENTATION_CONTEXT(2) 
PARAMETRIC_REPRESENTATION_CONTEXT() REPRESENTATION_CONTEXT('2D SPACE',''
  ) );
#1304 = PCURVE('',#326,#1305);
#1305 = DEFINITIONAL_REPRESENTATION('',(#1306),#1309);
#1306 = B_SPLINE_CURVE_WITH_KNOTS('',1,(#1307,#1308),.UNSPECIFIED.,.F.,
  .F.,(2,2),(-6.000000000173E-07,3.4000006),.PIECEWISE_BEZIER_KNOTS.);
#1307 = CARTESIAN_POINT('',(3.420845333909,-6.000000000173E-07));
#1308 = CARTESIAN_POINT('',(3.420845333909,3.4000006));
#1309 = ( GEOMETRIC_REPRESENTATION_CONTEXT(2) 
PARAMETRIC_REPRESENTATION_CONTEXT() REPRESENTATION_CONTEXT('2D SPACE',''
  ) );
#1310 = ORIENTED_EDGE('',*,*,#338,.T.);
#1311 = ORIENTED_EDGE('',*,*,#792,.T.);
#1312 = ORIENTED_EDGE('',*,*,#1313,.T.);
#1313 = EDGE_CURVE('',#793,#1291,#1314,.T.);
#1314 = SURFACE_CURVE('',#1315,(#1319,#1326),.PCURVE_S1.);
#1315 = LINE('',#1316,#1317);
#1316 = CARTESIAN_POINT('',(0.,0.,3.1));
#1317 = VECTOR('',#1318,1.);
#1318 = DIRECTION('',(-0.961261695938,-0.275637355817,0.));
#1319 = PCURVE('',#353,#1320);
#1320 = DEFINITIONAL_REPRESENTATION('',(#1321),#1325);
#1321 = LINE('',#1322,#1323);
#1322 = CARTESIAN_POINT('',(0.,-3.4));
#1323 = VECTOR('',#1324,1.);
#1324 = DIRECTION('',(1.,0.));
#1325 = ( GEOMETRIC_REPRESENTATION_CONTEXT(2) 
PARAMETRIC_REPRESENTATION_CONTEXT() REPRESENTATION_CONTEXT('2D SPACE',''
  ) );
#1326 = PCURVE('',#830,#1327);
#1327 = DEFINITIONAL_REPRESENTATION('',(#1328),#1332);
#1328 = LINE('',#1329,#1330);
#1329 = CARTESIAN_POINT('',(5.701862044924,8.296260755609));
#1330 = VECTOR('',#1331,1.);
#1331 = DIRECTION('',(-0.961261695938,-0.275637355817));
#1332 = ( GEOMETRIC_REPRESENTATION_CONTEXT(2) 
PARAMETRIC_REPRESENTATION_CONTEXT() REPRESENTATION_CONTEXT('2D SPACE',''
  ) );
#1333 = ADVANCED_FACE('',(#1334),#326,.F.);
#1334 = FACE_BOUND('',#1335,.F.);
#1335 = EDGE_LOOP('',(#1336,#1360,#1361,#1362,#1383,#1454,#1486,#1557,
    #1589));
#1336 = ORIENTED_EDGE('',*,*,#1337,.F.);
#1337 = EDGE_CURVE('',#1291,#1338,#1340,.T.);
#1338 = VERTEX_POINT('',#1339);
#1339 = CARTESIAN_POINT('',(1.276831631253,-14.59425232704,3.1));
#1340 = SURFACE_CURVE('',#1341,(#1346,#1353),.PCURVE_S1.);
#1341 = CIRCLE('',#1342,14.65);
#1342 = AXIS2_PLACEMENT_3D('',#1343,#1344,#1345);
#1343 = CARTESIAN_POINT('',(0.,0.,3.1));
#1344 = DIRECTION('',(0.,0.,1.));
#1345 = DIRECTION('',(1.,0.,-0.));
#1346 = PCURVE('',#326,#1347);
#1347 = DEFINITIONAL_REPRESENTATION('',(#1348),#1352);
#1348 = LINE('',#1349,#1350);
#1349 = CARTESIAN_POINT('',(0.,3.4));
#1350 = VECTOR('',#1351,1.);
#1351 = DIRECTION('',(1.,0.));
#1352 = ( GEOMETRIC_REPRESENTATION_CONTEXT(2) 
PARAMETRIC_REPRESENTATION_CONTEXT() REPRESENTATION_CONTEXT('2D SPACE',''
  ) );
#1353 = PCURVE('',#830,#1354);
#1354 = DEFINITIONAL_REPRESENTATION('',(#1355),#1359);
#1355 = CIRCLE('',#1356,14.65);
#1356 = AXIS2_PLACEMENT_2D('',#1357,#1358);
#1357 = CARTESIAN_POINT('',(5.701862044924,8.296260755609));
#1358 = DIRECTION('',(1.,0.));
#1359 = ( GEOMETRIC_REPRESENTATION_CONTEXT(2) 
PARAMETRIC_REPRESENTATION_CONTEXT() REPRESENTATION_CONTEXT('2D SPACE',''
  ) );
#1360 = ORIENTED_EDGE('',*,*,#1290,.F.);
#1361 = ORIENTED_EDGE('',*,*,#309,.T.);
#1362 = ORIENTED_EDGE('',*,*,#1363,.T.);
#1363 = EDGE_CURVE('',#284,#1364,#1366,.T.);
#1364 = VERTEX_POINT('',#1365);
#1365 = CARTESIAN_POINT('',(1.276831631253,-14.59425232704,
    1.218900173232));
#1366 = SURFACE_CURVE('',#1367,(#1371,#1377),.PCURVE_S1.);
#1367 = LINE('',#1368,#1369);
#1368 = CARTESIAN_POINT('',(1.276831631253,-14.59425232704,-0.3));
#1369 = VECTOR('',#1370,1.);
#1370 = DIRECTION('',(0.,0.,1.));
#1371 = PCURVE('',#326,#1372);
#1372 = DEFINITIONAL_REPRESENTATION('',(#1373),#1376);
#1373 = B_SPLINE_CURVE_WITH_KNOTS('',1,(#1374,#1375),.UNSPECIFIED.,.F.,
  .F.,(2,2),(-6.000000000173E-07,3.4000006),.PIECEWISE_BEZIER_KNOTS.);
#1374 = CARTESIAN_POINT('',(4.799655442984,-6.000000000173E-07));
#1375 = CARTESIAN_POINT('',(4.799655442984,3.4000006));
#1376 = ( GEOMETRIC_REPRESENTATION_CONTEXT(2) 
PARAMETRIC_REPRESENTATION_CONTEXT() REPRESENTATION_CONTEXT('2D SPACE',''
  ) );
#1377 = PCURVE('',#298,#1378);
#1378 = DEFINITIONAL_REPRESENTATION('',(#1379),#1382);
#1379 = B_SPLINE_CURVE_WITH_KNOTS('',1,(#1380,#1381),.UNSPECIFIED.,.F.,
  .F.,(2,2),(-6.000000000173E-07,3.4000006),.PIECEWISE_BEZIER_KNOTS.);
#1380 = CARTESIAN_POINT('',(2.,6.000000000173E-07));
#1381 = CARTESIAN_POINT('',(2.,-3.4000006));
#1382 = ( GEOMETRIC_REPRESENTATION_CONTEXT(2) 
PARAMETRIC_REPRESENTATION_CONTEXT() REPRESENTATION_CONTEXT('2D SPACE',''
  ) );
#1383 = ORIENTED_EDGE('',*,*,#1384,.F.);
#1384 = EDGE_CURVE('',#1385,#1364,#1387,.T.);
#1385 = VERTEX_POINT('',#1386);
#1386 = CARTESIAN_POINT('',(-10.50479337321,-10.21135721567,
    0.609161958376));
#1387 = SURFACE_CURVE('',#1388,(#1403,#1421),.PCURVE_S1.);
#1388 = B_SPLINE_CURVE_WITH_KNOTS('',4,(#1389,#1390,#1391,#1392,#1393,
    #1394,#1395,#1396,#1397,#1398,#1399,#1400,#1401,#1402),
  .UNSPECIFIED.,.F.,.F.,(5,3,3,3,5),(0.,0.250927509293,0.500851003726,
    0.75077449359,1.),.UNSPECIFIED.);
#1389 = CARTESIAN_POINT('',(-10.50479337321,-10.21135721567,
    0.609161958376));
#1390 = CARTESIAN_POINT('',(-9.936711970955,-10.79576314956,
    0.64741191612));
#1391 = CARTESIAN_POINT('',(-9.325275314453,-11.33803646164,
    0.685661995285));
#1392 = CARTESIAN_POINT('',(-8.67519826389,-11.83332928076,0.72391202486
    ));
#1393 = CARTESIAN_POINT('',(-7.311829714371,-12.72079353103,
    0.800258849309));
#1394 = CARTESIAN_POINT('',(-6.59878785713,-13.11337857064,
    0.838355890778));
#1395 = CARTESIAN_POINT('',(-5.858622412865,-13.45206248954,
    0.876452988196));
#1396 = CARTESIAN_POINT('',(-4.336570918786,-14.0169752244,
    0.952646926634));
#1397 = CARTESIAN_POINT('',(-3.554669633246,-14.24320969745,
    0.990744024168));
#1398 = CARTESIAN_POINT('',(-2.75815725296,-14.4108990134,1.028841066246
    ));
#1399 = CARTESIAN_POINT('',(-1.151400111718,-14.62709964958,1.1049284478
    ));
#1400 = CARTESIAN_POINT('',(-0.34118396409,-14.67594465214,
    1.142919030386));
#1401 = CARTESIAN_POINT('',(0.470426719356,-14.66480361504,
    1.180909659022));
#1402 = CARTESIAN_POINT('',(1.276831631253,-14.59425232704,
    1.218900173232));
#1403 = PCURVE('',#326,#1404);
#1404 = DEFINITIONAL_REPRESENTATION('',(#1405),#1420);
#1405 = B_SPLINE_CURVE_WITH_KNOTS('',4,(#1406,#1407,#1408,#1409,#1410,
    #1411,#1412,#1413,#1414,#1415,#1416,#1417,#1418,#1419),
  .UNSPECIFIED.,.F.,.F.,(5,3,3,3,5),(0.,0.250927509293,0.500851003726,
    0.75077449359,1.),.UNSPECIFIED.);
#1406 = CARTESIAN_POINT('',(3.912827155934,0.909161958376));
#1407 = CARTESIAN_POINT('',(3.96845946712,0.94741191612));
#1408 = CARTESIAN_POINT('',(4.024091965486,0.985661995285));
#1409 = CARTESIAN_POINT('',(4.079724464619,1.02391202486));
#1410 = CARTESIAN_POINT('',(4.190766490971,1.100258849309));
#1411 = CARTESIAN_POINT('',(4.246176388561,1.138355890778));
#1412 = CARTESIAN_POINT('',(4.301586285255,1.176452988196));
#1413 = CARTESIAN_POINT('',(4.412405711086,1.252646926634));
#1414 = CARTESIAN_POINT('',(4.467815606753,1.290744024168));
#1415 = CARTESIAN_POINT('',(4.523225503309,1.328841066246));
#1416 = CARTESIAN_POINT('',(4.633890183174,1.4049284478));
#1417 = CARTESIAN_POINT('',(4.689145330558,1.442919030386));
#1418 = CARTESIAN_POINT('',(4.744400477274,1.480909659022));
#1419 = CARTESIAN_POINT('',(4.799655442984,1.518900173232));
#1420 = ( GEOMETRIC_REPRESENTATION_CONTEXT(2) 
PARAMETRIC_REPRESENTATION_CONTEXT() REPRESENTATION_CONTEXT('2D SPACE',''
  ) );
#1421 = PCURVE('',#1422,#1437);
#1422 = B_SPLINE_SURFACE_WITH_KNOTS('',1,6,(
    (#1423,#1424,#1425,#1426,#1427,#1428,#1429)
    ,(#1430,#1431,#1432,#1433,#1434,#1435,#1436
  )),.UNSPECIFIED.,.F.,.F.,.F.,(2,2),(7,7),(0.,0.9),(0.,1.080210122553),
  .PIECEWISE_BEZIER_KNOTS.);
#1423 = CARTESIAN_POINT('',(-9.893411564055,-9.620952665449,
    0.609161958376));
#1424 = CARTESIAN_POINT('',(-8.466114495925,-11.08866980709,
    0.711161963956));
#1425 = CARTESIAN_POINT('',(-6.777529186284,-12.30229446519,
    0.813161942742));
#1426 = CARTESIAN_POINT('',(-4.884171063304,-13.20369402712,
    0.91516195895));
#1427 = CARTESIAN_POINT('',(-2.859989308095,-13.751429386,1.017161975594
    ));
#1428 = CARTESIAN_POINT('',(-0.788098723578,-13.92884035935,
    1.119161954189));
#1429 = CARTESIAN_POINT('',(1.250758874672,-13.74328653259,
    1.221161959792));
#1430 = CARTESIAN_POINT('',(-10.54081738436,-10.24614519886,
    0.609161958376));
#1431 = CARTESIAN_POINT('',(-9.020771135111,-11.80990692913,
    0.711161952773));
#1432 = CARTESIAN_POINT('',(-7.222338457542,-13.10306461803,
    0.813161974178));
#1433 = CARTESIAN_POINT('',(-5.205707254585,-14.06368163559,
    0.915161957533));
#1434 = CARTESIAN_POINT('',(-3.049639978489,-14.64759943052,
    1.017161941326));
#1435 = CARTESIAN_POINT('',(-0.842668170072,-14.8370524211,1.11916196254
    ));
#1436 = CARTESIAN_POINT('',(1.329199043281,-14.63986176086,1.22116195696
    ));
#1437 = DEFINITIONAL_REPRESENTATION('',(#1438),#1453);
#1438 = B_SPLINE_CURVE_WITH_KNOTS('',4,(#1439,#1440,#1441,#1442,#1443,
    #1444,#1445,#1446,#1447,#1448,#1449,#1450,#1451,#1452),
  .UNSPECIFIED.,.F.,.F.,(5,3,3,3,5),(0.,0.250927509293,0.500851003726,
    0.75077449359,1.),.UNSPECIFIED.);
#1439 = CARTESIAN_POINT('',(0.849920731301,0.));
#1440 = CARTESIAN_POINT('',(0.849920736003,6.751306137175E-02));
#1441 = CARTESIAN_POINT('',(0.849920872069,0.135026330516));
#1442 = CARTESIAN_POINT('',(0.849921142226,0.202539513085));
#1443 = CARTESIAN_POINT('',(0.849921157827,0.337295414107));
#1444 = CARTESIAN_POINT('',(0.849920953798,0.404538567957));
#1445 = CARTESIAN_POINT('',(0.84992076867,0.471781822422));
#1446 = CARTESIAN_POINT('',(0.849920770715,0.606267878656));
#1447 = CARTESIAN_POINT('',(0.849920957712,0.673511133338));
#1448 = CARTESIAN_POINT('',(0.849921167067,0.740754288292));
#1449 = CARTESIAN_POINT('',(0.849921155504,0.875052259894));
#1450 = CARTESIAN_POINT('',(0.849920893312,0.942107505803));
#1451 = CARTESIAN_POINT('',(0.849920730577,1.009162832041));
#1452 = CARTESIAN_POINT('',(0.849920734199,1.076217962485));
#1453 = ( GEOMETRIC_REPRESENTATION_CONTEXT(2) 
PARAMETRIC_REPRESENTATION_CONTEXT() REPRESENTATION_CONTEXT('2D SPACE',''
  ) );
#1454 = ORIENTED_EDGE('',*,*,#1455,.T.);
#1455 = EDGE_CURVE('',#1385,#1456,#1458,.T.);
#1456 = VERTEX_POINT('',#1457);
#1457 = CARTESIAN_POINT('',(-10.55228160596,-10.16227597088,
    2.024612672971));
#1458 = SURFACE_CURVE('',#1459,(#1464,#1474),.PCURVE_S1.);
#1459 = ELLIPSE('',#1460,303.98596734882,14.65);
#1460 = AXIS2_PLACEMENT_3D('',#1461,#1462,#1463);
#1461 = CARTESIAN_POINT('',(0.,0.,1.608000000002));
#1462 = DIRECTION('',(-0.693851206347,0.718503957432,-4.819301406499E-02
    ));
#1463 = DIRECTION('',(-3.347768061789E-02,3.466715311522E-02,
    0.998838041624));
#1464 = PCURVE('',#326,#1465);
#1465 = DEFINITIONAL_REPRESENTATION('',(#1466),#1473);
#1466 = B_SPLINE_CURVE_WITH_KNOTS('',5,(#1467,#1468,#1469,#1470,#1471,
    #1472),.UNSPECIFIED.,.F.,.F.,(6,6),(4.708613566407,4.714442930523),
  .PIECEWISE_BEZIER_KNOTS.);
#1467 = CARTESIAN_POINT('',(3.913312938445,0.761663401233));
#1468 = CARTESIAN_POINT('',(3.912147065622,1.11565804784));
#1469 = CARTESIAN_POINT('',(3.910981192798,1.469654642158));
#1470 = CARTESIAN_POINT('',(3.909815319975,1.823652181748));
#1471 = CARTESIAN_POINT('',(3.908649447152,2.177649664161));
#1472 = CARTESIAN_POINT('',(3.907483574329,2.531646086954));
#1473 = ( GEOMETRIC_REPRESENTATION_CONTEXT(2) 
PARAMETRIC_REPRESENTATION_CONTEXT() REPRESENTATION_CONTEXT('2D SPACE',''
  ) );
#1474 = PCURVE('',#1475,#1480);
#1475 = PLANE('',#1476);
#1476 = AXIS2_PLACEMENT_3D('',#1477,#1478,#1479);
#1477 = CARTESIAN_POINT('',(-10.28158728186,-9.953206316621,
    1.244329262827));
#1478 = DIRECTION('',(-0.693851206347,0.718503957432,-4.819301406499E-02
    ));
#1479 = DIRECTION('',(3.347768061789E-02,-3.466715311522E-02,
    -0.998838041624));
#1480 = DEFINITIONAL_REPRESENTATION('',(#1481),#1485);
#1481 = ELLIPSE('',#1482,303.98596734882,14.65);
#1482 = AXIS2_PLACEMENT_2D('',#1483,#1484);
#1483 = CARTESIAN_POINT('',(-0.364093799015,-14.31003302324));
#1484 = DIRECTION('',(-1.,-3.705573055844E-16));
#1485 = ( GEOMETRIC_REPRESENTATION_CONTEXT(2) 
PARAMETRIC_REPRESENTATION_CONTEXT() REPRESENTATION_CONTEXT('2D SPACE',''
  ) );
#1486 = ORIENTED_EDGE('',*,*,#1487,.T.);
#1487 = EDGE_CURVE('',#1456,#1488,#1490,.T.);
#1488 = VERTEX_POINT('',#1489);
#1489 = CARTESIAN_POINT('',(1.256805743388,-14.59599052217,
    2.636612670148));
#1490 = SURFACE_CURVE('',#1491,(#1506,#1524),.PCURVE_S1.);
#1491 = B_SPLINE_CURVE_WITH_KNOTS('',4,(#1492,#1493,#1494,#1495,#1496,
    #1497,#1498,#1499,#1500,#1501,#1502,#1503,#1504,#1505),
  .UNSPECIFIED.,.F.,.F.,(5,3,3,3,5),(0.,0.251000152193,0.500999992321,
    0.747615097452,1.),.UNSPECIFIED.);
#1492 = CARTESIAN_POINT('',(-10.55228160596,-10.16227597088,
    2.024612672971));
#1493 = CARTESIAN_POINT('',(-9.984669314092,-10.75167196485,
    2.063015627459));
#1494 = CARTESIAN_POINT('',(-9.373156660348,-11.29880184933,
    2.10141888006));
#1495 = CARTESIAN_POINT('',(-8.722492608126,-11.79873696885,
    2.139822236606));
#1496 = CARTESIAN_POINT('',(-7.357030013489,-12.69491451261,
    2.21647507589));
#1497 = CARTESIAN_POINT('',(-6.642483461243,-13.09157140034,
    2.254724870293));
#1498 = CARTESIAN_POINT('',(-5.900413072583,-13.43398193552,
    2.292974746916));
#1499 = CARTESIAN_POINT('',(-4.384223410825,-14.00169509571,
    2.368956819519));
#1500 = CARTESIAN_POINT('',(-3.610659270475,-14.2285260409,
    2.406689261296));
#1501 = CARTESIAN_POINT('',(-2.822537944943,-14.39799152832,
    2.444421674678));
#1502 = CARTESIAN_POINT('',(-1.211407842612,-14.6229945885,
    2.520768492399));
#1503 = CARTESIAN_POINT('',(-0.387997577538,-14.67577622841,
    2.559383069717));
#1504 = CARTESIAN_POINT('',(0.43705132423,-14.66657648621,2.597997849291
    ));
#1505 = CARTESIAN_POINT('',(1.256805743388,-14.59599052217,
    2.636612670148));
#1506 = PCURVE('',#326,#1507);
#1507 = DEFINITIONAL_REPRESENTATION('',(#1508),#1523);
#1508 = B_SPLINE_CURVE_WITH_KNOTS('',4,(#1509,#1510,#1511,#1512,#1513,
    #1514,#1515,#1516,#1517,#1518,#1519,#1520,#1521,#1522),
  .UNSPECIFIED.,.F.,.F.,(5,3,3,3,5),(0.,0.251000152193,0.500999992321,
    0.747615097452,1.),.UNSPECIFIED.);
#1509 = CARTESIAN_POINT('',(3.908165430034,2.324612672971));
#1510 = CARTESIAN_POINT('',(3.964020269393,2.363015627459));
#1511 = CARTESIAN_POINT('',(4.019875298562,2.40141888006));
#1512 = CARTESIAN_POINT('',(4.075730327577,2.439822236606));
#1513 = CARTESIAN_POINT('',(4.187217408363,2.51647507589));
#1514 = CARTESIAN_POINT('',(4.242849837645,2.554724870293));
#1515 = CARTESIAN_POINT('',(4.298482265871,2.592974746916));
#1516 = CARTESIAN_POINT('',(4.40899354348,2.668956819519));
#1517 = CARTESIAN_POINT('',(4.463872754523,2.706689261296));
#1518 = CARTESIAN_POINT('',(4.518751966326,2.744421674678));
#1519 = CARTESIAN_POINT('',(4.629793992393,2.820768492399));
#1520 = CARTESIAN_POINT('',(4.685957178047,2.859383069717));
#1521 = CARTESIAN_POINT('',(4.742120362026,2.897997849291));
#1522 = CARTESIAN_POINT('',(4.79828334856,2.936612670148));
#1523 = ( GEOMETRIC_REPRESENTATION_CONTEXT(2) 
PARAMETRIC_REPRESENTATION_CONTEXT() REPRESENTATION_CONTEXT('2D SPACE',''
  ) );
#1524 = PCURVE('',#1525,#1540);
#1525 = B_SPLINE_SURFACE_WITH_KNOTS('',1,6,(
    (#1526,#1527,#1528,#1529,#1530,#1531,#1532)
    ,(#1533,#1534,#1535,#1536,#1537,#1538,#1539
  )),.UNSPECIFIED.,.F.,.F.,.F.,(2,2),(7,7),(0.,0.622289530744),(0.,
    1.080210122553),.PIECEWISE_BEZIER_KNOTS.);
#1526 = CARTESIAN_POINT('',(-10.59025392343,-10.19495216403,
    2.08414752981));
#1527 = CARTESIAN_POINT('',(-9.077802326871,-11.76604796563,
    2.186147524224));
#1528 = CARTESIAN_POINT('',(-7.285658599573,-13.06789169066,
    2.288147545488));
#1529 = CARTESIAN_POINT('',(-5.27371004057,-14.03825643828,
    2.390147529166));
#1530 = CARTESIAN_POINT('',(-3.120503813859,-14.63260302951,
    2.492147512636));
#1531 = CARTESIAN_POINT('',(-0.914484226153,-14.83273737744,
    2.594147533991));
#1532 = CARTESIAN_POINT('',(1.258303161314,-14.6460643515,2.696147528394
    ));
#1533 = CARTESIAN_POINT('',(-10.28655914484,-9.933614697564,1.608));
#1534 = CARTESIAN_POINT('',(-8.812877738424,-11.45965646678,
    1.709999999379));
#1535 = CARTESIAN_POINT('',(-7.067524895789,-12.72334819499,
    1.812000001746));
#1536 = CARTESIAN_POINT('',(-5.108852744425,-13.66424735955,
    1.913999999921));
#1537 = CARTESIAN_POINT('',(-3.013338714996,-14.23914629577,
    2.015999998096));
#1538 = CARTESIAN_POINT('',(-0.867047835632,-14.43048053322,
    2.118000000464));
#1539 = CARTESIAN_POINT('',(1.246327121299,-14.24558418271,
    2.219999999843));
#1540 = DEFINITIONAL_REPRESENTATION('',(#1541),#1556);
#1541 = B_SPLINE_CURVE_WITH_KNOTS('',4,(#1542,#1543,#1544,#1545,#1546,
    #1547,#1548,#1549,#1550,#1551,#1552,#1553,#1554,#1555),
  .UNSPECIFIED.,.F.,.F.,(5,3,3,3,5),(0.,0.251000152193,0.500999992321,
    0.747615097452,1.),.UNSPECIFIED.);
#1542 = CARTESIAN_POINT('',(7.780764533278E-02,0.));
#1543 = CARTESIAN_POINT('',(7.780764839575E-02,6.778311229585E-02));
#1544 = CARTESIAN_POINT('',(7.780742315226E-02,0.135566435885));
#1545 = CARTESIAN_POINT('',(7.780699653404E-02,0.20334967194));
#1546 = CARTESIAN_POINT('',(7.78069737143E-02,0.338645673405));
#1547 = CARTESIAN_POINT('',(7.780729894083E-02,0.406158882951));
#1548 = CARTESIAN_POINT('',(7.78075900821E-02,0.473672193455));
#1549 = CARTESIAN_POINT('',(7.780758800713E-02,0.607784293247));
#1550 = CARTESIAN_POINT('',(7.780730435374E-02,0.674383529446));
#1551 = CARTESIAN_POINT('',(7.780698690784E-02,0.740982668083));
#1552 = CARTESIAN_POINT('',(7.780699737754E-02,0.875738571446));
#1553 = CARTESIAN_POINT('',(7.780742040095E-02,0.943895770026));
#1554 = CARTESIAN_POINT('',(7.780764429685E-02,1.012053055641));
#1555 = CARTESIAN_POINT('',(7.78076473768E-02,1.080210122553));
#1556 = ( GEOMETRIC_REPRESENTATION_CONTEXT(2) 
PARAMETRIC_REPRESENTATION_CONTEXT() REPRESENTATION_CONTEXT('2D SPACE',''
  ) );
#1557 = ORIENTED_EDGE('',*,*,#1558,.F.);
#1558 = EDGE_CURVE('',#1559,#1488,#1561,.T.);
#1559 = VERTEX_POINT('',#1560);
#1560 = CARTESIAN_POINT('',(1.276831631253,-14.59425232704,2.22));
#1561 = SURFACE_CURVE('',#1562,(#1567,#1577),.PCURVE_S1.);
#1562 = ELLIPSE('',#1563,303.98596734883,14.65);
#1563 = AXIS2_PLACEMENT_3D('',#1564,#1565,#1566);
#1564 = CARTESIAN_POINT('',(0.,0.,2.220000000006));
#1565 = DIRECTION('',(-0.995037161318,-8.705447140234E-02,
    -4.819301406498E-02));
#1566 = DIRECTION('',(-4.80096250966E-02,-4.200297936081E-03,
    0.998838041624));
#1567 = PCURVE('',#326,#1568);
#1568 = DEFINITIONAL_REPRESENTATION('',(#1569),#1576);
#1569 = B_SPLINE_CURVE_WITH_KNOTS('',5,(#1570,#1571,#1572,#1573,#1574,
    #1575),.UNSPECIFIED.,.F.,.F.,(6,6),(4.712388980385,4.714442930519),
  .PIECEWISE_BEZIER_KNOTS.);
#1570 = CARTESIAN_POINT('',(4.799655442984,2.519999999997));
#1571 = CARTESIAN_POINT('',(4.799244652958,2.644729304804));
#1572 = CARTESIAN_POINT('',(4.798833862931,2.769458609612));
#1573 = CARTESIAN_POINT('',(4.798423072904,2.89418787057));
#1574 = CARTESIAN_POINT('',(4.798012282877,3.018917043828));
#1575 = CARTESIAN_POINT('',(4.797601492851,3.143646085537));
#1576 = ( GEOMETRIC_REPRESENTATION_CONTEXT(2) 
PARAMETRIC_REPRESENTATION_CONTEXT() REPRESENTATION_CONTEXT('2D SPACE',''
  ) );
#1577 = PCURVE('',#1578,#1583);
#1578 = PLANE('',#1579);
#1579 = AXIS2_PLACEMENT_3D('',#1580,#1581,#1582);
#1580 = CARTESIAN_POINT('',(1.264681563584,-14.2540497237,1.856329262638
    ));
#1581 = DIRECTION('',(-0.995037161318,-8.705447140234E-02,
    -4.819301406498E-02));
#1582 = DIRECTION('',(8.715574274764E-02,-0.996194698092,
    -9.358329086079E-20));
#1583 = DEFINITIONAL_REPRESENTATION('',(#1584),#1588);
#1584 = ELLIPSE('',#1585,303.98596734883,14.65);
#1585 = AXIS2_PLACEMENT_2D('',#1586,#1587);
#1586 = CARTESIAN_POINT('',(-14.31003302209,0.364093799208));
#1587 = DIRECTION('',(2.09240671985E-18,1.));
#1588 = ( GEOMETRIC_REPRESENTATION_CONTEXT(2) 
PARAMETRIC_REPRESENTATION_CONTEXT() REPRESENTATION_CONTEXT('2D SPACE',''
  ) );
#1589 = ORIENTED_EDGE('',*,*,#1590,.T.);
#1590 = EDGE_CURVE('',#1559,#1338,#1591,.T.);
#1591 = SURFACE_CURVE('',#1592,(#1596,#1602),.PCURVE_S1.);
#1592 = LINE('',#1593,#1594);
#1593 = CARTESIAN_POINT('',(1.276831631253,-14.59425232704,-0.3));
#1594 = VECTOR('',#1595,1.);
#1595 = DIRECTION('',(0.,0.,1.));
#1596 = PCURVE('',#326,#1597);
#1597 = DEFINITIONAL_REPRESENTATION('',(#1598),#1601);
#1598 = B_SPLINE_CURVE_WITH_KNOTS('',1,(#1599,#1600),.UNSPECIFIED.,.F.,
  .F.,(2,2),(-6.000000000173E-07,3.4000006),.PIECEWISE_BEZIER_KNOTS.);
#1599 = CARTESIAN_POINT('',(4.799655442984,-6.000000000173E-07));
#1600 = CARTESIAN_POINT('',(4.799655442984,3.4000006));
#1601 = ( GEOMETRIC_REPRESENTATION_CONTEXT(2) 
PARAMETRIC_REPRESENTATION_CONTEXT() REPRESENTATION_CONTEXT('2D SPACE',''
  ) );
#1602 = PCURVE('',#857,#1603);
#1603 = DEFINITIONAL_REPRESENTATION('',(#1604),#1607);
#1604 = B_SPLINE_CURVE_WITH_KNOTS('',1,(#1605,#1606),.UNSPECIFIED.,.F.,
  .F.,(2,2),(-6.000000000173E-07,3.4000006),.PIECEWISE_BEZIER_KNOTS.);
#1605 = CARTESIAN_POINT('',(2.,6.000000000173E-07));
#1606 = CARTESIAN_POINT('',(2.,-3.4000006));
#1607 = ( GEOMETRIC_REPRESENTATION_CONTEXT(2) 
PARAMETRIC_REPRESENTATION_CONTEXT() REPRESENTATION_CONTEXT('2D SPACE',''
  ) );
#1608 = ADVANCED_FACE('',(#1609),#298,.T.);
#1609 = FACE_BOUND('',#1610,.T.);
#1610 = EDGE_LOOP('',(#1611,#1612,#1613,#1614,#1643));
#1611 = ORIENTED_EDGE('',*,*,#868,.F.);
#1612 = ORIENTED_EDGE('',*,*,#283,.T.);
#1613 = ORIENTED_EDGE('',*,*,#1363,.T.);
#1614 = ORIENTED_EDGE('',*,*,#1615,.T.);
#1615 = EDGE_CURVE('',#1364,#1616,#1618,.T.);
#1616 = VERTEX_POINT('',#1617);
#1617 = CARTESIAN_POINT('',(1.202756583884,-13.74757066128,
    1.218760876989));
#1618 = SURFACE_CURVE('',#1619,(#1625,#1634),.PCURVE_S1.);
#1619 = B_SPLINE_CURVE_WITH_KNOTS('',4,(#1620,#1621,#1622,#1623,#1624),
  .UNSPECIFIED.,.F.,.F.,(5,5),(0.,1.),.PIECEWISE_BEZIER_KNOTS.);
#1620 = CARTESIAN_POINT('',(1.276831631253,-14.59425232704,
    1.218900173232));
#1621 = CARTESIAN_POINT('',(1.258312866267,-14.38258187466,
    1.218867369524));
#1622 = CARTESIAN_POINT('',(1.239794103254,-14.17091144484,
    1.218833296911));
#1623 = CARTESIAN_POINT('',(1.221275342386,-13.95924103954,
    1.218797845832));
#1624 = CARTESIAN_POINT('',(1.202756583884,-13.74757066128,
    1.218760876989));
#1625 = PCURVE('',#298,#1626);
#1626 = DEFINITIONAL_REPRESENTATION('',(#1627),#1633);
#1627 = B_SPLINE_CURVE_WITH_KNOTS('',4,(#1628,#1629,#1630,#1631,#1632),
  .UNSPECIFIED.,.F.,.F.,(5,5),(0.,1.),.PIECEWISE_BEZIER_KNOTS.);
#1628 = CARTESIAN_POINT('',(2.,-1.518900173232));
#1629 = CARTESIAN_POINT('',(2.212478999117,-1.518867369524));
#1630 = CARTESIAN_POINT('',(2.424957975594,-1.518833296911));
#1631 = CARTESIAN_POINT('',(2.637436927455,-1.518797845832));
#1632 = CARTESIAN_POINT('',(2.849915852177,-1.518760876989));
#1633 = ( GEOMETRIC_REPRESENTATION_CONTEXT(2) 
PARAMETRIC_REPRESENTATION_CONTEXT() REPRESENTATION_CONTEXT('2D SPACE',''
  ) );
#1634 = PCURVE('',#1422,#1635);
#1635 = DEFINITIONAL_REPRESENTATION('',(#1636),#1642);
#1636 = B_SPLINE_CURVE_WITH_KNOTS('',4,(#1637,#1638,#1639,#1640,#1641),
  .UNSPECIFIED.,.F.,.F.,(5,5),(0.,1.),.PIECEWISE_BEZIER_KNOTS.);
#1637 = CARTESIAN_POINT('',(0.849920734198,1.076217962481));
#1638 = CARTESIAN_POINT('',(0.637440585384,1.076160061238));
#1639 = CARTESIAN_POINT('',(0.424960414737,1.076099920326));
#1640 = CARTESIAN_POINT('',(0.212480220395,1.076037346346));
#1641 = CARTESIAN_POINT('',(0.,1.075972093447));
#1642 = ( GEOMETRIC_REPRESENTATION_CONTEXT(2) 
PARAMETRIC_REPRESENTATION_CONTEXT() REPRESENTATION_CONTEXT('2D SPACE',''
  ) );
#1643 = ORIENTED_EDGE('',*,*,#1644,.T.);
#1644 = EDGE_CURVE('',#1616,#843,#1645,.T.);
#1645 = SURFACE_CURVE('',#1646,(#1652,#1661),.PCURVE_S1.);
#1646 = B_SPLINE_CURVE_WITH_KNOTS('',4,(#1647,#1648,#1649,#1650,#1651),
  .UNSPECIFIED.,.F.,.F.,(5,5),(0.,1.),.PIECEWISE_BEZIER_KNOTS.);
#1647 = CARTESIAN_POINT('',(1.202756583884,-13.74757066128,
    1.218760876989));
#1648 = CARTESIAN_POINT('',(1.202752916844,-13.74752874682,
    1.469070654496));
#1649 = CARTESIAN_POINT('',(1.202750472158,-13.74750080393,
    1.719380435605));
#1650 = CARTESIAN_POINT('',(1.202749249849,-13.74748683288,
    1.969690218508));
#1651 = CARTESIAN_POINT('',(1.202749249918,-13.74748683366,
    2.220000001416));
#1652 = PCURVE('',#298,#1653);
#1653 = DEFINITIONAL_REPRESENTATION('',(#1654),#1660);
#1654 = B_SPLINE_CURVE_WITH_KNOTS('',4,(#1655,#1656,#1657,#1658,#1659),
  .UNSPECIFIED.,.F.,.F.,(5,5),(0.,1.),.PIECEWISE_BEZIER_KNOTS.);
#1655 = CARTESIAN_POINT('',(2.849915852177,-1.518760876989));
#1656 = CARTESIAN_POINT('',(2.849957926741,-1.769070654496));
#1657 = CARTESIAN_POINT('',(2.849985976366,-2.019380435605));
#1658 = CARTESIAN_POINT('',(2.850000000788,-2.269690218508));
#1659 = CARTESIAN_POINT('',(2.85,-2.520000001416));
#1660 = ( GEOMETRIC_REPRESENTATION_CONTEXT(2) 
PARAMETRIC_REPRESENTATION_CONTEXT() REPRESENTATION_CONTEXT('2D SPACE',''
  ) );
#1661 = PCURVE('',#1662,#1677);
#1662 = B_SPLINE_SURFACE_WITH_KNOTS('',1,6,(
    (#1663,#1664,#1665,#1666,#1667,#1668,#1669)
    ,(#1670,#1671,#1672,#1673,#1674,#1675,#1676
  )),.UNSPECIFIED.,.F.,.F.,.F.,(2,2),(7,7),(0.,1.),(0.,1.080210122553),
  .PIECEWISE_BEZIER_KNOTS.);
#1663 = CARTESIAN_POINT('',(-9.926889244673,-9.586285512334,1.608));
#1664 = CARTESIAN_POINT('',(-8.504735161099,-11.05896917675,
    1.710000005592));
#1665 = CARTESIAN_POINT('',(-6.820408633979,-12.27847588786,
    1.811999984282));
#1666 = CARTESIAN_POINT('',(-4.930221527047,-13.18647646596,
    1.914000000708));
#1667 = CARTESIAN_POINT('',(-2.907977231444,-13.74127404881,
    2.016000017134));
#1668 = CARTESIAN_POINT('',(-0.836731476469,-13.92591827669,
    2.117999995825));
#1669 = CARTESIAN_POINT('',(1.20274924985,-13.74748683367,2.220000001416
    ));
#1670 = CARTESIAN_POINT('',(-9.893411564055,-9.620952665449,
    0.609161958376));
#1671 = CARTESIAN_POINT('',(-8.466114495925,-11.08866980709,
    0.711161963956));
#1672 = CARTESIAN_POINT('',(-6.777529186284,-12.30229446519,
    0.813161942742));
#1673 = CARTESIAN_POINT('',(-4.884171063304,-13.20369402712,
    0.91516195895));
#1674 = CARTESIAN_POINT('',(-2.859989308095,-13.751429386,1.017161975594
    ));
#1675 = CARTESIAN_POINT('',(-0.788098723578,-13.92884035935,
    1.119161954189));
#1676 = CARTESIAN_POINT('',(1.250758874672,-13.74328653259,
    1.221161959792));
#1677 = DEFINITIONAL_REPRESENTATION('',(#1678),#1684);
#1678 = B_SPLINE_CURVE_WITH_KNOTS('',4,(#1679,#1680,#1681,#1682,#1683),
  .UNSPECIFIED.,.F.,.F.,(5,5),(0.,1.),.PIECEWISE_BEZIER_KNOTS.);
#1679 = CARTESIAN_POINT('',(1.,1.075972093447));
#1680 = CARTESIAN_POINT('',(0.74999999872,1.077031592114));
#1681 = CARTESIAN_POINT('',(0.499999998722,1.0780910994));
#1682 = CARTESIAN_POINT('',(0.249999999359,1.079150610969));
#1683 = CARTESIAN_POINT('',(0.,1.080210122553));
#1684 = ( GEOMETRIC_REPRESENTATION_CONTEXT(2) 
PARAMETRIC_REPRESENTATION_CONTEXT() REPRESENTATION_CONTEXT('2D SPACE',''
  ) );
#1685 = ADVANCED_FACE('',(#1686),#248,.T.);
#1686 = FACE_BOUND('',#1687,.T.);
#1687 = EDGE_LOOP('',(#1688,#1709,#1710,#1711));
#1688 = ORIENTED_EDGE('',*,*,#1689,.F.);
#1689 = EDGE_CURVE('',#205,#1690,#1692,.T.);
#1690 = VERTEX_POINT('',#1691);
#1691 = CARTESIAN_POINT('',(10.538328074961,-10.17674512722,3.1));
#1692 = SURFACE_CURVE('',#1693,(#1697,#1703),.PCURVE_S1.);
#1693 = LINE('',#1694,#1695);
#1694 = CARTESIAN_POINT('',(10.538328074961,-10.17674512722,-0.3));
#1695 = VECTOR('',#1696,1.);
#1696 = DIRECTION('',(0.,0.,1.));
#1697 = PCURVE('',#248,#1698);
#1698 = DEFINITIONAL_REPRESENTATION('',(#1699),#1702);
#1699 = B_SPLINE_CURVE_WITH_KNOTS('',1,(#1700,#1701),.UNSPECIFIED.,.F.,
  .F.,(2,2),(-6.000000000173E-07,3.4000006),.PIECEWISE_BEZIER_KNOTS.);
#1700 = CARTESIAN_POINT('',(14.65,6.000000000173E-07));
#1701 = CARTESIAN_POINT('',(14.65,-3.4000006));
#1702 = ( GEOMETRIC_REPRESENTATION_CONTEXT(2) 
PARAMETRIC_REPRESENTATION_CONTEXT() REPRESENTATION_CONTEXT('2D SPACE',''
  ) );
#1703 = PCURVE('',#221,#1704);
#1704 = DEFINITIONAL_REPRESENTATION('',(#1705),#1708);
#1705 = B_SPLINE_CURVE_WITH_KNOTS('',1,(#1706,#1707),.UNSPECIFIED.,.F.,
  .F.,(2,2),(0.,3.4),.PIECEWISE_BEZIER_KNOTS.);
#1706 = CARTESIAN_POINT('',(5.515240436302,0.));
#1707 = CARTESIAN_POINT('',(5.515240436302,3.4));
#1708 = ( GEOMETRIC_REPRESENTATION_CONTEXT(2) 
PARAMETRIC_REPRESENTATION_CONTEXT() REPRESENTATION_CONTEXT('2D SPACE',''
  ) );
#1709 = ORIENTED_EDGE('',*,*,#233,.T.);
#1710 = ORIENTED_EDGE('',*,*,#525,.T.);
#1711 = ORIENTED_EDGE('',*,*,#1712,.T.);
#1712 = EDGE_CURVE('',#526,#1690,#1713,.T.);
#1713 = SURFACE_CURVE('',#1714,(#1718,#1725),.PCURVE_S1.);
#1714 = LINE('',#1715,#1716);
#1715 = CARTESIAN_POINT('',(0.,0.,3.1));
#1716 = VECTOR('',#1717,1.);
#1717 = DIRECTION('',(0.719339800339,-0.694658370459,0.));
#1718 = PCURVE('',#248,#1719);
#1719 = DEFINITIONAL_REPRESENTATION('',(#1720),#1724);
#1720 = LINE('',#1721,#1722);
#1721 = CARTESIAN_POINT('',(0.,-3.4));
#1722 = VECTOR('',#1723,1.);
#1723 = DIRECTION('',(1.,0.));
#1724 = ( GEOMETRIC_REPRESENTATION_CONTEXT(2) 
PARAMETRIC_REPRESENTATION_CONTEXT() REPRESENTATION_CONTEXT('2D SPACE',''
  ) );
#1725 = PCURVE('',#563,#1726);
#1726 = DEFINITIONAL_REPRESENTATION('',(#1727),#1731);
#1727 = LINE('',#1728,#1729);
#1728 = CARTESIAN_POINT('',(-10.03570359323,0.789827001974));
#1729 = VECTOR('',#1730,1.);
#1730 = DIRECTION('',(0.719339800339,-0.694658370459));
#1731 = ( GEOMETRIC_REPRESENTATION_CONTEXT(2) 
PARAMETRIC_REPRESENTATION_CONTEXT() REPRESENTATION_CONTEXT('2D SPACE',''
  ) );
#1732 = ADVANCED_FACE('',(#1733),#221,.F.);
#1733 = FACE_BOUND('',#1734,.F.);
#1734 = EDGE_LOOP('',(#1735,#1736,#1737,#1758,#1854,#1886,#1982,#2014,
    #2035));
#1735 = ORIENTED_EDGE('',*,*,#1689,.F.);
#1736 = ORIENTED_EDGE('',*,*,#204,.T.);
#1737 = ORIENTED_EDGE('',*,*,#1738,.T.);
#1738 = EDGE_CURVE('',#179,#1739,#1741,.T.);
#1739 = VERTEX_POINT('',#1740);
#1740 = CARTESIAN_POINT('',(12.000577448834,8.402894792543,
    1.218900173232));
#1741 = SURFACE_CURVE('',#1742,(#1746,#1752),.PCURVE_S1.);
#1742 = LINE('',#1743,#1744);
#1743 = CARTESIAN_POINT('',(12.000577448834,8.402894792543,-0.3));
#1744 = VECTOR('',#1745,1.);
#1745 = DIRECTION('',(0.,0.,1.));
#1746 = PCURVE('',#221,#1747);
#1747 = DEFINITIONAL_REPRESENTATION('',(#1748),#1751);
#1748 = B_SPLINE_CURVE_WITH_KNOTS('',1,(#1749,#1750),.UNSPECIFIED.,.F.,
  .F.,(2,2),(0.,3.4),.PIECEWISE_BEZIER_KNOTS.);
#1749 = CARTESIAN_POINT('',(6.894050545378,0.));
#1750 = CARTESIAN_POINT('',(6.894050545378,3.4));
#1751 = ( GEOMETRIC_REPRESENTATION_CONTEXT(2) 
PARAMETRIC_REPRESENTATION_CONTEXT() REPRESENTATION_CONTEXT('2D SPACE',''
  ) );
#1752 = PCURVE('',#193,#1753);
#1753 = DEFINITIONAL_REPRESENTATION('',(#1754),#1757);
#1754 = B_SPLINE_CURVE_WITH_KNOTS('',1,(#1755,#1756),.UNSPECIFIED.,.F.,
  .F.,(2,2),(-6.000000000173E-07,3.4000006),.PIECEWISE_BEZIER_KNOTS.);
#1755 = CARTESIAN_POINT('',(2.,6.000000000173E-07));
#1756 = CARTESIAN_POINT('',(2.,-3.4000006));
#1757 = ( GEOMETRIC_REPRESENTATION_CONTEXT(2) 
PARAMETRIC_REPRESENTATION_CONTEXT() REPRESENTATION_CONTEXT('2D SPACE',''
  ) );
#1758 = ORIENTED_EDGE('',*,*,#1759,.F.);
#1759 = EDGE_CURVE('',#1760,#1739,#1762,.T.);
#1760 = VERTEX_POINT('',#1761);
#1761 = CARTESIAN_POINT('',(14.095691442498,-3.991739314872,
    0.609161958376));
#1762 = SURFACE_CURVE('',#1763,(#1781,#1810),.PCURVE_S1.);
#1763 = B_SPLINE_CURVE_WITH_KNOTS('',6,(#1764,#1765,#1766,#1767,#1768,
    #1769,#1770,#1771,#1772,#1773,#1774,#1775,#1776,#1777,#1778,#1779,
    #1780),.UNSPECIFIED.,.F.,.F.,(7,5,5,7),(0.,1.,2.109472121712,
    3.213571926589),.UNSPECIFIED.);
#1764 = CARTESIAN_POINT('',(14.095691442498,-3.991739314872,
    0.609161958376));
#1765 = CARTESIAN_POINT('',(14.279286148461,-3.34342685717,
    0.640784868927));
#1766 = CARTESIAN_POINT('',(14.427101532911,-2.684972193853,
    0.672408227185));
#1767 = CARTESIAN_POINT('',(14.538430959575,-2.018863475452,
    0.704031025505));
#1768 = CARTESIAN_POINT('',(14.612810968013,-1.347623815571,
    0.735653821393));
#1769 = CARTESIAN_POINT('',(14.65,-0.673807138025,0.7672771554));
#1770 = CARTESIAN_POINT('',(14.65,0.747570235049,0.833984804572));
#1771 = CARTESIAN_POINT('',(14.604222961439,1.495156461967,
    0.869070316628));
#1772 = CARTESIAN_POINT('',(14.512665279975,2.239219671099,
    0.904154991949));
#1773 = CARTESIAN_POINT('',(14.375694855311,2.97627595677,0.939239674953
    ));
#1774 = CARTESIAN_POINT('',(14.194010991345,3.702892548885,
    0.974325202315));
#1775 = CARTESIAN_POINT('',(13.744447747168,5.125048118119,
    1.044324819796));
#1776 = CARTESIAN_POINT('',(13.476980522811,5.820750540426,
    1.079240385282));
#1777 = CARTESIAN_POINT('',(13.167329992212,6.499477002711,1.11415506998
    ));
#1778 = CARTESIAN_POINT('',(12.816875081369,7.158062168603,
    1.149069745102));
#1779 = CARTESIAN_POINT('',(12.427289827434,7.793486359592,
    1.183985323786));
#1780 = CARTESIAN_POINT('',(12.000577448834,8.402894792543,
    1.218900173232));
#1781 = PCURVE('',#221,#1782);
#1782 = DEFINITIONAL_REPRESENTATION('',(#1783),#1809);
#1783 = B_SPLINE_CURVE_WITH_KNOTS('',3,(#1784,#1785,#1786,#1787,#1788,
    #1789,#1790,#1791,#1792,#1793,#1794,#1795,#1796,#1797,#1798,#1799,
    #1800,#1801,#1802,#1803,#1804,#1805,#1806,#1807,#1808),
  .UNSPECIFIED.,.F.,.F.,(4,1,1,1,1,1,1,1,1,1,1,1,1,1,1,1,1,1,1,1,1,1,4),
  (0.,0.146071451209,0.292142902417,0.438214353626,0.584285804834,
    0.730357256043,0.876428707252,1.02250015846,1.168571609669,
    1.314643060877,1.460714512086,1.606785963294,1.752857414503,
    1.898928865712,2.04500031692,2.191071768129,2.337143219337,
    2.483214670546,2.629286121755,2.775357572963,2.921429024172,
    3.06750047538,3.213571926589),.QUASI_UNIFORM_KNOTS.);
#1784 = CARTESIAN_POINT('',(6.007222258327,0.909161958376));
#1785 = CARTESIAN_POINT('',(6.020658999364,0.918400381096));
#1786 = CARTESIAN_POINT('',(6.047532543804,0.936877267422));
#1787 = CARTESIAN_POINT('',(6.087842941745,0.964592645541));
#1788 = CARTESIAN_POINT('',(6.1281532476,0.992307949319));
#1789 = CARTESIAN_POINT('',(6.168463524449,1.020023227078));
#1790 = CARTESIAN_POINT('',(6.208773836101,1.047738529863));
#1791 = CARTESIAN_POINT('',(6.249084265576,1.075453921182));
#1792 = CARTESIAN_POINT('',(6.289394464985,1.103169166405));
#1793 = CARTESIAN_POINT('',(6.329704883653,1.130884577003));
#1794 = CARTESIAN_POINT('',(6.370015392146,1.158600064936));
#1795 = CARTESIAN_POINT('',(6.410325784582,1.186315484147));
#1796 = CARTESIAN_POINT('',(6.450636116805,1.214030867829));
#1797 = CARTESIAN_POINT('',(6.490946486353,1.24174627779));
#1798 = CARTESIAN_POINT('',(6.531256953706,1.269461749745));
#1799 = CARTESIAN_POINT('',(6.571567469581,1.297177243156));
#1800 = CARTESIAN_POINT('',(6.611877629584,1.324892477264));
#1801 = CARTESIAN_POINT('',(6.652188163014,1.352607953483));
#1802 = CARTESIAN_POINT('',(6.692498608539,1.380323357011));
#1803 = CARTESIAN_POINT('',(6.732808966071,1.408038691403));
#1804 = CARTESIAN_POINT('',(6.77311929896,1.435754007326));
#1805 = CARTESIAN_POINT('',(6.813429702277,1.463469377604));
#1806 = CARTESIAN_POINT('',(6.853740214707,1.491184833603));
#1807 = CARTESIAN_POINT('',(6.880613801195,1.509661748446));
#1808 = CARTESIAN_POINT('',(6.894050545378,1.518900173232));
#1809 = ( GEOMETRIC_REPRESENTATION_CONTEXT(2) 
PARAMETRIC_REPRESENTATION_CONTEXT() REPRESENTATION_CONTEXT('2D SPACE',''
  ) );
#1810 = PCURVE('',#1811,#1826);
#1811 = B_SPLINE_SURFACE_WITH_KNOTS('',1,6,(
    (#1812,#1813,#1814,#1815,#1816,#1817,#1818)
    ,(#1819,#1820,#1821,#1822,#1823,#1824,#1825
  )),.UNSPECIFIED.,.F.,.F.,.F.,(2,2),(7,7),(0.,0.9),(0.,1.080210122553),
  .PIECEWISE_BEZIER_KNOTS.);
#1812 = CARTESIAN_POINT('',(13.278695198915,-3.757469411842,
    0.609161958376));
#1813 = CARTESIAN_POINT('',(13.836126995083,-1.787535321272,
    0.711161963956));
#1814 = CARTESIAN_POINT('',(14.042864124837,0.281634782384,
    0.813161942742));
#1815 = CARTESIAN_POINT('',(13.876819982936,2.37203079631,0.91516195895)
  );
#1816 = CARTESIAN_POINT('',(13.339081840672,4.398891297638,
    1.017161975594));
#1817 = CARTESIAN_POINT('',(12.456778958247,6.281906664368,
    1.119161954189));
#1818 = CARTESIAN_POINT('',(11.276655831382,7.954832225773,
    1.221161959792));
#1819 = CARTESIAN_POINT('',(14.143830725259,-4.005543032077,
    0.609161958376));
#1820 = CARTESIAN_POINT('',(14.738064984516,-1.907263500163,
    0.711161952773));
#1821 = CARTESIAN_POINT('',(14.958756055421,0.296803730058,
    0.813161974178));
#1822 = CARTESIAN_POINT('',(14.782359194454,2.523566090662,
    0.915161957533));
#1823 = CARTESIAN_POINT('',(14.210013200538,4.682734021495,
    1.017161941326));
#1824 = CARTESIAN_POINT('',(13.270598398995,6.68875416831,1.11916196254)
  );
#1825 = CARTESIAN_POINT('',(12.013892671164,8.471051018601,1.22116195696
    ));
#1826 = DEFINITIONAL_REPRESENTATION('',(#1827),#1853);
#1827 = B_SPLINE_CURVE_WITH_KNOTS('',3,(#1828,#1829,#1830,#1831,#1832,
    #1833,#1834,#1835,#1836,#1837,#1838,#1839,#1840,#1841,#1842,#1843,
    #1844,#1845,#1846,#1847,#1848,#1849,#1850,#1851,#1852),
  .UNSPECIFIED.,.F.,.F.,(4,1,1,1,1,1,1,1,1,1,1,1,1,1,1,1,1,1,1,1,1,1,4),
  (0.,0.146071451209,0.292142902417,0.438214353626,0.584285804834,
    0.730357256043,0.876428707252,1.02250015846,1.168571609669,
    1.314643060877,1.460714512086,1.606785963294,1.752857414503,
    1.898928865712,2.04500031692,2.191071768129,2.337143219337,
    2.483214670546,2.629286121755,2.775357572963,2.921429024172,
    3.06750047538,3.213571926589),.QUASI_UNIFORM_KNOTS.);
#1828 = CARTESIAN_POINT('',(0.849920731301,0.));
#1829 = CARTESIAN_POINT('',(0.849920726128,1.630627182563E-02));
#1830 = CARTESIAN_POINT('',(0.849920740337,4.891888644197E-02));
#1831 = CARTESIAN_POINT('',(0.849920817101,9.783789205244E-02));
#1832 = CARTESIAN_POINT('',(0.849920946239,0.146756766046));
#1833 = CARTESIAN_POINT('',(0.849921071686,0.195675594448));
#1834 = CARTESIAN_POINT('',(0.849921149574,0.2445944666));
#1835 = CARTESIAN_POINT('',(0.849921155855,0.293513495337));
#1836 = CARTESIAN_POINT('',(0.849921095088,0.342432267453));
#1837 = CARTESIAN_POINT('',(0.849920989782,0.391351332628));
#1838 = CARTESIAN_POINT('',(0.849920877396,0.440270533037));
#1839 = CARTESIAN_POINT('',(0.849920791161,0.489189613325));
#1840 = CARTESIAN_POINT('',(0.849920758863,0.538108632137));
#1841 = CARTESIAN_POINT('',(0.84992079077,0.587027696735));
#1842 = CARTESIAN_POINT('',(0.849920876232,0.635946869321));
#1843 = CARTESIAN_POINT('',(0.849920991161,0.684866080715));
#1844 = CARTESIAN_POINT('',(0.849921099417,0.733784834296));
#1845 = CARTESIAN_POINT('',(0.849921165407,0.782704013925));
#1846 = CARTESIAN_POINT('',(0.849921163304,0.831623063717));
#1847 = CARTESIAN_POINT('',(0.849921087406,0.880541992206));
#1848 = CARTESIAN_POINT('',(0.849920961022,0.92946088821));
#1849 = CARTESIAN_POINT('',(0.849920826861,0.978379879166));
#1850 = CARTESIAN_POINT('',(0.849920742494,1.02729902197));
#1851 = CARTESIAN_POINT('',(0.849920727346,1.059911686917));
#1852 = CARTESIAN_POINT('',(0.849920734198,1.076217962485));
#1853 = ( GEOMETRIC_REPRESENTATION_CONTEXT(2) 
PARAMETRIC_REPRESENTATION_CONTEXT() REPRESENTATION_CONTEXT('2D SPACE',''
  ) );
#1854 = ORIENTED_EDGE('',*,*,#1855,.T.);
#1855 = EDGE_CURVE('',#1760,#1856,#1858,.T.);
#1856 = VERTEX_POINT('',#1857);
#1857 = CARTESIAN_POINT('',(14.076929954037,-4.057405953208,
    2.024612672971));
#1858 = SURFACE_CURVE('',#1859,(#1864,#1874),.PCURVE_S1.);
#1859 = ELLIPSE('',#1860,303.98596734882,14.65);
#1860 = AXIS2_PLACEMENT_3D('',#1861,#1862,#1863);
#1861 = CARTESIAN_POINT('',(0.,0.,1.608000000002));
#1862 = DIRECTION('',(-0.275317076683,-0.960144749859,
    -4.819301406499E-02));
#1863 = DIRECTION('',(-1.328379496572E-02,-4.632609843249E-02,
    0.998838041624));
#1864 = PCURVE('',#221,#1865);
#1865 = DEFINITIONAL_REPRESENTATION('',(#1866),#1873);
#1866 = B_SPLINE_CURVE_WITH_KNOTS('',5,(#1867,#1868,#1869,#1870,#1871,
    #1872),.UNSPECIFIED.,.F.,.F.,(6,6),(4.708613566407,4.714442930523),
  .PIECEWISE_BEZIER_KNOTS.);
#1867 = CARTESIAN_POINT('',(6.007708040838,0.761663401233));
#1868 = CARTESIAN_POINT('',(6.006542168015,1.11565804784));
#1869 = CARTESIAN_POINT('',(6.005376295192,1.469654642158));
#1870 = CARTESIAN_POINT('',(6.004210422368,1.823652181748));
#1871 = CARTESIAN_POINT('',(6.003044549545,2.177649664161));
#1872 = CARTESIAN_POINT('',(6.001878676722,2.531646086954));
#1873 = ( GEOMETRIC_REPRESENTATION_CONTEXT(2) 
PARAMETRIC_REPRESENTATION_CONTEXT() REPRESENTATION_CONTEXT('2D SPACE',''
  ) );
#1874 = PCURVE('',#1875,#1880);
#1875 = PLANE('',#1876);
#1876 = AXIS2_PLACEMENT_3D('',#1877,#1878,#1879);
#1877 = CARTESIAN_POINT('',(13.760523160233,-3.92751261901,
    1.244329262827));
#1878 = DIRECTION('',(-0.275317076683,-0.960144749859,
    -4.819301406499E-02));
#1879 = DIRECTION('',(1.328379496572E-02,4.632609843249E-02,
    -0.998838041624));
#1880 = DEFINITIONAL_REPRESENTATION('',(#1881),#1885);
#1881 = ELLIPSE('',#1882,303.98596734882,14.65);
#1882 = AXIS2_PLACEMENT_2D('',#1883,#1884);
#1883 = CARTESIAN_POINT('',(-0.364093799015,-14.31003302324));
#1884 = DIRECTION('',(-1.,-3.731737648488E-16));
#1885 = ( GEOMETRIC_REPRESENTATION_CONTEXT(2) 
PARAMETRIC_REPRESENTATION_CONTEXT() REPRESENTATION_CONTEXT('2D SPACE',''
  ) );
#1886 = ORIENTED_EDGE('',*,*,#1887,.F.);
#1887 = EDGE_CURVE('',#1888,#1856,#1890,.T.);
#1888 = VERTEX_POINT('',#1889);
#1889 = CARTESIAN_POINT('',(12.012095713905,8.386420962483,
    2.636612670148));
#1890 = SURFACE_CURVE('',#1891,(#1909,#1938),.PCURVE_S1.);
#1891 = B_SPLINE_CURVE_WITH_KNOTS('',6,(#1892,#1893,#1894,#1895,#1896,
    #1897,#1898,#1899,#1900,#1901,#1902,#1903,#1904,#1905,#1906,#1907,
    #1908),.UNSPECIFIED.,.F.,.F.,(7,5,5,7),(0.,0.368591294156,1.,
    1.460425809741),.UNSPECIFIED.);
#1892 = CARTESIAN_POINT('',(12.012095713905,8.386420962483,
    2.636612670148));
#1893 = CARTESIAN_POINT('',(12.326099594251,7.936664781375,
    2.610869490517));
#1894 = CARTESIAN_POINT('',(12.619897613891,7.472797330908,
    2.585126327398));
#1895 = CARTESIAN_POINT('',(12.892693379302,6.995959941968,
    2.559383212988));
#1896 = CARTESIAN_POINT('',(13.143781691113,6.507343435236,
    2.533640140599));
#1897 = CARTESIAN_POINT('',(13.372548544103,6.008188121186,
    2.507897064665));
#1898 = CARTESIAN_POINT('',(13.931223115005,4.628870895956,
    2.438055035469));
#1899 = CARTESIAN_POINT('',(14.216962158934,3.730761421944,
    2.393953572451));
#1900 = CARTESIAN_POINT('',(14.43302178622,2.812001421315,2.349854465868
    ));
#1901 = CARTESIAN_POINT('',(14.57767859569,1.879329873291,2.305756072635
    ));
#1902 = CARTESIAN_POINT('',(14.65,0.939639968186,2.26165512776));
#1903 = CARTESIAN_POINT('',(14.65,-0.685189306408,2.185399399533));
#1904 = CARTESIAN_POINT('',(14.611543937873,-1.370388974251,
    2.153241862568));
#1905 = CARTESIAN_POINT('',(14.534629663903,-2.052878385235,
    2.121084755175));
#1906 = CARTESIAN_POINT('',(14.419515689086,-2.729972424541,
    2.088927354042));
#1907 = CARTESIAN_POINT('',(14.266697266745,-3.399019486742,
    2.056769765555));
#1908 = CARTESIAN_POINT('',(14.076929954037,-4.057405953208,
    2.024612672971));
#1909 = PCURVE('',#221,#1910);
#1910 = DEFINITIONAL_REPRESENTATION('',(#1911),#1937);
#1911 = B_SPLINE_CURVE_WITH_KNOTS('',3,(#1912,#1913,#1914,#1915,#1916,
    #1917,#1918,#1919,#1920,#1921,#1922,#1923,#1924,#1925,#1926,#1927,
    #1928,#1929,#1930,#1931,#1932,#1933,#1934,#1935,#1936),
  .UNSPECIFIED.,.F.,.F.,(4,1,1,1,1,1,1,1,1,1,1,1,1,1,1,1,1,1,1,1,1,1,4),
  (0.,6.638299135186E-02,0.132765982704,0.199148974056,0.265531965407,
    0.331914956759,0.398297948111,0.464680939463,0.531063930815,
    0.597446922167,0.663829913519,0.73021290487,0.796595896222,
    0.862978887574,0.929361878926,0.995744870278,1.06212786163,
    1.128510852982,1.194893844334,1.261276835685,1.327659827037,
    1.394042818389,1.460425809741),.QUASI_UNIFORM_KNOTS.);
#1912 = CARTESIAN_POINT('',(6.892678450954,2.936612670148));
#1913 = CARTESIAN_POINT('',(6.879191910597,2.927340017624));
#1914 = CARTESIAN_POINT('',(6.852218809507,2.908794722555));
#1915 = CARTESIAN_POINT('',(6.811759133303,2.880976809262));
#1916 = CARTESIAN_POINT('',(6.771299507378,2.853158929072));
#1917 = CARTESIAN_POINT('',(6.73083987258,2.825341070315));
#1918 = CARTESIAN_POINT('',(6.690380159682,2.797523190398));
#1919 = CARTESIAN_POINT('',(6.64992062136,2.769705297527));
#1920 = CARTESIAN_POINT('',(6.609460267564,2.741886737702));
#1921 = CARTESIAN_POINT('',(6.56899987666,2.714068083976));
#1922 = CARTESIAN_POINT('',(6.528539644282,2.686249515752));
#1923 = CARTESIAN_POINT('',(6.488079589575,2.6584310951));
#1924 = CARTESIAN_POINT('',(6.44761958421,2.630612767808));
#1925 = CARTESIAN_POINT('',(6.407159468837,2.602794439136));
#1926 = CARTESIAN_POINT('',(6.366699169965,2.574976053254));
#1927 = CARTESIAN_POINT('',(6.32623872117,2.54715761044));
#1928 = CARTESIAN_POINT('',(6.285778680708,2.519339456766));
#1929 = CARTESIAN_POINT('',(6.245319093623,2.491521573286));
#1930 = CARTESIAN_POINT('',(6.204859223356,2.463703427016));
#1931 = CARTESIAN_POINT('',(6.164399496245,2.435885299644));
#1932 = CARTESIAN_POINT('',(6.123939797952,2.408067133871));
#1933 = CARTESIAN_POINT('',(6.083480066927,2.380248935136));
#1934 = CARTESIAN_POINT('',(6.043020238743,2.352430724012));
#1935 = CARTESIAN_POINT('',(6.016047078738,2.333885331662));
#1936 = CARTESIAN_POINT('',(6.002560532427,2.324612672971));
#1937 = ( GEOMETRIC_REPRESENTATION_CONTEXT(2) 
PARAMETRIC_REPRESENTATION_CONTEXT() REPRESENTATION_CONTEXT('2D SPACE',''
  ) );
#1938 = PCURVE('',#1939,#1954);
#1939 = B_SPLINE_SURFACE_WITH_KNOTS('',1,6,(
    (#1940,#1941,#1942,#1943,#1944,#1945,#1946)
    ,(#1947,#1948,#1949,#1950,#1951,#1952,#1953
  )),.UNSPECIFIED.,.F.,.F.,.F.,(2,2),(7,7),(0.,0.622289530744),(0.,
    1.080210122553),.PIECEWISE_BEZIER_KNOTS.);
#1940 = CARTESIAN_POINT('',(14.124214526144,-4.073952848205,
    2.08414752981));
#1941 = CARTESIAN_POINT('',(14.728597603823,-1.978583442786,
    2.186147524224));
#1942 = CARTESIAN_POINT('',(14.959955477807,0.224380414803,
    2.288147545488));
#1943 = CARTESIAN_POINT('',(14.794341720682,2.451961351817,
    2.390147529166));
#1944 = CARTESIAN_POINT('',(14.232457853981,4.613865939348,
    2.492147512636));
#1945 = CARTESIAN_POINT('',(13.302769489606,6.624402117513,
    2.594147533991));
#1946 = CARTESIAN_POINT('',(12.054712213204,8.412754679111,
    2.696147528394));
#1947 = CARTESIAN_POINT('',(13.746042251918,-3.941614188183,1.608));
#1948 = CARTESIAN_POINT('',(14.330792488086,-1.902347768531,
    1.709999999379));
#1949 = CARTESIAN_POINT('',(14.552505205959,0.241017995867,
    1.812000001746));
#1950 = CARTESIAN_POINT('',(14.388011709184,2.407727418913,
    1.913999999921));
#1951 = CARTESIAN_POINT('',(13.838131777843,4.509945270494,
    2.015999998096));
#1952 = CARTESIAN_POINT('',(12.930686648405,6.464354814658,
    2.118000000464));
#1953 = CARTESIAN_POINT('',(11.713874233328,8.202143039826,
    2.219999999843));
#1954 = DEFINITIONAL_REPRESENTATION('',(#1955),#1981);
#1955 = B_SPLINE_CURVE_WITH_KNOTS('',3,(#1956,#1957,#1958,#1959,#1960,
    #1961,#1962,#1963,#1964,#1965,#1966,#1967,#1968,#1969,#1970,#1971,
    #1972,#1973,#1974,#1975,#1976,#1977,#1978,#1979,#1980),
  .UNSPECIFIED.,.F.,.F.,(4,1,1,1,1,1,1,1,1,1,1,1,1,1,1,1,1,1,1,1,1,1,4),
  (0.,6.638299135186E-02,0.132765982704,0.199148974056,0.265531965407,
    0.331914956759,0.398297948111,0.464680939463,0.531063930815,
    0.597446922167,0.663829913519,0.73021290487,0.796595896222,
    0.862978887574,0.929361878926,0.995744870278,1.06212786163,
    1.128510852982,1.194893844334,1.261276835685,1.327659827037,
    1.394042818389,1.460425809741),.QUASI_UNIFORM_KNOTS.);
#1956 = CARTESIAN_POINT('',(7.78076473768E-02,1.080210122553));
#1957 = CARTESIAN_POINT('',(7.780765766394E-02,1.063843416364));
#1958 = CARTESIAN_POINT('',(7.780762269172E-02,1.031109984128));
#1959 = CARTESIAN_POINT('',(7.780747429978E-02,0.982009821209));
#1960 = CARTESIAN_POINT('',(7.78073048729E-02,0.932909739258));
#1961 = CARTESIAN_POINT('',(7.78071746352E-02,0.883809656966));
#1962 = CARTESIAN_POINT('',(7.780700970077E-02,0.834709478296));
#1963 = CARTESIAN_POINT('',(7.780697912756E-02,0.785609497074));
#1964 = CARTESIAN_POINT('',(7.780708161017E-02,0.73650850294));
#1965 = CARTESIAN_POINT('',(7.780724538843E-02,0.687407436328));
#1966 = CARTESIAN_POINT('',(7.780742491068E-02,0.638306535738));
#1967 = CARTESIAN_POINT('',(7.780755847856E-02,0.589205830294));
#1968 = CARTESIAN_POINT('',(7.780760505806E-02,0.540105173707));
#1969 = CARTESIAN_POINT('',(7.780755260791E-02,0.491004383905));
#1970 = CARTESIAN_POINT('',(7.780741916467E-02,0.441903382937));
#1971 = CARTESIAN_POINT('',(7.780724282405E-02,0.392802220775));
#1972 = CARTESIAN_POINT('',(7.780707232359E-02,0.343701580448));
#1973 = CARTESIAN_POINT('',(7.780697639465E-02,0.294601517337));
#1974 = CARTESIAN_POINT('',(7.78069855831E-02,0.245501133174));
#1975 = CARTESIAN_POINT('',(7.780710874516E-02,0.196400936325));
#1976 = CARTESIAN_POINT('',(7.780730840568E-02,0.147300775947));
#1977 = CARTESIAN_POINT('',(7.780751430118E-02,9.82005654866E-02));
#1978 = CARTESIAN_POINT('',(7.780763565127E-02,4.910021737455E-02));
#1979 = CARTESIAN_POINT('',(7.780765567175E-02,1.636671342152E-02));
#1980 = CARTESIAN_POINT('',(7.780764533278E-02,0.));
#1981 = ( GEOMETRIC_REPRESENTATION_CONTEXT(2) 
PARAMETRIC_REPRESENTATION_CONTEXT() REPRESENTATION_CONTEXT('2D SPACE',''
  ) );
#1982 = ORIENTED_EDGE('',*,*,#1983,.F.);
#1983 = EDGE_CURVE('',#1984,#1888,#1986,.T.);
#1984 = VERTEX_POINT('',#1985);
#1985 = CARTESIAN_POINT('',(12.000577448834,8.402894792543,2.22));
#1986 = SURFACE_CURVE('',#1987,(#1992,#2002),.PCURVE_S1.);
#1987 = ELLIPSE('',#1988,303.98596734883,14.65);
#1988 = AXIS2_PLACEMENT_3D('',#1989,#1990,#1991);
#1989 = CARTESIAN_POINT('',(0.,0.,2.220000000006));
#1990 = DIRECTION('',(0.572909964407,-0.81820022371,-4.819301406498E-02)
  );
#1991 = DIRECTION('',(2.764237726441E-02,-3.947740599178E-02,
    0.998838041624));
#1992 = PCURVE('',#221,#1993);
#1993 = DEFINITIONAL_REPRESENTATION('',(#1994),#2001);
#1994 = B_SPLINE_CURVE_WITH_KNOTS('',5,(#1995,#1996,#1997,#1998,#1999,
    #2000),.UNSPECIFIED.,.F.,.F.,(6,6),(4.712388980385,4.714442930519),
  .PIECEWISE_BEZIER_KNOTS.);
#1995 = CARTESIAN_POINT('',(6.894050545378,2.519999999995));
#1996 = CARTESIAN_POINT('',(6.893639755351,2.644729304803));
#1997 = CARTESIAN_POINT('',(6.893228965324,2.769458609611));
#1998 = CARTESIAN_POINT('',(6.892818175297,2.89418787057));
#1999 = CARTESIAN_POINT('',(6.892407385271,3.018917043828));
#2000 = CARTESIAN_POINT('',(6.891996595244,3.143646085537));
#2001 = ( GEOMETRIC_REPRESENTATION_CONTEXT(2) 
PARAMETRIC_REPRESENTATION_CONTEXT() REPRESENTATION_CONTEXT('2D SPACE',''
  ) );
#2002 = PCURVE('',#2003,#2008);
#2003 = PLANE('',#2004);
#2004 = AXIS2_PLACEMENT_3D('',#2005,#2006,#2007);
#2005 = CARTESIAN_POINT('',(11.712028385738,8.222271223612,
    1.856329262638));
#2006 = DIRECTION('',(0.572909964407,-0.81820022371,-4.819301406498E-02)
  );
#2007 = DIRECTION('',(0.819152044289,0.573576436351,-9.358329086079E-20)
  );
#2008 = DEFINITIONAL_REPRESENTATION('',(#2009),#2013);
#2009 = ELLIPSE('',#2010,303.98596734883,14.65);
#2010 = AXIS2_PLACEMENT_2D('',#2011,#2012);
#2011 = CARTESIAN_POINT('',(-14.31003302209,0.364093799208));
#2012 = DIRECTION('',(8.423137564717E-19,1.));
#2013 = ( GEOMETRIC_REPRESENTATION_CONTEXT(2) 
PARAMETRIC_REPRESENTATION_CONTEXT() REPRESENTATION_CONTEXT('2D SPACE',''
  ) );
#2014 = ORIENTED_EDGE('',*,*,#2015,.T.);
#2015 = EDGE_CURVE('',#1984,#2016,#2018,.T.);
#2016 = VERTEX_POINT('',#2017);
#2017 = CARTESIAN_POINT('',(12.000577448834,8.402894792543,3.1));
#2018 = SURFACE_CURVE('',#2019,(#2023,#2029),.PCURVE_S1.);
#2019 = LINE('',#2020,#2021);
#2020 = CARTESIAN_POINT('',(12.000577448834,8.402894792543,-0.3));
#2021 = VECTOR('',#2022,1.);
#2022 = DIRECTION('',(0.,0.,1.));
#2023 = PCURVE('',#221,#2024);
#2024 = DEFINITIONAL_REPRESENTATION('',(#2025),#2028);
#2025 = B_SPLINE_CURVE_WITH_KNOTS('',1,(#2026,#2027),.UNSPECIFIED.,.F.,
  .F.,(2,2),(0.,3.4),.PIECEWISE_BEZIER_KNOTS.);
#2026 = CARTESIAN_POINT('',(6.894050545378,0.));
#2027 = CARTESIAN_POINT('',(6.894050545378,3.4));
#2028 = ( GEOMETRIC_REPRESENTATION_CONTEXT(2) 
PARAMETRIC_REPRESENTATION_CONTEXT() REPRESENTATION_CONTEXT('2D SPACE',''
  ) );
#2029 = PCURVE('',#665,#2030);
#2030 = DEFINITIONAL_REPRESENTATION('',(#2031),#2034);
#2031 = B_SPLINE_CURVE_WITH_KNOTS('',1,(#2032,#2033),.UNSPECIFIED.,.F.,
  .F.,(2,2),(-6.000000000173E-07,3.4000006),.PIECEWISE_BEZIER_KNOTS.);
#2032 = CARTESIAN_POINT('',(2.,6.000000000173E-07));
#2033 = CARTESIAN_POINT('',(2.,-3.4000006));
#2034 = ( GEOMETRIC_REPRESENTATION_CONTEXT(2) 
PARAMETRIC_REPRESENTATION_CONTEXT() REPRESENTATION_CONTEXT('2D SPACE',''
  ) );
#2035 = ORIENTED_EDGE('',*,*,#2036,.T.);
#2036 = EDGE_CURVE('',#2016,#1690,#2037,.T.);
#2037 = SURFACE_CURVE('',#2038,(#2043,#2050),.PCURVE_S1.);
#2038 = CIRCLE('',#2039,14.65);
#2039 = AXIS2_PLACEMENT_3D('',#2040,#2041,#2042);
#2040 = CARTESIAN_POINT('',(0.,0.,3.1));
#2041 = DIRECTION('',(0.,0.,-1.));
#2042 = DIRECTION('',(0.819152044289,0.573576436351,0.));
#2043 = PCURVE('',#221,#2044);
#2044 = DEFINITIONAL_REPRESENTATION('',(#2045),#2049);
#2045 = LINE('',#2046,#2047);
#2046 = CARTESIAN_POINT('',(6.894050545378,3.4));
#2047 = VECTOR('',#2048,1.);
#2048 = DIRECTION('',(-1.,-0.));
#2049 = ( GEOMETRIC_REPRESENTATION_CONTEXT(2) 
PARAMETRIC_REPRESENTATION_CONTEXT() REPRESENTATION_CONTEXT('2D SPACE',''
  ) );
#2050 = PCURVE('',#563,#2051);
#2051 = DEFINITIONAL_REPRESENTATION('',(#2052),#2060);
#2052 = ( BOUNDED_CURVE() B_SPLINE_CURVE(2,(#2053,#2054,#2055,#2056,
#2057,#2058,#2059),.UNSPECIFIED.,.T.,.F.) B_SPLINE_CURVE_WITH_KNOTS((1,2
    ,2,2,2,1),(-2.094395102393,0.,2.094395102393,4.188790204786,
6.28318530718,8.377580409573),.UNSPECIFIED.) CURVE() 
GEOMETRIC_REPRESENTATION_ITEM() RATIONAL_B_SPLINE_CURVE((1.,0.5,1.,0.5,
1.,0.5,1.)) REPRESENTATION_ITEM('') );
#2053 = CARTESIAN_POINT('',(1.964873855594,9.192721794517));
#2054 = CARTESIAN_POINT('',(16.519114566935,-11.59288806702));
#2055 = CARTESIAN_POINT('',(-8.758871961986,-13.80442532507));
#2056 = CARTESIAN_POINT('',(-34.0368584909,-16.01596258311));
#2057 = CARTESIAN_POINT('',(-23.31311267332,6.981184536475));
#2058 = CARTESIAN_POINT('',(-12.58936685574,29.978331656062));
#2059 = CARTESIAN_POINT('',(1.964873855594,9.192721794517));
#2060 = ( GEOMETRIC_REPRESENTATION_CONTEXT(2) 
PARAMETRIC_REPRESENTATION_CONTEXT() REPRESENTATION_CONTEXT('2D SPACE',''
  ) );
#2061 = ADVANCED_FACE('',(#2062),#193,.T.);
#2062 = FACE_BOUND('',#2063,.T.);
#2063 = EDGE_LOOP('',(#2064,#2065,#2066,#2067,#2096));
#2064 = ORIENTED_EDGE('',*,*,#676,.F.);
#2065 = ORIENTED_EDGE('',*,*,#178,.T.);
#2066 = ORIENTED_EDGE('',*,*,#1738,.T.);
#2067 = ORIENTED_EDGE('',*,*,#2068,.T.);
#2068 = EDGE_CURVE('',#1739,#2069,#2071,.T.);
#2069 = VERTEX_POINT('',#2070);
#2070 = CARTESIAN_POINT('',(11.30436714105,7.915403086853,1.218760876989
    ));
#2071 = SURFACE_CURVE('',#2072,(#2078,#2087),.PCURVE_S1.);
#2072 = B_SPLINE_CURVE_WITH_KNOTS('',4,(#2073,#2074,#2075,#2076,#2077),
  .UNSPECIFIED.,.F.,.F.,(5,5),(0.,1.),.PIECEWISE_BEZIER_KNOTS.);
#2073 = CARTESIAN_POINT('',(12.000577448834,8.402894792543,
    1.218900173232));
#2074 = CARTESIAN_POINT('',(11.826524842339,8.28102184543,1.218867369524
    ));
#2075 = CARTESIAN_POINT('',(11.652472254389,8.159148911302,
    1.218833296911));
#2076 = CARTESIAN_POINT('',(11.478419686603,8.037275991294,
    1.218797845832));
#2077 = CARTESIAN_POINT('',(11.30436714105,7.915403086853,1.218760876989
    ));
#2078 = PCURVE('',#193,#2079);
#2079 = DEFINITIONAL_REPRESENTATION('',(#2080),#2086);
#2080 = B_SPLINE_CURVE_WITH_KNOTS('',4,(#2081,#2082,#2083,#2084,#2085),
  .UNSPECIFIED.,.F.,.F.,(5,5),(0.,1.),.PIECEWISE_BEZIER_KNOTS.);
#2081 = CARTESIAN_POINT('',(2.,-1.518900173232));
#2082 = CARTESIAN_POINT('',(2.212478999117,-1.518867369524));
#2083 = CARTESIAN_POINT('',(2.424957975594,-1.518833296911));
#2084 = CARTESIAN_POINT('',(2.637436927455,-1.518797845832));
#2085 = CARTESIAN_POINT('',(2.849915852177,-1.518760876989));
#2086 = ( GEOMETRIC_REPRESENTATION_CONTEXT(2) 
PARAMETRIC_REPRESENTATION_CONTEXT() REPRESENTATION_CONTEXT('2D SPACE',''
  ) );
#2087 = PCURVE('',#1811,#2088);
#2088 = DEFINITIONAL_REPRESENTATION('',(#2089),#2095);
#2089 = B_SPLINE_CURVE_WITH_KNOTS('',4,(#2090,#2091,#2092,#2093,#2094),
  .UNSPECIFIED.,.F.,.F.,(5,5),(0.,1.),.PIECEWISE_BEZIER_KNOTS.);
#2090 = CARTESIAN_POINT('',(0.849920734198,1.076217962481));
#2091 = CARTESIAN_POINT('',(0.637440585384,1.076160061238));
#2092 = CARTESIAN_POINT('',(0.424960414737,1.076099920326));
#2093 = CARTESIAN_POINT('',(0.212480220395,1.076037346346));
#2094 = CARTESIAN_POINT('',(0.,1.075972093447));
#2095 = ( GEOMETRIC_REPRESENTATION_CONTEXT(2) 
PARAMETRIC_REPRESENTATION_CONTEXT() REPRESENTATION_CONTEXT('2D SPACE',''
  ) );
#2096 = ORIENTED_EDGE('',*,*,#2097,.T.);
#2097 = EDGE_CURVE('',#2069,#651,#2098,.T.);
#2098 = SURFACE_CURVE('',#2099,(#2105,#2114),.PCURVE_S1.);
#2099 = B_SPLINE_CURVE_WITH_KNOTS('',4,(#2100,#2101,#2102,#2103,#2104),
  .UNSPECIFIED.,.F.,.F.,(5,5),(0.,1.),.PIECEWISE_BEZIER_KNOTS.);
#2100 = CARTESIAN_POINT('',(11.30436714105,7.915403086853,1.218760876989
    ));
#2101 = CARTESIAN_POINT('',(11.304332675584,7.915378953874,
    1.469070654496));
#2102 = CARTESIAN_POINT('',(11.304309698677,7.915362865271,
    1.719380435605));
#2103 = CARTESIAN_POINT('',(11.304298210543,7.915354821193,
    1.969690218508));
#2104 = CARTESIAN_POINT('',(11.304298211188,7.915354821644,
    2.220000001416));
#2105 = PCURVE('',#193,#2106);
#2106 = DEFINITIONAL_REPRESENTATION('',(#2107),#2113);
#2107 = B_SPLINE_CURVE_WITH_KNOTS('',4,(#2108,#2109,#2110,#2111,#2112),
  .UNSPECIFIED.,.F.,.F.,(5,5),(0.,1.),.PIECEWISE_BEZIER_KNOTS.);
#2108 = CARTESIAN_POINT('',(2.849915852177,-1.518760876989));
#2109 = CARTESIAN_POINT('',(2.849957926741,-1.769070654496));
#2110 = CARTESIAN_POINT('',(2.849985976366,-2.019380435605));
#2111 = CARTESIAN_POINT('',(2.850000000788,-2.269690218508));
#2112 = CARTESIAN_POINT('',(2.85,-2.520000001416));
#2113 = ( GEOMETRIC_REPRESENTATION_CONTEXT(2) 
PARAMETRIC_REPRESENTATION_CONTEXT() REPRESENTATION_CONTEXT('2D SPACE',''
  ) );
#2114 = PCURVE('',#2115,#2130);
#2115 = B_SPLINE_SURFACE_WITH_KNOTS('',1,6,(
    (#2116,#2117,#2118,#2119,#2120,#2121,#2122)
    ,(#2123,#2124,#2125,#2126,#2127,#2128,#2129
  )),.UNSPECIFIED.,.F.,.F.,.F.,(2,2),(7,7),(0.,1.),(0.,1.080210122553),
  .PIECEWISE_BEZIER_KNOTS.);
#2116 = CARTESIAN_POINT('',(13.265411403949,-3.803795510275,1.608));
#2117 = CARTESIAN_POINT('',(13.82971582729,-1.835832113592,
    1.710000005592));
#2118 = CARTESIAN_POINT('',(14.043676355634,0.232590802715,
    1.811999984282));
#2119 = CARTESIAN_POINT('',(13.884934369451,2.323541144273,
    1.914000000708));
#2120 = CARTESIAN_POINT('',(13.354281022362,4.352254868351,
    2.016000017134));
#2121 = CARTESIAN_POINT('',(12.478564736878,6.238328423579,
    2.117999995825));
#2122 = CARTESIAN_POINT('',(11.304298211227,7.915354821588,
    2.220000001416));
#2123 = CARTESIAN_POINT('',(13.278695198915,-3.757469411842,
    0.609161958376));
#2124 = CARTESIAN_POINT('',(13.836126995083,-1.787535321272,
    0.711161963956));
#2125 = CARTESIAN_POINT('',(14.042864124837,0.281634782384,
    0.813161942742));
#2126 = CARTESIAN_POINT('',(13.876819982936,2.37203079631,0.91516195895)
  );
#2127 = CARTESIAN_POINT('',(13.339081840672,4.398891297638,
    1.017161975594));
#2128 = CARTESIAN_POINT('',(12.456778958247,6.281906664368,
    1.119161954189));
#2129 = CARTESIAN_POINT('',(11.276655831382,7.954832225773,
    1.221161959792));
#2130 = DEFINITIONAL_REPRESENTATION('',(#2131),#2137);
#2131 = B_SPLINE_CURVE_WITH_KNOTS('',4,(#2132,#2133,#2134,#2135,#2136),
  .UNSPECIFIED.,.F.,.F.,(5,5),(0.,1.),.PIECEWISE_BEZIER_KNOTS.);
#2132 = CARTESIAN_POINT('',(1.,1.075972093447));
#2133 = CARTESIAN_POINT('',(0.74999999872,1.077031592114));
#2134 = CARTESIAN_POINT('',(0.499999998722,1.0780910994));
#2135 = CARTESIAN_POINT('',(0.249999999359,1.079150610969));
#2136 = CARTESIAN_POINT('',(0.,1.080210122553));
#2137 = ( GEOMETRIC_REPRESENTATION_CONTEXT(2) 
PARAMETRIC_REPRESENTATION_CONTEXT() REPRESENTATION_CONTEXT('2D SPACE',''
  ) );
#2138 = ADVANCED_FACE('',(#2139,#2170),#487,.F.);
#2139 = FACE_BOUND('',#2140,.F.);
#2140 = EDGE_LOOP('',(#2141));
#2141 = ORIENTED_EDGE('',*,*,#2142,.T.);
#2142 = EDGE_CURVE('',#2143,#2143,#2145,.T.);
#2143 = VERTEX_POINT('',#2144);
#2144 = CARTESIAN_POINT('',(14.87,-3.642099580664E-15,5.7875));
#2145 = SURFACE_CURVE('',#2146,(#2151,#2158),.PCURVE_S1.);
#2146 = CIRCLE('',#2147,14.87);
#2147 = AXIS2_PLACEMENT_3D('',#2148,#2149,#2150);
#2148 = CARTESIAN_POINT('',(0.,0.,5.7875));
#2149 = DIRECTION('',(0.,0.,1.));
#2150 = DIRECTION('',(1.,0.,-0.));
#2151 = PCURVE('',#487,#2152);
#2152 = DEFINITIONAL_REPRESENTATION('',(#2153),#2157);
#2153 = CIRCLE('',#2154,14.87);
#2154 = AXIS2_PLACEMENT_2D('',#2155,#2156);
#2155 = CARTESIAN_POINT('',(0.,0.));
#2156 = DIRECTION('',(1.,0.));
#2157 = ( GEOMETRIC_REPRESENTATION_CONTEXT(2) 
PARAMETRIC_REPRESENTATION_CONTEXT() REPRESENTATION_CONTEXT('2D SPACE',''
  ) );
#2158 = PCURVE('',#2159,#2164);
#2159 = CYLINDRICAL_SURFACE('',#2160,14.87);
#2160 = AXIS2_PLACEMENT_3D('',#2161,#2162,#2163);
#2161 = CARTESIAN_POINT('',(0.,0.,3.7625));
#2162 = DIRECTION('',(0.,0.,1.));
#2163 = DIRECTION('',(1.,0.,-0.));
#2164 = DEFINITIONAL_REPRESENTATION('',(#2165),#2169);
#2165 = LINE('',#2166,#2167);
#2166 = CARTESIAN_POINT('',(0.,2.025));
#2167 = VECTOR('',#2168,1.);
#2168 = DIRECTION('',(1.,0.));
#2169 = ( GEOMETRIC_REPRESENTATION_CONTEXT(2) 
PARAMETRIC_REPRESENTATION_CONTEXT() REPRESENTATION_CONTEXT('2D SPACE',''
  ) );
#2170 = FACE_BOUND('',#2171,.F.);
#2171 = EDGE_LOOP('',(#2172));
#2172 = ORIENTED_EDGE('',*,*,#470,.F.);
#2173 = ADVANCED_FACE('',(#2174),#857,.T.);
#2174 = FACE_BOUND('',#2175,.T.);
#2175 = EDGE_LOOP('',(#2176,#2177,#2213,#2232,#2233));
#2176 = ORIENTED_EDGE('',*,*,#842,.F.);
#2177 = ORIENTED_EDGE('',*,*,#2178,.F.);
#2178 = EDGE_CURVE('',#2179,#843,#2181,.T.);
#2179 = VERTEX_POINT('',#2180);
#2180 = CARTESIAN_POINT('',(1.246327121299,-14.24558418271,
    2.219999999843));
#2181 = SURFACE_CURVE('',#2182,(#2185,#2191),.PCURVE_S1.);
#2182 = B_SPLINE_CURVE_WITH_KNOTS('',1,(#2183,#2184),.UNSPECIFIED.,.F.,
  .F.,(2,2),(0.,0.5),.PIECEWISE_BEZIER_KNOTS.);
#2183 = CARTESIAN_POINT('',(1.246327121299,-14.24558418271,
    2.219999999843));
#2184 = CARTESIAN_POINT('',(1.20274924985,-13.74748683367,2.220000001416
    ));
#2185 = PCURVE('',#857,#2186);
#2186 = DEFINITIONAL_REPRESENTATION('',(#2187),#2190);
#2187 = B_SPLINE_CURVE_WITH_KNOTS('',1,(#2188,#2189),.UNSPECIFIED.,.F.,
  .F.,(2,2),(0.,0.5),.PIECEWISE_BEZIER_KNOTS.);
#2188 = CARTESIAN_POINT('',(2.35,-2.519999999843));
#2189 = CARTESIAN_POINT('',(2.85,-2.520000001416));
#2190 = ( GEOMETRIC_REPRESENTATION_CONTEXT(2) 
PARAMETRIC_REPRESENTATION_CONTEXT() REPRESENTATION_CONTEXT('2D SPACE',''
  ) );
#2191 = PCURVE('',#2192,#2207);
#2192 = B_SPLINE_SURFACE_WITH_KNOTS('',1,6,(
    (#2193,#2194,#2195,#2196,#2197,#2198,#2199)
    ,(#2200,#2201,#2202,#2203,#2204,#2205,#2206
  )),.UNSPECIFIED.,.F.,.F.,.F.,(2,2),(7,7),(0.,0.5),(0.,1.080210122553),
  .PIECEWISE_BEZIER_KNOTS.);
#2193 = CARTESIAN_POINT('',(-10.28655914484,-9.933614697564,1.608));
#2194 = CARTESIAN_POINT('',(-8.812877738424,-11.45965646678,
    1.709999999379));
#2195 = CARTESIAN_POINT('',(-7.067524895789,-12.72334819499,
    1.812000001746));
#2196 = CARTESIAN_POINT('',(-5.108852744425,-13.66424735955,
    1.913999999921));
#2197 = CARTESIAN_POINT('',(-3.013338714996,-14.23914629577,
    2.015999998096));
#2198 = CARTESIAN_POINT('',(-0.867047835632,-14.43048053322,
    2.118000000464));
#2199 = CARTESIAN_POINT('',(1.246327121299,-14.24558418271,
    2.219999999843));
#2200 = CARTESIAN_POINT('',(-9.926889244673,-9.586285512334,1.608));
#2201 = CARTESIAN_POINT('',(-8.504735161099,-11.05896917675,
    1.710000005592));
#2202 = CARTESIAN_POINT('',(-6.820408633979,-12.27847588786,
    1.811999984282));
#2203 = CARTESIAN_POINT('',(-4.930221527047,-13.18647646596,
    1.914000000708));
#2204 = CARTESIAN_POINT('',(-2.907977231444,-13.74127404881,
    2.016000017134));
#2205 = CARTESIAN_POINT('',(-0.836731476469,-13.92591827669,
    2.117999995825));
#2206 = CARTESIAN_POINT('',(1.20274924985,-13.74748683367,2.220000001416
    ));
#2207 = DEFINITIONAL_REPRESENTATION('',(#2208),#2212);
#2208 = LINE('',#2209,#2210);
#2209 = CARTESIAN_POINT('',(0.,1.080210122553));
#2210 = VECTOR('',#2211,1.);
#2211 = DIRECTION('',(1.,0.));
#2212 = ( GEOMETRIC_REPRESENTATION_CONTEXT(2) 
PARAMETRIC_REPRESENTATION_CONTEXT() REPRESENTATION_CONTEXT('2D SPACE',''
  ) );
#2213 = ORIENTED_EDGE('',*,*,#2214,.T.);
#2214 = EDGE_CURVE('',#2179,#1559,#2215,.T.);
#2215 = SURFACE_CURVE('',#2216,(#2220,#2226),.PCURVE_S1.);
#2216 = LINE('',#2217,#2218);
#2217 = CARTESIAN_POINT('',(1.349172336767,-15.42111037468,
    2.219999999999));
#2218 = VECTOR('',#2219,1.);
#2219 = DIRECTION('',(8.715574274766E-02,-0.996194698092,
    -4.471465582172E-13));
#2220 = PCURVE('',#857,#2221);
#2221 = DEFINITIONAL_REPRESENTATION('',(#2222),#2225);
#2222 = B_SPLINE_CURVE_WITH_KNOTS('',1,(#2223,#2224),.UNSPECIFIED.,.F.,
  .F.,(2,2),(-1.68001651105,-0.83001651105),.PIECEWISE_BEZIER_KNOTS.);
#2223 = CARTESIAN_POINT('',(2.85,-2.52));
#2224 = CARTESIAN_POINT('',(2.,-2.52));
#2225 = ( GEOMETRIC_REPRESENTATION_CONTEXT(2) 
PARAMETRIC_REPRESENTATION_CONTEXT() REPRESENTATION_CONTEXT('2D SPACE',''
  ) );
#2226 = PCURVE('',#1578,#2227);
#2227 = DEFINITIONAL_REPRESENTATION('',(#2228),#2231);
#2228 = B_SPLINE_CURVE_WITH_KNOTS('',1,(#2229,#2230),.UNSPECIFIED.,.F.,
  .F.,(2,2),(-1.68001651105,-0.83001651105),.PIECEWISE_BEZIER_KNOTS.);
#2229 = CARTESIAN_POINT('',(-0.510033022099,0.364093799202));
#2230 = CARTESIAN_POINT('',(0.339966977901,0.364093799202));
#2231 = ( GEOMETRIC_REPRESENTATION_CONTEXT(2) 
PARAMETRIC_REPRESENTATION_CONTEXT() REPRESENTATION_CONTEXT('2D SPACE',''
  ) );
#2232 = ORIENTED_EDGE('',*,*,#1590,.T.);
#2233 = ORIENTED_EDGE('',*,*,#2234,.T.);
#2234 = EDGE_CURVE('',#1338,#814,#2235,.T.);
#2235 = SURFACE_CURVE('',#2236,(#2240,#2247),.PCURVE_S1.);
#2236 = LINE('',#2237,#2238);
#2237 = CARTESIAN_POINT('',(1.451143116749,-16.58664172322,3.1));
#2238 = VECTOR('',#2239,1.);
#2239 = DIRECTION('',(-8.715574274766E-02,0.996194698092,0.));
#2240 = PCURVE('',#857,#2241);
#2241 = DEFINITIONAL_REPRESENTATION('',(#2242),#2246);
#2242 = LINE('',#2243,#2244);
#2243 = CARTESIAN_POINT('',(0.,-3.4));
#2244 = VECTOR('',#2245,1.);
#2245 = DIRECTION('',(1.,0.));
#2246 = ( GEOMETRIC_REPRESENTATION_CONTEXT(2) 
PARAMETRIC_REPRESENTATION_CONTEXT() REPRESENTATION_CONTEXT('2D SPACE',''
  ) );
#2247 = PCURVE('',#830,#2248);
#2248 = DEFINITIONAL_REPRESENTATION('',(#2249),#2253);
#2249 = LINE('',#2250,#2251);
#2250 = CARTESIAN_POINT('',(7.153005161672,-8.290380967619));
#2251 = VECTOR('',#2252,1.);
#2252 = DIRECTION('',(-8.715574274766E-02,0.996194698092));
#2253 = ( GEOMETRIC_REPRESENTATION_CONTEXT(2) 
PARAMETRIC_REPRESENTATION_CONTEXT() REPRESENTATION_CONTEXT('2D SPACE',''
  ) );
#2254 = ADVANCED_FACE('',(#2255),#830,.F.);
#2255 = FACE_BOUND('',#2256,.F.);
#2256 = EDGE_LOOP('',(#2257,#2258,#2259,#2260));
#2257 = ORIENTED_EDGE('',*,*,#813,.F.);
#2258 = ORIENTED_EDGE('',*,*,#1313,.T.);
#2259 = ORIENTED_EDGE('',*,*,#1337,.T.);
#2260 = ORIENTED_EDGE('',*,*,#2234,.T.);
#2261 = ADVANCED_FACE('',(#2262),#761,.T.);
#2262 = FACE_BOUND('',#2263,.T.);
#2263 = EDGE_LOOP('',(#2264,#2265,#2301,#2320,#2321));
#2264 = ORIENTED_EDGE('',*,*,#746,.F.);
#2265 = ORIENTED_EDGE('',*,*,#2266,.F.);
#2266 = EDGE_CURVE('',#2267,#747,#2269,.T.);
#2267 = VERTEX_POINT('',#2268);
#2268 = CARTESIAN_POINT('',(-12.96020135462,6.043441142885,
    2.219999999843));
#2269 = SURFACE_CURVE('',#2270,(#2273,#2279),.PCURVE_S1.);
#2270 = B_SPLINE_CURVE_WITH_KNOTS('',1,(#2271,#2272),.UNSPECIFIED.,.F.,
  .F.,(2,2),(0.,0.5),.PIECEWISE_BEZIER_KNOTS.);
#2271 = CARTESIAN_POINT('',(-12.96020135462,6.043441142885,
    2.219999999843));
#2272 = CARTESIAN_POINT('',(-12.50704746107,5.832132012084,
    2.220000001416));
#2273 = PCURVE('',#761,#2274);
#2274 = DEFINITIONAL_REPRESENTATION('',(#2275),#2278);
#2275 = B_SPLINE_CURVE_WITH_KNOTS('',1,(#2276,#2277),.UNSPECIFIED.,.F.,
  .F.,(2,2),(0.,0.5),.PIECEWISE_BEZIER_KNOTS.);
#2276 = CARTESIAN_POINT('',(2.35,-2.519999999843));
#2277 = CARTESIAN_POINT('',(2.85,-2.520000001416));
#2278 = ( GEOMETRIC_REPRESENTATION_CONTEXT(2) 
PARAMETRIC_REPRESENTATION_CONTEXT() REPRESENTATION_CONTEXT('2D SPACE',''
  ) );
#2279 = PCURVE('',#2280,#2295);
#2280 = B_SPLINE_SURFACE_WITH_KNOTS('',1,6,(
    (#2281,#2282,#2283,#2284,#2285,#2286,#2287)
    ,(#2288,#2289,#2290,#2291,#2292,#2293,#2294
  )),.UNSPECIFIED.,.F.,.F.,.F.,(2,2),(7,7),(0.,0.5),(0.,1.080210122553),
  .PIECEWISE_BEZIER_KNOTS.);
#2281 = CARTESIAN_POINT('',(-3.459483107075,13.875228885747,1.608));
#2282 = CARTESIAN_POINT('',(-5.517914749662,13.362004235311,
    1.709999999379));
#2283 = CARTESIAN_POINT('',(-7.48498031017,12.482330199132,
    1.812000001746));
#2284 = CARTESIAN_POINT('',(-9.279158964758,11.256519940645,
    1.913999999921));
#2285 = CARTESIAN_POINT('',(-10.82479306284,9.729201025282,
    2.015999998096));
#2286 = CARTESIAN_POINT('',(-12.06363881277,7.966125718566,
    2.118000000464));
#2287 = CARTESIAN_POINT('',(-12.96020135462,6.043441142885,
    2.219999999843));
#2288 = CARTESIAN_POINT('',(-3.338522159275,13.390081022609,1.608));
#2289 = CARTESIAN_POINT('',(-5.324980666191,12.894801290349,
    1.710000005592));
#2290 = CARTESIAN_POINT('',(-7.223267721655,12.045885085149,
    1.811999984282));
#2291 = CARTESIAN_POINT('',(-8.954712842404,10.862935321688,
    1.914000000708));
#2292 = CARTESIAN_POINT('',(-10.44630379091,9.389019180466,
    2.016000017134));
#2293 = CARTESIAN_POINT('',(-11.6418332604,7.687589853116,2.117999995825
    ));
#2294 = CARTESIAN_POINT('',(-12.50704746107,5.832132012084,
    2.220000001416));
#2295 = DEFINITIONAL_REPRESENTATION('',(#2296),#2300);
#2296 = LINE('',#2297,#2298);
#2297 = CARTESIAN_POINT('',(0.,1.080210122553));
#2298 = VECTOR('',#2299,1.);
#2299 = DIRECTION('',(1.,0.));
#2300 = ( GEOMETRIC_REPRESENTATION_CONTEXT(2) 
PARAMETRIC_REPRESENTATION_CONTEXT() REPRESENTATION_CONTEXT('2D SPACE',''
  ) );
#2301 = ORIENTED_EDGE('',*,*,#2302,.T.);
#2302 = EDGE_CURVE('',#2267,#1160,#2303,.T.);
#2303 = SURFACE_CURVE('',#2304,(#2308,#2314),.PCURVE_S1.);
#2304 = LINE('',#2305,#2306);
#2305 = CARTESIAN_POINT('',(-14.02965950742,6.542137669617,
    2.219999999999));
#2306 = VECTOR('',#2307,1.);
#2307 = DIRECTION('',(-0.906307787037,0.422618261741,-4.489456699964E-13
    ));
#2308 = PCURVE('',#761,#2309);
#2309 = DEFINITIONAL_REPRESENTATION('',(#2310),#2313);
#2310 = B_SPLINE_CURVE_WITH_KNOTS('',1,(#2311,#2312),.UNSPECIFIED.,.F.,
  .F.,(2,2),(-1.68001651105,-0.83001651105),.PIECEWISE_BEZIER_KNOTS.);
#2311 = CARTESIAN_POINT('',(2.85,-2.52));
#2312 = CARTESIAN_POINT('',(2.,-2.52));
#2313 = ( GEOMETRIC_REPRESENTATION_CONTEXT(2) 
PARAMETRIC_REPRESENTATION_CONTEXT() REPRESENTATION_CONTEXT('2D SPACE',''
  ) );
#2314 = PCURVE('',#1179,#2315);
#2315 = DEFINITIONAL_REPRESENTATION('',(#2316),#2319);
#2316 = B_SPLINE_CURVE_WITH_KNOTS('',1,(#2317,#2318),.UNSPECIFIED.,.F.,
  .F.,(2,2),(-1.68001651105,-0.83001651105),.PIECEWISE_BEZIER_KNOTS.);
#2317 = CARTESIAN_POINT('',(-0.510033022099,0.364093799202));
#2318 = CARTESIAN_POINT('',(0.339966977901,0.364093799202));
#2319 = ( GEOMETRIC_REPRESENTATION_CONTEXT(2) 
PARAMETRIC_REPRESENTATION_CONTEXT() REPRESENTATION_CONTEXT('2D SPACE',''
  ) );
#2320 = ORIENTED_EDGE('',*,*,#1191,.T.);
#2321 = ORIENTED_EDGE('',*,*,#2322,.T.);
#2322 = EDGE_CURVE('',#939,#718,#2323,.T.);
#2323 = SURFACE_CURVE('',#2324,(#2328,#2335),.PCURVE_S1.);
#2324 = LINE('',#2325,#2326);
#2325 = CARTESIAN_POINT('',(-15.09002465416,7.036594057983,3.1));
#2326 = VECTOR('',#2327,1.);
#2327 = DIRECTION('',(0.906307787037,-0.422618261741,0.));
#2328 = PCURVE('',#761,#2329);
#2329 = DEFINITIONAL_REPRESENTATION('',(#2330),#2334);
#2330 = LINE('',#2331,#2332);
#2331 = CARTESIAN_POINT('',(0.,-3.4));
#2332 = VECTOR('',#2333,1.);
#2333 = DIRECTION('',(1.,0.));
#2334 = ( GEOMETRIC_REPRESENTATION_CONTEXT(2) 
PARAMETRIC_REPRESENTATION_CONTEXT() REPRESENTATION_CONTEXT('2D SPACE',''
  ) );
#2335 = PCURVE('',#734,#2336);
#2336 = DEFINITIONAL_REPRESENTATION('',(#2337),#2341);
#2337 = LINE('',#2338,#2339);
#2338 = CARTESIAN_POINT('',(-10.75618310584,-2.0494936996));
#2339 = VECTOR('',#2340,1.);
#2340 = DIRECTION('',(0.906307787037,-0.422618261741));
#2341 = ( GEOMETRIC_REPRESENTATION_CONTEXT(2) 
PARAMETRIC_REPRESENTATION_CONTEXT() REPRESENTATION_CONTEXT('2D SPACE',''
  ) );
#2342 = ADVANCED_FACE('',(#2343),#734,.F.);
#2343 = FACE_BOUND('',#2344,.F.);
#2344 = EDGE_LOOP('',(#2345,#2346,#2347,#2348));
#2345 = ORIENTED_EDGE('',*,*,#717,.F.);
#2346 = ORIENTED_EDGE('',*,*,#914,.T.);
#2347 = ORIENTED_EDGE('',*,*,#938,.T.);
#2348 = ORIENTED_EDGE('',*,*,#2322,.T.);
#2349 = ADVANCED_FACE('',(#2350),#665,.T.);
#2350 = FACE_BOUND('',#2351,.T.);
#2351 = EDGE_LOOP('',(#2352,#2353,#2389,#2408,#2409));
#2352 = ORIENTED_EDGE('',*,*,#650,.F.);
#2353 = ORIENTED_EDGE('',*,*,#2354,.F.);
#2354 = EDGE_CURVE('',#2355,#651,#2357,.T.);
#2355 = VERTEX_POINT('',#2356);
#2356 = CARTESIAN_POINT('',(11.713874233328,8.202143039826,
    2.219999999843));
#2357 = SURFACE_CURVE('',#2358,(#2361,#2367),.PCURVE_S1.);
#2358 = B_SPLINE_CURVE_WITH_KNOTS('',1,(#2359,#2360),.UNSPECIFIED.,.F.,
  .F.,(2,2),(0.,0.5),.PIECEWISE_BEZIER_KNOTS.);
#2359 = CARTESIAN_POINT('',(11.713874233328,8.202143039826,
    2.219999999843));
#2360 = CARTESIAN_POINT('',(11.304298211227,7.915354821588,
    2.220000001416));
#2361 = PCURVE('',#665,#2362);
#2362 = DEFINITIONAL_REPRESENTATION('',(#2363),#2366);
#2363 = B_SPLINE_CURVE_WITH_KNOTS('',1,(#2364,#2365),.UNSPECIFIED.,.F.,
  .F.,(2,2),(0.,0.5),.PIECEWISE_BEZIER_KNOTS.);
#2364 = CARTESIAN_POINT('',(2.35,-2.519999999843));
#2365 = CARTESIAN_POINT('',(2.85,-2.520000001416));
#2366 = ( GEOMETRIC_REPRESENTATION_CONTEXT(2) 
PARAMETRIC_REPRESENTATION_CONTEXT() REPRESENTATION_CONTEXT('2D SPACE',''
  ) );
#2367 = PCURVE('',#2368,#2383);
#2368 = B_SPLINE_SURFACE_WITH_KNOTS('',1,6,(
    (#2369,#2370,#2371,#2372,#2373,#2374,#2375)
    ,(#2376,#2377,#2378,#2379,#2380,#2381,#2382
  )),.UNSPECIFIED.,.F.,.F.,.F.,(2,2),(7,7),(0.,0.5),(0.,1.080210122553),
  .PIECEWISE_BEZIER_KNOTS.);
#2369 = CARTESIAN_POINT('',(13.746042251918,-3.941614188183,1.608));
#2370 = CARTESIAN_POINT('',(14.330792488086,-1.902347768531,
    1.709999999379));
#2371 = CARTESIAN_POINT('',(14.552505205959,0.241017995867,
    1.812000001746));
#2372 = CARTESIAN_POINT('',(14.388011709184,2.407727418913,
    1.913999999921));
#2373 = CARTESIAN_POINT('',(13.838131777843,4.509945270494,
    2.015999998096));
#2374 = CARTESIAN_POINT('',(12.930686648405,6.464354814658,
    2.118000000464));
#2375 = CARTESIAN_POINT('',(11.713874233328,8.202143039826,
    2.219999999843));
#2376 = CARTESIAN_POINT('',(13.265411403949,-3.803795510275,1.608));
#2377 = CARTESIAN_POINT('',(13.82971582729,-1.835832113592,
    1.710000005592));
#2378 = CARTESIAN_POINT('',(14.043676355634,0.232590802715,
    1.811999984282));
#2379 = CARTESIAN_POINT('',(13.884934369451,2.323541144273,
    1.914000000708));
#2380 = CARTESIAN_POINT('',(13.354281022362,4.352254868351,
    2.016000017134));
#2381 = CARTESIAN_POINT('',(12.478564736878,6.238328423579,
    2.117999995825));
#2382 = CARTESIAN_POINT('',(11.304298211227,7.915354821588,
    2.220000001416));
#2383 = DEFINITIONAL_REPRESENTATION('',(#2384),#2388);
#2384 = LINE('',#2385,#2386);
#2385 = CARTESIAN_POINT('',(0.,1.080210122553));
#2386 = VECTOR('',#2387,1.);
#2387 = DIRECTION('',(1.,0.));
#2388 = ( GEOMETRIC_REPRESENTATION_CONTEXT(2) 
PARAMETRIC_REPRESENTATION_CONTEXT() REPRESENTATION_CONTEXT('2D SPACE',''
  ) );
#2389 = ORIENTED_EDGE('',*,*,#2390,.T.);
#2390 = EDGE_CURVE('',#2355,#1984,#2391,.T.);
#2391 = SURFACE_CURVE('',#2392,(#2396,#2402),.PCURVE_S1.);
#2392 = LINE('',#2393,#2394);
#2393 = CARTESIAN_POINT('',(12.680487170654,8.878972705064,
    2.219999999999));
#2394 = VECTOR('',#2395,1.);
#2395 = DIRECTION('',(0.819152044289,0.573576436351,-4.50739445278E-13)
  );
#2396 = PCURVE('',#665,#2397);
#2397 = DEFINITIONAL_REPRESENTATION('',(#2398),#2401);
#2398 = B_SPLINE_CURVE_WITH_KNOTS('',1,(#2399,#2400),.UNSPECIFIED.,.F.,
  .F.,(2,2),(-1.68001651105,-0.83001651105),.PIECEWISE_BEZIER_KNOTS.);
#2399 = CARTESIAN_POINT('',(2.85,-2.52));
#2400 = CARTESIAN_POINT('',(2.,-2.52));
#2401 = ( GEOMETRIC_REPRESENTATION_CONTEXT(2) 
PARAMETRIC_REPRESENTATION_CONTEXT() REPRESENTATION_CONTEXT('2D SPACE',''
  ) );
#2402 = PCURVE('',#2003,#2403);
#2403 = DEFINITIONAL_REPRESENTATION('',(#2404),#2407);
#2404 = B_SPLINE_CURVE_WITH_KNOTS('',1,(#2405,#2406),.UNSPECIFIED.,.F.,
  .F.,(2,2),(-1.68001651105,-0.83001651105),.PIECEWISE_BEZIER_KNOTS.);
#2405 = CARTESIAN_POINT('',(-0.510033022099,0.364093799202));
#2406 = CARTESIAN_POINT('',(0.339966977901,0.364093799202));
#2407 = ( GEOMETRIC_REPRESENTATION_CONTEXT(2) 
PARAMETRIC_REPRESENTATION_CONTEXT() REPRESENTATION_CONTEXT('2D SPACE',''
  ) );
#2408 = ORIENTED_EDGE('',*,*,#2015,.T.);
#2409 = ORIENTED_EDGE('',*,*,#2410,.T.);
#2410 = EDGE_CURVE('',#2016,#627,#2411,.T.);
#2411 = SURFACE_CURVE('',#2412,(#2416,#2423),.PCURVE_S1.);
#2412 = LINE('',#2413,#2414);
#2413 = CARTESIAN_POINT('',(13.638881537412,9.550047665245,3.1));
#2414 = VECTOR('',#2415,1.);
#2415 = DIRECTION('',(-0.819152044289,-0.573576436351,0.));
#2416 = PCURVE('',#665,#2417);
#2417 = DEFINITIONAL_REPRESENTATION('',(#2418),#2422);
#2418 = LINE('',#2419,#2420);
#2419 = CARTESIAN_POINT('',(0.,-3.4));
#2420 = VECTOR('',#2421,1.);
#2421 = DIRECTION('',(1.,0.));
#2422 = ( GEOMETRIC_REPRESENTATION_CONTEXT(2) 
PARAMETRIC_REPRESENTATION_CONTEXT() REPRESENTATION_CONTEXT('2D SPACE',''
  ) );
#2423 = PCURVE('',#563,#2424);
#2424 = DEFINITIONAL_REPRESENTATION('',(#2425),#2429);
#2425 = LINE('',#2426,#2427);
#2426 = CARTESIAN_POINT('',(3.603177944173,10.339874667219));
#2427 = VECTOR('',#2428,1.);
#2428 = DIRECTION('',(-0.819152044289,-0.573576436351));
#2429 = ( GEOMETRIC_REPRESENTATION_CONTEXT(2) 
PARAMETRIC_REPRESENTATION_CONTEXT() REPRESENTATION_CONTEXT('2D SPACE',''
  ) );
#2430 = ADVANCED_FACE('',(#2431),#563,.F.);
#2431 = FACE_BOUND('',#2432,.F.);
#2432 = EDGE_LOOP('',(#2433,#2434,#2435,#2436,#2437));
#2433 = ORIENTED_EDGE('',*,*,#2410,.T.);
#2434 = ORIENTED_EDGE('',*,*,#626,.F.);
#2435 = ORIENTED_EDGE('',*,*,#546,.F.);
#2436 = ORIENTED_EDGE('',*,*,#1712,.T.);
#2437 = ORIENTED_EDGE('',*,*,#2036,.F.);
#2438 = ADVANCED_FACE('',(#2439,#2465),#613,.T.);
#2439 = FACE_BOUND('',#2440,.T.);
#2440 = EDGE_LOOP('',(#2441));
#2441 = ORIENTED_EDGE('',*,*,#2442,.T.);
#2442 = EDGE_CURVE('',#2443,#2443,#2445,.T.);
#2443 = VERTEX_POINT('',#2444);
#2444 = CARTESIAN_POINT('',(14.87,-3.642099580664E-15,3.7625));
#2445 = SURFACE_CURVE('',#2446,(#2451,#2458),.PCURVE_S1.);
#2446 = CIRCLE('',#2447,14.87);
#2447 = AXIS2_PLACEMENT_3D('',#2448,#2449,#2450);
#2448 = CARTESIAN_POINT('',(0.,0.,3.7625));
#2449 = DIRECTION('',(0.,0.,1.));
#2450 = DIRECTION('',(1.,0.,-0.));
#2451 = PCURVE('',#613,#2452);
#2452 = DEFINITIONAL_REPRESENTATION('',(#2453),#2457);
#2453 = CIRCLE('',#2454,14.87);
#2454 = AXIS2_PLACEMENT_2D('',#2455,#2456);
#2455 = CARTESIAN_POINT('',(0.,0.));
#2456 = DIRECTION('',(1.,0.));
#2457 = ( GEOMETRIC_REPRESENTATION_CONTEXT(2) 
PARAMETRIC_REPRESENTATION_CONTEXT() REPRESENTATION_CONTEXT('2D SPACE',''
  ) );
#2458 = PCURVE('',#2159,#2459);
#2459 = DEFINITIONAL_REPRESENTATION('',(#2460),#2464);
#2460 = LINE('',#2461,#2462);
#2461 = CARTESIAN_POINT('',(0.,0.));
#2462 = VECTOR('',#2463,1.);
#2463 = DIRECTION('',(1.,0.));
#2464 = ( GEOMETRIC_REPRESENTATION_CONTEXT(2) 
PARAMETRIC_REPRESENTATION_CONTEXT() REPRESENTATION_CONTEXT('2D SPACE',''
  ) );
#2465 = FACE_BOUND('',#2466,.T.);
#2466 = EDGE_LOOP('',(#2467));
#2467 = ORIENTED_EDGE('',*,*,#598,.F.);
#2468 = ADVANCED_FACE('',(#2469),#1179,.F.);
#2469 = FACE_BOUND('',#2470,.F.);
#2470 = EDGE_LOOP('',(#2471,#2490,#2491));
#2471 = ORIENTED_EDGE('',*,*,#2472,.T.);
#2472 = EDGE_CURVE('',#1089,#2267,#2473,.T.);
#2473 = SURFACE_CURVE('',#2474,(#2477,#2483),.PCURVE_S1.);
#2474 = B_SPLINE_CURVE_WITH_KNOTS('',1,(#2475,#2476),.UNSPECIFIED.,.F.,
  .F.,(2,2),(0.,0.622289530744),.PIECEWISE_BEZIER_KNOTS.);
#2475 = CARTESIAN_POINT('',(-13.31301537451,6.23330967239,2.696147528394
    ));
#2476 = CARTESIAN_POINT('',(-12.96020135462,6.043441142885,
    2.219999999843));
#2477 = PCURVE('',#1179,#2478);
#2478 = DEFINITIONAL_REPRESENTATION('',(#2479),#2482);
#2479 = B_SPLINE_CURVE_WITH_KNOTS('',1,(#2480,#2481),.UNSPECIFIED.,.F.,
  .F.,(2,2),(0.,0.622289530744),.PIECEWISE_BEZIER_KNOTS.);
#2480 = CARTESIAN_POINT('',(0.389966979403,0.840795234822));
#2481 = CARTESIAN_POINT('',(-1.003302209907E-02,0.364093799044));
#2482 = ( GEOMETRIC_REPRESENTATION_CONTEXT(2) 
PARAMETRIC_REPRESENTATION_CONTEXT() REPRESENTATION_CONTEXT('2D SPACE',''
  ) );
#2483 = PCURVE('',#1126,#2484);
#2484 = DEFINITIONAL_REPRESENTATION('',(#2485),#2489);
#2485 = LINE('',#2486,#2487);
#2486 = CARTESIAN_POINT('',(0.,1.080210122553));
#2487 = VECTOR('',#2488,1.);
#2488 = DIRECTION('',(1.,0.));
#2489 = ( GEOMETRIC_REPRESENTATION_CONTEXT(2) 
PARAMETRIC_REPRESENTATION_CONTEXT() REPRESENTATION_CONTEXT('2D SPACE',''
  ) );
#2490 = ORIENTED_EDGE('',*,*,#2302,.T.);
#2491 = ORIENTED_EDGE('',*,*,#1159,.T.);
#2492 = ADVANCED_FACE('',(#2493),#1126,.F.);
#2493 = FACE_BOUND('',#2494,.F.);
#2494 = EDGE_LOOP('',(#2495,#2496,#2517,#2541));
#2495 = ORIENTED_EDGE('',*,*,#1088,.F.);
#2496 = ORIENTED_EDGE('',*,*,#2497,.T.);
#2497 = EDGE_CURVE('',#1057,#2498,#2500,.T.);
#2498 = VERTEX_POINT('',#2499);
#2499 = CARTESIAN_POINT('',(-3.459483107075,13.875228885747,1.608));
#2500 = SURFACE_CURVE('',#2501,(#2504,#2511),.PCURVE_S1.);
#2501 = B_SPLINE_CURVE_WITH_KNOTS('',1,(#2502,#2503),.UNSPECIFIED.,.F.,
  .F.,(2,2),(0.,0.622289530744),.PIECEWISE_BEZIER_KNOTS.);
#2502 = CARTESIAN_POINT('',(-3.533960602706,14.268905012244,
    2.08414752981));
#2503 = CARTESIAN_POINT('',(-3.459483107075,13.875228885747,1.608));
#2504 = PCURVE('',#1126,#2505);
#2505 = DEFINITIONAL_REPRESENTATION('',(#2506),#2510);
#2506 = LINE('',#2507,#2508);
#2507 = CARTESIAN_POINT('',(0.,0.));
#2508 = VECTOR('',#2509,1.);
#2509 = DIRECTION('',(1.,0.));
#2510 = ( GEOMETRIC_REPRESENTATION_CONTEXT(2) 
PARAMETRIC_REPRESENTATION_CONTEXT() REPRESENTATION_CONTEXT('2D SPACE',''
  ) );
#2511 = PCURVE('',#1076,#2512);
#2512 = DEFINITIONAL_REPRESENTATION('',(#2513),#2516);
#2513 = B_SPLINE_CURVE_WITH_KNOTS('',1,(#2514,#2515),.UNSPECIFIED.,.F.,
  .F.,(2,2),(0.,0.622289530744),.PIECEWISE_BEZIER_KNOTS.);
#2514 = CARTESIAN_POINT('',(-0.84079523605,0.389966976754));
#2515 = CARTESIAN_POINT('',(-0.364093799013,-1.003302324614E-02));
#2516 = ( GEOMETRIC_REPRESENTATION_CONTEXT(2) 
PARAMETRIC_REPRESENTATION_CONTEXT() REPRESENTATION_CONTEXT('2D SPACE',''
  ) );
#2517 = ORIENTED_EDGE('',*,*,#2518,.T.);
#2518 = EDGE_CURVE('',#2498,#2267,#2519,.T.);
#2519 = SURFACE_CURVE('',#2520,(#2528,#2535),.PCURVE_S1.);
#2520 = B_SPLINE_CURVE_WITH_KNOTS('',6,(#2521,#2522,#2523,#2524,#2525,
    #2526,#2527),.UNSPECIFIED.,.F.,.F.,(7,7),(0.,1.080210122553),
  .PIECEWISE_BEZIER_KNOTS.);
#2521 = CARTESIAN_POINT('',(-3.459483107075,13.875228885747,1.608));
#2522 = CARTESIAN_POINT('',(-5.517914749662,13.362004235311,
    1.709999999379));
#2523 = CARTESIAN_POINT('',(-7.48498031017,12.482330199132,
    1.812000001746));
#2524 = CARTESIAN_POINT('',(-9.279158964758,11.256519940645,
    1.913999999921));
#2525 = CARTESIAN_POINT('',(-10.82479306284,9.729201025282,
    2.015999998096));
#2526 = CARTESIAN_POINT('',(-12.06363881277,7.966125718566,
    2.118000000464));
#2527 = CARTESIAN_POINT('',(-12.96020135462,6.043441142885,
    2.219999999843));
#2528 = PCURVE('',#1126,#2529);
#2529 = DEFINITIONAL_REPRESENTATION('',(#2530),#2534);
#2530 = LINE('',#2531,#2532);
#2531 = CARTESIAN_POINT('',(0.622289530744,0.));
#2532 = VECTOR('',#2533,1.);
#2533 = DIRECTION('',(0.,1.));
#2534 = ( GEOMETRIC_REPRESENTATION_CONTEXT(2) 
PARAMETRIC_REPRESENTATION_CONTEXT() REPRESENTATION_CONTEXT('2D SPACE',''
  ) );
#2535 = PCURVE('',#2280,#2536);
#2536 = DEFINITIONAL_REPRESENTATION('',(#2537),#2540);
#2537 = B_SPLINE_CURVE_WITH_KNOTS('',1,(#2538,#2539),.UNSPECIFIED.,.F.,
  .F.,(2,2),(0.,1.080210122553),.PIECEWISE_BEZIER_KNOTS.);
#2538 = CARTESIAN_POINT('',(0.,0.));
#2539 = CARTESIAN_POINT('',(0.,1.080210122553));
#2540 = ( GEOMETRIC_REPRESENTATION_CONTEXT(2) 
PARAMETRIC_REPRESENTATION_CONTEXT() REPRESENTATION_CONTEXT('2D SPACE',''
  ) );
#2541 = ORIENTED_EDGE('',*,*,#2472,.F.);
#2542 = ADVANCED_FACE('',(#2543),#1076,.T.);
#2543 = FACE_BOUND('',#2544,.T.);
#2544 = EDGE_LOOP('',(#2545,#2568,#2587,#2588,#2589));
#2545 = ORIENTED_EDGE('',*,*,#2546,.T.);
#2546 = EDGE_CURVE('',#2547,#2549,#2551,.T.);
#2547 = VERTEX_POINT('',#2548);
#2548 = CARTESIAN_POINT('',(-3.338522159275,13.390081022609,1.608));
#2549 = VERTEX_POINT('',#2550);
#2550 = CARTESIAN_POINT('',(-3.385283634859,13.378422077291,
    0.609161958376));
#2551 = SURFACE_CURVE('',#2552,(#2555,#2561),.PCURVE_S1.);
#2552 = B_SPLINE_CURVE_WITH_KNOTS('',1,(#2553,#2554),.UNSPECIFIED.,.F.,
  .F.,(2,2),(0.,1.),.PIECEWISE_BEZIER_KNOTS.);
#2553 = CARTESIAN_POINT('',(-3.338522159275,13.390081022609,1.608));
#2554 = CARTESIAN_POINT('',(-3.385283634859,13.378422077291,
    0.609161958376));
#2555 = PCURVE('',#1076,#2556);
#2556 = DEFINITIONAL_REPRESENTATION('',(#2557),#2560);
#2557 = B_SPLINE_CURVE_WITH_KNOTS('',1,(#2558,#2559),.UNSPECIFIED.,.F.,
  .F.,(2,2),(0.,1.),.PIECEWISE_BEZIER_KNOTS.);
#2558 = CARTESIAN_POINT('',(-0.364093799013,-0.510033023246));
#2559 = CARTESIAN_POINT('',(0.635906200987,-0.510033023246));
#2560 = ( GEOMETRIC_REPRESENTATION_CONTEXT(2) 
PARAMETRIC_REPRESENTATION_CONTEXT() REPRESENTATION_CONTEXT('2D SPACE',''
  ) );
#2561 = PCURVE('',#1263,#2562);
#2562 = DEFINITIONAL_REPRESENTATION('',(#2563),#2567);
#2563 = LINE('',#2564,#2565);
#2564 = CARTESIAN_POINT('',(0.,0.));
#2565 = VECTOR('',#2566,1.);
#2566 = DIRECTION('',(1.,0.));
#2567 = ( GEOMETRIC_REPRESENTATION_CONTEXT(2) 
PARAMETRIC_REPRESENTATION_CONTEXT() REPRESENTATION_CONTEXT('2D SPACE',''
  ) );
#2568 = ORIENTED_EDGE('',*,*,#2569,.T.);
#2569 = EDGE_CURVE('',#2549,#986,#2570,.T.);
#2570 = SURFACE_CURVE('',#2571,(#2574,#2580),.PCURVE_S1.);
#2571 = B_SPLINE_CURVE_WITH_KNOTS('',1,(#2572,#2573),.UNSPECIFIED.,.F.,
  .F.,(2,2),(0.,0.9),.PIECEWISE_BEZIER_KNOTS.);
#2572 = CARTESIAN_POINT('',(-3.385283634859,13.378422077291,
    0.609161958376));
#2573 = CARTESIAN_POINT('',(-3.603013340899,14.25168823094,
    0.609161958376));
#2574 = PCURVE('',#1076,#2575);
#2575 = DEFINITIONAL_REPRESENTATION('',(#2576),#2579);
#2576 = B_SPLINE_CURVE_WITH_KNOTS('',1,(#2577,#2578),.UNSPECIFIED.,.F.,
  .F.,(2,2),(0.,0.9),.PIECEWISE_BEZIER_KNOTS.);
#2577 = CARTESIAN_POINT('',(0.635906200987,-0.510033023246));
#2578 = CARTESIAN_POINT('',(0.635906200987,0.389966976754));
#2579 = ( GEOMETRIC_REPRESENTATION_CONTEXT(2) 
PARAMETRIC_REPRESENTATION_CONTEXT() REPRESENTATION_CONTEXT('2D SPACE',''
  ) );
#2580 = PCURVE('',#1023,#2581);
#2581 = DEFINITIONAL_REPRESENTATION('',(#2582),#2586);
#2582 = LINE('',#2583,#2584);
#2583 = CARTESIAN_POINT('',(0.,0.));
#2584 = VECTOR('',#2585,1.);
#2585 = DIRECTION('',(1.,0.));
#2586 = ( GEOMETRIC_REPRESENTATION_CONTEXT(2) 
PARAMETRIC_REPRESENTATION_CONTEXT() REPRESENTATION_CONTEXT('2D SPACE',''
  ) );
#2587 = ORIENTED_EDGE('',*,*,#1056,.T.);
#2588 = ORIENTED_EDGE('',*,*,#2497,.T.);
#2589 = ORIENTED_EDGE('',*,*,#2590,.T.);
#2590 = EDGE_CURVE('',#2498,#2547,#2591,.T.);
#2591 = SURFACE_CURVE('',#2592,(#2595,#2601),.PCURVE_S1.);
#2592 = B_SPLINE_CURVE_WITH_KNOTS('',1,(#2593,#2594),.UNSPECIFIED.,.F.,
  .F.,(2,2),(0.,0.5),.PIECEWISE_BEZIER_KNOTS.);
#2593 = CARTESIAN_POINT('',(-3.459483107075,13.875228885747,1.608));
#2594 = CARTESIAN_POINT('',(-3.338522159275,13.390081022609,1.608));
#2595 = PCURVE('',#1076,#2596);
#2596 = DEFINITIONAL_REPRESENTATION('',(#2597),#2600);
#2597 = B_SPLINE_CURVE_WITH_KNOTS('',1,(#2598,#2599),.UNSPECIFIED.,.F.,
  .F.,(2,2),(0.,0.5),.PIECEWISE_BEZIER_KNOTS.);
#2598 = CARTESIAN_POINT('',(-0.364093799013,-1.003302324614E-02));
#2599 = CARTESIAN_POINT('',(-0.364093799013,-0.510033023246));
#2600 = ( GEOMETRIC_REPRESENTATION_CONTEXT(2) 
PARAMETRIC_REPRESENTATION_CONTEXT() REPRESENTATION_CONTEXT('2D SPACE',''
  ) );
#2601 = PCURVE('',#2280,#2602);
#2602 = DEFINITIONAL_REPRESENTATION('',(#2603),#2607);
#2603 = LINE('',#2604,#2605);
#2604 = CARTESIAN_POINT('',(0.,0.));
#2605 = VECTOR('',#2606,1.);
#2606 = DIRECTION('',(1.,0.));
#2607 = ( GEOMETRIC_REPRESENTATION_CONTEXT(2) 
PARAMETRIC_REPRESENTATION_CONTEXT() REPRESENTATION_CONTEXT('2D SPACE',''
  ) );
#2608 = ADVANCED_FACE('',(#2609),#1023,.F.);
#2609 = FACE_BOUND('',#2610,.F.);
#2610 = EDGE_LOOP('',(#2611,#2635,#2636,#2637));
#2611 = ORIENTED_EDGE('',*,*,#2612,.F.);
#2612 = EDGE_CURVE('',#2549,#1217,#2613,.T.);
#2613 = SURFACE_CURVE('',#2614,(#2622,#2629),.PCURVE_S1.);
#2614 = B_SPLINE_CURVE_WITH_KNOTS('',6,(#2615,#2616,#2617,#2618,#2619,
    #2620,#2621),.UNSPECIFIED.,.F.,.F.,(7,7),(0.,1.080210122553),
  .PIECEWISE_BEZIER_KNOTS.);
#2615 = CARTESIAN_POINT('',(-3.385283634859,13.378422077291,
    0.609161958376));
#2616 = CARTESIAN_POINT('',(-5.370012499158,12.876205128366,
    0.711161963956));
#2617 = CARTESIAN_POINT('',(-7.265334938552,12.02065968281,
    0.813161942742));
#2618 = CARTESIAN_POINT('',(-8.992648919632,10.831663230811,
    0.91516195895));
#2619 = CARTESIAN_POINT('',(-10.47909253257,9.352538088363,
    1.017161975594));
#2620 = CARTESIAN_POINT('',(-11.66868023466,7.646933694986,
    1.119161954189));
#2621 = CARTESIAN_POINT('',(-12.52741470605,5.788454306824,
    1.221161959792));
#2622 = PCURVE('',#1023,#2623);
#2623 = DEFINITIONAL_REPRESENTATION('',(#2624),#2628);
#2624 = LINE('',#2625,#2626);
#2625 = CARTESIAN_POINT('',(0.,0.));
#2626 = VECTOR('',#2627,1.);
#2627 = DIRECTION('',(0.,1.));
#2628 = ( GEOMETRIC_REPRESENTATION_CONTEXT(2) 
PARAMETRIC_REPRESENTATION_CONTEXT() REPRESENTATION_CONTEXT('2D SPACE',''
  ) );
#2629 = PCURVE('',#1263,#2630);
#2630 = DEFINITIONAL_REPRESENTATION('',(#2631),#2634);
#2631 = B_SPLINE_CURVE_WITH_KNOTS('',1,(#2632,#2633),.UNSPECIFIED.,.F.,
  .F.,(2,2),(0.,1.080210122553),.PIECEWISE_BEZIER_KNOTS.);
#2632 = CARTESIAN_POINT('',(1.,0.));
#2633 = CARTESIAN_POINT('',(1.,1.080210122553));
#2634 = ( GEOMETRIC_REPRESENTATION_CONTEXT(2) 
PARAMETRIC_REPRESENTATION_CONTEXT() REPRESENTATION_CONTEXT('2D SPACE',''
  ) );
#2635 = ORIENTED_EDGE('',*,*,#2569,.T.);
#2636 = ORIENTED_EDGE('',*,*,#985,.T.);
#2637 = ORIENTED_EDGE('',*,*,#1216,.T.);
#2638 = ADVANCED_FACE('',(#2639),#1263,.F.);
#2639 = FACE_BOUND('',#2640,.F.);
#2640 = EDGE_LOOP('',(#2641,#2665,#2666,#2667));
#2641 = ORIENTED_EDGE('',*,*,#2642,.F.);
#2642 = EDGE_CURVE('',#2547,#747,#2643,.T.);
#2643 = SURFACE_CURVE('',#2644,(#2652,#2658),.PCURVE_S1.);
#2644 = B_SPLINE_CURVE_WITH_KNOTS('',6,(#2645,#2646,#2647,#2648,#2649,
    #2650,#2651),.UNSPECIFIED.,.F.,.F.,(7,7),(0.,1.080210122553),
  .PIECEWISE_BEZIER_KNOTS.);
#2645 = CARTESIAN_POINT('',(-3.338522159275,13.390081022609,1.608));
#2646 = CARTESIAN_POINT('',(-5.324980666191,12.894801290349,
    1.710000005592));
#2647 = CARTESIAN_POINT('',(-7.223267721655,12.045885085149,
    1.811999984282));
#2648 = CARTESIAN_POINT('',(-8.954712842404,10.862935321688,
    1.914000000708));
#2649 = CARTESIAN_POINT('',(-10.44630379091,9.389019180466,
    2.016000017134));
#2650 = CARTESIAN_POINT('',(-11.6418332604,7.687589853116,2.117999995825
    ));
#2651 = CARTESIAN_POINT('',(-12.50704746107,5.832132012084,
    2.220000001416));
#2652 = PCURVE('',#1263,#2653);
#2653 = DEFINITIONAL_REPRESENTATION('',(#2654),#2657);
#2654 = B_SPLINE_CURVE_WITH_KNOTS('',1,(#2655,#2656),.UNSPECIFIED.,.F.,
  .F.,(2,2),(0.,1.080210122553),.PIECEWISE_BEZIER_KNOTS.);
#2655 = CARTESIAN_POINT('',(0.,0.));
#2656 = CARTESIAN_POINT('',(0.,1.080210122553));
#2657 = ( GEOMETRIC_REPRESENTATION_CONTEXT(2) 
PARAMETRIC_REPRESENTATION_CONTEXT() REPRESENTATION_CONTEXT('2D SPACE',''
  ) );
#2658 = PCURVE('',#2280,#2659);
#2659 = DEFINITIONAL_REPRESENTATION('',(#2660),#2664);
#2660 = LINE('',#2661,#2662);
#2661 = CARTESIAN_POINT('',(0.5,0.));
#2662 = VECTOR('',#2663,1.);
#2663 = DIRECTION('',(0.,1.));
#2664 = ( GEOMETRIC_REPRESENTATION_CONTEXT(2) 
PARAMETRIC_REPRESENTATION_CONTEXT() REPRESENTATION_CONTEXT('2D SPACE',''
  ) );
#2665 = ORIENTED_EDGE('',*,*,#2546,.T.);
#2666 = ORIENTED_EDGE('',*,*,#2612,.T.);
#2667 = ORIENTED_EDGE('',*,*,#1245,.T.);
#2668 = ADVANCED_FACE('',(#2669),#1578,.F.);
#2669 = FACE_BOUND('',#2670,.F.);
#2670 = EDGE_LOOP('',(#2671,#2690,#2691));
#2671 = ORIENTED_EDGE('',*,*,#2672,.T.);
#2672 = EDGE_CURVE('',#1488,#2179,#2673,.T.);
#2673 = SURFACE_CURVE('',#2674,(#2677,#2683),.PCURVE_S1.);
#2674 = B_SPLINE_CURVE_WITH_KNOTS('',1,(#2675,#2676),.UNSPECIFIED.,.F.,
  .F.,(2,2),(0.,0.622289530744),.PIECEWISE_BEZIER_KNOTS.);
#2675 = CARTESIAN_POINT('',(1.258303161314,-14.6460643515,2.696147528394
    ));
#2676 = CARTESIAN_POINT('',(1.246327121299,-14.24558418271,
    2.219999999843));
#2677 = PCURVE('',#1578,#2678);
#2678 = DEFINITIONAL_REPRESENTATION('',(#2679),#2682);
#2679 = B_SPLINE_CURVE_WITH_KNOTS('',1,(#2680,#2681),.UNSPECIFIED.,.F.,
  .F.,(2,2),(0.,0.622289530744),.PIECEWISE_BEZIER_KNOTS.);
#2680 = CARTESIAN_POINT('',(0.389966979403,0.840795234822));
#2681 = CARTESIAN_POINT('',(-1.003302209907E-02,0.364093799044));
#2682 = ( GEOMETRIC_REPRESENTATION_CONTEXT(2) 
PARAMETRIC_REPRESENTATION_CONTEXT() REPRESENTATION_CONTEXT('2D SPACE',''
  ) );
#2683 = PCURVE('',#1525,#2684);
#2684 = DEFINITIONAL_REPRESENTATION('',(#2685),#2689);
#2685 = LINE('',#2686,#2687);
#2686 = CARTESIAN_POINT('',(0.,1.080210122553));
#2687 = VECTOR('',#2688,1.);
#2688 = DIRECTION('',(1.,0.));
#2689 = ( GEOMETRIC_REPRESENTATION_CONTEXT(2) 
PARAMETRIC_REPRESENTATION_CONTEXT() REPRESENTATION_CONTEXT('2D SPACE',''
  ) );
#2690 = ORIENTED_EDGE('',*,*,#2214,.T.);
#2691 = ORIENTED_EDGE('',*,*,#1558,.T.);
#2692 = ADVANCED_FACE('',(#2693),#1525,.F.);
#2693 = FACE_BOUND('',#2694,.F.);
#2694 = EDGE_LOOP('',(#2695,#2696,#2717,#2741));
#2695 = ORIENTED_EDGE('',*,*,#1487,.F.);
#2696 = ORIENTED_EDGE('',*,*,#2697,.T.);
#2697 = EDGE_CURVE('',#1456,#2698,#2700,.T.);
#2698 = VERTEX_POINT('',#2699);
#2699 = CARTESIAN_POINT('',(-10.28655914484,-9.933614697564,1.608));
#2700 = SURFACE_CURVE('',#2701,(#2704,#2711),.PCURVE_S1.);
#2701 = B_SPLINE_CURVE_WITH_KNOTS('',1,(#2702,#2703),.UNSPECIFIED.,.F.,
  .F.,(2,2),(0.,0.622289530744),.PIECEWISE_BEZIER_KNOTS.);
#2702 = CARTESIAN_POINT('',(-10.59025392343,-10.19495216403,
    2.08414752981));
#2703 = CARTESIAN_POINT('',(-10.28655914484,-9.933614697564,1.608));
#2704 = PCURVE('',#1525,#2705);
#2705 = DEFINITIONAL_REPRESENTATION('',(#2706),#2710);
#2706 = LINE('',#2707,#2708);
#2707 = CARTESIAN_POINT('',(0.,0.));
#2708 = VECTOR('',#2709,1.);
#2709 = DIRECTION('',(1.,0.));
#2710 = ( GEOMETRIC_REPRESENTATION_CONTEXT(2) 
PARAMETRIC_REPRESENTATION_CONTEXT() REPRESENTATION_CONTEXT('2D SPACE',''
  ) );
#2711 = PCURVE('',#1475,#2712);
#2712 = DEFINITIONAL_REPRESENTATION('',(#2713),#2716);
#2713 = B_SPLINE_CURVE_WITH_KNOTS('',1,(#2714,#2715),.UNSPECIFIED.,.F.,
  .F.,(2,2),(0.,0.622289530744),.PIECEWISE_BEZIER_KNOTS.);
#2714 = CARTESIAN_POINT('',(-0.84079523605,0.389966976754));
#2715 = CARTESIAN_POINT('',(-0.364093799013,-1.003302324614E-02));
#2716 = ( GEOMETRIC_REPRESENTATION_CONTEXT(2) 
PARAMETRIC_REPRESENTATION_CONTEXT() REPRESENTATION_CONTEXT('2D SPACE',''
  ) );
#2717 = ORIENTED_EDGE('',*,*,#2718,.T.);
#2718 = EDGE_CURVE('',#2698,#2179,#2719,.T.);
#2719 = SURFACE_CURVE('',#2720,(#2728,#2735),.PCURVE_S1.);
#2720 = B_SPLINE_CURVE_WITH_KNOTS('',6,(#2721,#2722,#2723,#2724,#2725,
    #2726,#2727),.UNSPECIFIED.,.F.,.F.,(7,7),(0.,1.080210122553),
  .PIECEWISE_BEZIER_KNOTS.);
#2721 = CARTESIAN_POINT('',(-10.28655914484,-9.933614697564,1.608));
#2722 = CARTESIAN_POINT('',(-8.812877738424,-11.45965646678,
    1.709999999379));
#2723 = CARTESIAN_POINT('',(-7.067524895789,-12.72334819499,
    1.812000001746));
#2724 = CARTESIAN_POINT('',(-5.108852744425,-13.66424735955,
    1.913999999921));
#2725 = CARTESIAN_POINT('',(-3.013338714996,-14.23914629577,
    2.015999998096));
#2726 = CARTESIAN_POINT('',(-0.867047835632,-14.43048053322,
    2.118000000464));
#2727 = CARTESIAN_POINT('',(1.246327121299,-14.24558418271,
    2.219999999843));
#2728 = PCURVE('',#1525,#2729);
#2729 = DEFINITIONAL_REPRESENTATION('',(#2730),#2734);
#2730 = LINE('',#2731,#2732);
#2731 = CARTESIAN_POINT('',(0.622289530744,0.));
#2732 = VECTOR('',#2733,1.);
#2733 = DIRECTION('',(0.,1.));
#2734 = ( GEOMETRIC_REPRESENTATION_CONTEXT(2) 
PARAMETRIC_REPRESENTATION_CONTEXT() REPRESENTATION_CONTEXT('2D SPACE',''
  ) );
#2735 = PCURVE('',#2192,#2736);
#2736 = DEFINITIONAL_REPRESENTATION('',(#2737),#2740);
#2737 = B_SPLINE_CURVE_WITH_KNOTS('',1,(#2738,#2739),.UNSPECIFIED.,.F.,
  .F.,(2,2),(0.,1.080210122553),.PIECEWISE_BEZIER_KNOTS.);
#2738 = CARTESIAN_POINT('',(0.,0.));
#2739 = CARTESIAN_POINT('',(0.,1.080210122553));
#2740 = ( GEOMETRIC_REPRESENTATION_CONTEXT(2) 
PARAMETRIC_REPRESENTATION_CONTEXT() REPRESENTATION_CONTEXT('2D SPACE',''
  ) );
#2741 = ORIENTED_EDGE('',*,*,#2672,.F.);
#2742 = ADVANCED_FACE('',(#2743),#1475,.T.);
#2743 = FACE_BOUND('',#2744,.T.);
#2744 = EDGE_LOOP('',(#2745,#2768,#2787,#2788,#2789));
#2745 = ORIENTED_EDGE('',*,*,#2746,.T.);
#2746 = EDGE_CURVE('',#2747,#2749,#2751,.T.);
#2747 = VERTEX_POINT('',#2748);
#2748 = CARTESIAN_POINT('',(-9.926889244673,-9.586285512334,1.608));
#2749 = VERTEX_POINT('',#2750);
#2750 = CARTESIAN_POINT('',(-9.893411564055,-9.620952665449,
    0.609161958376));
#2751 = SURFACE_CURVE('',#2752,(#2755,#2761),.PCURVE_S1.);
#2752 = B_SPLINE_CURVE_WITH_KNOTS('',1,(#2753,#2754),.UNSPECIFIED.,.F.,
  .F.,(2,2),(0.,1.),.PIECEWISE_BEZIER_KNOTS.);
#2753 = CARTESIAN_POINT('',(-9.926889244673,-9.586285512334,1.608));
#2754 = CARTESIAN_POINT('',(-9.893411564055,-9.620952665449,
    0.609161958376));
#2755 = PCURVE('',#1475,#2756);
#2756 = DEFINITIONAL_REPRESENTATION('',(#2757),#2760);
#2757 = B_SPLINE_CURVE_WITH_KNOTS('',1,(#2758,#2759),.UNSPECIFIED.,.F.,
  .F.,(2,2),(0.,1.),.PIECEWISE_BEZIER_KNOTS.);
#2758 = CARTESIAN_POINT('',(-0.364093799013,-0.510033023246));
#2759 = CARTESIAN_POINT('',(0.635906200987,-0.510033023246));
#2760 = ( GEOMETRIC_REPRESENTATION_CONTEXT(2) 
PARAMETRIC_REPRESENTATION_CONTEXT() REPRESENTATION_CONTEXT('2D SPACE',''
  ) );
#2761 = PCURVE('',#1662,#2762);
#2762 = DEFINITIONAL_REPRESENTATION('',(#2763),#2767);
#2763 = LINE('',#2764,#2765);
#2764 = CARTESIAN_POINT('',(0.,0.));
#2765 = VECTOR('',#2766,1.);
#2766 = DIRECTION('',(1.,0.));
#2767 = ( GEOMETRIC_REPRESENTATION_CONTEXT(2) 
PARAMETRIC_REPRESENTATION_CONTEXT() REPRESENTATION_CONTEXT('2D SPACE',''
  ) );
#2768 = ORIENTED_EDGE('',*,*,#2769,.T.);
#2769 = EDGE_CURVE('',#2749,#1385,#2770,.T.);
#2770 = SURFACE_CURVE('',#2771,(#2774,#2780),.PCURVE_S1.);
#2771 = B_SPLINE_CURVE_WITH_KNOTS('',1,(#2772,#2773),.UNSPECIFIED.,.F.,
  .F.,(2,2),(0.,0.9),.PIECEWISE_BEZIER_KNOTS.);
#2772 = CARTESIAN_POINT('',(-9.893411564055,-9.620952665449,
    0.609161958376));
#2773 = CARTESIAN_POINT('',(-10.54081738436,-10.24614519886,
    0.609161958376));
#2774 = PCURVE('',#1475,#2775);
#2775 = DEFINITIONAL_REPRESENTATION('',(#2776),#2779);
#2776 = B_SPLINE_CURVE_WITH_KNOTS('',1,(#2777,#2778),.UNSPECIFIED.,.F.,
  .F.,(2,2),(0.,0.9),.PIECEWISE_BEZIER_KNOTS.);
#2777 = CARTESIAN_POINT('',(0.635906200987,-0.510033023246));
#2778 = CARTESIAN_POINT('',(0.635906200987,0.389966976754));
#2779 = ( GEOMETRIC_REPRESENTATION_CONTEXT(2) 
PARAMETRIC_REPRESENTATION_CONTEXT() REPRESENTATION_CONTEXT('2D SPACE',''
  ) );
#2780 = PCURVE('',#1422,#2781);
#2781 = DEFINITIONAL_REPRESENTATION('',(#2782),#2786);
#2782 = LINE('',#2783,#2784);
#2783 = CARTESIAN_POINT('',(0.,0.));
#2784 = VECTOR('',#2785,1.);
#2785 = DIRECTION('',(1.,0.));
#2786 = ( GEOMETRIC_REPRESENTATION_CONTEXT(2) 
PARAMETRIC_REPRESENTATION_CONTEXT() REPRESENTATION_CONTEXT('2D SPACE',''
  ) );
#2787 = ORIENTED_EDGE('',*,*,#1455,.T.);
#2788 = ORIENTED_EDGE('',*,*,#2697,.T.);
#2789 = ORIENTED_EDGE('',*,*,#2790,.T.);
#2790 = EDGE_CURVE('',#2698,#2747,#2791,.T.);
#2791 = SURFACE_CURVE('',#2792,(#2795,#2801),.PCURVE_S1.);
#2792 = B_SPLINE_CURVE_WITH_KNOTS('',1,(#2793,#2794),.UNSPECIFIED.,.F.,
  .F.,(2,2),(0.,0.5),.PIECEWISE_BEZIER_KNOTS.);
#2793 = CARTESIAN_POINT('',(-10.28655914484,-9.933614697564,1.608));
#2794 = CARTESIAN_POINT('',(-9.926889244673,-9.586285512334,1.608));
#2795 = PCURVE('',#1475,#2796);
#2796 = DEFINITIONAL_REPRESENTATION('',(#2797),#2800);
#2797 = B_SPLINE_CURVE_WITH_KNOTS('',1,(#2798,#2799),.UNSPECIFIED.,.F.,
  .F.,(2,2),(0.,0.5),.PIECEWISE_BEZIER_KNOTS.);
#2798 = CARTESIAN_POINT('',(-0.364093799013,-1.003302324614E-02));
#2799 = CARTESIAN_POINT('',(-0.364093799013,-0.510033023246));
#2800 = ( GEOMETRIC_REPRESENTATION_CONTEXT(2) 
PARAMETRIC_REPRESENTATION_CONTEXT() REPRESENTATION_CONTEXT('2D SPACE',''
  ) );
#2801 = PCURVE('',#2192,#2802);
#2802 = DEFINITIONAL_REPRESENTATION('',(#2803),#2807);
#2803 = LINE('',#2804,#2805);
#2804 = CARTESIAN_POINT('',(0.,0.));
#2805 = VECTOR('',#2806,1.);
#2806 = DIRECTION('',(1.,0.));
#2807 = ( GEOMETRIC_REPRESENTATION_CONTEXT(2) 
PARAMETRIC_REPRESENTATION_CONTEXT() REPRESENTATION_CONTEXT('2D SPACE',''
  ) );
#2808 = ADVANCED_FACE('',(#2809),#1422,.F.);
#2809 = FACE_BOUND('',#2810,.F.);
#2810 = EDGE_LOOP('',(#2811,#2835,#2836,#2837));
#2811 = ORIENTED_EDGE('',*,*,#2812,.F.);
#2812 = EDGE_CURVE('',#2749,#1616,#2813,.T.);
#2813 = SURFACE_CURVE('',#2814,(#2822,#2829),.PCURVE_S1.);
#2814 = B_SPLINE_CURVE_WITH_KNOTS('',6,(#2815,#2816,#2817,#2818,#2819,
    #2820,#2821),.UNSPECIFIED.,.F.,.F.,(7,7),(0.,1.080210122553),
  .PIECEWISE_BEZIER_KNOTS.);
#2815 = CARTESIAN_POINT('',(-9.893411564055,-9.620952665449,
    0.609161958376));
#2816 = CARTESIAN_POINT('',(-8.466114495925,-11.08866980709,
    0.711161963956));
#2817 = CARTESIAN_POINT('',(-6.777529186284,-12.30229446519,
    0.813161942742));
#2818 = CARTESIAN_POINT('',(-4.884171063304,-13.20369402712,
    0.91516195895));
#2819 = CARTESIAN_POINT('',(-2.859989308095,-13.751429386,1.017161975594
    ));
#2820 = CARTESIAN_POINT('',(-0.788098723578,-13.92884035935,
    1.119161954189));
#2821 = CARTESIAN_POINT('',(1.250758874672,-13.74328653259,
    1.221161959792));
#2822 = PCURVE('',#1422,#2823);
#2823 = DEFINITIONAL_REPRESENTATION('',(#2824),#2828);
#2824 = LINE('',#2825,#2826);
#2825 = CARTESIAN_POINT('',(0.,0.));
#2826 = VECTOR('',#2827,1.);
#2827 = DIRECTION('',(0.,1.));
#2828 = ( GEOMETRIC_REPRESENTATION_CONTEXT(2) 
PARAMETRIC_REPRESENTATION_CONTEXT() REPRESENTATION_CONTEXT('2D SPACE',''
  ) );
#2829 = PCURVE('',#1662,#2830);
#2830 = DEFINITIONAL_REPRESENTATION('',(#2831),#2834);
#2831 = B_SPLINE_CURVE_WITH_KNOTS('',1,(#2832,#2833),.UNSPECIFIED.,.F.,
  .F.,(2,2),(0.,1.080210122553),.PIECEWISE_BEZIER_KNOTS.);
#2832 = CARTESIAN_POINT('',(1.,0.));
#2833 = CARTESIAN_POINT('',(1.,1.080210122553));
#2834 = ( GEOMETRIC_REPRESENTATION_CONTEXT(2) 
PARAMETRIC_REPRESENTATION_CONTEXT() REPRESENTATION_CONTEXT('2D SPACE',''
  ) );
#2835 = ORIENTED_EDGE('',*,*,#2769,.T.);
#2836 = ORIENTED_EDGE('',*,*,#1384,.T.);
#2837 = ORIENTED_EDGE('',*,*,#1615,.T.);
#2838 = ADVANCED_FACE('',(#2839),#1662,.F.);
#2839 = FACE_BOUND('',#2840,.F.);
#2840 = EDGE_LOOP('',(#2841,#2865,#2866,#2867));
#2841 = ORIENTED_EDGE('',*,*,#2842,.F.);
#2842 = EDGE_CURVE('',#2747,#843,#2843,.T.);
#2843 = SURFACE_CURVE('',#2844,(#2852,#2858),.PCURVE_S1.);
#2844 = B_SPLINE_CURVE_WITH_KNOTS('',6,(#2845,#2846,#2847,#2848,#2849,
    #2850,#2851),.UNSPECIFIED.,.F.,.F.,(7,7),(0.,1.080210122553),
  .PIECEWISE_BEZIER_KNOTS.);
#2845 = CARTESIAN_POINT('',(-9.926889244673,-9.586285512334,1.608));
#2846 = CARTESIAN_POINT('',(-8.504735161099,-11.05896917675,
    1.710000005592));
#2847 = CARTESIAN_POINT('',(-6.820408633979,-12.27847588786,
    1.811999984282));
#2848 = CARTESIAN_POINT('',(-4.930221527047,-13.18647646596,
    1.914000000708));
#2849 = CARTESIAN_POINT('',(-2.907977231444,-13.74127404881,
    2.016000017134));
#2850 = CARTESIAN_POINT('',(-0.836731476469,-13.92591827669,
    2.117999995825));
#2851 = CARTESIAN_POINT('',(1.20274924985,-13.74748683367,2.220000001416
    ));
#2852 = PCURVE('',#1662,#2853);
#2853 = DEFINITIONAL_REPRESENTATION('',(#2854),#2857);
#2854 = B_SPLINE_CURVE_WITH_KNOTS('',1,(#2855,#2856),.UNSPECIFIED.,.F.,
  .F.,(2,2),(0.,1.080210122553),.PIECEWISE_BEZIER_KNOTS.);
#2855 = CARTESIAN_POINT('',(0.,0.));
#2856 = CARTESIAN_POINT('',(0.,1.080210122553));
#2857 = ( GEOMETRIC_REPRESENTATION_CONTEXT(2) 
PARAMETRIC_REPRESENTATION_CONTEXT() REPRESENTATION_CONTEXT('2D SPACE',''
  ) );
#2858 = PCURVE('',#2192,#2859);
#2859 = DEFINITIONAL_REPRESENTATION('',(#2860),#2864);
#2860 = LINE('',#2861,#2862);
#2861 = CARTESIAN_POINT('',(0.5,0.));
#2862 = VECTOR('',#2863,1.);
#2863 = DIRECTION('',(0.,1.));
#2864 = ( GEOMETRIC_REPRESENTATION_CONTEXT(2) 
PARAMETRIC_REPRESENTATION_CONTEXT() REPRESENTATION_CONTEXT('2D SPACE',''
  ) );
#2865 = ORIENTED_EDGE('',*,*,#2746,.T.);
#2866 = ORIENTED_EDGE('',*,*,#2812,.T.);
#2867 = ORIENTED_EDGE('',*,*,#1644,.T.);
#2868 = ADVANCED_FACE('',(#2869),#1811,.F.);
#2869 = FACE_BOUND('',#2870,.F.);
#2870 = EDGE_LOOP('',(#2871,#2897,#2916,#2917));
#2871 = ORIENTED_EDGE('',*,*,#2872,.F.);
#2872 = EDGE_CURVE('',#2873,#2069,#2875,.T.);
#2873 = VERTEX_POINT('',#2874);
#2874 = CARTESIAN_POINT('',(13.278695198915,-3.757469411842,
    0.609161958376));
#2875 = SURFACE_CURVE('',#2876,(#2884,#2891),.PCURVE_S1.);
#2876 = B_SPLINE_CURVE_WITH_KNOTS('',6,(#2877,#2878,#2879,#2880,#2881,
    #2882,#2883),.UNSPECIFIED.,.F.,.F.,(7,7),(0.,1.080210122553),
  .PIECEWISE_BEZIER_KNOTS.);
#2877 = CARTESIAN_POINT('',(13.278695198915,-3.757469411842,
    0.609161958376));
#2878 = CARTESIAN_POINT('',(13.836126995083,-1.787535321272,
    0.711161963956));
#2879 = CARTESIAN_POINT('',(14.042864124837,0.281634782384,
    0.813161942742));
#2880 = CARTESIAN_POINT('',(13.876819982936,2.37203079631,0.91516195895)
  );
#2881 = CARTESIAN_POINT('',(13.339081840672,4.398891297638,
    1.017161975594));
#2882 = CARTESIAN_POINT('',(12.456778958247,6.281906664368,
    1.119161954189));
#2883 = CARTESIAN_POINT('',(11.276655831382,7.954832225773,
    1.221161959792));
#2884 = PCURVE('',#1811,#2885);
#2885 = DEFINITIONAL_REPRESENTATION('',(#2886),#2890);
#2886 = LINE('',#2887,#2888);
#2887 = CARTESIAN_POINT('',(0.,0.));
#2888 = VECTOR('',#2889,1.);
#2889 = DIRECTION('',(0.,1.));
#2890 = ( GEOMETRIC_REPRESENTATION_CONTEXT(2) 
PARAMETRIC_REPRESENTATION_CONTEXT() REPRESENTATION_CONTEXT('2D SPACE',''
  ) );
#2891 = PCURVE('',#2115,#2892);
#2892 = DEFINITIONAL_REPRESENTATION('',(#2893),#2896);
#2893 = B_SPLINE_CURVE_WITH_KNOTS('',1,(#2894,#2895),.UNSPECIFIED.,.F.,
  .F.,(2,2),(0.,1.080210122553),.PIECEWISE_BEZIER_KNOTS.);
#2894 = CARTESIAN_POINT('',(1.,0.));
#2895 = CARTESIAN_POINT('',(1.,1.080210122553));
#2896 = ( GEOMETRIC_REPRESENTATION_CONTEXT(2) 
PARAMETRIC_REPRESENTATION_CONTEXT() REPRESENTATION_CONTEXT('2D SPACE',''
  ) );
#2897 = ORIENTED_EDGE('',*,*,#2898,.T.);
#2898 = EDGE_CURVE('',#2873,#1760,#2899,.T.);
#2899 = SURFACE_CURVE('',#2900,(#2903,#2910),.PCURVE_S1.);
#2900 = B_SPLINE_CURVE_WITH_KNOTS('',1,(#2901,#2902),.UNSPECIFIED.,.F.,
  .F.,(2,2),(0.,0.9),.PIECEWISE_BEZIER_KNOTS.);
#2901 = CARTESIAN_POINT('',(13.278695198915,-3.757469411842,
    0.609161958376));
#2902 = CARTESIAN_POINT('',(14.143830725259,-4.005543032077,
    0.609161958376));
#2903 = PCURVE('',#1811,#2904);
#2904 = DEFINITIONAL_REPRESENTATION('',(#2905),#2909);
#2905 = LINE('',#2906,#2907);
#2906 = CARTESIAN_POINT('',(0.,0.));
#2907 = VECTOR('',#2908,1.);
#2908 = DIRECTION('',(1.,0.));
#2909 = ( GEOMETRIC_REPRESENTATION_CONTEXT(2) 
PARAMETRIC_REPRESENTATION_CONTEXT() REPRESENTATION_CONTEXT('2D SPACE',''
  ) );
#2910 = PCURVE('',#1875,#2911);
#2911 = DEFINITIONAL_REPRESENTATION('',(#2912),#2915);
#2912 = B_SPLINE_CURVE_WITH_KNOTS('',1,(#2913,#2914),.UNSPECIFIED.,.F.,
  .F.,(2,2),(0.,0.9),.PIECEWISE_BEZIER_KNOTS.);
#2913 = CARTESIAN_POINT('',(0.635906200987,-0.510033023246));
#2914 = CARTESIAN_POINT('',(0.635906200987,0.389966976754));
#2915 = ( GEOMETRIC_REPRESENTATION_CONTEXT(2) 
PARAMETRIC_REPRESENTATION_CONTEXT() REPRESENTATION_CONTEXT('2D SPACE',''
  ) );
#2916 = ORIENTED_EDGE('',*,*,#1759,.T.);
#2917 = ORIENTED_EDGE('',*,*,#2068,.T.);
#2918 = ADVANCED_FACE('',(#2919),#1875,.T.);
#2919 = FACE_BOUND('',#2920,.T.);
#2920 = EDGE_LOOP('',(#2921,#2942,#2943,#2944,#2965));
#2921 = ORIENTED_EDGE('',*,*,#2922,.T.);
#2922 = EDGE_CURVE('',#2923,#2873,#2925,.T.);
#2923 = VERTEX_POINT('',#2924);
#2924 = CARTESIAN_POINT('',(13.265411403949,-3.803795510275,1.608));
#2925 = SURFACE_CURVE('',#2926,(#2929,#2935),.PCURVE_S1.);
#2926 = B_SPLINE_CURVE_WITH_KNOTS('',1,(#2927,#2928),.UNSPECIFIED.,.F.,
  .F.,(2,2),(0.,1.),.PIECEWISE_BEZIER_KNOTS.);
#2927 = CARTESIAN_POINT('',(13.265411403949,-3.803795510275,1.608));
#2928 = CARTESIAN_POINT('',(13.278695198915,-3.757469411842,
    0.609161958376));
#2929 = PCURVE('',#1875,#2930);
#2930 = DEFINITIONAL_REPRESENTATION('',(#2931),#2934);
#2931 = B_SPLINE_CURVE_WITH_KNOTS('',1,(#2932,#2933),.UNSPECIFIED.,.F.,
  .F.,(2,2),(0.,1.),.PIECEWISE_BEZIER_KNOTS.);
#2932 = CARTESIAN_POINT('',(-0.364093799013,-0.510033023246));
#2933 = CARTESIAN_POINT('',(0.635906200987,-0.510033023246));
#2934 = ( GEOMETRIC_REPRESENTATION_CONTEXT(2) 
PARAMETRIC_REPRESENTATION_CONTEXT() REPRESENTATION_CONTEXT('2D SPACE',''
  ) );
#2935 = PCURVE('',#2115,#2936);
#2936 = DEFINITIONAL_REPRESENTATION('',(#2937),#2941);
#2937 = LINE('',#2938,#2939);
#2938 = CARTESIAN_POINT('',(0.,0.));
#2939 = VECTOR('',#2940,1.);
#2940 = DIRECTION('',(1.,0.));
#2941 = ( GEOMETRIC_REPRESENTATION_CONTEXT(2) 
PARAMETRIC_REPRESENTATION_CONTEXT() REPRESENTATION_CONTEXT('2D SPACE',''
  ) );
#2942 = ORIENTED_EDGE('',*,*,#2898,.T.);
#2943 = ORIENTED_EDGE('',*,*,#1855,.T.);
#2944 = ORIENTED_EDGE('',*,*,#2945,.T.);
#2945 = EDGE_CURVE('',#1856,#2946,#2948,.T.);
#2946 = VERTEX_POINT('',#2947);
#2947 = CARTESIAN_POINT('',(13.746042251918,-3.941614188183,1.608));
#2948 = SURFACE_CURVE('',#2949,(#2952,#2958),.PCURVE_S1.);
#2949 = B_SPLINE_CURVE_WITH_KNOTS('',1,(#2950,#2951),.UNSPECIFIED.,.F.,
  .F.,(2,2),(0.,0.622289530744),.PIECEWISE_BEZIER_KNOTS.);
#2950 = CARTESIAN_POINT('',(14.124214526144,-4.073952848205,
    2.08414752981));
#2951 = CARTESIAN_POINT('',(13.746042251918,-3.941614188183,1.608));
#2952 = PCURVE('',#1875,#2953);
#2953 = DEFINITIONAL_REPRESENTATION('',(#2954),#2957);
#2954 = B_SPLINE_CURVE_WITH_KNOTS('',1,(#2955,#2956),.UNSPECIFIED.,.F.,
  .F.,(2,2),(0.,0.622289530744),.PIECEWISE_BEZIER_KNOTS.);
#2955 = CARTESIAN_POINT('',(-0.84079523605,0.389966976754));
#2956 = CARTESIAN_POINT('',(-0.364093799013,-1.003302324614E-02));
#2957 = ( GEOMETRIC_REPRESENTATION_CONTEXT(2) 
PARAMETRIC_REPRESENTATION_CONTEXT() REPRESENTATION_CONTEXT('2D SPACE',''
  ) );
#2958 = PCURVE('',#1939,#2959);
#2959 = DEFINITIONAL_REPRESENTATION('',(#2960),#2964);
#2960 = LINE('',#2961,#2962);
#2961 = CARTESIAN_POINT('',(0.,0.));
#2962 = VECTOR('',#2963,1.);
#2963 = DIRECTION('',(1.,0.));
#2964 = ( GEOMETRIC_REPRESENTATION_CONTEXT(2) 
PARAMETRIC_REPRESENTATION_CONTEXT() REPRESENTATION_CONTEXT('2D SPACE',''
  ) );
#2965 = ORIENTED_EDGE('',*,*,#2966,.T.);
#2966 = EDGE_CURVE('',#2946,#2923,#2967,.T.);
#2967 = SURFACE_CURVE('',#2968,(#2971,#2977),.PCURVE_S1.);
#2968 = B_SPLINE_CURVE_WITH_KNOTS('',1,(#2969,#2970),.UNSPECIFIED.,.F.,
  .F.,(2,2),(0.,0.5),.PIECEWISE_BEZIER_KNOTS.);
#2969 = CARTESIAN_POINT('',(13.746042251918,-3.941614188183,1.608));
#2970 = CARTESIAN_POINT('',(13.265411403949,-3.803795510275,1.608));
#2971 = PCURVE('',#1875,#2972);
#2972 = DEFINITIONAL_REPRESENTATION('',(#2973),#2976);
#2973 = B_SPLINE_CURVE_WITH_KNOTS('',1,(#2974,#2975),.UNSPECIFIED.,.F.,
  .F.,(2,2),(0.,0.5),.PIECEWISE_BEZIER_KNOTS.);
#2974 = CARTESIAN_POINT('',(-0.364093799013,-1.003302324614E-02));
#2975 = CARTESIAN_POINT('',(-0.364093799013,-0.510033023246));
#2976 = ( GEOMETRIC_REPRESENTATION_CONTEXT(2) 
PARAMETRIC_REPRESENTATION_CONTEXT() REPRESENTATION_CONTEXT('2D SPACE',''
  ) );
#2977 = PCURVE('',#2368,#2978);
#2978 = DEFINITIONAL_REPRESENTATION('',(#2979),#2983);
#2979 = LINE('',#2980,#2981);
#2980 = CARTESIAN_POINT('',(0.,0.));
#2981 = VECTOR('',#2982,1.);
#2982 = DIRECTION('',(1.,0.));
#2983 = ( GEOMETRIC_REPRESENTATION_CONTEXT(2) 
PARAMETRIC_REPRESENTATION_CONTEXT() REPRESENTATION_CONTEXT('2D SPACE',''
  ) );
#2984 = ADVANCED_FACE('',(#2985),#1939,.F.);
#2985 = FACE_BOUND('',#2986,.F.);
#2986 = EDGE_LOOP('',(#2987,#2988,#2989,#3013));
#2987 = ORIENTED_EDGE('',*,*,#1887,.T.);
#2988 = ORIENTED_EDGE('',*,*,#2945,.T.);
#2989 = ORIENTED_EDGE('',*,*,#2990,.T.);
#2990 = EDGE_CURVE('',#2946,#2355,#2991,.T.);
#2991 = SURFACE_CURVE('',#2992,(#3000,#3007),.PCURVE_S1.);
#2992 = B_SPLINE_CURVE_WITH_KNOTS('',6,(#2993,#2994,#2995,#2996,#2997,
    #2998,#2999),.UNSPECIFIED.,.F.,.F.,(7,7),(0.,1.080210122553),
  .PIECEWISE_BEZIER_KNOTS.);
#2993 = CARTESIAN_POINT('',(13.746042251918,-3.941614188183,1.608));
#2994 = CARTESIAN_POINT('',(14.330792488086,-1.902347768531,
    1.709999999379));
#2995 = CARTESIAN_POINT('',(14.552505205959,0.241017995867,
    1.812000001746));
#2996 = CARTESIAN_POINT('',(14.388011709184,2.407727418913,
    1.913999999921));
#2997 = CARTESIAN_POINT('',(13.838131777843,4.509945270494,
    2.015999998096));
#2998 = CARTESIAN_POINT('',(12.930686648405,6.464354814658,
    2.118000000464));
#2999 = CARTESIAN_POINT('',(11.713874233328,8.202143039826,
    2.219999999843));
#3000 = PCURVE('',#1939,#3001);
#3001 = DEFINITIONAL_REPRESENTATION('',(#3002),#3006);
#3002 = LINE('',#3003,#3004);
#3003 = CARTESIAN_POINT('',(0.622289530744,0.));
#3004 = VECTOR('',#3005,1.);
#3005 = DIRECTION('',(0.,1.));
#3006 = ( GEOMETRIC_REPRESENTATION_CONTEXT(2) 
PARAMETRIC_REPRESENTATION_CONTEXT() REPRESENTATION_CONTEXT('2D SPACE',''
  ) );
#3007 = PCURVE('',#2368,#3008);
#3008 = DEFINITIONAL_REPRESENTATION('',(#3009),#3012);
#3009 = B_SPLINE_CURVE_WITH_KNOTS('',1,(#3010,#3011),.UNSPECIFIED.,.F.,
  .F.,(2,2),(0.,1.080210122553),.PIECEWISE_BEZIER_KNOTS.);
#3010 = CARTESIAN_POINT('',(0.,0.));
#3011 = CARTESIAN_POINT('',(0.,1.080210122553));
#3012 = ( GEOMETRIC_REPRESENTATION_CONTEXT(2) 
PARAMETRIC_REPRESENTATION_CONTEXT() REPRESENTATION_CONTEXT('2D SPACE',''
  ) );
#3013 = ORIENTED_EDGE('',*,*,#3014,.F.);
#3014 = EDGE_CURVE('',#1888,#2355,#3015,.T.);
#3015 = SURFACE_CURVE('',#3016,(#3019,#3026),.PCURVE_S1.);
#3016 = B_SPLINE_CURVE_WITH_KNOTS('',1,(#3017,#3018),.UNSPECIFIED.,.F.,
  .F.,(2,2),(0.,0.622289530744),.PIECEWISE_BEZIER_KNOTS.);
#3017 = CARTESIAN_POINT('',(12.054712213204,8.412754679111,
    2.696147528394));
#3018 = CARTESIAN_POINT('',(11.713874233328,8.202143039826,
    2.219999999843));
#3019 = PCURVE('',#1939,#3020);
#3020 = DEFINITIONAL_REPRESENTATION('',(#3021),#3025);
#3021 = LINE('',#3022,#3023);
#3022 = CARTESIAN_POINT('',(0.,1.080210122553));
#3023 = VECTOR('',#3024,1.);
#3024 = DIRECTION('',(1.,0.));
#3025 = ( GEOMETRIC_REPRESENTATION_CONTEXT(2) 
PARAMETRIC_REPRESENTATION_CONTEXT() REPRESENTATION_CONTEXT('2D SPACE',''
  ) );
#3026 = PCURVE('',#2003,#3027);
#3027 = DEFINITIONAL_REPRESENTATION('',(#3028),#3031);
#3028 = B_SPLINE_CURVE_WITH_KNOTS('',1,(#3029,#3030),.UNSPECIFIED.,.F.,
  .F.,(2,2),(0.,0.622289530744),.PIECEWISE_BEZIER_KNOTS.);
#3029 = CARTESIAN_POINT('',(0.389966979403,0.840795234822));
#3030 = CARTESIAN_POINT('',(-1.003302209907E-02,0.364093799044));
#3031 = ( GEOMETRIC_REPRESENTATION_CONTEXT(2) 
PARAMETRIC_REPRESENTATION_CONTEXT() REPRESENTATION_CONTEXT('2D SPACE',''
  ) );
#3032 = ADVANCED_FACE('',(#3033),#2003,.F.);
#3033 = FACE_BOUND('',#3034,.F.);
#3034 = EDGE_LOOP('',(#3035,#3036,#3037));
#3035 = ORIENTED_EDGE('',*,*,#3014,.T.);
#3036 = ORIENTED_EDGE('',*,*,#2390,.T.);
#3037 = ORIENTED_EDGE('',*,*,#1983,.T.);
#3038 = ADVANCED_FACE('',(#3039),#2115,.F.);
#3039 = FACE_BOUND('',#3040,.F.);
#3040 = EDGE_LOOP('',(#3041,#3065,#3066,#3067));
#3041 = ORIENTED_EDGE('',*,*,#3042,.F.);
#3042 = EDGE_CURVE('',#2923,#651,#3043,.T.);
#3043 = SURFACE_CURVE('',#3044,(#3052,#3058),.PCURVE_S1.);
#3044 = B_SPLINE_CURVE_WITH_KNOTS('',6,(#3045,#3046,#3047,#3048,#3049,
    #3050,#3051),.UNSPECIFIED.,.F.,.F.,(7,7),(0.,1.080210122553),
  .PIECEWISE_BEZIER_KNOTS.);
#3045 = CARTESIAN_POINT('',(13.265411403949,-3.803795510275,1.608));
#3046 = CARTESIAN_POINT('',(13.82971582729,-1.835832113592,
    1.710000005592));
#3047 = CARTESIAN_POINT('',(14.043676355634,0.232590802715,
    1.811999984282));
#3048 = CARTESIAN_POINT('',(13.884934369451,2.323541144273,
    1.914000000708));
#3049 = CARTESIAN_POINT('',(13.354281022362,4.352254868351,
    2.016000017134));
#3050 = CARTESIAN_POINT('',(12.478564736878,6.238328423579,
    2.117999995825));
#3051 = CARTESIAN_POINT('',(11.304298211227,7.915354821588,
    2.220000001416));
#3052 = PCURVE('',#2115,#3053);
#3053 = DEFINITIONAL_REPRESENTATION('',(#3054),#3057);
#3054 = B_SPLINE_CURVE_WITH_KNOTS('',1,(#3055,#3056),.UNSPECIFIED.,.F.,
  .F.,(2,2),(0.,1.080210122553),.PIECEWISE_BEZIER_KNOTS.);
#3055 = CARTESIAN_POINT('',(0.,0.));
#3056 = CARTESIAN_POINT('',(0.,1.080210122553));
#3057 = ( GEOMETRIC_REPRESENTATION_CONTEXT(2) 
PARAMETRIC_REPRESENTATION_CONTEXT() REPRESENTATION_CONTEXT('2D SPACE',''
  ) );
#3058 = PCURVE('',#2368,#3059);
#3059 = DEFINITIONAL_REPRESENTATION('',(#3060),#3064);
#3060 = LINE('',#3061,#3062);
#3061 = CARTESIAN_POINT('',(0.5,0.));
#3062 = VECTOR('',#3063,1.);
#3063 = DIRECTION('',(0.,1.));
#3064 = ( GEOMETRIC_REPRESENTATION_CONTEXT(2) 
PARAMETRIC_REPRESENTATION_CONTEXT() REPRESENTATION_CONTEXT('2D SPACE',''
  ) );
#3065 = ORIENTED_EDGE('',*,*,#2922,.T.);
#3066 = ORIENTED_EDGE('',*,*,#2872,.T.);
#3067 = ORIENTED_EDGE('',*,*,#2097,.T.);
#3068 = ADVANCED_FACE('',(#3069),#2159,.F.);
#3069 = FACE_BOUND('',#3070,.F.);
#3070 = EDGE_LOOP('',(#3071,#3072,#3093,#3094));
#3071 = ORIENTED_EDGE('',*,*,#2142,.F.);
#3072 = ORIENTED_EDGE('',*,*,#3073,.F.);
#3073 = EDGE_CURVE('',#2443,#2143,#3074,.T.);
#3074 = SEAM_CURVE('',#3075,(#3079,#3086),.PCURVE_S1.);
#3075 = LINE('',#3076,#3077);
#3076 = CARTESIAN_POINT('',(14.87,-3.642099580664E-15,3.7625));
#3077 = VECTOR('',#3078,1.);
#3078 = DIRECTION('',(0.,0.,1.));
#3079 = PCURVE('',#2159,#3080);
#3080 = DEFINITIONAL_REPRESENTATION('',(#3081),#3085);
#3081 = LINE('',#3082,#3083);
#3082 = CARTESIAN_POINT('',(6.28318530718,-0.));
#3083 = VECTOR('',#3084,1.);
#3084 = DIRECTION('',(0.,1.));
#3085 = ( GEOMETRIC_REPRESENTATION_CONTEXT(2) 
PARAMETRIC_REPRESENTATION_CONTEXT() REPRESENTATION_CONTEXT('2D SPACE',''
  ) );
#3086 = PCURVE('',#2159,#3087);
#3087 = DEFINITIONAL_REPRESENTATION('',(#3088),#3092);
#3088 = LINE('',#3089,#3090);
#3089 = CARTESIAN_POINT('',(0.,-0.));
#3090 = VECTOR('',#3091,1.);
#3091 = DIRECTION('',(0.,1.));
#3092 = ( GEOMETRIC_REPRESENTATION_CONTEXT(2) 
PARAMETRIC_REPRESENTATION_CONTEXT() REPRESENTATION_CONTEXT('2D SPACE',''
  ) );
#3093 = ORIENTED_EDGE('',*,*,#2442,.T.);
#3094 = ORIENTED_EDGE('',*,*,#3073,.T.);
#3095 = ADVANCED_FACE('',(#3096),#2192,.F.);
#3096 = FACE_BOUND('',#3097,.F.);
#3097 = EDGE_LOOP('',(#3098,#3099,#3100,#3101));
#3098 = ORIENTED_EDGE('',*,*,#2718,.F.);
#3099 = ORIENTED_EDGE('',*,*,#2790,.T.);
#3100 = ORIENTED_EDGE('',*,*,#2842,.T.);
#3101 = ORIENTED_EDGE('',*,*,#2178,.F.);
#3102 = ADVANCED_FACE('',(#3103),#2280,.F.);
#3103 = FACE_BOUND('',#3104,.F.);
#3104 = EDGE_LOOP('',(#3105,#3106,#3107,#3108));
#3105 = ORIENTED_EDGE('',*,*,#2518,.F.);
#3106 = ORIENTED_EDGE('',*,*,#2590,.T.);
#3107 = ORIENTED_EDGE('',*,*,#2642,.T.);
#3108 = ORIENTED_EDGE('',*,*,#2266,.F.);
#3109 = ADVANCED_FACE('',(#3110),#2368,.F.);
#3110 = FACE_BOUND('',#3111,.F.);
#3111 = EDGE_LOOP('',(#3112,#3113,#3114,#3115));
#3112 = ORIENTED_EDGE('',*,*,#2990,.F.);
#3113 = ORIENTED_EDGE('',*,*,#2966,.T.);
#3114 = ORIENTED_EDGE('',*,*,#3042,.T.);
#3115 = ORIENTED_EDGE('',*,*,#2354,.F.);
#3116 = ( GEOMETRIC_REPRESENTATION_CONTEXT(3) 
GLOBAL_UNCERTAINTY_ASSIGNED_CONTEXT((#3120)) 
GLOBAL_UNIT_ASSIGNED_CONTEXT((#3117,#3118,#3119)) REPRESENTATION_CONTEXT
('Context #1','3D Context with UNIT and UNCERTAINTY') );
#3117 = ( LENGTH_UNIT() NAMED_UNIT(*) SI_UNIT(.MILLI.,.METRE.) );
#3118 = ( NAMED_UNIT(*) PLANE_ANGLE_UNIT() SI_UNIT($,.RADIAN.) );
#3119 = ( NAMED_UNIT(*) SI_UNIT($,.STERADIAN.) SOLID_ANGLE_UNIT() );
#3120 = UNCERTAINTY_MEASURE_WITH_UNIT(LENGTH_MEASURE(2.E-06),#3117,
  'distance_accuracy_value','confusion accuracy');
#3121 = PRODUCT_RELATED_PRODUCT_CATEGORY('part',$,(#7));
ENDSEC;
END-ISO-10303-21;
